bootstrap_iter,abundance_controls,length,mass,frac_aa_a,frac_aa_c,frac_aa_d,frac_aa_e,frac_aa_f,frac_aa_g,frac_aa_h,frac_aa_i,frac_aa_k,frac_aa_l,frac_aa_m,frac_aa_n,frac_aa_p,frac_aa_q,frac_aa_r,frac_aa_s,frac_aa_t,frac_aa_v,frac_aa_w,frac_aa_y,molecular_weight,aromaticity,instability_index,flexibility_mean,flexibility_std,flexibility_max,flexibility_min,isoelectric_point,secondary_structure_fraction_helix,secondary_structure_fraction_turn,secondary_structure_fraction_sheet,secondary_structure_fraction_disordered,gravy,fraction_exposed,fraction_buried,fraction_exposed_nonpolar_total,fraction_exposed_nonpolar_exposed,fraction_exposed_polar_total,fraction_exposed_polar_exposed,rsa_mean,rsa_std,asa_sum,fraction_exposed_exposed_a,fraction_exposed_exposed_c,fraction_exposed_exposed_d,fraction_exposed_exposed_e,fraction_exposed_exposed_f,fraction_exposed_exposed_g,fraction_exposed_exposed_h,fraction_exposed_exposed_i,fraction_exposed_exposed_k,fraction_exposed_exposed_l,fraction_exposed_exposed_m,fraction_exposed_exposed_n,fraction_exposed_exposed_p,fraction_exposed_exposed_q,fraction_exposed_exposed_r,fraction_exposed_exposed_s,fraction_exposed_exposed_t,fraction_exposed_exposed_v,fraction_exposed_exposed_w,fraction_exposed_exposed_y,nsp_secondary_structure_coil,nsp_secondary_structure_sheet,nsp_secondary_structure_helix,nsp_disordered,zeta_potential,core_ps,core_iron_oxide,core_iron_oxide_au,ligand_carboxylate,ligand_peg_two_k,ligand_citrate,ligand_pei,ligand_pvp,ligand_peg_five_k,dtem,dh_functionalized,centrifuged,np_incubation_concentration_mg_per_ml,incubation_concentration_mg_per_ml
0,0.7521414516311618,0.0009320726220648435,0.0012154219577807579,0.0026760140738856316,0.003067505427527404,0.0009032451132325336,0.0021480649580759756,0.009317603791860503,0.0006304840325749869,0.00477668369791594,0.0024734626571854836,0.0005085708575180591,0.0009278726252002353,0.001689504533382594,0.0006756118277972986,0.0012635129373104678,0.00331890856526528,0.011731107989368338,0.0013141878597329605,0.0010244282417988095,0.0018520251885573975,0.002114512566108734,0.0018397256733854723,0.0015191995960027475,0.0010195782851739213,0.0029747402501053453,0.002715150256557027,0.0028515020094342252,0.003239665085362665,0.002319535811987664,0.0016287955941632415,0.003018059278465789,0.0008985355805435295,0.0051357058143082415,0.00309977228936816,0.0011064239460704985,0.0013024871874063727,0.0007795350134434364,0.000674879629641811,0.0015701734629468627,0.0010918842303004814,0.0006933704630409213,0.000981825175541426,0.0016629338846161008,0.0014929061762786115,0.0015554024170610582,0.0016950113613538138,0.0011185578754470999,0.001956652586790134,0.0029325579484876753,0.0012597720850491166,0.015329529273923349,0.0023169685166014252,0.0012314138045714002,0.0017739980636685432,0.0027753934452007497,0.0028172857005636038,0.005530609319052164,0.0019715776456452365,0.006186896914265021,0.001089594259485863,0.0026056436940214184,0.0010802714944634232,0.001777890578961694,0.0017698777468345892,0.0032407577615894425,0.0030474109250778845,0.004135404155914935,0.0013075940020955126,0.022690322212551947,0.0009845860737165359,0.003250234302059484,0.0024726236697398263,0.0004308014409474935,0.00014955114553006905,0.0063411007280880834,0.007911409987931686,0.006062892109051979,0.00011906393411115375,0.006049972620711661,0.012063151099117033,0.0007377638649313183,0.001906169547793945,0.008005647838142057
1,0.5649305965153184,0.0009491742006743741,0.008342762220422873,0.0034069434235187964,0.0068001595643239435,0.002103237063582559,0.00741863863338224,0.01540368604152517,0.002852337166967199,0.004669322907766086,0.0014346375954821168,0.0016487816499662744,0.000637974148517811,0.00339264635333859,0.0023049748136282863,0.0037725223647831745,0.004362957433057556,0.02941512044213955,0.004758655477130665,0.0012452727340368167,0.004364905078428588,0.0038933248022938877,0.0014966188113450247,0.009214416928905803,0.004154362398612302,0.001607197829647272,0.007965737400687498,0.0032773095844528537,0.024793762286833318,0.002871825924362073,0.00515487747312643,0.01706620134615979,0.003680233965607285,0.0009226332898195092,0.0023491634246959607,0.007995135127671069,0.0021267402484710495,0.004408906893752868,0.0036541243205976863,0.001845468516181957,0.0027401784284939034,0.0008878763582098508,0.0019103851871070925,0.006254944737994535,0.0009882291957884206,0.0013795389123897803,0.003484928910588877,0.0022895447710227497,0.004489216504708274,0.0027443023124365997,0.003671384879551489,0.0017086565105393194,0.002216933000394129,0.0021584764887486864,0.0038843128006635814,0.0011117815442511596,0.002056774829523113,0.0020398452791940383,0.004624294856898374,0.011000150483106921,0.007073853384870967,0.002258985857745524,0.004038206096617104,0.006053435263444556,0.006184595203221795,0.0019225280863511588,0.0027194521130506637,0.0026537836559767623,0.003505881962234204,0.031719610655645734,0.002070639225091273,0.004705694114348524,0.006023283054346804,0.0003821436606405544,0.0003801272387520517,0.011052995972315011,0.007652837779499508,0.003945712640895324,0.0001465502904953082,0.009160612169290584,0.01678623182799256,0.002271079246029433,0.002347853368160455,0.020608804740158443
2,0.6084698375132331,0.008289057618312178,0.004503003938919923,0.004514075090674986,0.02093714996783234,0.0006623697592400088,0.004988905354336695,0.01666213356806868,0.020808471179551414,0.0016124452572998278,0.014350730914671178,0.009473598677667748,0.001881520886037528,0.00236297988560514,0.0035118139093838524,0.00023126619537979965,0.0005847707269983453,0.0016084468926736333,0.02498261778339005,0.0008313775851721705,0.00396250563638596,0.0017730505391071046,0.0021074006872090316,0.005830421439031472,0.0018758316431855453,0.0006872121992123574,0.0012729284815063367,0.0018233937605537122,0.003508451398613543,0.0012342660251289225,0.010937227317084932,0.0006143465317855171,0.0011312382835338569,0.0010086686860062426,0.009682833325701558,0.0005818124579874623,0.0004348936127857894,0.0005932212244128501,0.0008812682309220617,0.00040178341681069545,0.0007044101364254752,0.0007143364762074524,0.000662077401771058,0.0016849625244886183,0.0007370667701174549,0.0008528876639691898,0.0029246118422399043,0.017794689343030856,0.021286769384051073,0.0017884487602036578,0.01923448197697882,0.0019993107350386673,0.002621900395708379,0.005044054521249195,0.0015155164900706572,0.002106673872254609,0.0020967072240310036,0.0013513555216758018,0.0010293398525585754,0.0031454722701237774,0.0011400759225164106,0.0030108229929833408,0.000753083632876179,0.0007609495439853894,0.0011098879923953765,0.007848833847469486,0.0005057827381093726,0.006968002703841024,0.004093135315320413,0.01939401921515094,0.0022868353113202227,0.002361804741983339,0.001399708396129661,0.00037991997868791916,0.00017016209688945993,0.011080411889274805,0.005567286361596365,0.005025913713706746,0.00023691403526544374,0.006562783405780571,0.01251736266615916,0.001981997910265558,0.004161272139095779,0.009778632685589284
3,0.7739546454847422,0.0012042703914538705,0.001793994480664699,0.0023017769591748625,0.008020803226319284,0.0015488079154267645,0.0009437767786533656,0.0019116341813327153,0.0009185115723098933,0.0016563116316143309,0.0035543095099383037,0.0009369514811152374,0.0008058246891404587,0.0017391806705968774,0.0036149674002505967,0.0008338180317426347,0.006528834977340413,0.0015327915783296267,0.002025168633608911,0.0007129742720482523,0.008775761541715565,0.003497921697927158,0.0010347315611996574,0.001965452425009832,0.0008960315936441213,0.0056493875066009926,0.0016331114494849528,0.0013036930667603792,0.0033701763826354423,0.0014971442315064997,0.0022252738928981385,0.0042827547014419945,0.0009025497132933092,0.007709429088149833,0.004354095519886251,0.0023928745271802523,0.0010939744877734563,0.0016296185981102165,0.0007662388018239057,0.0005402532922835159,0.0008965740468095054,0.0009754054294643506,0.0007315988313467757,0.0006227621078031195,0.0034642365384138503,0.0030018081811806286,0.002738391251518065,0.0009864502454127956,0.0015584763389721726,0.002013369029218303,0.000726465721019633,0.00164216477689591,0.0019882914096239386,0.0006812225638486057,0.0013573933783629958,0.0016817327882394312,0.0010079350607960142,0.0007664264799339017,0.004541567162046787,0.002649963510586972,0.005025577531769843,0.0008662047712575172,0.0023611943767657757,0.003342061680445754,0.007546119692150961,0.0045531547973650215,0.0008812822544832675,0.0038772858867877954,0.002098222946427729,0.019294950940370197,0.0012878872551675532,0.0022560906362231116,0.0010033203066888365,0.0015551981869116726,0.00013832070256514104,0.0023609182411357364,0.003424983177769597,0.0016789816941247216,1.238328329561568e-05,0.0036911152318865035,0.012081534592970898,0.0016100178532522413,0.005713902746308979,0.007247228417253019
4,0.5562745451913294,0.0012064458673241652,0.0013127481974534933,0.0025073403247579343,0.007283830846526943,0.0016421920441058281,0.0027717873402367537,0.010557421541997354,0.006245685074426922,0.0015061087876706578,0.003220244516290468,0.02909104094929384,0.0018830848427772396,0.007863839033752318,0.001471586534967067,0.002060686767627486,0.0019524513257901835,0.0014337784746335759,0.01284236162123796,0.001880171843745272,0.012056634894514777,0.004355046636867662,0.003960968005952293,0.0015681143131537987,0.0018392614618291815,0.004340649132520228,0.0019317752992146302,0.0024730664358692286,0.005026012928487023,0.002119287675826668,0.006000285429951702,0.0004608942806190712,0.0015750646557660664,0.0008577321111778149,0.01455455244617316,0.0008342958420918147,0.001023178142559717,0.0018706755315189211,0.0007937847501882545,0.0012514639582422507,0.0013674766930950105,0.0009501016606986737,0.011088674014381582,0.003357493979640134,0.0009534762378208859,0.003429671140616861,0.010056752566372253,0.010461076251973204,0.014672986403639234,0.0036531264146511555,0.016259357634375034,0.001421897635576063,0.005191637033631981,0.016183105545372133,0.0020456867896292046,0.0065706425378716845,0.0021313964253843755,0.005826339107408005,0.0006725569174557412,0.006279970902950794,0.0048127707453183574,0.005650228231721249,0.0018055954629498708,0.0011641330721748682,0.0019047972666103089,0.0006602494375828064,0.014448215491845018,0.002263909188409573,0.004590957153262982,0.03586772896612445,0.002225349712932161,0.004495848831015597,0.002853575252041498,0.0031149555843860617,0.0001941478281465416,0.004909336091016699,0.010532987773826719,0.0053307103953159785,7.998101480841423e-05,0.00586777100302023,0.02015629248044222,0.002860108278105342,0.002180899331276925,0.015555930456652965
5,0.7925131099632312,0.0010820168958952823,0.0007507756188053256,0.002804433612063196,0.0015438360474448226,0.0003277776306928109,0.000472346334507902,0.001989071413220795,0.0002718316547352766,0.0023490168614355997,0.0006973167044085668,0.000297210400269357,0.0010335675076385627,0.0011788898053371841,0.002150759267005639,0.002935637569198777,0.049168369992942766,0.004809632714992823,0.001813905461148281,0.012864195562609917,0.0013532842219658192,0.000878137310399083,0.001056337017476867,0.0008741790705857281,0.00043857800675808646,0.0012243111915078778,0.000766284955200025,0.0008075345638649743,0.0016828866922066347,0.0008380079164697252,0.0032881014660820235,0.0013847086870465762,0.000897711362419351,0.0018272232003111399,0.0022927072110894907,0.0007315717183996779,0.000611099283404014,0.0012696577554422164,0.0008400419990009185,0.0013985983602681717,0.0011647087433381575,0.0006193179903912877,0.0008562871270381734,0.0045407379293904765,0.001508067965470631,0.0012205582564251115,0.0006181670736856215,0.000581252254518321,0.001370752202894222,0.001536406886496668,0.0018644180411993947,0.0011004930279403455,0.0010914446514132907,0.0006180950373478999,0.0012429747587024925,0.0010722692429764936,0.0013417941193486415,0.002590073681231687,0.0008930673570227837,0.002267087142218791,0.00482744546267937,0.0008391102155599261,0.0015743249949980085,0.0010206864565654916,0.0024261045023236377,0.0015394256663634805,0.0016278422408624567,0.002082545438873046,0.0010795705234154295,0.016558644159498974,0.0006644019109195646,0.0015886706808356567,0.0009827283953214216,0.0005449359481892385,0.00021889008562032592,0.0024850195340597385,0.004871159834809407,0.0012606473089879552,1.4027353619768126e-05,0.0027546481319111996,0.010071243075706834,0.0004785650123974641,0.0009812037870710806,0.005895522782877545
6,0.6353203533934039,0.001723777141186974,0.0036295719616454896,0.002351449807830643,0.0028954119306119227,0.002023483626399065,0.0007912029696259603,0.0013126227319370568,0.003290206055759638,0.00847487258078971,0.010356722244400967,0.0025634867115311238,0.0021562086238519538,0.01412271920469835,0.005767555140432956,0.0022042340952531025,0.001163277177921077,0.001594712569180975,0.001115402509061462,0.0028525034579670035,0.007882698418774349,0.0009313455660089366,0.00203357860990783,0.0031249479721688913,0.0019187631281866744,0.011866015159664145,0.0018099789604763728,0.0010797119991188481,0.0012675559240502676,0.001983465872890166,0.012767557282928388,0.000779525735540856,0.0018184504942407509,0.008713264610225781,0.0014707034546729918,0.0042960933574748604,0.0014046814123127912,0.001326495155840085,0.0009761642231416018,0.0005356350382437169,0.0006201384899278302,0.0011031099817774164,0.0007439726385846592,0.01267068927848148,0.005685988088844621,0.004029071148157645,0.005570088271802117,0.0040122045040633415,0.0010979905990651608,0.019563886566729503,0.0026696153256236467,0.002804331758946653,0.0015200005152093408,0.0020769171064735194,0.0016660991409400048,0.001745923830731004,0.004644201333518534,0.001610359647571195,0.001305405534720299,0.0026094343656612967,0.005647747585828649,0.0016813218763550067,0.0012174122950102306,0.008296390631490205,0.0031520518430156203,0.014914245323026995,0.0013281516794574671,0.010723038443036386,0.004115537046071022,0.024323142813049956,0.0029944707120781165,0.005120296648694574,0.003711440044451776,0.00041004189428843805,0.0006165597904402855,0.006034586272981984,0.010471855996940291,0.0026684158646565147,1.4289102989073615e-05,0.005092565211085114,0.016460490245198512,0.0025091124255776794,0.005753905590960017,0.01129709622712921
7,0.6661262580512146,0.0010526978593311987,0.0018084219148131405,0.00863337960060079,0.0028671213965208646,0.0010427843456881304,0.0062436241761391065,0.006974581639412749,0.0017080291119761157,0.0027216088472243496,0.0007720276522107249,0.0014925658802083597,0.001195330185419938,0.0012474538410043683,0.015672113917513688,0.0012371810277363607,0.018400457768096918,0.006627090773877069,0.0021374973471992398,0.0017391988752980924,0.0012899515230666073,0.005243368753467102,0.0010354286450328714,0.0019107043185837582,0.0006832088534900318,0.00908279356717216,0.001536136838988136,0.0010701947358016284,0.006557727696169222,0.0028321144545939494,0.0015122414007918516,0.0008580090913417271,0.0008295315076611965,0.0008429754386243591,0.001865769527159172,0.0016012084674388277,0.0009290598247675032,0.000892528193020525,0.0004884550950135426,0.0011497688043759454,0.000692188246099275,0.0006211741269313212,0.0005855040336326611,0.014642537237489385,0.0015422940942546497,0.004497467518697325,0.006013734667506937,0.0019492514455007415,0.0017333506940226692,0.0014011779327320214,0.0027759820349581086,0.0023035035227316337,0.0018772938518208113,0.0024889218018276523,0.001532527814828643,0.0018666512863746098,0.016942306657842302,0.0009747205006252433,0.0031113366369860396,0.014071155737949878,0.0020929994201134257,0.00883060909920875,0.006123704547959266,0.018581578242077172,0.0019121184022056683,0.0011564641885520811,0.001974326094699467,0.0026832515005013025,0.0040012049273903645,0.02431292073744927,0.0011807580413238704,0.004406687967238391,0.0012640402034567316,0.0011328574667055218,5.698302799416874e-05,0.0065033136376054694,0.00601811044196971,0.00306021775504734,0.0001965359357138874,0.007574910675350204,0.011925734776046283,0.0008429862153768834,0.0014647267787307086,0.009169279126426389
8,0.6355634605977329,0.0009213740305114976,0.0011993305509487794,0.00446375967850686,0.008382970394981449,0.010705680140345212,0.0006272279342530398,0.0011875744455237538,0.00102056030307597,0.002960803666090551,0.00032231104793854705,0.01092767139582211,0.0012178802447401623,0.002267560407333737,0.001796704574641099,0.002121566303830973,0.008419824013773693,0.006042589794858831,0.0007795068940762643,0.0013108741755198166,0.0039815620554427295,0.002970282019139701,0.0005782915854846315,0.0007229542780068243,0.00047842382455831443,0.0010462919201083103,0.0015493967323949069,0.0005786446747898282,0.0030292180399528255,0.003964809883312145,0.0019656722723096704,0.0013730396795993242,0.0015228795511848122,0.0008755129783795858,0.0009941099715082265,0.000774123496804389,0.0010617566346536366,0.001761864594773524,0.001052847038869497,0.0011946301365756268,0.0009754458384504401,0.0008647453403610903,0.0011798730014037169,0.0012665268319933206,0.0019612627355000637,0.0009997367625927023,0.003430032129850523,0.020668473588868305,0.008763539953544867,0.016097867748339455,0.021985913939928034,0.002264157363075778,0.0017963527831568907,0.005542635784367883,0.0007361374305372371,0.001039391086708695,0.0013454657586460862,0.004086957063992505,0.008760255867998284,0.005234235485386753,0.0008528063926950082,0.0005957082262787347,0.001044031258516431,0.003298411111652876,0.0002321511202589416,0.0012501842488232902,0.002840861593664551,0.000590089411708554,0.03776999018723534,0.026406325628815175,0.0014037435576892343,0.005096947433587106,0.002671660937009379,0.0009584601829740513,0.00028018259248230185,0.00785077280906082,0.014234925128783047,0.006155088949813085,8.898727363027554e-05,0.00555294263483363,0.016549021818300952,0.0020590805245564708,0.0025272085182578724,0.016975870002316172
9,0.49703650153056944,0.0021667282972157604,0.0016515894425342121,0.001459602334998267,0.003135329935405343,0.08649566465963705,0.014540561616792402,0.01038255006408687,0.0017727300277831353,0.014210437187665598,0.00394092535632085,0.0015065987672827463,0.0018498157221787266,0.002261238030384529,0.006165628458718297,0.0016421516968209908,0.0032092600322202727,0.0026556023770467462,0.000995156735322326,0.00489537154636294,0.0017440878249013988,0.0006610407983072573,0.0008019557158896358,0.0020273217444965017,0.0010785171689578338,0.0013376238653832993,0.001074458134616352,0.002393944641950242,0.002317733186836596,0.0031230868725434305,0.007937947898016938,0.00216656292921891,0.0014002378933987943,0.004633175738846286,0.0022209759711341653,0.010729746731914253,0.002236118928284885,0.0034506856495530435,0.0010988654717361088,0.0023375785813111397,0.0020106610458684167,0.002269814391645953,0.0009806115499732054,0.0020956595169313043,0.0040170778241685095,0.030925685990261038,0.0017233693581675872,0.0042712004079937865,0.007388612023145696,0.0013991460476075834,0.003623773819570321,0.002793759087944334,0.0032080228761768533,0.006174389288809801,0.0056667958150221085,0.00480895990414922,0.0016467035869732183,0.0008076859380191073,0.0037332512835432357,0.003498869704955987,0.0025767795703152984,0.004416631757591729,0.001669779884902182,0.002478627219466597,0.0021982369077335135,0.0019679407957879733,0.0013408626573466577,0.000922191324144274,0.003287238533352844,0.058131263223983196,0.0010441629911377812,0.012724143144485492,0.0038358256670438296,0.001069666604823866,0.0005476984389565417,0.014935694864023722,0.011082045971789533,0.003599657344163404,5.2481582126182166e-05,0.00851693336131324,0.028474199034622148,0.0007295424331272433,0.0026125122334457887,0.02199672542674626
10,0.5697337342071519,0.0016039309267861547,0.0017920948194656919,0.0017735581881937362,0.00839065106524936,0.0024574063888421847,0.0030267758222545815,0.0014168283943438117,0.003148415030832285,0.002595473869605519,0.0016452869548740801,0.013737416972600242,0.0021935731365713865,0.0032259173849439474,0.004213920155669142,0.001843409448429685,0.02170165254264785,0.005162634387562383,0.0012327304046971218,0.0014314976078187722,0.024099944733042312,0.002304120052699317,0.00975691308909585,0.001591545349874008,0.0029185762394732242,0.005396731183667408,0.007082467761450124,0.0023483014982933173,0.004687485283023741,0.008586273610084058,0.0011635140984615022,0.0012475931591093366,0.0007234968078614446,0.0021245831979527204,0.00126649368257105,0.04536660897467973,0.0012303701818021328,0.0013173850687920568,0.0008970298888168673,0.002013999762622534,0.0014756666158024113,0.0020814734420589657,0.0009398586132502061,0.0019552987261514743,0.001429598909748811,0.0008113656817291025,0.004586404084454985,0.0015145254907120325,0.007210216297113822,0.013756992634423225,0.005171367915220556,0.005214071999627607,0.003247063591717127,0.0031231307014365404,0.0018934173413782487,0.005784562611108259,0.0032050906984887138,0.002515362314681555,0.0019901059374068703,0.0018155937217697307,0.002622706012746251,0.0017748367450546817,0.0021811763033072772,0.005190805801237407,0.003781751564805965,0.002057347386758158,0.0011515131453864256,0.003128738108118119,0.004569221169685733,0.03467501060152386,0.0025357061190647155,0.006783516088234703,0.004333360584047347,0.0009788768674979381,0.0003171077794242755,0.008748687004647338,0.010702714814481113,0.0036541830868913024,0.00012784004887406687,0.006429743984620072,0.019219800415621626,0.0027527343986253217,0.00467843221585216,0.01943268109330122
11,0.7565245201006621,0.0028027943173243503,0.0045642626632590765,0.0021043951315634878,0.0016509377208249816,0.0035224402483558844,0.0008773629826204027,0.003034582500800543,0.0022248475889128003,0.009534876908119144,0.0010000393073664622,0.0011455422554804806,0.0008020545233615869,0.00264058963782625,0.001262548875672829,0.000771828239271062,0.007625282377033722,0.0028839523265748825,0.001534004598934979,0.0010378054176842283,0.013077440564062473,0.002242003967363527,0.0027323863456942283,0.0020648916510329234,0.0014892841102056651,0.0020305245985024,0.0007514631439819803,0.0008935091291901952,0.0015553518959567397,0.009150823128672124,0.0010623554243041995,0.0017224946010875933,0.001636018437955748,0.001104625329414982,0.0006582526740825924,0.0006778959054277457,0.000873192733308842,0.0004365663478077146,0.000716039023846015,0.0005775987991248141,0.0006725933034562162,0.000753807011779847,0.0006120323396594618,0.0015283893954915635,0.004864502582957013,0.0008539382828590912,0.002107156251973176,0.0007897775702358375,0.0019373976354506702,0.0025796683177422056,0.002072162025797693,0.005056233212291709,0.0012909571918455218,0.0008935446753600162,0.017686226258129153,0.0010095888806134128,0.0011874976212046455,0.0009255860619395656,0.0042368132080911405,0.0008372942699283093,0.0008532909234329513,0.0011022312759634432,0.002252330540588535,0.0014596067125692853,0.002099902495263108,0.0011373880396408046,0.012206015167038235,0.0012974511553588896,0.005273641505028214,0.017566437106023618,0.0016039100124153106,0.0031648766411653227,0.0032008180567367856,0.0002681125633431353,0.0003690532803901056,0.006765066039922125,0.007484276947454047,0.0012896542792958782,3.6953940134662116e-06,0.004243793903219729,0.011706429144391243,0.0009344350865850686,0.002183447136334185,0.006641584964348242
12,0.654936024779725,0.0022797489698691887,0.0026184430619569433,0.009641965738410384,0.0018319266137349767,0.00245709476620461,0.015826757037814287,0.000658788773642864,0.0007656636681437424,0.0007664481035556906,0.0013619333850144655,0.02248871555626843,0.002345382544769417,0.0019609778511165132,0.0009660328389349642,0.0016069019770667443,0.0007492722563102334,0.0006726945639251273,0.0032357879466461095,0.0007460969545945552,0.011985778815990927,0.0139353143110274,0.0022296064718399285,0.002607851717483117,0.0007291445299725885,0.0017243786217026485,0.0005619526967347692,0.0007450996147676507,0.0014311540921712487,0.0046708662717025754,0.009320450000141721,0.0014916692369476574,0.0006560618972057601,0.011076187029306959,0.0024190515875027185,0.001399109621822276,0.0009143859845145724,0.001290653579925595,0.000626918052406935,0.001735285361972999,0.0004010729838719308,0.0010432742775185726,0.0009900455722243364,0.00047828181855081626,0.002682885329610659,0.003902289935062393,0.0007951747350163586,0.0008477180258135734,0.0028197053447639193,0.001246917121804603,0.0011858229356457787,0.0035316976628298894,0.0008412323925063565,0.0013174511652888291,0.0029654459372161343,0.028755962836775718,0.0009042049985051783,0.01609528345607919,0.001361445945750784,0.02236806887827206,0.0013620607113440807,0.0011043118934955457,0.000907413526232524,0.0005610087706529259,0.0030108250147051815,0.0007908073849629648,0.0026057188024321077,0.00173806060274472,0.0026738836185066198,0.02168117293834673,0.0024346534774575207,0.004797816580524787,0.002792124713692951,0.00017205875826358034,0.0003905390951983622,0.006163329794945873,0.005000513670921753,0.003112595453308358,0.00016359970458416968,0.00587060456272142,0.012091964752610224,0.002648469848385184,0.015289631246495385,0.00863527684151544
13,0.7945733489706073,0.0036797275068475013,0.002504596471308804,0.0011876921154105574,0.015315624041532399,0.000865485641693021,0.0009027399131787283,0.00035822869726350387,0.0005139157349733345,0.0012777372435763417,0.0007370070634728018,0.0007446679061156336,0.0005672416336342498,0.0004847117989162359,0.0033812829864599005,0.0007975080493364277,0.003754671377204014,0.002266923940878913,0.0010111778152627185,0.0028104917273801787,0.004738129990864888,0.001368445874793798,0.0007011362874898946,0.0010118934689130727,0.001083924057771699,0.001173669644700524,0.0010378058150729134,0.0006863735797444709,0.0011502668024267761,0.0012361023148813432,0.0011287478353260647,0.0013793112729591657,0.0011536916810557926,0.01316186030378439,0.0016482608188518612,0.0006856529436122059,0.0005087608608956612,0.0005002097003198986,0.0008419159043657701,0.0008405698630968084,0.0010051067627880083,0.0009123831310679433,0.0004906656263118674,0.001830965255394202,0.0034383351898810205,0.0007697732757590565,0.00416143186297297,0.0012615286696711998,0.0016602561671699848,0.00138238242585101,0.0003734304575788337,0.005412462054732878,0.0005103218515308673,0.0004526296744740338,0.0013358533790858375,0.0017100711057436927,0.0013207712905950267,0.0009703883159451383,0.0005465639646907253,0.001575682090093055,0.0025751963756265703,0.0016484883436440286,0.0012808856338876466,0.0009275815494995152,0.002132052113761223,0.012366847786497787,0.002378588784966783,0.011794273352337336,0.0009631668072356232,0.01574803862617782,0.0015996631168822626,0.0024418062157302656,0.0008197627702382283,0.0003733482737647585,0.0005674208496679731,0.0041716836713672845,0.004853559782064279,0.002473787809712327,3.016356510591562e-05,0.0030232206690057935,0.01164837117517078,0.0009726843450066152,0.004503839057456942,0.005813057117875391
14,0.6473215689839569,0.003083549696017759,0.002599969988935453,0.00181008107224574,0.00537764947545241,0.0029719318695025977,0.01445036096765367,0.014456399986111104,0.0018047103569863567,0.0017844444367750407,0.001925053967755425,0.0036376696365831482,0.003384609772270818,0.005882582793558217,0.000994789735719683,0.003316245668921224,0.0009332709580217704,0.0028364558432041544,0.007625468680724951,0.0012460887494322702,0.004116549125830631,0.0024104742983824283,0.002210217760008302,0.0017461360105875865,0.0017282283087431704,0.001854210482711166,0.0045329005132028755,0.00140350882287365,0.004675281579802378,0.007662141332508653,0.003610277549867063,0.0008687683557630785,0.0015316906734069709,0.0030906012030044107,0.001650805923445431,0.0012268169821644252,0.000650280778814044,0.0009193547344183351,0.0019523655496741011,0.0029173093287090802,0.0017695260386649738,0.002492824520516369,0.0007218145550650754,0.0022126070537262814,0.0030181996977845997,0.0027727678218330753,0.002408716352873812,0.0033624999090278705,0.009533745483831974,0.0024474083412890555,0.0020032383392720836,0.002160116057363922,0.0023201785560138717,0.0037637823153095613,0.0029283650900643367,0.0040678931787279625,0.0022625613915025606,0.0030979773240680736,0.0010826135653016601,0.0027463512154670008,0.011746919050602872,0.0020428097572488015,0.0024219566246715773,0.0027607968755738663,0.0014138489796963133,0.000646946844719202,0.0026351912099881083,0.003815346589240329,0.00502355400477159,0.05053999609758357,0.0006594529010191569,0.004615403245526362,0.004348195263849437,0.0033071403715558244,0.000199001274456298,0.004864982986289932,0.006468348296563499,0.007094319366219726,6.0018513467348996e-05,0.00963361945224221,0.020887041533538025,0.0006963826016805665,0.0015360615842167848,0.01720865781382764
15,0.46180091984313426,0.002858640271684037,0.0028662910205231856,0.005366452446520756,0.004208975778422507,0.00538686686024946,0.001668963969429286,0.0015211712817204195,0.0031150887405376852,0.005129596114715072,0.00482538207849362,0.00577652176874578,0.003805388207957538,0.00571582983729257,0.010130622636839443,0.04195690863629754,0.02120654941857606,0.0021495918437884416,0.002867519992431473,0.0029629987972607423,0.008552152641885006,0.0021521762934157266,0.0019428163671608683,0.0023333507905720853,0.004943375163363118,0.0014933096456179792,0.0015784385263170211,0.001333209897072533,0.001895012713220142,0.0031121338034337154,0.003092126405522535,0.0021435349616008834,0.0013996392667367313,0.008849246187493102,0.0017206074289244518,0.001427686008831623,0.0006413700345788122,0.0012950431615370375,0.0004871035862751603,0.0014774510379783887,0.0010359308710112705,0.0015061169144334773,0.001445685818175558,0.0015132243237238991,0.0033141804509327234,0.001139781648641381,0.006355972526316509,0.006796995111209826,0.023856618052708223,0.0024645983119409277,0.004834269915298175,0.004627393768835288,0.003419252421242518,0.003741344195152319,0.002975363602103828,0.0029131914589461782,0.021281926193236368,0.011167497378577999,0.007573545056457564,0.0036990607893503617,0.006819888748127057,0.001815429519160026,0.001950618747636148,0.007217347763632922,0.0018217556958451484,0.027960208400839025,0.0018732133934994402,0.021183697143966018,0.018991435774286726,0.028130141488677176,0.009124716965888879,0.006867742713633766,0.0020987205357777326,0.0006713126463419159,0.003764708628842176,0.012021904756529388,0.00939652818854335,0.005998543935713089,0.0001754004962268191,0.011475390292025314,0.01719586543624244,0.009457981233237983,0.015464080217017903,0.015671355003858297
16,0.6234077794121677,0.002685695929297143,0.0010114416815997158,0.0009665481505361985,0.007331367910279482,0.0013315318556655826,0.0032961808050700307,0.03746334791000502,0.0024118058220540368,0.0034151125545204644,0.002244166751739992,0.0029947222124361663,0.002824326145986758,0.00407378750012618,0.0018543859875310704,0.002604390322716373,0.001876957836273906,0.0023493789797633838,0.0012959106893054508,0.0008224506862689467,0.001956282295940366,0.005043341623856949,0.003423764721934055,0.000738693998527848,0.0029239162864362444,0.0033756051864251547,0.0024594541182212334,0.024607751123582912,0.0038267173528212573,0.0032603398280540586,0.005822081434958238,0.0004674228613606081,0.0010176815851462315,0.005487155074852728,0.0016260815663402283,0.00143688453232743,0.0011269053839313727,0.0016256237204710945,0.0017950526477380796,0.001072113473508497,0.0020105001024486374,0.0030029552893708292,0.001452164188117764,0.001091201410361042,0.0039029485791681998,0.005274184147814917,0.0022632228446163995,0.0016134992600494594,0.004496035053719878,0.002517016133620096,0.0030084416887049105,0.011790813099243543,0.0027469009346553093,0.0031169350176591163,0.0025152004089328077,0.004009089162978401,0.001670326754513803,0.0010584710302270696,0.0023628742855743025,0.002555080428817764,0.0007520163413328364,0.002668163231105752,0.0023106390933196608,0.0008228954812795533,0.0023507717615145877,0.002066778362588221,0.027929807804587755,0.005812244644828348,0.0033967768056826888,0.03188909158268851,0.003782799853574196,0.004617147806921237,0.0014781914353745056,0.0008731297569901922,0.0006792248816889561,0.006083885192540143,0.012617291155347184,0.006854248648322379,4.103808008137614e-05,0.00615692437810673,0.014234561949309527,0.003843964614470885,0.008300623601736081,0.008625765756236019
17,0.7210811344854575,0.0013210387558014978,0.0017960657605995533,0.0012548179484175106,0.005259220661125903,0.0025715634788705676,0.0006045830564453289,0.008710866050418362,0.009898878285146028,0.0014851673415591478,0.002115089044870699,0.008747671701369458,0.0013002905478808925,0.0072826726766630065,0.002063973771305776,0.0009007377668734768,0.014484773492508462,0.0015071480700858885,0.006276646511358992,0.002133393615039368,0.0026636965786045884,0.010544808307438222,0.003528622119795408,0.0013675702446853792,0.0013674561856323259,0.0046852457193180515,0.001096816334071964,0.0007683418290967484,0.001103305192716965,0.0009219001524218606,0.005668142172526172,0.0009068937612973529,0.0006531341140861553,0.0019311396301338695,0.002723056020739147,0.0019782122336750602,0.0014090231565896008,0.0016824135232679862,0.0009310338564423391,0.0008343058750144074,0.0006875002550916731,0.0010921752345295478,0.0020567288528670004,0.0035421046731263805,0.0025153943830456527,0.006379351264453331,0.0006839033516738759,0.007052126654871086,0.007520183482879042,0.002281290635399393,0.010900632012355268,0.0014159459902845857,0.0006211897830378919,0.0010900581836228366,0.0014338971114572954,0.0011630871844052393,0.0020124665733828526,0.002282977428952029,0.001613757129471491,0.0037208432582710115,0.0020779515327232112,0.0010313826426606879,0.0017049497211940243,0.0015650437572744815,0.0005588850765691075,0.0015643223823798562,0.0019468083956995239,0.0014982549673308889,0.001248210599715216,0.030332139276416075,0.0017376387097563673,0.0017368479550431963,0.0013051088351079543,0.0012677159266163672,0.000105588047275368,0.002402272811399358,0.005926647057257963,0.00483612353525238,2.5218814906981445e-05,0.004252216988476039,0.011698292963553061,0.001532220127190521,0.0035452522070529373,0.008474444196620015
18,0.6561704076499232,0.001281591689817753,0.001502136284822015,0.002660236892668411,0.0030808094991718513,0.001885288794998747,0.0006149638243240354,0.0007082162276944035,0.0036612009612487888,0.0006167364511799509,0.0013348821329019808,0.0007814254650712146,0.0018687714936190302,0.0026107207806471073,0.005021596196053121,0.004701261595259827,0.003433792911791624,0.0034601555434225014,0.00232072967485874,0.01262567385324074,0.0020084939925507986,0.0014357270697844884,0.0016263966285926185,0.002294625877824128,0.0013088077958886542,0.0051722860708431455,0.001246489118834956,0.004557830154772144,0.004709727293358453,0.0014352932557630297,0.0037352570783972024,0.0010966286818077093,0.0010347804123366073,0.002426030184781671,0.003083181927325744,0.0009904637511591568,0.0008245741559483016,0.0007590388227046077,0.001158252172471102,0.0014812047321589175,0.0014191947609804418,0.000882202580909332,0.000679625596783234,0.0052028598388463645,0.0016162440932995597,0.0030411500988895205,0.010965289014713256,0.004886577611954447,0.007114324361363801,0.003210397394747875,0.007562798227063908,0.0033701996670416515,0.0008268111854782563,0.0022457344192019155,0.0010726913385956463,0.005246338111573675,0.00604405805839195,0.005477948385519908,0.0016583300417076295,0.058272276986602735,0.004064511548505087,0.007817890462680959,0.004059922579428071,0.003353684983761775,0.0047387956834420986,0.0030866758733042927,0.008473102718300176,0.0015380462209735812,0.001497040649888615,0.026005250792139792,0.0013948801585188843,0.0028596470656500786,0.0018622862634037633,0.0003030823619465768,0.00022289793395949042,0.0036205839525963036,0.008585942899909493,0.001996406924255035,0.00012576115407026856,0.0063227597507879525,0.014864054501901237,0.0008721007778168208,0.0016304310433386641,0.007183504825737452
19,0.670893351418402,0.004039258417599769,0.007838722291404768,0.011434739469857689,0.008547405241272779,0.0017226130318317157,0.0008251064643405682,0.0014353392799061923,0.018691587662385933,0.0023434001186519457,0.0009044748222831567,0.0028284023617228724,0.0014807298967046115,0.001221390215599693,0.0012830786080526985,0.0016148418073450006,0.0007684367806812263,0.012471719505018651,0.009652275153276366,0.0007571337437650498,0.0013584001921755821,0.0012517806264199947,0.0047409688919020435,0.009421892603465879,0.005680405110771104,0.0031883290325329466,0.0011358551768805983,0.0018250977862933851,0.0016126451119665287,0.0010228844359151871,0.0011739197796178588,0.00108315851132019,0.0004759211869897153,0.0059743379663957045,0.007761129580580989,0.0009330211987991811,0.0007478852492404,0.0007041099986294593,0.00045238043820444913,0.0015577055649470654,0.001021793888537359,0.0006749144561192676,0.000978067091486842,0.0020788500758797527,0.003965119639267755,0.0005323923732003784,0.0013110190787862025,0.0037900795474078174,0.001999229091514218,0.0007523022536223683,0.018499409679557707,0.003547313573405261,0.0011973334864839474,0.0042072841306598305,0.00037451883731362805,0.014763457448731351,0.0009919304132456905,0.004790796790047344,0.0003850369645766136,0.012189726096383632,0.00015550973585669805,0.0005009112153995098,0.0005025605041445954,0.000684809122396061,0.027954525844534794,0.0003312688353489975,0.0009007663847107596,0.0013923036627402734,0.0020780799707943716,0.020993175042446303,0.0006531836698906064,0.0026181172493989894,0.0020278092614734026,0.0001324712284199701,0.00019887634949259823,0.0027188097642779157,0.006211557613427495,0.0007950261170923511,2.596310147897098e-05,0.004930488302845192,0.019651822152279244,0.0007725604722852974,0.0014102937004351725,0.0114527010494523
20,0.6715264223858665,0.00074247247590755,0.0004481429462377473,0.014425713809775824,0.012976685412531719,0.0011421151711469041,0.000651119281870776,0.00025519723074414317,0.008626870856925912,0.00250248192367445,0.000705671977815611,0.004865418229101173,0.005181685198636864,0.000886008645407221,0.00033309913209641205,0.003156588650503406,0.0015030472759690041,0.0012472860255998205,0.020160069464164036,0.000780116957496418,0.0008701278681459169,0.002474099436379999,0.008649397215441869,0.00034682619924509287,0.00249654203041809,0.011419689833877826,0.0014493244251499546,0.0010572952342580244,0.0030968235137051026,0.002351662346402807,0.00182007248160065,0.0016164726145838164,0.0006176964245390536,0.0010337832195924195,0.0025932035855777695,0.0004914896706198473,0.0006994781690066054,0.001234788390973506,0.0006563836975566202,0.00024781136231183436,0.0007111831655463414,0.00018695119918907407,0.0007899493041446216,0.0024205994776616774,0.0027248118032015788,0.0013613746679571675,0.0013323161106456882,0.004952685695195764,0.0028822457907037202,0.002071793489673155,0.012990763454104114,0.0013731836697018667,0.0014727839420312786,0.0046556530742343834,0.01919719323171058,0.02011729763271447,0.0012928723426420758,0.004966032338241779,0.0012857006841006926,0.0024818214541825804,0.0009930111452616675,0.0028536563689670995,0.0011389724114361725,0.0009538618953307288,0.0008962806329380907,0.0020074037590470614,0.0008471629288493181,0.002623435908005565,0.0035571722690694477,0.021315141003178176,0.0021052104719490898,0.004731820557397713,0.0014438580395479098,0.00018422808142645237,0.000665323728267664,0.011208879157629711,0.0030985698966299186,0.008271780323270769,3.274554547324466e-05,0.006024090803001538,0.01630941956432855,0.002501107619388098,0.0082126662705194,0.011417808320645947
21,0.6335022762385314,0.0022783625424250766,0.0028246947828397574,0.001680477322118643,0.007442093014981539,0.017034036083461667,0.0033022186120518155,0.001871544232339678,0.002496891586212723,0.0008701732558143989,0.0023339896366273197,0.0018889728457496746,0.001468106483933867,0.0025491913406633215,0.006517953584251501,0.000983710573739509,0.026178681869488664,0.018570574253692757,0.002112446759359848,0.0036859221363178935,0.0037333420926680834,0.007649581261048588,0.0009036154743010222,0.0027563288709663626,0.0008038881863144924,0.0016115497373041623,0.0010560077665447427,0.002555156553158333,0.004693395249352067,0.0032130016798373466,0.004375666715301505,0.0016864256319320088,0.0012990443899251023,0.0016058225071127398,0.001034297599893227,0.0014877396396976777,0.0016902928333069479,0.0010983455773048178,0.001470322389166035,0.0011174633761632862,0.0012842889069976163,0.0010691258193742984,0.0013238158917022727,0.0015359214650314582,0.0017523653417764174,0.003186252204777559,0.0038180868176010334,0.020206431626595772,0.0013505497135103824,0.0023541551916955307,0.0048716242366766745,0.0006999072497281863,0.0045432449882159606,0.0009804815286047711,0.0036858134706845972,0.007572076017295636,0.0018032925739373293,0.020182056514033528,0.0025100334661934203,0.013522258218064808,0.0007868810785873183,0.000651769365825205,0.0013956639802092437,0.0008810828415805952,0.0017671183880805734,0.002048355621527009,0.0064045827824828275,0.004348203843028016,0.007303664049882201,0.022619122039544495,0.001925901806862187,0.005857680274737133,0.0014864110283250246,0.000628341844501466,0.00010340664538072964,0.010003058150370732,0.011275579219763495,0.0017598967681374128,2.818392445611688e-05,0.006343018679677333,0.013909346743356043,0.0012407464061820962,0.002058599389349623,0.011487999199756365
22,0.36457246655039727,0.005089376606423627,0.005472261506981538,0.006078456604261273,0.005402750050345244,0.002689089272244808,0.0017982430255901064,0.0007449585706365536,0.00317758864447199,0.001606927278349554,0.0004981930552484939,0.01544381591518005,0.002859954280757257,0.0005347948435685681,0.008248698475923215,0.0008535960446223337,0.005191229310428085,0.0018744430262585322,0.0007202088338482429,0.0008254322080974712,0.0021942523340960332,0.0019404537053797255,0.0022638229925414604,0.003596516986231799,0.001179961599556284,0.0015019338089224512,0.0010711702568791852,0.0010693709599109518,0.0008972864470414834,0.004448298964522052,0.0024026325014209534,0.000858644672265131,0.0014324130577688316,0.00993603548947805,0.0007369601567705828,0.0016696995603637547,0.0009763166799385479,0.002010601378856919,0.004257303438003478,0.0005468599068820338,0.001914239193532189,0.0017148880288047992,0.002442003935452061,0.0009120798748512801,0.00944018012225476,0.0077268054740045975,0.006551105897850389,0.02896014392214419,0.005621679038867395,0.001015472130697516,0.1350811977053393,0.0016576023644818965,0.0012855856242207876,0.014243279204638528,0.006527645393741367,0.005014635105671877,0.0013015431969031202,0.0008014274436603148,0.0013817399277268538,0.0018254709850200632,0.005736308969634881,0.0016660547241563455,0.004140271321306172,0.0032250370809506802,0.0019614779794329086,0.052993639928649125,0.0020119039190121934,0.06579865520438424,0.005385161922743068,0.04874127681070578,0.001103433857705093,0.004916299775610797,0.0015943350388739682,0.00042581698976193965,0.0009129586653878252,0.017119040148412267,0.014399791316641576,0.0021540989429543935,5.717699684703286e-05,0.00831696589075042,0.018759231508765586,0.0010367261237877825,0.0023139317521080685,0.021138661561090708
23,0.6185981360157978,0.0015610031582175246,0.00114509217936092,0.0018449393017271037,0.015867248595669712,0.0005761650777403312,0.002468434791046436,0.013357914684356677,0.011096288202655853,0.00228855175068203,0.004308062501289519,0.0053358785467125455,0.0010556550237814546,0.004190976901166061,0.008278370491975969,0.00122002842673012,0.014514276381301174,0.009415420980057555,0.00788503338996352,0.0010148126466443526,0.0022708695223169623,0.0012354508912611323,0.01961991927036258,0.000599237955790179,0.003656984223631098,0.0034859790098798423,0.0006002622206161194,0.002521801956040615,0.001006424724767192,0.0026926030566548414,0.0013599663495918915,0.001138909724028984,0.003158457077487112,0.010748440334101862,0.014809158120900247,0.0008962463527325903,0.0004999885082475518,0.0011700613039754154,0.0008715500875073938,0.0012873667225294057,0.0012790524560140429,0.00282938705364141,0.0008289456191476485,0.0031349176284283537,0.0015477476487560154,0.0019193180125688521,0.00561958094896531,0.004506455415285486,0.012731544631741042,0.002230956982231055,0.009785765656554769,0.002440579445469495,0.0010908418769934186,0.002347693361037173,0.0010357403061410288,0.0019765738671063842,0.0056670492044391075,0.0021933509849654423,0.0012879135811951399,0.0028917980056601825,0.002572142840861265,0.001273647608900113,0.0026501670322256884,0.003778345766781087,0.0015973919676746267,0.01834804704424262,0.0015359327360103202,0.010266557533255527,0.0019117049706240262,0.02433419693762984,0.0039045216389422127,0.0021363560361283692,0.0013782422742078981,0.0018854018080835162,0.00026390409868833786,0.003128382670193036,0.0031701392247401898,0.004241321660255302,6.63457286497711e-05,0.004837547791994479,0.013075125446519826,0.0037748229216899064,0.013599223950232655,0.00927335116582839
24,0.6503829572521125,0.002408461462640394,0.0037630987104748355,0.0021138165961785554,0.006552616465491466,0.0017096461305163273,0.0026242671784939974,0.001114336101672575,0.0020275532829107457,0.0006351426668657394,0.005869488717558248,0.000869001697917764,0.004029075729877559,0.01699095589324469,0.0015010967746891483,0.0038018148266175224,0.002159606099577071,0.001246219571530378,0.001074820948957553,0.0009369955746100854,0.010889962508272401,0.00129202924203928,0.0046235047695161735,0.0033501412209096418,0.009936774026138323,0.009023347632063826,0.004008084350444863,0.0016530218305362914,0.010690723421589063,0.001806025931650741,0.004026775576987696,0.0015271390970977665,0.0008847767007542264,0.009953150604160377,0.0021371936525284483,0.009697705328542942,0.000702979719850073,0.00120975347792961,0.0005974927692328052,0.006886817274631082,0.0010874052948810643,0.002572162973187028,0.0014628702267559409,0.0006398155718538091,0.0037093219949905997,0.0015203698207645543,0.003803249156128649,0.001979244917335543,0.005403616619006683,0.007634832382304506,0.003082943686217451,0.0027755373589298526,0.005485289700850717,0.0019594508847631353,0.0016085162954493702,0.007038948911389664,0.0018214793032911131,0.010988333544278639,0.0011748080658942632,0.0029135382151925493,0.0008509643786360078,0.0009723692196132552,0.005134804890092332,0.0009461393529241284,0.005298553555767717,0.006049529046366098,0.0015629449418612994,0.0021479057591598295,0.006344066395231634,0.03007241561320427,0.00048392885821682243,0.005827577496000242,0.0027198699039580154,0.0008671423930489026,7.097901767367327e-05,0.011540001866276867,0.004368077503964863,0.0019254416433378406,3.692240017409604e-05,0.007497531487728642,0.016144540394172936,0.0005649281980444327,0.0009793880130196152,0.012223871931248437
25,0.7719212754243904,0.002036553968695588,0.0005157107665413958,0.005153704911398021,0.0025414459516805037,0.0006173179704833045,0.0017719390619866193,0.04214965213114045,0.0006102280621927301,0.0010270811297998096,0.0013464185891408043,0.001759641544896299,0.0010815886394399893,0.0019760480046823988,0.004450624874151197,0.003396988515575298,0.0031256228725679465,0.0012907580161052828,0.0008064178752820544,0.0005388590909971437,0.0009283891705551074,0.0010314146663867483,0.001066719502176478,0.0003998791106841671,0.000783309449447519,0.002198311319215751,0.0007050624286610792,0.0006125955061751974,0.0019897905361957254,0.0012067467078012615,0.0073718602724410975,0.002143883599622817,0.0038945866060198482,0.008335417254272628,0.00045997243019526,0.0013326404875895345,0.0009076495315892909,0.0016158439253993306,0.0006569545463941161,0.0010108880423905188,0.0007357061369322875,0.000785417706272781,0.0004431983144993774,0.0012538679347399064,0.0015548509945076372,0.0013886146906887575,0.0039410502735361145,0.0007369841296444485,0.00802732710747867,0.0008014485613644486,0.0030615124290669367,0.0008724927330583009,0.0007689133972703676,0.0010663720861300793,0.0014507628807407511,0.0031638323591559447,0.00895569702765316,0.009847141365454838,0.001268804877657823,0.0007602564261859362,0.0016626739153661027,0.0009045056932960429,0.0013960475866552856,0.0012927528074994782,0.0015323876184422105,0.0012646007758722736,0.0005021811109179705,0.0008478804608716818,0.0005275254411002255,0.017887952169658484,0.0013575016347847667,0.001961966989833085,0.001221194290534209,0.00020213261208604485,1.1185484526054244e-06,0.0023467120452199956,0.0023208849990217703,0.0012436928351544079,7.057025919455761e-06,0.0037269698465565867,0.01002309330613755,0.0009486106605118265,0.0037836795803584244,0.005382834119350256
26,0.7384848287189647,0.0017251088563640818,0.0015187725413323408,0.0014153002387199678,0.03840085548991125,0.002036517239850199,0.007285881858858462,0.0020232299928957635,0.0028413324840642754,0.0005146863999213982,0.002270426280519444,0.0009515882016649544,0.001771838436673437,0.0017790269284460455,0.0031388709199386693,0.0016905404352599962,0.0013044573332704065,0.00445022214443102,0.0017848833781403477,0.004279458224717984,0.006724865655049007,0.0011670406227160506,0.002704984110451169,0.002342677234963569,0.0037371606588289257,0.00034015285631476896,0.002035068200883495,0.002727234929021884,0.0024791589145395617,0.004304448518457337,0.005503174490080345,0.0008441452316118159,0.0006862420656356123,0.001212807305559334,0.007798003672899234,0.0002888685208367096,0.0006487164602048984,0.000501133791734223,0.0006389268852719504,0.0008644858617734641,0.0007255846497217518,0.0006846395658965471,0.0014036207175190081,0.001056501609963198,0.0019157908302694163,0.0012045264876455921,0.003510333934825036,0.0026057709740358636,0.003953005980146165,0.0008637506865065142,0.004830760239364802,0.0008030470784449414,0.0017433029996170115,0.004078511756079535,0.001674753580227945,0.0006155051835258223,0.0011514456653383917,0.0015398996582409704,0.010088286835855664,0.006883927107049377,0.0012530049267636325,0.003454523843302948,0.0019937954814191684,0.0011959927371809592,0.005490477294154735,0.001107144562745748,0.0014027782363345573,0.0007191751954244886,0.00200855896907592,0.021257889663681563,0.0008655575211188875,0.0034015478259068954,0.0034544658447683645,0.00020119018054372905,5.6718551510142386e-05,0.00401795300536402,0.003432261529086071,0.0011834530051833998,2.153076696769183e-06,0.0040930114216507,0.01203997027698209,0.0010346346529739433,0.001248119799854316,0.006535534767225293
27,0.5645206123070372,0.001585697032798555,0.000649281765283144,0.004664937410712893,0.00977630292056014,0.004746463473904658,0.0005142373689402261,0.0005457769555532208,0.001558615838525797,0.0010306316888555119,0.0012305978292235617,0.0023336785655995746,0.03509794576195215,0.008337705686547977,0.00182989933356981,0.004274690655245444,0.04193533513983658,0.0020977356958698334,0.0015356211812559007,0.0034886492931331496,0.006454703536704483,0.0019051313878436073,0.0007244187709557259,0.0012233915159673013,0.004958528922396334,0.004929424749061088,0.001715642487025747,0.0017797465169164088,0.0009219069984480143,0.00553663112232982,0.00500589747365074,0.004915940509011412,0.0025293316459995717,0.004033976260490835,0.0016256512209584131,0.004736624819167217,0.003241853830147106,0.0011768357243668154,0.0014178345159210045,0.007173639212258528,0.0035450684477767104,0.004916794149351968,0.0011340062661175754,0.0028470421092663353,0.0016884182612610984,0.000322275758721186,0.000992609720731207,0.0014082236284327658,0.027387412314459344,0.0013191675803877036,0.0013616881899279393,0.0010493903109525973,0.0021633005707516243,0.003298937775284464,0.003864379636441428,0.003875996755538407,0.00173462441497694,0.005866693430528938,0.0019270386664484076,0.0012234914238351603,0.0022770652564866136,0.004510841310057997,0.01054670524004916,0.0011360434349526574,0.004781526569626698,0.001694284952334101,0.00929324316490513,0.0024331332985801576,0.0045016647743215225,0.02601251271375921,0.011254497796912838,0.0054376139384628075,0.0019343824775270128,0.0006360257939637522,0.0006852886593209209,0.0068150835941526555,0.012502654377676434,0.005444806932645826,7.77982817235111e-05,0.007439903924820823,0.016228405802737912,0.01221367251416183,0.005599915514669662,0.01685484314093345
28,0.6493997716808442,0.0016884858738670783,0.0037370020914790896,0.0017253229121210383,0.003130662997483624,0.0005774183605021265,0.002055653612414262,0.0363539428462151,0.0008187713677509339,0.0028196271892681557,0.0010620488658567631,0.0012265424352396945,0.001318374495763155,0.0017329029746145069,0.0012640002585291668,0.002327911880574958,0.003982988155022159,0.008601890771377251,0.02296093404517861,0.0012365946782871527,0.0013612118018366214,0.0022072298167150903,0.0014702266735864868,0.003047494437569925,0.00858168997524216,0.0037040142106434127,0.0013452613097362023,0.0019389783455237624,0.0018280131071364385,0.002853499885318943,0.0015542021800183817,0.0017467975530014858,0.0022140510819234627,0.0015803070357436769,0.012478325214497918,0.0017476387032065517,0.001393466193097941,0.0015388988382295946,0.0010834429983953607,0.002355087530801699,0.001214860027720817,0.0014255982931198786,0.0011762803455656128,0.0025062827235797385,0.0026416495626797984,0.002339629019277574,0.004017853246748417,0.0060761510107908605,0.002899591613902822,0.001684205852888908,0.0015780954772183274,0.001700698361142707,0.0014409280823205316,0.0014195313466715464,0.003295993781788964,0.004265316161486262,0.013999292650502228,0.0015278380326538895,0.0017499070444372705,0.004860390832595913,0.004862724627751992,0.003018448719134152,0.004144427713820488,0.0017913165552172429,0.0021080814600059803,0.001233764134370683,0.0018957263880575532,0.002158635713738826,0.005463481960133014,0.030411884911004328,0.0011221658089808322,0.00392397457352109,0.0027955332280813405,0.000615234725847068,7.847765404991109e-05,0.00945704215743134,0.014864039563848214,0.004442379726314609,0.00010023407375552292,0.00955528427428041,0.013745229982918435,0.0021582801083794775,0.0021479648576015436,0.01203488923005
29,0.47631177128141816,0.004333366124879574,0.006214572149274784,0.001255180797743364,0.005328857369218335,0.0021908435698215975,0.007014662110944866,0.017371495632301434,0.0056717203330164286,0.0011083646483415008,0.004867815769500181,0.0082422800430599,0.004333233835480723,0.0034676151629099163,0.008357389455683603,0.0022002609713658097,0.002401380702197905,0.02335937759023694,0.03196099259967435,0.0026154874373375543,0.0016650878185713194,0.0033816038110782293,0.0043536046727923735,0.00819826126622783,0.010275719214671344,0.004200546582267828,0.0026624222158657717,0.002949677156916115,0.0020970018143870216,0.006376123580013768,0.001156306739178799,0.0020685467103285925,0.008135801271335775,0.004311400369040981,0.005032914071406639,0.0023519250776346612,0.0016611378775305084,0.0012156188871757902,0.0018660546080513493,0.001665976940035614,0.001661581330135339,0.0015381398679677237,0.0018227345367166985,0.0037203083300839522,0.0021431326948833655,0.011796057488688337,0.011997534363452024,0.00545660757844879,0.03258795098702756,0.001803805275413235,0.06065114984147663,0.0013529287552856773,0.0009310343246292305,0.006142629538463108,0.004701568033382192,0.00166885778325192,0.004566194796933215,0.004676549789642848,0.001144215449018809,0.0012684906599997792,0.006711001010487114,0.0039399896282932235,0.0013568896039731942,0.003382113731593453,0.0009717273350461993,0.0033986781680227303,0.002090193334444996,0.005209415405471208,0.006299152332152919,0.03047203079461734,0.001661255141790342,0.004127623417146377,0.0030823307631404275,0.0013335448428096993,0.00010669594034872342,0.009285822678030685,0.012798519509537096,0.0042127843179665106,0.00013298535186351414,0.009299936707641237,0.017162967378271343,0.0017660472043458711,0.0033799904349180038,0.011954435274269816
30,0.579783066597872,0.0018667538063120038,0.0010999919589584231,0.001995071098688696,0.0030235294394850842,0.0025945574829155005,0.005311435107889514,0.015396038330547163,0.0019292562424625453,0.001533496767189479,0.0022321298456279906,0.0025814142895618556,0.00180429629067405,0.0008936380208156859,0.005052501390230716,0.0011261046256824457,0.003579309958568973,0.002148909383929585,0.005860987747896026,0.005604386921212059,0.0039679310318022605,0.002750204933378267,0.0015003975895108471,0.0012375969707503873,0.0026425796289598403,0.002458466496125149,0.00202726440967543,0.0024018413541635015,0.03347726832992864,0.0013220888033770243,0.0020285860149620205,0.033065997912386666,0.0006887354962185051,0.012322978266562644,0.0016059971286171057,0.004680406162105412,0.0008461523007782812,0.0020795222712065675,0.0007096708675816217,0.0018444197927060973,0.0012963474242539343,0.0011948504740373319,0.0007503794395053071,0.003437984436004614,0.0028201313773574817,0.0031610959451260955,0.0007374023686905832,0.0016596233152002817,0.0015640223048164399,0.0024811487125140433,0.0022746331999849304,0.0038945392988930703,0.0024444366811082886,0.0018951672124806248,0.012301388303909519,0.001429094059070217,0.002527548514566518,0.003201093610050498,0.002335128718408198,0.005741557778991109,0.009265728190468094,0.006410124408025496,0.0014782388374067262,0.0020383306757430233,0.003103254917831754,0.0017028276932562942,0.0014176364784253385,0.0030956131107844394,0.002384023251882487,0.05617893704205543,0.002562684309152522,0.00468963538855894,0.004529412243382484,0.0016102801319458385,8.559118532152158e-05,0.009904283042333177,0.012011559811175966,0.005198210144233301,0.00030035656032420906,0.014492416400049314,0.01864760708946155,0.0024894334543889185,0.00413716517839762,0.01604409621311068
31,0.6700112004626253,0.0010301258277318037,0.001144968536317247,0.004396570226970614,0.0023450993039977447,0.007673168061736447,0.0015896770256389968,0.0005962558397072364,0.000965728270421622,0.0021714142484207687,0.006015714235107401,0.0026584420875406575,0.0021874977249835502,0.002588055149384225,0.00449501010473107,0.0008580803762328727,0.007791910329290432,0.018724478868793692,0.0018063843530448582,0.0010249897347481584,0.005595072298340834,0.0024259149196618934,0.0024818290374916826,0.0019414812183267053,0.0011054637068859405,0.007994725544755953,0.0012872353956294167,0.0017570375234454351,0.0021055473111340883,0.005499086622339296,0.0014191631331423463,0.0010481124207783854,0.001058467347682344,0.00260827795181462,0.0012467129996421961,0.0012984841099905632,0.0009140233597079654,0.0007949133086607781,0.0007570843268053464,0.0017436721145188646,0.0011399484344413401,0.0006602669585134012,0.0014413713286838745,0.0006935807358660491,0.0012117748612494597,0.001708338382288822,0.0009392290181434377,0.0016624741723750879,0.005649263952495075,0.0012136163420169374,0.0014262019292879838,0.00904912285554724,0.0007095359471091726,0.0011895815161967614,0.001711805894013979,0.002781498962423293,0.0015752623335477482,0.001777683014182195,0.001786717091096067,0.0011228876811769086,0.00572759573280769,0.0013886129423859351,0.001350312820575115,0.0010379509333714257,0.0016409743038061368,0.0014103849540994058,0.06772536636469019,0.0033421923578136918,0.0015850493293243049,0.024860347853696202,0.0008558558237525162,0.0026531668817652318,0.0015709889220445427,0.0006743119994350349,0.0004386298772433935,0.005572379280076156,0.010900745161149087,0.0019847622854168023,6.638057728354017e-05,0.0053452532635976545,0.017183829088802734,0.0008725851082295662,0.0016223972392256218,0.015582690070573833
32,0.5893506297491968,0.0011295693374668353,0.0014297834197653672,0.0016001168965150436,0.003219225050687855,0.002116501696454267,0.0019000807415006692,0.05796000527292997,0.004398559280736873,0.0011197592524445055,0.001533690826665878,0.005444144418425296,0.004299391684969193,0.00484544830155614,0.006057585432228947,0.0032082926310300327,0.009419187314202954,0.002055547986620315,0.016605537714370632,0.0016506482027828775,0.005254256229680604,0.002336235470360626,0.0034767094889153576,0.002850242528743189,0.0031267508921853943,0.0012058354690734306,0.000779590575328975,0.0013874932072020845,0.0038716877540171785,0.001739226698485751,0.015668131807327443,0.0028398309868208713,0.0016390533805509169,0.0014523255946485665,0.0016200988606483002,0.0009469585050653158,0.0003359461401708897,0.0011709189633261027,0.001015931183408551,0.0012156100180517049,0.0008550048725978768,0.0013273763620538892,0.001651046795834136,0.0005103195449801317,0.0012091911921017905,0.002634780223901938,0.0013471498738777887,0.01623799499073844,0.012640952934311729,0.0013109141266990055,0.030135429800601212,0.002221953956674973,0.001771266203130027,0.003155504121226152,0.002200870279185074,0.0032035070465760334,0.00192162478909233,0.006635227138227395,0.0015835602404876998,0.0012533668482440355,0.003556982515210985,0.0045849040422337355,0.0013020828726564924,0.004166123905563972,0.004730809413188674,0.0012496806062784354,0.0013389797967323916,0.002072461253774827,0.0020155911358633967,0.04595174386544735,0.002092994179487818,0.003158814926609429,0.0021195451641598515,0.0015478064103857014,0.0002339713014047108,0.004275675433649377,0.0040389501895907965,0.0030246160536901356,4.971811756421803e-06,0.0072880242280926036,0.013459597310410713,0.0022710654152065263,0.004365884650585232,0.014065143212917058
33,0.5346925766609067,0.0028377882443893936,0.002371434991079517,0.004329893440786044,0.002615411794123876,0.002703075409843194,0.001087060087516159,0.002083395599144387,0.024416150122955723,0.0006792256738432729,0.002899564634303426,0.023172077046346468,0.0228808499446374,0.003171609548565597,0.0052068258945522665,0.0012571785341011802,0.0003563221614981275,0.001239988232978746,0.03282224698794866,0.0011566284657177472,0.0072952894022120605,0.0015403776693326827,0.0032137235797535914,0.0036556942667104967,0.0008443086662372913,0.0047230548067744545,0.0013877708573364872,0.002024238393905539,0.001785717592685419,0.007289082414697163,0.002260013879483358,0.0009258135351426078,0.000397888649057861,0.007947270836732752,0.0022438298887055936,0.0006294718065014866,0.0008611704053465647,0.0017681915396672843,0.0010989453755302794,0.001035082803575644,0.0009721373052352842,0.0006565586067483746,0.0007179304591735892,0.00103738340382345,0.0026716725057274178,0.004020123868731523,0.0016228811006705859,0.016266688924031318,0.030548035731969243,0.020370847956661334,0.018296162340962156,0.006802201381075593,0.0016230574586813989,0.029965403041584834,0.001581793127035055,0.003940636040270269,0.0016762695367321485,0.0008911340779333994,0.0009944305993523938,0.0025555371577154567,0.0020205268645892395,0.0015994228089496443,0.0006715653883488417,0.0014639368531643487,0.0021606990931221175,0.0007956091747184656,0.0035468752163025866,0.001531636959820239,0.003254884144102811,0.029640614632423293,0.002223455688936827,0.0037584200973857524,0.0018145082006844101,0.0006371623678678727,0.00011103761383286095,0.012500575204150712,0.006345404837859499,0.00439600752318175,0.00019299890529375668,0.007133015025798479,0.021023866588019417,0.0016494414830289649,0.006623318575621179,0.012787892284055566
34,0.4920157663386098,0.0022074551970019487,0.0023770515790296994,0.001651278339377931,0.006162649526557869,0.0023459953319769763,0.0016841639267973921,0.0015146680549587832,0.0017005525982721887,0.002481434235446205,0.002676911292431148,0.007687012030868688,0.0022577334912753815,0.0015824474727292488,0.009803246526574081,0.005118624851074128,0.0022996494948372423,0.0017022737708822855,0.003452301887711876,0.0007844556084194023,0.003151308657727052,0.0035530881142399316,0.002452825657335662,0.0029788058759644145,0.002299675882670478,0.002999549987708305,0.001846044376390015,0.002169541219033727,0.001973373640820307,0.008744242601253387,0.002052073698262296,0.002582295615877541,0.0013382351191376404,0.0019111262427360736,0.0015655104068810605,0.0014407942177482012,0.0014746051500763148,0.002013348844537603,0.0008298642910481071,0.0008387620431946862,0.0010825289265158323,0.00040821296750439645,0.0021726222610582453,0.0038567213727673457,0.0026322244669832306,0.001779030664511218,0.0016758945604440302,0.00142557016408459,0.0015525304727881729,0.010354133010014609,0.0021094318225292727,0.0021796320246812084,0.0021202916920087236,0.13912322759885398,0.0023153485441298285,0.0019896340131807353,0.001345827364066837,0.0017189600446902672,0.0019720659251750215,0.0034849111859978224,0.012622980608066386,0.0019480449985691231,0.0020033755422834607,0.009675975811729604,0.011175909626031743,0.0006057902549578027,0.0009599511956574856,0.002143944050643666,0.004052456214673468,0.051991414793802176,0.004011663254295024,0.006050558693495252,0.0017965285970325618,0.0009257148176809327,0.0012034099991294236,0.021894843436452576,0.014194906790748979,0.004949609658929008,0.00014783454861869248,0.00792206912518348,0.021751314840076672,0.003165188122286616,0.011445538894853835,0.01834143384534154
35,0.4945568813452243,0.0046189014440234195,0.007795655459694009,0.003966322735944135,0.004856596415474985,0.0014551929272491357,0.003614691786530698,0.04067960083582614,0.0012586001739175086,0.002174386386780593,0.0021057161814254837,0.0016479759356519787,0.002715476373649729,0.01346096387144783,0.00497048924511162,0.0009318091290111389,0.009289640902080294,0.005447872538858691,0.0033832011425496762,0.0017711307859542692,0.004971887824963802,0.03663815140888728,0.0021827340165916647,0.003998155101546688,0.0008155490868701091,0.00550079016993653,0.0014245109662015018,0.003295441617501046,0.01735338427091791,0.003926672850042617,0.0050487381152901,0.0010159247350711486,0.001330287092749094,0.004451424204563887,0.0019604547799189345,0.0024983538774846735,0.0019176522312231747,0.0022772513219892696,0.0012887618913453723,0.0017191413369492831,0.0021206968425636617,0.001877844302871618,0.0029803233252666257,0.0032074020757249925,0.0025180539360263408,0.001736385274669606,0.0019089181839294085,0.0059733512427626685,0.0030887223475759428,0.004832481311150264,0.0024896744885361827,0.004633178365966713,0.002956154138401413,0.0011743772842441786,0.007090438381056989,0.0024701199120031386,0.004026521813579437,0.006022469499975202,0.0037832263767447645,0.014103746713205146,0.002071390744098999,0.0030261002510895423,0.0023156821911018374,0.003637413735060371,0.003926332555153885,0.001280348904553061,0.002388768551822752,0.002521427024658275,0.0023499550733950304,0.07070183381839112,0.0019264277205880889,0.003930712624599562,0.002995160323891617,0.0008902481550402379,0.00026143525804406444,0.017622537676138816,0.017136214004906496,0.005966500821298026,8.87825635126002e-05,0.017752140289234965,0.023381269723023717,0.0018899837003299967,0.002573639662871057,0.016055236294492094
36,0.7692263681178334,0.0014180300722015954,0.0036391157715829933,0.003013498643933627,0.0019866100899611,0.0010611693916081023,0.002555110286058984,0.001419698975732915,0.006682919036494992,0.0010883670953501646,0.0013839710820069606,0.0017262881601808036,0.0009822422203756168,0.0005184167347914947,0.0016991368948506538,0.0009471860117645669,0.011334783843025801,0.001734826344595307,0.0017881747038947504,0.00016016580237287505,0.021931048608425607,0.0009776912276413241,0.00048535793983401824,0.0032767775830932155,0.0022103010825417855,0.0033182863824655546,0.0010733007592278769,0.0009725790298025937,0.0010102004573760638,0.0017221028290254022,0.000921855211344243,0.000523086642403879,0.000942251597641134,0.0040396555783982985,0.00032115043467627715,0.0007141167473645198,0.0007557893323992985,0.000916736427321616,0.0012233585414505076,0.0011074312294712305,0.000720752264444663,0.0006274805048463609,0.0007961846504695231,0.0020640453425973706,0.0028644955339495286,0.0021094545440768463,0.00296560345867042,0.002115999426975314,0.00797075716893984,0.001271487647056595,0.00269362070198734,0.0031612593728823184,0.001308835262148179,0.0009154461580534451,0.0015722376969480169,0.001348630431098628,0.005847472991044188,0.006456947868097735,0.008851690298141202,0.00982449326933878,0.0032222914684028473,0.0011789775253616666,0.0009632912723716734,0.00311301163956953,0.0018136697013133656,0.0019341885978096753,0.001477554226644276,0.0007438411402379921,0.0022130045932461677,0.014265446341478987,0.0009983593611448845,0.002832982706972671,0.0012653687590260085,0.00030160052224772425,9.25018997129708e-05,0.004272447910044268,0.004424598657348349,0.0012119872445654563,4.7151340578398975e-05,0.003965826751488734,0.013287231642294334,0.0008415283728170696,0.00172943741504462,0.005507649397991026
37,0.5488563162338194,0.002124332464508738,0.005720654913516985,0.004542865872407526,0.0020590082674153453,0.003913362685720474,0.0018230257080776857,0.0127437546707354,0.001154448685988566,0.0017542515324468519,0.0008692809092581366,0.0011653299923516454,0.002222358160492676,0.0016628359468152847,0.0017735747049170273,0.002693637898552092,0.03290276251296449,0.0015222374326769456,0.0011357046385971669,0.004113048988863348,0.0040688490596911455,0.001045592729848404,0.007506254426954885,0.00656249629552922,0.002939457321730878,0.001268526740242979,0.003956213558628954,0.0054157483965622585,0.002890464371411254,0.004564959097890551,0.002161857466446058,0.002186283328916943,0.004738743703474834,0.002182606230457635,0.0014835456044476492,0.012127345867199608,0.003237933107094151,0.0016883026714231868,0.0017007906157753335,0.0013843017910090492,0.0011718439404952963,0.0011702629181881115,0.001190062561056976,0.0013259934974589136,0.0025117469140730707,0.001226650513914205,0.0034338351601919566,0.0024915281816963748,0.001070185221190061,0.06033699938619142,0.004787255397434698,0.002395814979689562,0.004435615588345065,0.002991901991047933,0.0023311918148354333,0.004550433754220576,0.0011288530673804666,0.002178229302005408,0.002347503179960762,0.0013786661944644324,0.0025899731550644524,0.007018636347040398,0.004874773403650258,0.016898734121474156,0.0032549934440699677,0.002427659777066065,0.013126211156838437,0.0033684940333610597,0.0058739683836885595,0.045615283487003715,0.0027951347478586534,0.003814685698216243,0.00344467480490421,0.0014557463497059562,0.0010004772571673164,0.006474236232669075,0.005365571435356594,0.004887537150013857,0.00023510195470873629,0.0078028331094369685,0.014178844312970314,0.003179834976635454,0.004047397148882701,0.023951559343515408
38,0.5632501729208839,0.0032805932043348763,0.001888468336570986,0.0020631708102573218,0.0042354919986814215,0.004512142765295135,0.0024613725553383928,0.011049372096287603,0.003461373686418371,0.0014302019903499534,0.002949412192435981,0.0052842272381786615,0.00183491128554842,0.005657515171475618,0.003956067382592629,0.0037403651619135293,0.0035448805372168494,0.011894730372352332,0.005004245950649238,0.0015727020610307603,0.011680189520740713,0.016928039181786727,0.0046588061227700595,0.0013687293989416147,0.002284041129284212,0.0020967911724573524,0.00651292063228281,0.001138234592962591,0.004164143692560998,0.0064564207177707205,0.006395938145390676,0.002952574141855315,0.0018676498028785849,0.0031844707929430814,0.0016005073693510525,0.00827611684570997,0.0013920447182041201,0.001229657090892031,0.0014441581663020464,0.005624693378342945,0.0009595979127980771,0.0023621759381494034,0.0007307934278492519,0.0011873467751159132,0.0028022787725421653,0.0017634629918548317,0.004293995767693416,0.0010525399030830952,0.00604961043830635,0.011445480412731529,0.015534533324785292,0.004307838744061131,0.008722988812709815,0.003281078395969352,0.0009748780073729067,0.0035988836439379574,0.004117259389205022,0.0030244346909667633,0.0012605885119886032,0.003031700961198803,0.0026587759148467916,0.004324072893095137,0.01639216964630291,0.0022158408580845146,0.004747441923672136,0.003313728225973901,0.001971443952694051,0.003994856342899534,0.010293008728807371,0.041712807772072556,0.0019810720501326545,0.009458183290140853,0.006118358455467168,0.0009084746646211466,9.452197477733368e-05,0.010668209054943447,0.012016528932382744,0.004783178173820786,9.647056712398132e-05,0.007467471650315304,0.018153971902388957,0.002083255320036154,0.005566993276540461,0.014150153275300713
39,0.731072473217737,0.001589944806984445,0.0012963407265246917,0.002486009102319952,0.003189513223511588,0.0017484959957879509,0.003613505647377611,0.009509396851349423,0.0009103333270612736,0.002005717242340189,0.002655516579490952,0.0013277768188397338,0.001384072316256964,0.00435787234770275,0.0010675829489914079,0.0030876081950522824,0.0015792842275602023,0.002214526603410404,0.001052905766101165,0.0012052861079159167,0.004729322316852297,0.0009374842082191152,0.0016892566664021668,0.0004766745505264374,0.0006255528596747071,0.0028538180267383218,0.0023009966061607674,0.006869579275095717,0.0011689691911162254,0.002503647363093536,0.003886372094853188,0.0006184247109006325,0.0015608139582474897,0.0036695536231224216,0.0006679831029336729,0.0004120725722175687,0.0006119717297321911,0.000758334623377897,0.001039737517451941,0.0008217224652451103,0.0009418968908133829,0.0008647434079622539,0.0009167655971323085,0.001960196176244561,0.002302135369142739,0.008428447064111708,0.00406246594055912,0.0010817064154541732,0.0028307314949751103,0.002078712629021433,0.005163777147718221,0.002505261460897119,0.001504005262780318,0.005935890321006528,0.002497539109738801,0.03288786863736694,0.003395607237363812,0.00115114857882408,0.0016160003289678367,0.0011303635609827432,0.006827060878495707,0.00198774028619247,0.0009748338762660026,0.0033683268246012185,0.0028726618188242015,0.004672921606519276,0.0012314923725734166,0.004397762253229272,0.003228247165545534,0.017031411003549327,0.00142179469364737,0.0037330701632446667,0.0009399683353511595,0.0008554217520131965,7.173109952805752e-05,0.01228508336822102,0.0038474273268408825,0.0016158282151007676,1.667681174743339e-05,0.005020147455741958,0.01483508183543863,0.0008749069071471207,0.0015717154016657638,0.007506976403175266
40,0.6751216382923818,0.0030788017456206012,0.004585223910815553,0.004792308463149013,0.006938087698205278,0.0019552479246326623,0.00535391367219832,0.0038382293676655164,0.0010477899483450539,0.004925881901531816,0.002859455856784378,0.010011088261106466,0.0021631042313053194,0.0019298999780237424,0.002138029525023629,0.0019482958890528657,0.019568131414833375,0.0034561210463268143,0.003034528204802108,0.0026694750987395622,0.004840552082347117,0.0013727999975719646,0.0016814951384742794,0.004907808752709162,0.002564741975379913,0.0027809505844098403,0.0009671855482213208,0.0009029729860226625,0.0036268781862504483,0.003903293116318543,0.0027950958107463906,0.002167477756345392,0.004339802346368318,0.006980598912946806,0.002993671713951377,0.0017403339204692698,0.0030619807662953537,0.002905515381571092,0.001542641594664919,0.0018718300831771428,0.0018177441003020274,0.0021762101475140457,0.002113914146936498,0.004553862151973861,0.0031558895953990845,0.0047777773551801375,0.0027944925998439375,0.0028671973089760255,0.004754752370381799,0.0045124584071609295,0.0030275093821769796,0.0030370856934192002,0.0033295951146151952,0.0022223185518696655,0.005621257458323287,0.00412862057047984,0.003950447653012537,0.0030160146127087774,0.0028983102962515596,0.003318956847467879,0.0011722304779915615,0.0030996436374134263,0.001963641367754679,0.0017679689708349209,0.006377977491062984,0.0009875428365406747,0.0025408038639348667,0.001912204732740576,0.0058210917337807085,0.01964286390879614,0.0004292536779660677,0.004050254190290916,0.0026575024477082775,0.00020745456726604478,0.00018039429119652545,0.014389384634763733,0.009830471030971599,0.0023687578581645203,9.446181137312788e-06,0.006753725261483168,0.013985248486810258,0.00047200976230167216,0.0006564754619160506,0.011286359678394897
41,0.6035322155064935,0.0005944576777873244,0.0008109327562374525,0.003984210857698592,0.016950044312825423,0.0009557989079316819,0.01926530411269046,0.0007585086209349009,0.010852700995731051,0.0010176874297373967,0.0021070875188472613,0.0024328086572222418,0.000982761196177515,0.0020446390325587413,0.0038040555627710817,0.001873729946848991,0.004993389741410708,0.0009797798001172032,0.013081734072123626,0.0011070899526049497,0.0017382618092500143,0.0035403932142271414,0.001102953974322589,0.00041565521873779536,0.0026352733207895738,0.002880650097260223,0.0016584895483704113,0.0055934001753290465,0.001795545671775215,0.0014277502035317591,0.0033488721140871847,0.001909098135888514,0.021253803897351677,0.0013991157487035365,0.018252967698861467,0.0004749277522768313,0.0011218078854536588,0.000507328331774047,0.0009430314295793872,0.0007805894393729928,0.001014131167411823,0.0015627476930006286,0.0006293493422250802,0.007572979574956071,0.0013660326725700872,0.0022588941129962612,0.0038003896537183693,0.012841780583525465,0.010989771438049701,0.0025911796932784345,0.030239867973342636,0.001308622903048294,0.0016737712510384005,0.005482493526439012,0.00425361092020863,0.010258629057250928,0.0029453380800283516,0.0027538738491577927,0.002754720746554508,0.00103998582126097,0.022115459425388076,0.00978910768819234,0.0008069583731046089,0.0009673998239646682,0.0035452495381200185,0.0027092642124541427,0.00082378760501346,0.0013745497715622246,0.005627176610841096,0.02562649620313341,0.0010963775757362368,0.0022687377393371022,0.002551040326104525,0.0009937635281445825,0.0001570655421434873,0.010222439427879374,0.005780491174693893,0.002333746416041186,1.3709508402116684e-05,0.004874842775930829,0.01422932827336869,0.0009881137768555561,0.001968158878961778,0.006889713418871912
42,0.4579110541777135,0.011831970259835588,0.010143368215341352,0.003507643476791172,0.0022396795150726547,0.006287630669782553,0.004814441154171093,0.025909621938348386,0.0038290334825055216,0.005803714906700334,0.013761324325403383,0.008536679679913704,0.0013895905834642585,0.010772212248383518,0.002981681567364569,0.0009469705862087185,0.0023235739174288675,0.015482272875778276,0.0022676602317277684,0.0014790612547400416,0.005779842374669398,0.0016845587661310228,0.0010422286307374446,0.008908080223442359,0.0010898590294521526,0.0011567068834998546,0.0012331929529123195,0.0007040772902228474,0.002695918280644535,0.0020937898570815186,0.0019081526463387494,0.0022917690959607276,0.0010213175326752256,0.00525349241850347,0.0010545359249096962,0.0032422926225595767,0.0010919364440243296,0.0017353562600199368,0.00123693732099504,0.0021117749713813845,0.0014441548035310258,0.0022048238906027047,0.0007891459531883025,0.0021863622191225216,0.004754246521129022,0.007245359264409815,0.000897886899863719,0.0011800272327658755,0.020319854159398843,0.0073754871697797545,0.054987292077983876,0.00425161508323697,0.0014744770292190147,0.03558424018443322,0.023261362723832366,0.0015289912342494867,0.0018696849316833972,0.0015018635356459995,0.001494908502592044,0.00914788923459194,0.0017828010245763827,0.002523413457979206,0.0019116151295163449,0.0015074140188479216,0.0038250297009631232,0.01212991122864593,0.003204635729032729,0.01365103701336374,0.012087449202143594,0.03479313682082181,0.0017801601783458414,0.005104189875791458,0.0026710266516677067,0.0005401942560382884,0.000442048700579318,0.011730773057746873,0.012838504876639276,0.003478530007686636,0.00013348350022568083,0.010687262323711566,0.01878072446601031,0.0014075253682153093,0.002402488185888615,0.017531967981465665
43,0.6613916156992623,0.0034471288516027027,0.005810058142480566,0.004328341845184196,0.004363500638474429,0.0024605210894164224,0.0009426415320625323,0.001172821239708656,0.0020270730612741514,0.001587680377221653,0.0038145401779317756,0.0007931564593028336,0.0016642167647887046,0.0034264067153927653,0.0025611784001515103,0.0030436873790417062,0.024706807077194526,0.0011342463547117363,0.0015855382843971094,0.002243083273832596,0.004159151954345634,0.002887797377102067,0.007628740213539669,0.005324230530488448,0.003786851569368025,0.0013142755180525184,0.0005801159378971644,0.0119900136125887,0.0013727325459119242,0.010725077270774971,0.001827600805029373,0.0025251121678808645,0.0017702895085967044,0.0027132795312873447,0.0010541170202080367,0.0012857206070515062,0.0006424249192705411,0.0006768946524500912,0.0007840109786225846,0.0008468928164181087,0.0003566203848866451,0.0010628759423105196,0.0023477117206635503,0.0012470652737335615,0.006691948399812653,0.0025062302119040914,0.00195294428325157,0.0018775328267302488,0.0008028948141517241,0.001317595042179484,0.004856592300056261,0.0016578898850951249,0.0019985998035087784,0.0009061110618728463,0.0014956059456412466,0.002762848308415704,0.007570599283539824,0.0033954275226869813,0.008685480318502064,0.002632223008105531,0.0033187161270585488,0.0010463119696531055,0.00078482134361611,0.0009112797237672047,0.0016580353794297458,0.0011373903606696054,0.027875921849125816,0.0028670826036282676,0.00289186374430808,0.027282341687893424,0.005561923713046004,0.002041888566212937,0.0021884742919600973,0.0017520362399516417,0.0013482519399972566,0.010064980477681345,0.011095797306872681,0.004778282786879131,0.00016831611987196254,0.004487632214833209,0.012483106953035974,0.007075882401426552,0.0026404133942479753,0.012014879567467709
44,0.5736142510903628,0.0016470327175800588,0.002061017583830333,0.0027243931105174696,0.002070835645206669,0.019005743628257937,0.0010160816468608891,0.0030188876590586076,0.0011040466531421656,0.002189398914997149,0.004245662344322538,0.007078038539184888,0.0027680138012948674,0.003000925610401233,0.0013007099443140835,0.009618615963414234,0.006693528033614489,0.0027699172148587994,0.006090088791627705,0.002842174878425876,0.039938345334128426,0.002035507988479593,0.0011828910927881256,0.0020071136802849374,0.005060871971918548,0.019728948675898278,0.0022011839880661656,0.0012111863498907472,0.0034167277492408686,0.005845496432026188,0.0018299211416565916,0.002343299043363671,0.005103087047843842,0.005983348111004819,0.0009299314362958639,0.0010785400111190972,0.0014542187471570033,0.0011541962528535121,0.000837117244015332,0.009958666552912714,0.0006417483594312957,0.0011026216578544114,0.0008749863491834952,0.002194468166237024,0.0021270366420478286,0.00503009596210432,0.0015642409610874043,0.0012326326279040998,0.017184921093434304,0.0020412910649486387,0.002246038831523213,0.0021972857122110195,0.004336373208525998,0.0012581865081563966,0.004758259558966514,0.002932205905509936,0.0007273117037243797,0.007428074298150392,0.013878417224038328,0.0026521826299915675,0.0035587255215790183,0.0021876560607083863,0.01614036000352361,0.0013354061287009858,0.002795934712464596,0.0021687597988549467,0.0022033678923108753,0.0031456475686056917,0.0023782702042013117,0.03252177797000414,0.002551701686399006,0.0056035509002221665,0.003395818422710889,0.001219702665441324,0.00025400483792235433,0.007106794413983126,0.010822469806597998,0.004008278890004735,2.2954792524222827e-05,0.00876675934759193,0.017588473315615902,0.0029418985774945167,0.007259561742513162,0.015453783652777598
45,0.6286532895614655,0.00261449732129336,0.00154068892044385,0.002335171504853664,0.004706583686740003,0.005611765579401089,0.0010949645534177636,0.0016256171091768219,0.0010125079583328794,0.0018882194908188218,0.009209656304007394,0.003063352411109427,0.00465716646102582,0.004694891529669627,0.010507886877253104,0.0019369124024807502,0.0093949872909312,0.0031638433739585143,0.003576759871117712,0.0023153358375712966,0.004306471887122182,0.0016556477667940374,0.0021549987679611035,0.0014446258279789612,0.0015165968751358362,0.004528013206534792,0.0024909389765772547,0.004640325578361581,0.003051805557790453,0.004366583109604718,0.0059757383143878885,0.0009906494726503667,0.0008378123392148732,0.024015602338421704,0.0008577627993929825,0.0013698155266713273,0.0014375032168103346,0.0017481519058299329,0.0013098692573656533,0.0013967286195688449,0.0015678801629640513,0.0016139037385602905,0.001435695447266042,0.004616426645606645,0.0016190763318303903,0.004772219793522054,0.004787600753489515,0.005957906681281561,0.006410392384765831,0.005621574472694797,0.005144270760618446,0.0028348517256762324,0.0016370760523838315,0.0014258796786179712,0.0026281920030601143,0.005659146268020262,0.002431808042344985,0.006654832379348836,0.0033142043484426266,0.0017706279830480417,0.00890100314040629,0.003249952599923953,0.005545265617645942,0.0024697723234001646,0.011466845749180919,0.011734234546925243,0.004197926143666304,0.009145781138224328,0.0027256457934295777,0.025354686430675955,0.0026940716546429923,0.0048340925397715034,0.003911156819166759,3.6019784690245156e-05,4.7477134149999695e-05,0.0029828557688138272,0.016276394497934322,0.0023641647314327934,3.3497270125720126e-05,0.004590872515102816,0.012328166994337173,0.003642496282766587,0.007420612086726174,0.008443703394074561
46,0.6336610881243081,0.00293298746910086,0.0018493144720880925,0.006164227244261813,0.03934313973722057,0.0011477089020148635,0.011701235352043138,0.0014201492971379025,0.0022403665938929658,0.0022063475989459705,0.014873677401256316,0.0019065572698448755,0.0015384157899697422,0.0021011306457658563,0.0021907579960836338,0.0012070130879049163,0.0014233478854661181,0.004158259486079383,0.005177899968821967,0.001107063302165825,0.0227520689118593,0.0015439130384445714,0.0019519355819749605,0.0021055357294052527,0.001110984620151166,0.0023334335952683,0.005516040600147776,0.0010844739930725587,0.004850294472951399,0.0023257955846820327,0.003969001498918494,0.0005470446822947818,0.0014720539364101175,0.006348498680845469,0.008353931315728308,0.0005337777926995982,0.0013410478800033596,0.0014635242693756948,0.0011994207242684877,0.0008365474828441116,0.0017349522604169195,0.0006206047530944898,0.0022488090832149033,0.0006659195031868802,0.0021370433407438658,0.0026557347541105144,0.001998131837321581,0.002657020952673605,0.008322643883277556,0.0018193167869723754,0.0018614865178154544,0.0038441074595433624,0.004742437581500321,0.002885595220466466,0.0017752241495343258,0.003916143687747948,0.0009158165624240768,0.0010661508817451403,0.0008176291392264385,0.005716116383388376,0.004095481129873828,0.0013376278721266227,0.0010511484022400533,0.0007994485428158799,0.001447209202996139,0.0010130385809002582,0.004976061279865849,0.0015127612744735778,0.003938181073577806,0.03284565643963746,0.000997166115567818,0.005679563025675138,0.0017305578653032093,0.00027967544516145664,0.0002744718715949024,0.015481695772522066,0.0063721337154864,0.0028922983243973,2.622041096870241e-05,0.008426624081247329,0.023314602387742935,0.0013282360642614208,0.0026143769205919194,0.015174867446848773
47,0.5490398051597769,0.0028290294886276364,0.002382525821258478,0.0022561095898905727,0.003891816832719881,0.001523502392678369,0.005413759629469682,0.0021063828707098397,0.001073929526580334,0.004097023171545976,0.008770482927399783,0.0037442421997424475,0.005087399605057664,0.005174290606817805,0.002650903665186208,0.0034266623771292202,0.01896527151366661,0.0008626924926566727,0.000915906387410565,0.0008823618361470956,0.007072482719836994,0.0016739304070085678,0.0031526332453348416,0.002221388866268612,0.007969560460554765,0.019195114875126033,0.010399199733562738,0.000800951752626596,0.005244676993439016,0.0009423239776622442,0.008259911482709601,0.0016855630940382877,0.005700110336643272,0.003718141977998336,0.0012990523932133356,0.003335559784815393,0.0008682289401423764,0.0016052917545404171,0.005173821588059114,0.004473228990165387,0.0012786696877429033,0.006113219184607713,0.001870454953598892,0.001240809973230702,0.004048110741662856,0.0013794064510367907,0.0016695869733272816,0.008789536057802843,0.043876742522164267,0.005875652213334732,0.0011655538760173489,0.002517087900630736,0.004812190324720431,0.0042063226018321034,0.0023418333497202608,0.0037128594623748994,0.002585729715189542,0.005811491920919201,0.0016998802142520711,0.0038536118296603875,0.003116585783888505,0.0020905763279057137,0.019545063291491877,0.002240496452111639,0.001323563682956722,0.009009044801519123,0.005330916746504854,0.010460829623019427,0.005496791804953277,0.030870294163558777,0.005556697963439299,0.0029231182220324906,0.001235111909430851,0.002964942106465073,0.0012631615096746313,0.006069789333452944,0.003583929734614206,0.00854545285736136,0.00011136417713347035,0.007740353876318554,0.01459468890536872,0.008100189913995576,0.007781402704208048,0.0113116126865513
48,0.7190085152060838,0.002986632026617188,0.0026711639847031565,0.0019685847538231886,0.006515040987040173,0.0028696522745905464,0.0013269736134772052,0.0005583549603980528,0.0014415890719324796,0.0033090075167957686,0.0010164021378592505,0.000955137522009501,0.0006247313582978005,0.005258078112913451,0.00104648426880437,0.0008553541168347392,0.00410687911298913,0.02717990512510883,0.000820186818488186,0.0021561160180710785,0.005219265649924761,0.001110374301179425,0.0010431946799255053,0.0015423185863610031,0.000672713956917065,0.0011837879743135818,0.0008675497515020715,0.0012061620956048123,0.0013976040985903438,0.0017425865221769115,0.001047346058748452,0.001213146518705714,0.002367822924654689,0.000754395964720519,0.00683169351686962,0.0007637816188314805,0.0010589100106354634,0.001292200202307294,0.0014535922831543677,0.0010932999146272744,0.0007053778908253867,0.0008588195591704918,0.0019386720684605049,0.0020008636901430225,0.004212161957453303,0.0012457017068843999,0.0027917558614004223,0.004959301320674986,0.004740291441398134,0.009633223768015557,0.00339041252614806,0.001054281968692097,0.0009466146190660157,0.0012415772829918999,0.002500409451753269,0.0014578565622664977,0.001327648560451929,0.0010546652978572213,0.017186489862626816,0.021490864442016446,0.005770336300376372,0.001774335309367433,0.0015035935409347563,0.0018490265136349862,0.0009971094283410843,0.0019020973879846313,0.0025692848213869457,0.0015182294021382967,0.0024040699392050813,0.020594976220127136,0.000550695393054082,0.001358401966713933,0.0012462496808586894,0.0008136292973201469,0.0001916357991853814,0.014887177296875376,0.0061488597147206754,0.0029965463717291797,7.515062829229166e-05,0.004091357973020509,0.012625132026728082,0.00058462951402813,0.0010127765152765427,0.007261173503815589
49,0.5424258306069458,0.000686568862036574,0.0007678821360094011,0.001122637889757872,0.011453969441625607,0.00042116342267757806,0.0024415819436452795,0.0160227684789546,0.006975096811221191,0.0025996538787447557,0.002199776286681275,0.004260513850344962,0.0010573321263132346,0.005777392355102123,0.005926143837531338,0.0007088228790913455,0.002699597184104731,0.003285139421275209,0.0054097979399774345,0.0008970825142622655,0.001168406006615295,0.0020006606015332815,0.0009973410363660173,0.0015767470378118022,0.0006429530646661013,0.001148294649198325,0.0006161334991340447,0.0004296702310438983,0.0027867084883889982,0.00117006637717196,0.0003807606646282245,0.001107690644982707,0.001906512572375375,0.0012443796917050943,0.000823582567205734,0.0008494395208899628,0.0006994591343279375,0.0011199377508216805,0.00024784021334148807,0.0003413178682317853,0.0006387495595911085,0.0006005276291741748,0.0008031989632126136,0.005777925067207874,0.0008304949380938402,0.017060026314143526,0.004525127859743504,0.005806283096788011,0.001741869642968345,0.0017631813026766283,0.1918643271710218,0.001234923313491174,0.0008630400606602667,0.004490645865381222,0.009966435558879754,0.000977441045658045,0.004743901713662953,0.001328785541954115,0.003875131003890118,0.0056681307082873935,0.003005304748683565,0.0008509475573321123,0.0008835592164524292,0.0025380493708086083,0.0010551727374408853,0.01014711932495747,0.001967784619260828,0.0030138753317783848,0.0030416099224892298,0.021636721183527136,0.0029011522583075717,0.0017016128139790612,0.0016025980528434195,0.00056136177129706,0.00015763340787166958,0.0032938268779929853,0.0054225076390815785,0.0033137988820067295,3.9140509917086835e-05,0.0050888473484947015,0.01397026750951593,0.001632888391142814,0.004174028374854824,0.0050433923067350886
50,0.6029995369912943,0.0007614297966200661,0.0010639104261792834,0.0010627030820916927,0.010246677321037142,0.02733282828677161,0.001620406092167234,0.0010390143237791313,0.0006692505610627937,0.03063916413989549,0.0010607036229072647,0.003095049466431277,0.0012444630221135125,0.0016088084443112813,0.0005688636865241812,0.0014365533686404321,0.0017860357644092094,0.0008849239706779512,0.0006184574209484203,0.0006838698698551088,0.026376781076052323,0.005589244696952406,0.0016382546425219718,0.0005778901999167948,0.0006797194050837074,0.001453744202339991,0.0036537315965603045,0.0009291386479899288,0.0013092617053644371,0.002595752814035941,0.0008957709944652274,0.0010319592370486705,0.0006995437270816735,0.0012409978534047583,0.0006494764298660577,0.004174503153099531,0.001268968627318511,0.001376276377862955,0.0010732774918231272,0.014807787574893745,0.001490800089150424,0.007859110503467057,0.0006411205775298721,0.0006290636177241406,0.0008617134383939195,0.000866960005913761,0.0009444923824730536,0.002349998144745858,0.008095975077005985,0.002386664601746791,0.0011878294773087648,0.0010285987275265268,0.0024024248567257687,0.000758211268397391,0.001335728543631879,0.001850744385288304,0.002775436752030318,0.0012253083540125173,0.0015578279765020428,0.0010055231035015608,0.001698878773762697,0.00186792620708989,0.03182612909989277,0.0010952122776743687,0.0006767545546696903,0.0005868829715898006,0.0010946404755915744,0.0017728644349864677,0.061462191914307414,0.02394498456230072,0.0018989579247102341,0.003093404888976624,0.002065784515761849,0.001100357446609723,0.0008314802372736066,0.012232104990388952,0.005107141366808605,0.004238773624735095,9.417080380177117e-05,0.0061245403077696435,0.013533670062894989,0.0013352412988682084,0.0035208126327345357,0.015098832632325527
51,0.45759720126420744,0.00406530402095742,0.0040818240814039595,0.003994849360945021,0.009968437891294889,0.002245425349065191,0.0009474251867494137,0.0029417226602982886,0.001615562740020388,0.0024168648703533175,0.0021041918536385926,0.026625735179563976,0.005856740139938242,0.005702865430071173,0.0033419212155228685,0.0013343295234561367,0.007891079134630368,0.00162656526974128,0.001446972221215962,0.0011682226669376134,0.005421544273133202,0.0018662706369857436,0.0021508598635700976,0.0024141206977342303,0.0024475778941542873,0.0056850273596514055,0.001702098378133592,0.0033747211019343514,0.002528188285042562,0.003560445532460316,0.003528741644556647,0.002951233107695193,0.005359748077278508,0.0039376747714754325,0.003733587810502788,0.0016054308100548868,0.002127831104940519,0.0014949333124007558,0.0007873070934139223,0.0011868525191790402,0.0009384276236700459,0.0008674450599628009,0.0008922271548928157,0.00722893274318439,0.007144840370263332,0.0018572296395333603,0.004937648056150191,0.0038270522674100256,0.032360978577345274,0.0019443685228916008,0.07284053822445358,0.0016080137243289219,0.0027434232739413007,0.04340878847638851,0.002549118892322567,0.005316661569137934,0.0023882965145821866,0.0019061627531549714,0.003362534243397307,0.0032596178447737707,0.0030944747382648666,0.006333803575528487,0.002322733671364675,0.002857662690759159,0.014710275269071706,0.003649662370596972,0.016450590473743698,0.0052613496551132954,0.003865652741888503,0.03905605898462029,0.0020466335893909297,0.005934877811910853,0.0037724161927902623,0.0004712738588649984,0.0004004074829859901,0.015807394568993383,0.011915574724478498,0.006253111994430871,8.501562085669463e-05,0.008676817822159085,0.016989694449209683,0.0021976282680364126,0.004954352871922474,0.01667279670692427
52,0.7689243146476095,0.0016872620563399996,0.0012768628613647178,0.002035541558177983,0.0024311070885006916,0.0015260943615624815,0.029581750280262904,0.0010252507306086366,0.0026119694904569953,0.002236521274716781,0.005018815361753046,0.001074203669615162,0.0006578068877953903,0.0014335608623319512,0.0016296627862089276,0.0017729182654682488,0.0009500294980165477,0.0024438054016913554,0.0010796341748771404,0.0012560342045371395,0.0004694417885949512,0.0009858705549957698,0.002195989112467029,0.001222666949453394,0.001223888403996778,0.0008043132331614627,0.0014287817034425083,0.0006154281815647005,0.0007811675361409511,0.001741685019565861,0.001250137649514553,0.0007104634525610301,0.0038329541755881746,0.0016843269657266723,0.0014053640688932092,0.0008644431775553414,0.004419060209288474,0.003259408928050635,0.002489590917575247,0.002107399990417186,0.001960558673992683,0.0011019812967237837,0.0017419416911005564,0.001128015136978843,0.0020936444648807858,0.0015267859948854428,0.0022602373300812137,0.0013209753546743349,0.004133044277998485,0.001761594294352185,0.0017039436635552293,0.0015542467059161175,0.001152945430950457,0.008306547616412857,0.0037196066749216254,0.0010507598268784859,0.0011916615262648074,0.0009416006482412028,0.0027342198143486623,0.0010094760215083405,0.012560697078154994,0.001465015172815749,0.001165022235926894,0.0018677530584273153,0.0011249152814526884,0.0037292458337166256,0.002696771217703868,0.0013442319843698968,0.0021884974782326876,0.0149140689022261,0.0006055133854963406,0.0021372603825432187,0.0012265465300181169,0.0005692670032692088,4.3363216408620975e-05,0.013138164826673725,0.004397980188834899,0.0030241954343850183,9.56655119213159e-06,0.0033046615000656043,0.012137880240986722,0.00040020132844328764,0.0007875589773376101,0.008622308266203034
53,0.6048477474827709,0.0013323779178505055,0.0033758382941792226,0.0023662863498887074,0.01905153780146165,0.005386985271730034,0.003184519124771461,0.006815876455122964,0.0086949726696502,0.0018299686245713733,0.005647515523722212,0.004424544942064574,0.005408767440632498,0.0041308842408424445,0.0010384578505109848,0.0010858378897161693,0.0070012196182342,0.0011464927021013738,0.02258705530637729,0.01069008789119839,0.003421065261104356,0.0009854105685752337,0.002946231120553827,0.0020381647002208603,0.00406153594332028,0.002704385811533563,0.002269799440898845,0.0014579589966598398,0.004196410028342477,0.003426688855763782,0.0045892006818534364,0.007696386604992864,0.00838857008113795,0.004818304619195261,0.0023581590528190585,0.004137340931072256,0.0009954117471885988,0.0006603595927132056,0.0033664202897468985,0.0056252567186880365,0.0013055761109193784,0.0030614055448317558,0.0022283856718784793,0.0034953787725121206,0.004329391303826954,0.0022149210454676283,0.0033494374563856045,0.00482674829971604,0.003640507276738957,0.0045376534030167216,0.00785849521672437,0.0013951155518715662,0.002019662915601119,0.010746979256829157,0.0011130071669320735,0.004097009770746752,0.0015195548570279506,0.0010007166456849593,0.0030045983060060007,0.0020165682437258098,0.0022772313341890434,0.0051686234018495925,0.0028480276298743497,0.003771063761399583,0.005206427277358277,0.005171137654795127,0.0026875482082561915,0.006306102636708141,0.0030015566140430177,0.026413391575459192,0.0009459796701542874,0.00492499109648775,0.0017371870108768667,0.0003995478081483035,0.0004334975200409632,0.009800060138923705,0.011032303421794315,0.0031181187067042607,0.00026001430788794526,0.010161155782748442,0.016999767781147923,0.0012860626476113469,0.0028104009779794117,0.01528865577534081
54,0.7159010332269459,0.001262729539243931,0.0017035139608255064,0.0026375316012448168,0.006022293763774196,0.0006408890065417327,0.005964926522930011,0.0005941687878694615,0.0007621686081670457,0.0010335346983924656,0.0019137189170159246,0.0021729149037997644,0.0016000206813654373,0.0013262773701031327,0.003126670811591398,0.001985263708570822,0.0016686673333405153,0.0013417164541856255,0.0005969672565015223,0.0014768858819301733,0.0019207123811467502,0.0014799253086058397,0.001572888406300431,0.002021239642451977,0.0011246431534885925,0.00161054951105682,0.0016165151857362773,0.0013185818414572703,0.0021244153144692373,0.001302504425341513,0.00043087737121089414,0.0005997821673225517,0.0012095715956346534,0.004612315775970399,0.005488125135074046,0.0006114895772515388,0.0009659452784421896,0.0007470015165605283,0.0008390500420506241,0.0011217979596870396,0.0010363692605927645,0.0012200398883290748,0.001741137641494673,0.0006178691924743573,0.0021826019337769413,0.0007346813235658598,0.0006560498898050855,0.0009505866537704421,0.001648528095177784,0.02943593357996608,0.0011073388414937926,0.0026179346422835607,0.0026041684192049997,0.0013603730611659935,0.0020861224058953856,0.057814688906287486,0.0017664831928324758,0.0026689657739870443,0.0011579103931424373,0.0016568812300495133,0.0006491239439099476,0.0019280323659592394,0.0013256706364309654,0.0005161996870738992,0.0012685142590045367,0.0011184305938492392,0.0012000083728169093,0.010140083362371538,0.0025596229131322357,0.023301016452419332,0.0005355323993164202,0.0036726887123106735,0.003979454524606875,0.0002790113207847698,0.00015780097256130006,0.008194367455775424,0.006876633554220617,0.0011343969212906165,1.554727287337576e-05,0.0046453422628050444,0.015551988477490501,0.0007417391097011156,0.0006077877481489979,0.008086517732252226
55,0.7260484899430667,0.0005274412080818453,0.0008364124380418179,0.0025824033924092367,0.002488523363129217,0.0016960741813177981,0.0029118550862741754,0.009685109341244051,0.0026421160085417636,0.0018213321174397905,0.0017884735086763897,0.0070380028559781874,0.0023762182096882575,0.0033252424075457957,0.0018699546369845884,0.0008206286896079922,0.0018546258963374961,0.0028877495610217753,0.002191209170092548,0.0034292388867173513,0.0007123702856905459,0.0013079023225922777,0.00042323070151476893,0.0008168257398440896,0.0005382114780585757,0.003253625150510169,0.00102406889394426,0.0013376629202545938,0.00202627600583021,0.034751289768736364,0.003746793308208597,0.00046019227948143957,0.0010440239091665184,0.0009808945474287087,0.0009308440856657085,0.0007443663568679344,0.000734745409258045,0.0008437158771075879,0.0008895218701591585,0.0007593019076702709,0.00047566023495731097,0.0008932984333857643,0.0005774167699206276,0.0014826670404750229,0.0009860449104807092,0.0012313621704823528,0.0018133223456954337,0.015202092389174882,0.0023089770017103587,0.0005129698456001921,0.0011852993018450695,0.0019311222157860465,0.002253560847396147,0.0022008766580726476,0.0012300575299109477,0.001759652170367641,0.002126304083819753,0.004030360647152815,0.007223686384790625,0.003506214784158552,0.002736035382492963,0.005212511090599403,0.0049937426901045705,0.000580952550726473,0.0034983422311579645,0.0004197530628363622,0.015005198995316263,0.0009644197375777861,0.005597798323524781,0.027164005582456994,0.0007443348554896143,0.0015854091170183313,0.0016472110813243073,0.0011525811347837202,8.755987589063909e-05,0.0053424058234746745,0.006161730562593962,0.0013165395070556208,3.527081418238787e-05,0.003915292734485941,0.013515155923503365,0.00035779357813208314,0.0007679670654967387,0.008120078794405593
56,0.5135561672555563,0.0015202315779533242,0.0009567191988741289,0.002054708415376584,0.0014991727034100618,0.005779508225485907,0.0018909376971259233,0.0023745707038995796,0.0013695429435049559,0.0017919456537139181,0.0030662149238616905,0.0023516158220573285,0.003434668436892973,0.004693720131062745,0.0033833694509543457,0.002035678179889752,0.0009349944696921764,0.001766177720347319,0.0014937893522439997,0.00123795299120035,0.036970004091231044,0.004488166487839131,0.0012462768816454404,0.0009195061956176411,0.001025180558072349,0.003814113362600558,0.0008149945352537473,0.002738971968177933,0.003467611058406701,0.003937626096481293,0.006511307038549339,0.009096432199270348,0.0034905356008018687,0.012583291187993322,0.004102115777148927,0.009492637445486696,0.0024587055783457878,0.002232174338026889,0.004196059495772488,0.022666777066969887,0.0028857572838245217,0.005224259823105856,0.001095994968175466,0.004123604893595646,0.0036770476851509895,0.013676329418699732,0.0007995319271041407,0.004455146006671704,0.03500618441943782,0.037115406464769525,0.001745856233937434,0.0029679918792826472,0.0015570675139552057,0.0027296913065414444,0.003365610593799375,0.0034274599909310433,0.004471946113523119,0.0028239121003024916,0.0009094586019359818,0.0036364104616731186,0.0005724405660931921,0.0019873697869547584,0.03557515403614612,0.010829843973857854,0.001550600353872581,0.0032210806685297063,0.003336109637058281,0.003551753224781621,0.004827060594048444,0.02831107361023526,0.0015705220174186969,0.005232313826359367,0.0018616730121033618,0.0003282162698130754,0.00029827125474009964,0.01572076111974214,0.0100400625332745,0.006175757214733036,2.522255895534842e-06,0.006222226430493696,0.01704730742477573,0.0014954235315664506,0.0029486410087365394,0.008154975145558241
57,0.5128876226387197,0.001244479940333545,0.0014522196730049604,0.0021163024596138214,0.0027239341187455563,0.004093928440692118,0.0010853636861147846,0.003303102857530667,0.017669095242175675,0.002356182952279792,0.0017648385929379569,0.00938617208772529,0.0015025955273754875,0.004566340775307738,0.0019366151428836448,0.00246936029534415,0.019710334618834167,0.00508775378558694,0.01937963942971254,0.0019075028321591488,0.024675331832497555,0.0020462528642961517,0.0020113102272912367,0.0013926858000429363,0.007008242607340462,0.0016099750609749838,0.0014976283529381138,0.0019988499222497427,0.0018294940221627702,0.004520170975186757,0.0050177414726752904,0.002614376492581374,0.002947866441858531,0.002996923806903172,0.0019100748418232247,0.002189834254953542,0.0012084436596681769,0.0008834198926895851,0.0005600367677634875,0.0006524915950076917,0.0006896920597851747,0.000855068524947219,0.0008107687840667616,0.0028825584257345816,0.0011472808880878718,0.0026049846173007854,0.003131782636695124,0.055693775253183433,0.03898454081750645,0.0008984700917804968,0.03035485586116117,0.0024458923742013356,0.004737227614077708,0.011048641246290443,0.0016344568709333186,0.0029737616975038317,0.0015746242552683938,0.003884620603540669,0.013002872393160428,0.006591744056086136,0.008585733560435925,0.0021024648530943734,0.0008976897193576895,0.0009828495897561745,0.0008589931259491601,0.001169404360521192,0.0019188282696470894,0.0017750636510176622,0.004063581387747074,0.03339955249260653,0.0015182557042912894,0.003601309465274684,0.002879923725376241,0.0014690113476908213,0.0010433457959054633,0.004701079869586896,0.00907702695717054,0.004860514901107989,0.00016486153406441065,0.006276450862952808,0.015761866780119777,0.0011985446702299854,0.00707061887808248,0.012460873438719955
58,0.6194440093313498,0.0030531211598041974,0.0028487398769300814,0.001341260903769354,0.0016423250837654469,0.00398842648496873,0.0010772858949542436,0.0017117716190766456,0.001607878858880282,0.003504131977545466,0.0029180066177665266,0.0010060543410146396,0.0015853940421948624,0.005959942588064744,0.0019800871464092542,0.0009234843305070609,0.06340838240949448,0.0011128911149770775,0.002436173048167645,0.002074816234977869,0.004138570549592351,0.0013758020120369628,0.002033612580097241,0.0009844026295679415,0.0013276397800931216,0.003657856553946522,0.0007778251903307049,0.000873302742877878,0.0052699478537705765,0.0017724347608479981,0.0006189100001533496,0.0011021799589230569,0.0016966226058867534,0.0020926344508363963,0.0008935966732491936,0.0029977519199543934,0.0006421362308570051,0.0013681655381118424,0.0019735637491609414,0.0006027246161417009,0.0010140753313111319,0.0013966591445362406,0.0007052759850523932,0.0016246617794950205,0.0021661642982543274,0.002727725433653466,0.0023027490334777603,0.00266080109310872,0.0008610179989846524,0.0015309131117756094,0.002701014549318897,0.002430513848152049,0.000592360188519854,0.03826000337888917,0.014900372337683205,0.006190343661498895,0.0018510967141259626,0.0013611143844552529,0.0016693818100564012,0.0017078730418709387,0.0012534206108497483,0.0013973666986193817,0.0032171533599004393,0.0008292088389801702,0.003817092974819345,0.0013107077568799046,0.004905151136411688,0.001339452935216517,0.005760561455917768,0.030919433252853946,0.007772700322530543,0.00513781913241753,0.003058537820435791,0.0005881155066224427,0.000630962812623937,0.006821665104437717,0.011140436677823322,0.006314206398071232,0.00017447899665339216,0.004350479327258336,0.012582449590683085,0.009525178721884166,0.014010411147121222,0.01466502883571414
59,0.7150871474718632,0.0021929021365892742,0.002114872684870029,0.00136274324693065,0.004220550056721165,0.002121223196299729,0.00015751785594785844,0.0008307508262639985,0.0013445492309646923,0.001823170297789048,0.0020197721716203893,0.0008721785930484774,0.001067487568883482,0.0019624844199453177,0.0024224111937166375,0.0011397858085524129,0.0077073670232557625,0.006650517191858595,0.0012997431739453363,0.0008718398276916186,0.004744957475614392,0.0015203113306490779,0.0010751580471761878,0.0014055417981580338,0.001588557683804807,0.00030180370235889913,0.0007377902337143286,0.0014751026193279488,0.0016044701280156363,0.0012305608346356,0.0011675449246424303,0.0010291292062937804,0.0007348773561847996,0.006536065117440217,0.002762420277309241,0.0012716978504880197,0.0012259339015832573,0.0008577235727236608,0.0017286301076459775,0.0010262056014385629,0.0013151145598403655,0.0009171613456705681,0.0013251264339241787,0.002023956278911177,0.00279034947736546,0.0027544660952033917,0.0014728275222192185,0.0018618595210629627,0.045653362735632905,0.002854183939916626,0.0009279072874054328,0.004741887712391007,0.0017404350301369648,0.0006675522151548662,0.00113564190747161,0.0014484423040258161,0.001078475802729205,0.0013654599364313579,0.008769786323829272,0.0012962400560978496,0.001953383645734084,0.0009002156022935097,0.0017675773428060646,0.0010955458386966456,0.016926532006560212,0.004151243135467884,0.0014903211133088605,0.005023611400404041,0.0009240538669242347,0.023944534208390905,0.003480784970428032,0.0016285951543958447,0.0020599820139360057,0.0006552639639292545,0.0062640963002581415,0.001263756887067048,0.012511593502722372,0.004564121102506743,0.000140864153994758,0.001983492812601418,0.009396580616601766,0.003696637214421651,0.008822328856044405,0.007921152059123289
60,0.7434614418261252,0.0044871306107121525,0.003163374550424278,0.0009297937294751967,0.004333925477316156,0.016406850459608723,0.002045020803612598,0.0009175956115131797,0.0004941285281094626,0.0011372622652515495,0.0032305879510386654,0.0006790849531967075,0.001415583059001198,0.0013672076327665382,0.0032622654491112684,0.0007321043696596526,0.0018998306943435476,0.0013327182501414155,0.0021629239785054288,0.0018430771354271383,0.008008310238818261,0.0016201815365083326,0.0015182706812217508,0.00489126833030797,0.0012105163894972164,0.0031286007845334313,0.0007202912812220017,0.0012041934102071609,0.00213891930294835,0.0018962606506349167,0.01992350960802634,0.00036048948827370405,0.0010736048129236916,0.00732988993644728,0.0005874552876720091,0.000842315177835954,0.0006771508408061043,0.0019302841129378552,0.001081853861964027,0.0008284973443457553,0.0013878445333197261,0.0017387142383296608,0.0017239657136586223,0.0015710371212861545,0.001642645998638663,0.001752351337172603,0.004875982345200325,0.0011738789092166995,0.002486436845801442,0.0005622946195228892,0.003793360783128394,0.0008052147913663268,0.0010986669602183802,0.001897895996023879,0.0009040434744322268,0.016083873234466584,0.002093737778040898,0.0020798782939986872,0.0009567204719399216,0.003076457893574718,0.0019183327045010276,0.0034622372699824816,0.0031409671216593377,0.0008027259770263495,0.0011407670749767405,0.0031548576648581343,0.001641606604951028,0.00712374395072266,0.0012727818594304699,0.012019485057346775,0.0037699876372333913,0.0024468401381911842,0.0020943941504112953,0.000406879823172447,0.001863210442416443,0.009654335439741748,0.0036558015630857844,0.00263144763783117,3.562036659305814e-05,0.0029074307408183874,0.00943564979599595,0.003703863539360844,0.006252428437232367,0.007485833250651914
61,0.6777921671478264,0.0013053403384804705,0.0010787415637654551,0.0032559038683139894,0.0029203177348952505,0.0027367762537226954,0.0027033875353674104,0.0012065293424440412,0.0013271113537199313,0.0016035979066712231,0.0028664778744916016,0.00419032491789457,0.0011205939753723654,0.0012197457073460569,0.0025943606968309796,0.000648291331550338,0.0017102262746402357,0.002402079861475539,0.0012063072027163023,0.0010636245684876764,0.003045029936902403,0.00654326853170143,0.0008993742204197303,0.0015267913818858409,0.0019227011128035278,0.003368911333040165,0.0017016655424113675,0.0009866763390517575,0.0028801805118480453,0.005031394700763474,0.0010578706244393594,0.0009640957094215344,0.0012775014668566255,0.0013743904876488075,0.0012171282307038348,0.0013921438630385458,0.0012694944603337404,0.0013023925494100696,0.0009173265122745088,0.0008753506145391884,0.0007614608939539082,0.0009695980168206464,0.0017610703903007641,0.0009833152995393322,0.0016164577017946339,0.0011741682450643282,0.002156353221333594,0.001881909203494699,0.005115528409957289,0.0028126631194810856,0.004522252364377611,0.0011966392186489323,0.0019826027787042382,0.0010011644854711142,0.0033231407745703562,0.0032404645448330708,0.0013027975351662807,0.001827256468067159,0.0012313264927920364,0.07433026925630486,0.029028600948508843,0.0021360591886186975,0.0010011021386898758,0.0025909700357935966,0.0025583867350356887,0.0015199443250186098,0.0006028737808298181,0.0010245940726299827,0.0011896393944585122,0.03322563645928954,0.0017777945985713282,0.002002354346838444,0.0024687681661522526,0.0012312419715748478,0.00010533417652850356,0.0029133683164657537,0.005609357385561138,0.006236119704120682,0.0001472392999231619,0.006191313752438372,0.01433774423383343,0.0016766377068967325,0.0024502566709477557,0.010278630585091937
62,0.578910186703436,0.0034079919083644878,0.0025463975204162606,0.0016648472815917691,0.0046173354279249,0.0035455845135140824,0.002432362826772793,0.01214986708869859,0.00397909489986853,0.0063720130212559225,0.004259897399928019,0.002253048552951131,0.0011731783613258637,0.003593878997366366,0.0068544260203747525,0.002006949749227909,0.0037493258751033426,0.0036011678861042782,0.008902335692500946,0.0007100520070129289,0.005257616740329309,0.003524816120625844,0.0029087963191284675,0.0031020031626236913,0.0015719948626448286,0.004074965916412666,0.0025242375455836728,0.003174214869259572,0.004094449440717459,0.006942312901170085,0.00286425581571974,0.002883688107460208,0.002943444437388186,0.0015687483654805024,0.0039026568562230044,0.004606101000049862,0.003552309142502505,0.00352836527164301,0.0010158552574368353,0.003376530289215485,0.00344530711594797,0.0026028349978817473,0.0005789969306162068,0.002213749941859184,0.0032349234578621412,0.0040464950852329975,0.0028276116339193587,0.004075016326812228,0.004341014773308515,0.008881375971502117,0.0034519394584618737,0.004950920771319869,0.004783425952445102,0.0034752101030824517,0.0037028257855165436,0.004696888265963465,0.006110669452907334,0.006903230474625002,0.004877921285197122,0.01667876981115666,0.0036385859752510264,0.002276694309348897,0.0017525983476772396,0.0026010429372064626,0.0037214324241525566,0.006223434427236186,0.025408821858466088,0.006708369127446877,0.0017770934634095902,0.029103868174753026,0.0005169069026978657,0.004401876252564026,0.0032783018148360163,0.00014670964959272677,0.0006461421093910656,0.03220328973473807,0.0063138856948779295,0.0040461391108100484,9.297991594789058e-05,0.008730227594012466,0.01833320719464319,0.0006901092628832094,0.00196885105200881,0.015393000915077297
63,0.41859427702875945,0.00375005243975848,0.006750727860847403,0.0033635141283628886,0.0059668163044427815,0.01788254456116777,0.0017871436135043766,0.0010627088255646957,0.03163985182365708,0.002520965381822531,0.0047085582496887235,0.03691741175532194,0.00281921055789463,0.0031764019087768217,0.00175356851591621,0.0018640405961688532,0.054576189116876325,0.004287622503086466,0.010524867547116937,0.0003528477540201327,0.011960904732268568,0.0013893244839317147,0.0013757603440397081,0.007078727842595957,0.0009447146232098172,0.0009966472121051824,0.001633744292900219,0.0018517609819514351,0.00453890209734065,0.008266397567267268,0.007263462237075695,0.0028274267141781373,0.0031049514525962768,0.00874506812215479,0.00179004428146636,0.0017644036148184708,0.0004751429379557024,0.0008525894506504482,0.0014251226151312348,0.000991624380559519,0.0011406781543945217,0.0013372677787195685,0.0002931820338282903,0.0013008465875085893,0.003071379751256628,0.002176695356191861,0.0035714547886464146,0.01009161643630612,0.018943443980167503,0.0027148438882680184,0.06262083617029116,0.0027097387603663013,0.0011963955568163693,0.01895443688950459,0.006403124240078377,0.001906522872459501,0.0013182647294022434,0.001155445952593631,0.0008449994987042452,0.0007892336654084098,0.0020185105579203153,0.000755987297599773,0.0057053266996130465,0.0010218740915443148,0.0018279769339572417,0.01263731334092721,0.009904408016159223,0.012397925653584121,0.0014026484642550568,0.0432916344497668,0.0015041434673171612,0.0031816806491248646,0.0015686278788015577,0.0003526748972884749,0.0003678701437670502,0.019390546876718776,0.009810692000667481,0.0050295067466023784,5.694221303834667e-05,0.006442962808017809,0.015340130381623133,0.002281617918409611,0.0028156054214796473,0.014776945543952667
64,0.5118451213656549,0.0026056310190008475,0.002617485367968888,0.0017326482894339278,0.004574978685535871,0.032548440398173055,0.0024697413462576806,0.035931579579578654,0.007098896685079677,0.004232728282706128,0.0018397455128474883,0.007475921225735205,0.0024459746091853615,0.002033431913238351,0.0029104223052066943,0.0026266653063604923,0.011863035256540451,0.014385474966548026,0.003848382091468091,0.004640186699976631,0.005081147341424116,0.001623868268429979,0.002667276642107039,0.003479193292654884,0.0021939900441511197,0.004147059257611854,0.0029881611348568154,0.003056193471533741,0.004104319429315418,0.002677256532433009,0.0045970251504942675,0.0010034553282575866,0.0008299166606498648,0.0036362945593051833,0.0025512682887927195,0.004551160413534581,0.002154696761815573,0.0027322796543126446,0.0054696349577054845,0.0020289832765669506,0.0030053334196067072,0.004315232747607391,0.0034894986502332897,0.003829962312127384,0.0018059554144119567,0.0035591723352780256,0.0049825797248311396,0.012088405139892804,0.0023747271853706412,0.01419713003091478,0.0024899573123092046,0.015613410603187742,0.002754495572348603,0.007483868492462874,0.0038682668327460605,0.0031687026959238097,0.0014561955261662416,0.0018143532610820979,0.008171549093413173,0.0065088316590049015,0.008346732777836643,0.005072030327829849,0.008749266347752195,0.0033078575058808567,0.0017449205422272415,0.000937515530912211,0.0025759927250655562,0.0021549800720446132,0.005162902110934514,0.04835004541399605,0.0017420858074030324,0.005730123003828257,0.0024898890151623834,0.003641098566430327,0.0001479967867149325,0.006229973190201945,0.009943159763388951,0.007916600747669766,0.00034483368933283757,0.008758268051246586,0.020107060469562454,0.0021675901038337394,0.003690604187561788,0.012411173881815224
65,0.6776373986781417,0.0006967505593674289,0.001801475611128537,0.0020868701210652665,0.016163450303124566,0.0020249598084655595,0.002076589756811542,0.0038871959604064366,0.0005159534956775033,0.0032481696034948105,0.003284205616993438,0.00185507891691443,0.000731326426832056,0.0005687455550608509,0.0020687878236195496,0.004215186719821661,0.002538146799204812,0.0005291412948680751,0.003758214231289344,0.001477377553610034,0.00319170313611652,0.0008735291891202758,0.01826498457050946,0.0008043972012735661,0.0017017773255479244,0.00412160909931917,0.007018778115150333,0.0019069526720671335,0.0019666281964989952,0.001517325704530677,0.0024919530261844937,0.0008829549350713199,0.0034152875342393077,0.010845051885284531,0.0013301915054890632,0.019827477108756566,0.0019937238746257032,0.0015107904334366773,0.0035098847855215684,0.0012824375248979489,0.002995480599762846,0.000610194420353345,0.0023019230186950173,0.0026252934800466746,0.0017945965419381433,0.00619230942624244,0.0012463293528180118,0.0007959442376247324,0.004291726666331613,0.006936746360242554,0.005152297984442902,0.001421004343139287,0.005262406313250563,0.0010691849799416224,0.002849046691374689,0.0019821491579933514,0.0019246228132909259,0.002751031265879278,0.0019004276253218983,0.0005295504424705246,0.0038717523213562173,0.0019552371863868706,0.00195399156157133,0.003442867637447098,0.0007899641737531784,0.01658246360874099,0.0010522813014525421,0.006525415967218439,0.00425657010349545,0.02095480581746155,0.003244919292820252,0.0025114369674216043,0.0015239481466677246,0.0007319083266635103,0.0010545918470027543,0.003908680907594799,0.0037612025663641083,0.005712919827646405,6.2167997542303575e-06,0.004133976284666568,0.014758280867095751,0.004098264355746807,0.011482842627952655,0.007430733123019995
66,0.806266455730339,0.009635859936183768,0.004892091599200572,0.0010533737804834821,0.0010507385406718446,0.0018725182283795255,0.0006419849269752332,0.0015002201995757151,0.0011536883094733828,0.0016589820454230783,0.0016772124406055475,0.0006181767741898996,0.000884309286899614,0.021540833969310547,0.003627498456629808,0.0005430463814318958,0.001675877484864901,0.002535634137377554,0.0004539712212257924,0.0005564563169504175,0.0016251103921742405,0.0014579136556375613,0.0005248953790292438,0.007159963158787015,0.0009778434459412684,0.0007060644390561702,0.001029991705763798,0.0008997030241275389,0.0008420857633237048,0.02000535727247401,0.0011789784597091516,0.00028500199253715176,0.0008116274312567717,0.0013512756757090042,0.0006274673372857782,0.0003938840092661647,0.0009939408830858055,0.0008771675101764413,0.000766021664441166,0.0008750987951874227,0.0004448983196290592,0.0008336191270256506,0.0009863650790705844,0.000504405222740201,0.006969386844474095,0.0003874660039295505,0.0019516965767859267,0.0022045540278374646,0.000989954199720849,0.001229390184410492,0.0009339384475026928,0.0011621124478798741,0.0008608102218063114,0.0012642231090731952,0.001180377023532015,0.0007963496276864347,0.0012265179142590377,0.0013252600088472814,0.0011234673672120528,0.002427365889947935,0.0014179364975672197,0.0015369888061959503,0.001099600333865308,0.00037317746287752985,0.001227853731730099,0.0010133350084178632,0.000838596783730915,0.0005087687713281677,0.0014908764792303977,0.016974416807118694,0.00027276947841798575,0.002512411610107522,0.0007568498867555625,0.0016729952493320967,0.0004022999022321697,0.005298007322120884,0.004437692668152921,0.0011280265400825567,1.4235009651464268e-06,0.0038497703394572507,0.010684925518469602,0.00022780340662304006,0.0005754230606187956,0.005667571430070864
67,0.7780156026737318,0.002253995443447006,0.0015276498605620533,0.0007859742019944448,0.0033985637665763383,0.0020534694444930986,0.0022465826461655724,0.0003295834662551302,0.0011276730721232777,0.0010867992257372911,0.002107223876378108,0.007927559271567273,0.0015667414163269121,0.000844612864965977,0.0012095182638682926,0.0008673011119286006,0.002135038270981356,0.011350459324563317,0.0015664007630495878,0.001390901554529126,0.003865417539090201,0.0009205336530252468,0.0007472271596062425,0.0013575750737187156,0.000958943749874815,0.0009987220436814311,0.0010247020495476726,0.0018684009058015053,0.0008630822659117456,0.004241133747940595,0.001844702784358276,0.0007636714367040255,0.0007704024945923248,0.0022198143680465235,0.0007538899210552221,0.0008659277477886362,0.0016532647264936222,0.0010969274424102874,0.000997377175582173,0.0010527985910171193,0.0014297626902671748,0.0006224243542425172,0.0012486274521665733,0.0018165498937906988,0.0025047467995399112,0.0009877684673909439,0.002068210712400931,0.0025662785426607796,0.002559947014886453,0.0007328393081588796,0.001240640120426961,0.0018250560933867625,0.0008197306410441719,0.006586619401596745,0.0012530611035530667,0.0013679545851390652,0.0015490648084404296,0.005489687416760831,0.0006496286743959905,0.004708718326519652,0.0014713500842893003,0.0007575745385150015,0.0010667462184654674,0.0008177512311632906,0.001475429003400022,0.0028765194816329684,0.006693205975258292,0.004676528356907934,0.015950227797584798,0.01621222329273126,0.002209081332327523,0.002309665360863171,0.0008980552798762229,0.0007771009307614528,0.000578153497875521,0.007935457704307425,0.005341050706547653,0.0018048366309660073,5.770819397505524e-05,0.003841591106468133,0.012593188991627148,0.002026438169505848,0.005333729510835141,0.00761290480185599
68,0.6758103896942029,0.0029658986413733687,0.0014949672492667035,0.0018329126013913381,0.002854221982505685,0.006193069996951195,0.008047237770537114,0.015987317210519592,0.0022959055902658956,0.007709765337516906,0.0040671982693962295,0.018434002009862588,0.0010981250255829302,0.002792136637595847,0.0019502098612330762,0.007015567114355111,0.004920150617635453,0.001128502868424832,0.0016397770395674782,0.0019517158895443934,0.001458867899297308,0.001993638126857579,0.0028439193984951755,0.0020162983363092284,0.0024433517676101524,0.0011172769812511738,0.0028755439148895295,0.0016131214823469269,0.0026589793514743276,0.002023979393655755,0.0011412171713808474,0.00296841808301887,0.0029543079677711703,0.007013040453243922,0.0015635055059325619,0.0031321323241968345,0.001136964022752155,0.0018719437314392493,0.0027328894671957687,0.0023555069930614667,0.0025747559640967844,0.001617482671054208,0.002150757901876444,0.0027557914913420717,0.0018145231869781228,0.001606393909706968,0.001349257450014199,0.0070101025571863195,0.0019541784817485868,0.0052255820889610645,0.0015898757318603511,0.001856553364983277,0.0035263400577865245,0.0023528447928076912,0.0027260046515568464,0.0034688370189400533,0.002698066828482877,0.002295420641213409,0.0030167340412295845,0.006896311611019498,0.0019463148786184924,0.0013061419337580954,0.001453706613896554,0.0016867521762575688,0.0018905132439748155,0.0011598031545270854,0.000871919418373274,0.0013939684185447125,0.020766016345366945,0.02204270595490845,0.0028251873524195413,0.004617926753385128,0.0019273032806458679,0.003919951251647134,0.0001398906950979602,0.006171104357190867,0.006238162673066126,0.005386640196025291,9.89870953682967e-05,0.007222764093816662,0.014966721675001009,0.001686079565825865,0.005038195399058285,0.008653455250472637
69,0.777784800231549,0.0011984501395885204,0.0008794177675030941,0.0016543400955396546,0.0057071390018473825,0.0010781656339465782,0.0013993284297719598,0.0005057943863088692,0.0020898277512894723,0.0030348419776621413,0.0008506191203772593,0.0018053632002402707,0.0019123739378421063,0.009989382077518701,0.001406169172036022,0.0013293152540609396,0.0068965160976767305,0.0005533228243949308,0.0020708075923585264,0.007312820205062226,0.002354907701847199,0.0007997600268912247,0.0007603916669563269,0.0014678663841815234,0.0016301043411535926,0.002700044143642076,0.0007841410976771028,0.0010579420759066227,0.0018744176462142815,0.019108368104093474,0.001275423605477574,0.0002993272705378049,0.0016485518757836219,0.005114179358902797,0.0012129211271457987,0.0008427232954740648,0.0004517370582901537,0.0005191182884056877,0.0005465464421984879,0.0013356990422666616,0.0005386085664249124,0.001457591362284269,0.00037526067621366583,0.0011479442027940517,0.002121676234017,0.0012375469871249776,0.001024097413369478,0.0032700561046287587,0.00243357733864991,0.0066190818377236055,0.003759239670051698,0.002269697490166283,0.0018746452047853771,0.0014860013786140553,0.0013046164797620747,0.001873385133202236,0.0010058118575982493,0.0028029202408172524,0.0019510405627631727,0.0041384003121383356,0.0013004313242515689,0.00048400749372271517,0.0012051374190960283,0.001710296291779016,0.000952567484264912,0.002232716217278016,0.0004361004157558216,0.0011545525277583662,0.0017230530037529452,0.024081632655325046,0.0006323098041385928,0.0021077854307509714,0.0017440230007322035,0.0019458615081798612,0.00024321935835353866,0.0028332871360527657,0.005489972047139448,0.0028361068499879543,1.295670878173176e-05,0.005304356900290435,0.01251637119348536,0.0006748675159477592,0.0011501351939376444,0.009294088016487198
70,0.7611571876165487,0.006805690689712229,0.00545650274627844,0.0008696623643582362,0.0045531175663555455,0.0018235827430087275,0.0009470882113838421,0.00037552753871127926,0.000989727980874869,0.0011257394992432376,0.0005719814494680374,0.0018167481904238834,0.0007590175700195307,0.0023706963076643604,0.0013248818072404667,0.0008363685114331155,0.0044206194915292945,0.0019390954184198292,0.0012044501504292768,0.002250577811067891,0.000859763510590629,0.00042456334758249895,0.0010500713576184059,0.004676840342174221,0.0008823280102034587,0.0011022863376879163,0.0007409482651140524,0.0008004837394250281,0.0007028555523670544,0.0020617078174155496,0.0007390542442536912,0.00039423858535382665,0.0009301371751152392,0.0024023860872864605,0.0017112634261989943,0.0005589031080707788,0.0007388548272305566,0.0006290186888426568,0.00016867151194065546,0.00039240411504949104,0.0005122486085110548,0.0005850073080537346,0.0005642570961432435,0.0008220654296781703,0.006670822808975529,0.0016382136942564602,0.0023201234468574134,0.0013825564662121616,0.0027846119600311698,0.0010615739081413938,0.0018414055925073355,0.0017691516077150875,0.0011642824698354138,0.002458666657184334,0.001822531470904405,0.0018912710277365031,0.0009804538646699997,0.0012470993183827904,0.0009767826510906044,0.002234558280849943,0.001052769378243861,0.002925305548108863,0.0008296436194396342,0.0059085745553619316,0.0015689299185340873,0.012649120859357134,0.004067585818595674,0.030771937424748336,0.001241070682257313,0.01313149600558371,0.0038028249470127835,0.002851207179324813,0.0012766283346978186,8.496075730930728e-05,0.003328581685955699,0.010371537323445673,0.005040581497070713,0.0029314475716165065,7.38828667087654e-05,0.004447199626475345,0.013551566692131692,0.0021485860023968857,0.008284904879605176,0.009366929444589603
71,0.6877460053245322,0.0005165354444811301,0.0016501677770214926,0.0023992343819185585,0.00452134773316055,0.005565133468404499,0.0036971228901228033,0.003385553059444812,0.0010975291969879033,0.0027581635426076837,0.005715183855849183,0.0009816106168901704,0.0023322027105409935,0.009942494806831148,0.0034580183969773704,0.006964028885507423,0.002198844395151533,0.011172918248684464,0.0035023576808764978,0.0017311896396380272,0.0015273125902753406,0.0007835410986370689,0.001100019400457945,0.0018266285845798856,0.001700051289199219,0.003949986936089663,0.0014682577140461295,0.001747794466978543,0.005485730258356691,0.002551043892783399,0.003211167222337667,0.005324011696818873,0.0020172365954321558,0.0013867909576653092,0.0012276985334530445,0.003146881237979811,0.0009731867002060578,0.0010534471515622622,0.005837049710058194,0.0032410367454700473,0.009565414576154245,0.0012292212111293954,0.0007878077736810623,0.002495272002340295,0.0012012475675337742,0.0016809301417810474,0.001803205779197995,0.009691211127639893,0.007038904857118871,0.002181069970451417,0.01415921347769495,0.004371839702275527,0.0010916702558011482,0.0039788292547519605,0.0009249773785290412,0.003794261185724384,0.003498291656488209,0.001578401078749045,0.00443844326007365,0.0012535362116110225,0.0048225572274529505,0.0037807816048650144,0.0009419029667143363,0.0011477757793856836,0.0028300842594483084,0.006625888211186541,0.00527550116919697,0.007227149147625156,0.00456059001936748,0.014965665135483601,0.0009843387174944644,0.0045323117678790605,0.0013325824315158536,0.0002347978302668215,7.584888159988823e-05,0.01454708115948843,0.006364564383393908,0.0028017834626218683,5.077174411873153e-05,0.0052484852861768546,0.013077680922954684,0.0012281314084924336,0.001805538344209796,0.00787992483231843
72,0.6853809329889764,0.0031657173320950253,0.003621518548475929,0.00047262931208349226,0.003912721053496856,0.0013942325877169287,0.00039523196066578554,0.0024490146944653314,0.0024194081284954986,0.01960934462856855,0.004354569781050218,0.0011958676399430478,0.0009046991756480021,0.0010194117521978186,0.0022438451803948453,0.0006938284188755165,0.003186622494026371,0.0007236990794663673,0.00274857958314154,0.0056577235205121715,0.006911727588916153,0.02118642363130232,0.0006519592108531579,0.002865221732373203,0.0009019787056354655,0.0002758167879996651,0.0008629097267827079,0.0011563355858234185,0.0013738599462808534,0.001850531349393627,0.0014455243153640646,0.001970823225033361,0.0006125356252835248,0.002412730593853267,0.0012533638764036076,0.0009441718237127565,0.0008406576291866082,0.001602205432155848,0.0009476086265633416,0.0011606185031865237,0.0009956646320730036,0.0012150973116240647,0.00134289814930148,0.0023499200785781034,0.0015297986005640034,0.0016085532963846358,0.0013752862221360477,0.00786647408426626,0.0012957980773337474,0.0012255801525218003,0.008260766563029464,0.015221241860232554,0.0009826864026382196,0.001430225307816558,0.0025605325001695767,0.0004319803967738594,0.0025796915477738452,0.0008639029781534628,0.0006572106898792328,0.02658072229856081,0.001733512436478929,0.0030186224186173,0.0006806315391174185,0.004884449813177904,0.00281771683936711,0.0063304145828893535,0.0013013800552854665,0.01363103498110585,0.0014695542442079573,0.035826371777791695,0.0006533315726663877,0.0018249155627927678,0.000961662400838403,0.0002330034026588553,7.229965517961952e-05,0.0040212575792375835,0.009663346319628863,0.0026620581437060147,6.463772068272571e-05,0.004473589824909075,0.014465489272423488,0.0007275582234936582,0.001187564473542188,0.010144964233991454
73,0.4780142060087126,0.0045948026123126375,0.0029154077305583864,0.00556052206966544,0.00334263194678245,0.02000732761801887,0.00202836603156619,0.02132572354072916,0.003599730272047981,0.00299412256756912,0.0024761720548169084,0.014997318546649822,0.004205228654705781,0.004101943939995813,0.0032712723634451177,0.0014921185521257338,0.023719888933985633,0.002251215246553593,0.007321258542777001,0.009370497421737302,0.051174386843228274,0.002313144711665674,0.0022851094818312845,0.002441123410920565,0.008404692300398562,0.0021995356164101376,0.00198820770567804,0.002682753318596423,0.005110746291786184,0.006858944910737165,0.005708053145080394,0.003348281557291427,0.001808797013841928,0.011997164100305392,0.0029781009807402802,0.0034707620501934025,0.001076560058902547,0.001304580543389723,0.0012707672685354058,0.002160700060723538,0.0008347408971557457,0.0022853556336787837,0.0006756017070246074,0.002316739756151915,0.012411221069273318,0.004267643021494417,0.004822603481876834,0.0017931816893588125,0.00665702921810336,0.0057478838888582575,0.0046415121721132685,0.003536046507836878,0.0019965274683815264,0.003724588595908541,0.0023013897788721595,0.003133976142471346,0.00160633728906434,0.003115352892406327,0.0021397115022652536,0.0031881261254270315,0.009027867187956447,0.0018242332951663876,0.0018508356374354878,0.0008904453179782656,0.002891362509828395,0.00825551847295173,0.00285583529206271,0.01159294280558346,0.0037534311657220192,0.03921501041770666,0.0021389758970012957,0.008915187473715358,0.007345214336443252,0.0005631933307005469,0.0003465297615592083,0.008146955434689214,0.01996794753114019,0.006080957382514676,1.3641078585608465e-05,0.009194085131692334,0.020357576071931283,0.002876315860128668,0.005998181064398558,0.016530022680373832
74,0.49952198006398396,0.005941888749498397,0.0018999967853077081,0.01882705835982488,0.006235935104634342,0.005837587409353659,0.0015618009456992161,0.003049543798850257,0.021818160162977947,0.0007798722462521433,0.002730842960448627,0.03072153858130148,0.0010950170286728959,0.00125943887954206,0.011102517492953753,0.0012667431605739563,0.013969006832093784,0.0017577987965305822,0.008048883697040921,0.002367894413692061,0.0034232934304739763,0.003160619008223617,0.006499387243130359,0.005428235738793989,0.0028637934321430712,0.0021082338962881662,0.0010811633042207768,0.014919009272269381,0.004064978060811227,0.004171733270924468,0.0015918927513839617,0.003928835398340457,0.0012841884192768358,0.012355877858349174,0.0021816145483738027,0.0013677468299160877,0.0019087667338433814,0.002661676324184968,0.005265419728154904,0.018093479178062945,0.0007904117039149351,0.005633708093180065,0.0023684717294050806,0.0018314708083914427,0.0048098230017132385,0.0008382287823612303,0.001351666790184869,0.0039101984912578765,0.012354584856863643,0.0014658825236572434,0.03152758347225615,0.0004334069217059771,0.003930787076328705,0.004838600660498234,0.000542713360124071,0.0030211446366958604,0.00269243219721604,0.001593401318593912,0.002631296528333141,0.0013206624320292353,0.001580949032888768,0.0011547535926863931,0.001037219645598722,0.0006295641401846446,0.0014307943517922717,0.0076145893196988635,0.008058339266038932,0.02433852923203604,0.0017807960269199796,0.03405452717611909,0.005003081319849253,0.004351389466144147,0.0009546203684699458,0.000551353383319499,0.0036864160246329125,0.010623529457121248,0.014069279277891235,0.0041919235099279325,1.963766768322041e-05,0.009448240785152969,0.014058618388129296,0.002259036379362312,0.007272507317122185,0.01579037959012108
75,0.6687192751899468,0.0009586257067583725,0.0011478129684454315,0.0023575637907670404,0.016471672513483852,0.00947507989343779,0.0011751678580715422,0.004919178142943016,0.0014073521521223323,0.006325537323178612,0.005085908923064662,0.0023658251305434664,0.0011699533936970052,0.0011565041192415169,0.0038568957166298444,0.010406938862828369,0.002122092839107585,0.001313909521453677,0.0012660949323790895,0.0011069284050942952,0.015262644864481903,0.0007656998957434844,0.0014639637316444236,0.001856395094325943,0.0017014923787179175,0.0010152538234994525,0.0006177936078769296,0.0019549051476594526,0.0013307355197643884,0.003566022592782351,0.0015644127530395548,0.0022430931276623467,0.002341234263813689,0.006293318370454487,0.0007763720359150983,0.0026478146261910145,0.0034756723282207244,0.0017498362847896602,0.0026357630023251736,0.0017439867385060522,0.0012858167292707117,0.002413159375338451,0.0014291561607697914,0.002343404452552322,0.0014173688658859873,0.004838951113441011,0.007458072556717753,0.001967378293784295,0.0029155641118013722,0.0022453615877002743,0.0021418823266349625,0.0033201232470473144,0.0007017891261099381,0.0017584632690517985,0.0009965542419958706,0.026735011021569315,0.018530939597831156,0.002178317166649136,0.006996412992688209,0.003146429911669863,0.0019852975759203674,0.001433448177714077,0.0011647729004632971,0.0006698432248854704,0.0017630723530260312,0.004410427661857513,0.00207319205936271,0.0036772362386244943,0.003848039758379192,0.018869125582070222,0.002894166075992322,0.003846115875316548,0.0015353540506147596,0.0004003713761749601,0.00047746069552125303,0.00859087928168687,0.005029890366434938,0.002941110844884535,3.476778677189603e-05,0.0037935041972356125,0.013206540106395099,0.002124211918333819,0.014925876669546954,0.0076704115036692316
76,0.6866354577896445,0.000746175970222325,0.004199205116385975,0.001930193265253904,0.002407084717463247,0.0006729233738268698,0.0009401070596201486,0.0011031450721171606,0.001961255178505522,0.006541965706673823,0.0028768205324788917,0.0007113337814438408,0.0010658150283966716,0.01682403332498463,0.008254983376721994,0.0022185083955871517,0.0013719580043535925,0.005594023375023007,0.0009259268809725505,0.0011104991507942638,0.0034637656396268985,0.004174035168781129,0.0011670612669156485,0.004259401009176411,0.0017017373039419244,0.010374644393778368,0.0023610943357196277,0.0010869851477851814,0.0007660782930259361,0.007469780105229756,0.0006455174749496848,0.0006443712422113828,0.003196723095924741,0.001519757778317798,0.003221842266567233,0.0014380857460396322,0.005147127157326424,0.008286592316820355,0.001173287342374613,0.0009597927799692074,0.0013415056211004755,0.0009546554401761387,0.001260025850952562,0.01222814844591087,0.0011983216615602435,0.015021728043937461,0.0069688393630292595,0.0006741429358844575,0.0018061720786327958,0.0031487082155805543,0.00461522256877925,0.006114568919869997,0.0005640008853881431,0.0010189880500875354,0.001377286342972413,0.0018304357942609186,0.0053527363393844445,0.0012547789548597752,0.0017237442669431682,0.012326260617644847,0.0053387161088881505,0.0009672795610763343,0.0016995234684383286,0.0123645109605358,0.0009094443563192132,0.001567679346146831,0.007370623766791814,0.001834887808511029,0.0015165734087405174,0.02092175535804109,0.0023814109144463624,0.0032049448319207284,0.0011081260691060018,0.0002482116657428036,0.00017273238341873067,0.008383559581623614,0.005682122823891009,0.0020923854987324915,2.7358364715142203e-05,0.004159362738875676,0.012727840140056443,0.0016134560623903926,0.005098909002776245,0.006679220416907673
77,0.5706066691757752,0.0014402048503799065,0.014449692842657038,0.004231720778347306,0.00792696338981673,0.0017178306238116762,0.0032143681997216485,0.0021259546800481057,0.0026890938043993605,0.004102398856723106,0.001859065879225959,0.004306410879592258,0.0011342462379314133,0.01742950423824723,0.004642245333924365,0.0033829774571663956,0.0123235564655527,0.0016356499486934201,0.0017534715023713437,0.0016160342592185836,0.006424816009712337,0.004127302122548434,0.004612493487980204,0.013643241171090854,0.0038519233804192587,0.005824147195329598,0.00413180913674406,0.00143509437157468,0.0032802165303602014,0.00482260003802099,0.0038747714655089425,0.0009261572400829568,0.002625440718462155,0.005513382722053809,0.0012971498963444646,0.0006534275200525873,0.0016448502714561577,0.001894026932994996,0.0007869820483664509,0.0012353904901228126,0.001959774481438791,0.0044828977156881125,0.0024586896093261547,0.0019570138042765525,0.0023420541190583926,0.0022160009150255875,0.0029152765094267933,0.001874929212914355,0.0029793455833573277,0.00840754157734674,0.029673042652559815,0.004031033137533616,0.004685215438360889,0.002171642724413542,0.0068259898628056535,0.003291651943975561,0.0070513205889887465,0.006543999577163842,0.0012125155579573255,0.004347354364922535,0.0010499030593903896,0.005441855683651368,0.004458355901595635,0.0012602705020720141,0.0024096108505997126,0.004576602246118892,0.0013108750302966471,0.0030600770690336217,0.0060498071112428395,0.03793475719920303,0.0011297776987549799,0.006792388369167036,0.002442043888821375,0.0004921665570688668,0.0003712182750730368,0.007002257355718236,0.01065462175707162,0.003857636479120071,1.3838994993301296e-05,0.010185739932414381,0.024476280699012722,0.0011845201522086685,0.002324870419589647,0.024899953238411873
78,0.35239605478401875,0.0011648594392320737,0.0013182516881754434,0.0011944967780476805,0.004711901227193315,0.0035296869916152207,0.0005602605364094874,0.0010795045881119565,0.0006463673599644415,0.0014153918650428561,0.0009869055674332403,0.0011610282187461349,0.0021426875404858175,0.0026508864080871664,0.0054569137893309225,0.002232330120796617,0.019748735031862405,0.0019315306636647363,0.0010681893802616733,0.0012595961208949672,0.00767332257425983,0.0008855468408001934,0.0012422964597642188,0.001620086336319895,0.0024117272986091277,0.0005208873548194504,0.0006319175827621752,0.0006786751339786328,0.0016334267573789314,0.020438368778729656,0.0005649469594096016,0.0014145520372693694,0.000709016556163765,0.004466270313600228,0.00742287734669082,0.0009283711260281028,0.0007909257526793144,0.0005137310690684942,0.0009475897190367917,0.0009139535626239325,0.0006769218999695215,0.0009054431447702229,0.001150646760826387,0.0018256322543051973,0.001626747706358312,0.0005225603307102831,0.001641465078123623,0.004057047210409716,0.0008908340299960384,0.0020064902840327982,0.4022397543668982,0.002432837633289667,0.0012028597379754355,0.0006853337848574153,0.0007415324465488833,0.0029277828760779123,0.0021642481917871774,0.0008739787611377467,0.0020810813057997465,0.0040355226072252585,0.003682441708717169,0.0008720758559355497,0.0015738203343198182,0.0007801667208206204,0.001614379708025585,0.0011625859365325146,0.0014548457564376072,0.0015290320420032746,0.00850860436574311,0.02213069733318834,0.0015783389965509439,0.0017873788531583932,0.0008456060843234577,0.0006224210545397813,6.34200583472979e-06,0.016287506861462943,0.0056650425679269315,0.003182185509951636,1.684627168081385e-05,0.003950786730225234,0.012495204951693014,0.0013054877922538154,0.0027331108161881418,0.00846230367201978
79,0.7907680629292937,0.0007507078253200498,0.00019169251939180212,0.0021085643485952922,0.0017311747154438487,0.0006314879066325691,0.0016499498543986722,0.0005914811723062424,0.00046795147779857054,0.001984960449575088,0.001039560761426152,0.0006397947656153817,0.01489805315892092,0.0018089226418744715,0.002739588543216713,0.0011154075093922065,0.0014988940629913673,0.0019760201911084574,0.0009030703553969272,0.0010063591783080255,0.00048529724045904996,0.0018868096547327584,0.00029699608359611034,0.00017187186990076805,0.00037576989080974745,0.001009928768004091,0.00041151655869414234,0.00334747623524994,0.001313138326070198,0.0028769291141803803,0.00215949180991935,0.00032651110687725794,0.00021652108766385625,0.020332219098854624,0.0006040096610440332,0.00025045989901618997,0.0005356635051899417,0.000337179848347858,0.0005691787023342154,0.0005307954636386725,0.0005474639400334255,0.0007172812464773493,0.00032204873916712493,0.0027697423504429303,0.0012444597329834622,0.006190233611299444,0.0015090377349946903,0.000566656191455408,0.0007376605099407845,0.015268786572597537,0.00048444899104818005,0.0005742041178652143,0.00048542088930335434,0.0006853962626420925,0.0031970986519155647,0.0015418520899841525,0.0018282557776487095,0.004806006525185957,0.000859359614215685,0.0022843347974615975,0.0008084201883493003,0.0010334611800440644,0.0010309092796516972,0.0003057688595603936,0.0019132106880332038,0.0007207829107870059,0.0027628456544581312,0.0004085885766631205,0.0012426286597420463,0.02042683659124124,0.0017992386108081422,0.002385262339161967,0.0013099814603077333,0.0003196722613898297,0.00022077955078074105,0.005707791428052724,0.0024451658338619964,0.008525447070005453,1.3858679486328487e-05,0.004098030926203074,0.011397151627910766,0.0024020404720022626,0.005516219545694839,0.010046690967551718
80,0.514770861321004,0.003986497478946761,0.005994212089161542,0.0015810207517324446,0.007880624419808089,0.002235762622403115,0.01114410645823128,0.001674363725986092,0.0011930493373893728,0.016711843922623516,0.0026631797314015052,0.0025962459389418657,0.004134135774587719,0.0030494288561421605,0.0037896545885894935,0.001790715557076947,0.006846985293938075,0.0016481705783127987,0.007831085718686057,0.00940945421707779,0.0017859095115743155,0.0022255690242546696,0.0024735400187596433,0.004391336176964941,0.0009713956707297516,0.004212413345083292,0.002434066938564934,0.002447251473918639,0.0063191969192045285,0.00521666672749767,0.00741210356887081,0.0018179908359741894,0.03303670861527378,0.007304463995533195,0.0039436324996838575,0.0034001805791500513,0.002088163869454103,0.0011006229345762522,0.0011764198100788791,0.0006433388285600686,0.0021835861236385416,0.001343252592121115,0.002168342631841881,0.0028038491269573363,0.005175934894352208,0.0012361301864219744,0.001594499730860603,0.0024266647301623367,0.004904470834431035,0.002581231371224836,0.0018758876091871076,0.002354314723251748,0.0025663682988793578,0.006365092373719314,0.0014041427836899332,0.002175071859518572,0.005353667538283493,0.019241346132525962,0.0027107271255993287,0.0022836142660223385,0.007553857843796577,0.004618048445459235,0.015703592233658945,0.004437617242906742,0.004892751843399343,0.0019820244133150213,0.0022926618595842814,0.0016387307535316489,0.0018261891042015716,0.06936206376746977,0.003149661911609937,0.006055883454844928,0.0023032352753803343,0.00821779259176804,0.00033539943958507635,0.010179267785641963,0.009607322283997992,0.011925634074557297,0.00014382267875001325,0.013485158281646844,0.015322824205711374,0.003179531076840803,0.006755966939774414,0.01695039783413055
81,0.6686888619929364,0.003696649877856369,0.0032339961090002613,0.002938474008093576,0.004116955668143642,0.001433616434950701,0.000992629849909595,0.02185415065778015,0.0012292947604222648,0.0022839958804851497,0.005485560482459367,0.004963218506868672,0.0013094530156605136,0.0016463085816227827,0.005128817111850973,0.0015638643436865505,0.001693208889725442,0.011570042747710077,0.0013764391902892524,0.007448671260626218,0.007350525441813859,0.0025226384865302833,0.001323013378355353,0.0044944072646459195,0.002187806588951349,0.0018748339460146724,0.0013438541272891502,0.0018409838471894332,0.003773804098800562,0.002602115833862339,0.006129669284810364,0.0017199573638870405,0.012028313965236388,0.007498910264221604,0.004495671313993184,0.0006625693841874171,0.0018354517587038496,0.000717292626111556,0.0011899841868141488,0.0032821991682297834,0.0008283747273203641,0.0015019952514103777,0.0007890805081060553,0.0029151568610254726,0.0015467119296866004,0.002403267091300389,0.0014990549750537258,0.00208584605948508,0.0023929104060388968,0.0023953814152400405,0.004002518756305969,0.0043048287232245195,0.0012948689624163292,0.004073756233573224,0.002401554517519838,0.0022744151796132046,0.0023866697588747175,0.0042564053578182486,0.0020247550186868043,0.0017131539207652872,0.0015230725047966328,0.0030402952956141314,0.006379303873564403,0.0015690933728699636,0.0014575433299885163,0.0061615946756534805,0.0026942262942578764,0.0032744805714554864,0.004578586048542137,0.0324959388870923,0.0012794640347526974,0.003920727826597769,0.0028457251903609144,0.0003439609351267841,0.000770628753727817,0.008387639451768555,0.012711581443765694,0.004098514373605822,0.0001550383181279161,0.008031880845534179,0.01116081329506913,0.000595299149077548,0.0030219428117974345,0.010883731363661506
82,0.6254210634387299,0.0014060203518230883,0.0023083557462309323,0.000816484953934913,0.007000092916866287,0.0012827138324121412,0.0008174066751051989,0.000790691452200909,0.0010372154622623044,0.0049203610490487,0.0008457252718391534,0.0019388012437415532,0.0021093433102962644,0.0014546192873624907,0.0020547948671778894,0.0008154187419652093,0.000904414855478814,0.0006015526453152905,0.001715608426715495,0.004341561905030502,0.006063609024706791,0.0009315038016197219,0.0012945101065134428,0.001847294381590238,0.0036889391572212838,0.0023437187309747415,0.0018180423577048846,0.002378526146728975,0.0009699000577734461,0.008115137744839344,0.0010076096803895446,0.0018004611383862189,0.0010556323111934802,0.0008895510923205242,0.0014108589526098407,0.0014957474233159226,0.0008431630188884234,0.0005200688229681493,0.0023724837760695987,0.0011781946068331363,0.0011090013467125375,0.001074223646194333,0.002286412564555445,0.0010791574593225306,0.0014921387624816874,0.0011605437886594166,0.0056171346897406415,0.0018875602715180022,0.0012473469169989014,0.03662446877516083,0.0012901314065904114,0.0016150234540962202,0.0015490518128616312,0.001386000496469306,0.004027721068315081,0.0010523170290134033,0.0011820563807890697,0.000495526846519753,0.0013556703295927075,0.0025826015302291344,0.003372065588079034,0.0028036426364609567,0.0012615572905650537,0.007330030545528289,0.002489723953719187,0.03142641631677459,0.002553297950459404,0.04678880922382716,0.003961247038083983,0.034191825535442984,0.008821329178637486,0.0033670060925073725,0.0022911007875968197,0.0010835227644525802,0.0014419481587701819,0.008507822868016886,0.007614741529803738,0.005872935063399973,0.0005251022981393707,0.005449399917827155,0.012720070106682468,0.007208998763332751,0.01366558523301629,0.010530533816870738
83,0.5851332412519178,0.001938023498636046,0.0038703665650146545,0.002619064869213195,0.010390944031992734,0.0015046286579602673,0.011278133846703295,0.0018025527231396216,0.004009073242180111,0.002935611478955115,0.004342252370698187,0.01188013895974393,0.004173706347864462,0.003001983537413622,0.003607064296737115,0.003939749944553935,0.014433599701330926,0.0033460970146724786,0.009347907923186493,0.0037608196376747683,0.0015029641886443175,0.0034697294442123565,0.001983280380933392,0.0014755188195278023,0.001216947715468074,0.0016974231010861767,0.0007587179321821039,0.001155398648594259,0.005668696965930826,0.0028862989788440807,0.002199910938486601,0.0024392393713851203,0.010399493716901924,0.016337397063148778,0.008084074406075763,0.0035569390567136926,0.001703521109528144,0.0008442544320684866,0.003179643314398115,0.003552026601533484,0.0018299868388379026,0.0021301538866925853,0.0009549298608859045,0.0026649744620163077,0.0008972855058221632,0.004484882260225631,0.0021648055680019906,0.01629496601925108,0.0014690811352190793,0.0037754023536695144,0.005351404810430253,0.002682948816541844,0.0016327475519662508,0.012228116531018846,0.0017650949850865599,0.005427376069768578,0.0041060902385183845,0.0016932961420678624,0.004033377116169407,0.002532181550072867,0.002953906466457964,0.001745985703890272,0.008222591522223424,0.00204286907489736,0.015893763346802252,0.0033631517196137514,0.002364148056870015,0.007960747430815604,0.007544659284946953,0.03391875196443152,0.0023161318149975308,0.005606739561463813,0.007435414857494058,0.00028479441377092285,0.00025251166649461657,0.003369943867480557,0.017148712405137958,0.002561090231682483,2.356270090733844e-06,0.005566804351568234,0.010943076632661804,0.00195242716690972,0.006287231889044184,0.010716652512738952
84,0.555045795539911,0.00468355529374307,0.004349182825557678,0.0011310887259923606,0.002967739172715625,0.0015079282582233105,0.004336792043376408,0.0019394716898005495,0.009607856505380997,0.0015571861417249286,0.006563749900340368,0.0028563561640033096,0.0008582774487025537,0.006885691013816434,0.00927846451747543,0.002077028242344256,0.003428925486454915,0.008718550436825144,0.014654846142777041,0.0017391604058635663,0.02172475373405502,0.008919807134480944,0.010362018009581343,0.0049418403067942925,0.003836647217331727,0.004969167515529145,0.0005673886085751045,0.0006705276056391772,0.00239379531179686,0.0015944179720491977,0.0027120900730173143,0.0005388071875799136,0.003079491630880013,0.015047534752346513,0.0029710121604885975,0.0008053471859192803,0.001136887575971606,0.0005552950724964039,0.0007470720062713078,0.0009744562182079117,0.0008542368614475207,0.000529047686362935,0.001068806156360151,0.004341124826616302,0.0008487806735058796,0.005859977141839435,0.002971903029087023,0.0034149983051732662,0.014470888143764975,0.004324823648127029,0.07565913083695959,0.0016809763667072141,0.0011294919893828895,0.003911524741727379,0.00561425959710222,0.0006922367580664551,0.003334290643790892,0.0022277983762460287,0.0015173330639191359,0.003904124065979135,0.004659595677334859,0.0011518247789721844,0.0018561438454853738,0.006463852996811563,0.0035067918092183013,0.007466819074635035,0.0034173794752536224,0.01210492889228087,0.0021539209749885484,0.026544769477327392,0.0016162447260771552,0.003862500206147909,0.002134292942622632,0.0005351256964166227,0.00016121623625985667,0.004785616867996594,0.008758825401039646,0.002782809958402033,2.791143804893527e-05,0.004508571006155789,0.013975468608139927,0.0018885810404794367,0.003924075551367753,0.010620977172332027
85,0.6607380630739108,0.00294124351084832,0.0027767882511509716,0.0014462594973894687,0.0028451329691556704,0.002214462284241539,0.00044007446597451385,0.012131480599724723,0.0008756293611716428,0.002898943747604783,0.0013432330609228038,0.002572944438352957,0.001227091220480298,0.002733050933557663,0.003815915784297704,0.004331958748555022,0.007481541066303844,0.004495060332427308,0.001330559869537237,0.0005548153437967715,0.0007499009706635379,0.0021946854331297617,0.002284924644855472,0.003234951402197198,0.001186552116598321,0.004715640985375924,0.0003737741789403118,0.004639504355628252,0.0015949461604534397,0.004950793014166195,0.002691863088549803,0.001351412140920045,0.0013806634685318397,0.0021432335631096935,0.0015853187643200693,0.0006431705834907386,0.0014134490159288281,0.0007399275729984953,0.0004828881845151193,0.0012933169539673434,0.0007333750804881993,0.0007629558172663792,0.0010921760336792998,0.0041905331325837215,0.0041777047597422795,0.0061412520991215025,0.0035618213447745823,0.0022607389889706493,0.0007937717406697361,0.006160154163117425,0.004102847615713675,0.0015669964537342498,0.0009575053993980889,0.0021509652678640793,0.003976009734955173,0.003214454444549582,0.007127552035048996,0.0012684111913992334,0.0015747717009553385,0.0015882332658421715,0.006593638648567987,0.0021464273086605856,0.008670283512091774,0.0035674151768993853,0.010619839868078264,0.0013207536200284034,0.04342547993585636,0.0014478717806174198,0.0031906347452149686,0.04003009305334001,0.0022478603410961582,0.0027542058865899868,0.0015315053860317687,0.0010454434989251736,0.00015743654858570296,0.006121047823985116,0.006824213033598396,0.0038115351471458797,0.00017006416849065016,0.005224282892469684,0.016075079645303768,0.0016955175267119524,0.004746983743844855,0.010334991280247039
86,0.7471954276785847,0.0007110925455535073,0.0004906285293945281,0.0005082223507273842,0.0045305657890225,0.0013713020681368601,0.007662099340381162,0.0010824832001081809,0.00488945370095332,0.0010714356246862224,0.0007093605326137447,0.0011711077200972483,0.001777187686836867,0.0010335424514398613,0.0066530163504846486,0.0010788680281908188,0.0039007559779601153,0.008439680064679314,0.005201666470380359,0.0006479740014488746,0.004107595623889195,0.001552017619861408,0.0006443344129738335,0.0008289367367953544,0.0022088019755109453,0.004357348494870879,0.0007068106350346517,0.0033750777320999117,0.0006367789602823731,0.0020156980882110247,0.0017437114536193478,0.0008643869905304606,0.0032912503837240707,0.0007078150492978023,0.005445658954755566,0.0004403754315394405,0.00041953022788324953,0.000503510316419082,0.0004398965065140457,0.0005062039226008255,0.0008298626036623799,0.0005252219018387718,0.0006283840515931012,0.007481005824258076,0.0011244376740133719,0.003523490276934599,0.004826593273707788,0.0057723316898127715,0.007034869304969855,0.006263365071040145,0.00472266877242871,0.001560138104648295,0.0014687740299252705,0.005346940553477727,0.0008245355104094764,0.0023607942387509607,0.00549232872418026,0.0012879899941529813,0.001898619907334684,0.003022145821945423,0.007024756372080335,0.002533613329966676,0.0006673632363551758,0.012407893517488843,0.0025881356381960412,0.0004237442814039961,0.005903097826869328,0.002330393549828064,0.0014415575219423008,0.02227121016524838,0.0007240394799319482,0.0024829245965214733,0.0015505857759401307,0.0006348112485802329,0.00025119882939934597,0.003293442412790268,0.004892342205271662,0.0014662005123880523,6.080016342026184e-05,0.003881875430397978,0.013631225940109229,0.001078003675189797,0.001042150641174781,0.006502526692327407
87,0.6613421004687052,0.0027144381986995247,0.0026127383825690804,0.002275394441126001,0.04530179752883606,0.0009372372117791478,0.0003380283073991921,0.000634335348622523,0.0005058095094233292,0.0008973493995293136,0.0029236166144596273,0.0014657228025880221,0.0007662877239731051,0.008747157963856922,0.007706769988091314,0.000598783785438423,0.0005841076508665128,0.0010334782779089849,0.0017109260657075809,0.002130210961144807,0.0020984672741065505,0.002203288961862551,0.0018269087061857578,0.0022143378101462945,0.0011432668766212708,0.016017481342664494,0.000414884169751507,0.0010765835667995644,0.0009205526711636976,0.0009861007578105079,0.0011413702456738112,0.0008111726911637098,0.0011146935308306597,0.007572749752841909,0.001508602038141892,0.001129365877119588,0.0008517323503958303,0.00025303431311927396,0.0004968199324008686,0.0004210864318469635,0.0005023303401390173,0.0008266571036890776,0.001118215850449348,0.0036150778191633877,0.0019224279111030413,0.018566468562275965,0.011453892209068069,0.011686774939500471,0.002867268577044652,0.0011004770768921575,0.0007337094877025633,0.0009186926715312034,0.0010336388997732942,0.0005875279052529867,0.0006265614609785949,0.0008950112605393047,0.007128400255486477,0.0009483321328916023,0.010600591407793085,0.0018652449012564695,0.007706792270346371,0.0017050917800564848,0.0011997515255384426,0.009862016803043496,0.0010331408594933995,0.016728578309711382,0.0008110277174187781,0.013453752609543122,0.0012837390741131393,0.016423934640525294,0.0015422586239211419,0.004981310035186782,0.001541299187714191,0.00033833097128188285,0.004242785664485682,0.0024863262785030705,0.010731849760930863,0.0013329221567173052,4.884153559588113e-05,0.004724746628345513,0.012048288752106624,0.0016327035050289237,0.006204262655158484,0.00951015795133175
88,0.5791726977945337,0.0071748297188010185,0.0092246335426803,0.003071234948023087,0.003615816798715538,0.0014001917682218376,0.002717837254515065,0.011317250589358134,0.02493851537371238,0.0029212483771589447,0.0030096339552703913,0.008620045845343989,0.0034437110662085173,0.003945625326710032,0.0024592168630611358,0.0011442763877337237,0.01931230792675703,0.001593515361429328,0.006968884393219384,0.0014153667806930889,0.013240247850339754,0.002516135998958827,0.003697545960750015,0.00683847518154569,0.0020022655152547733,0.0034539407113849644,0.0014930653490607437,0.0007420050617121738,0.002174070932513042,0.00643355716212745,0.004463143554018056,0.000528882757048946,0.0009029574053501988,0.003636536719176508,0.008791794299516315,0.0009584644691734346,0.0010472722418432905,0.0010528830376300836,0.0010827163140914183,0.0007626156649555144,0.0012394829890327093,0.0004244892016498713,0.0012518861085770766,0.0022525304065030434,0.002933568436038146,0.0024584813763784885,0.001071940484099776,0.012500744265668608,0.017478461442854087,0.0006767511837213595,0.02315553345334287,0.004254202519924252,0.0011199384188472642,0.03923758609438329,0.0018808487510024413,0.0023490253183513663,0.0031444113128501964,0.0013715038406118872,0.001578149941615721,0.0025258498009981412,0.0031615418968038997,0.0024114578317994645,0.002480131087599128,0.0005008718799212801,0.005059654777747811,0.000564088740082552,0.002489744345666229,0.001494870977540488,0.0008605254211875422,0.029633411456931377,0.0010435899547286093,0.004755755563016039,0.003149249648824768,0.0004639627492314472,0.0006051510190983402,0.003970691327151225,0.0099803765839201,0.005300128862637403,4.9736746086613144e-05,0.006464081565909891,0.013133930134126894,0.0014651132527268155,0.003347990886721244,0.011423141685492556
89,0.6428834259005697,0.0012357841135846297,0.001831952248555791,0.0011879714043966476,0.0026064276252045116,0.002752578351356424,0.0030263724457760817,0.0010441298671212817,0.002995201944101326,0.002458018230253348,0.0036023927385760864,0.0026258292032406354,0.0013647085454927606,0.006500093905176721,0.041423854443621316,0.0011739115518898554,0.001278823906227177,0.014740659889030654,0.003249334910579453,0.0025532937640585112,0.002923118700039604,0.0034572066364245047,0.0012200375938123094,0.001164772095007323,0.0012901414643441233,0.006933642351785841,0.0017267184474515666,0.0014482685040026772,0.0016092303125919663,0.0015851704265391437,0.0014075862727280079,0.0016001728146149727,0.001663075375231538,0.0006887130740971068,0.0017953303936715434,0.0018642066333992894,0.001501441151011072,0.0016837911919327,0.0009829047159944345,0.0007068915199581033,0.00137625698595906,0.001778746384181617,0.0017234752177235618,0.009190074557701417,0.0010273792903156193,0.008511242814747022,0.006901163229995938,0.004712729602353982,0.010021723267169373,0.00510841677556669,0.0032378464169025433,0.003993149144484157,0.0018594303087544962,0.0021432346399216477,0.005506846597221987,0.0021820181682617513,0.022818226846833562,0.0011116623467540164,0.0018024224997291198,0.0014068590929643314,0.016231915237010473,0.0015826317015746685,0.0035430339871378408,0.005820127730279093,0.00440610410608641,0.0013594848804003726,0.0010043588300422443,0.0015331607545691222,0.01067489341081586,0.023877493002773913,0.0006162781848283595,0.0032163134565336283,0.0008219996403727192,0.0003606428129455583,3.2188700364861786e-05,0.01108089959886661,0.005960722530204342,0.003900650725521046,4.213250292564136e-05,0.004767570442916917,0.014468294615230083,0.0016780779172258396,0.002377015449217529,0.006443920931164067
90,0.39156752497582675,0.003887272707039032,0.0052657782430480604,0.004539329028005736,0.007887660229455336,0.0030214968291800348,0.0030682289468465036,0.0034413304268128136,0.005201115562482625,0.002647481160521462,0.003923099481451231,0.005152218297997823,0.003193576428656617,0.003562023200408653,0.004073252067665185,0.004173732572079584,0.0029433531470315797,0.025419632716966,0.013839287697645886,0.001435084052165547,0.00639396179876339,0.00630594764315408,0.006847340862082935,0.0043984333487690945,0.008156631564864614,0.006710944634315732,0.0067436902038764315,0.0020224332583608424,0.00516370854475805,0.005051556479890858,0.008601494445367558,0.0037943534430297603,0.0029821041359715684,0.002986021452929621,0.0020984448319811768,0.00905538173826737,0.003815630906165699,0.002697915002432601,0.005000629425497389,0.0038953201335656822,0.00303560264192186,0.003112019978368462,0.002942403543308902,0.0058280885167093744,0.005231635749725384,0.006240780923573514,0.013467360559963466,0.010376314079896469,0.003704075023967463,0.01119233424947478,0.0035914149564554273,0.004910364496908081,0.0033460854590998614,0.006293743542385715,0.005140020069722595,0.0024984590581928648,0.012578062725780907,0.011874668394763399,0.0037622044686807356,0.01829570237087977,0.01895169505328434,0.0010919559871179038,0.012241329469897689,0.0072860411944559444,0.005302457990305177,0.002713917391555179,0.0030065184922375503,0.002146994041970729,0.007135857882480962,0.05775624162059267,0.003396497453744035,0.012139177814946809,0.003949659565454109,0.008060763202942765,7.227268084126409e-05,0.035706436928275506,0.012516999250074247,0.009840238929565183,2.343556421209282e-05,0.012541471991314192,0.023540382338930604,0.003758986726856386,0.0027315834689987696,0.015703322524835906
91,0.5938624009577922,0.0015120385251748613,0.0012586230140942461,0.001788589579950176,0.004843569782077627,0.0023253537111891146,0.0024840255268282077,0.005763226173009228,0.0005784781443688538,0.003618650558212056,0.001218918359014206,0.005790946859157565,0.006407671871559961,0.005835648021840371,0.0024097406545399965,0.005984092971929079,0.0007537763744187273,0.0011767354884998798,0.0030965641926959863,0.0006723527729856829,0.007353892599562881,0.006693710383932368,0.0008594831719892883,0.0010008793270995617,0.008611718486923,0.0020112858805496295,0.002162966006490347,0.0007473030374692891,0.001977888659567021,0.0007191077760578912,0.007888591411881921,0.02252985637062694,0.015068743692411539,0.003272621194061196,0.0016654123339413934,0.0010890123567785152,0.0016337478108517372,0.0013952399204941934,0.0014427001642270151,0.008423787313916822,0.0017093893528213314,0.019556042963558208,0.0009434585414139057,0.0009862887868505306,0.001519920983309759,0.0009584829851749497,0.01147513055650317,0.0015864254085205336,0.024060211517893663,0.004536246401153604,0.0018265712966502056,0.001573150006167769,0.0065624431150257895,0.00765346482361272,0.0008238137918567185,0.003961181971239071,0.0008922809717577853,0.006478566172259174,0.0012213758519920483,0.0027648000924328795,0.006683681151029515,0.0006946674458754341,0.009669099541003593,0.0011364622380584256,0.0010191482022342837,0.007434342385341576,0.0013379901882937053,0.0022825656506814027,0.010157513919890665,0.02887690529532502,0.0024664476969135365,0.003575066310515185,0.0023366738570426713,0.0009379177896866892,0.0015052390142387673,0.022470660684941458,0.0032148838834772167,0.005447842752612407,8.922367840957031e-05,0.007272448999266154,0.01526846697931665,0.0017996027125747702,0.003944106979876112,0.011360445615030978
92,0.7915805440235654,0.00196032522882552,0.001509928630074474,0.0019882672725260657,0.0019306670335468778,0.002714826290665248,0.0012697925817343077,0.006575626414953451,0.002328450851178881,0.0029358071270760176,0.0037974055865700857,0.0029220149433944465,0.001408326438415265,0.008285213410071105,0.00110000522150613,0.003955023061096491,0.0020130354769931228,0.008812813582308447,0.0019390658250272254,0.0012394441002536193,0.011037220511076667,0.0008263685799709095,0.0012091267262243131,0.0013854770688763328,0.0016947410858417133,0.0007112778685923615,0.000650847900580217,0.000750195930723522,0.0011979463082906225,0.0031948838662921256,0.0008720472057716575,0.0008546773151780808,0.0021739490596196912,0.0017408171528998765,0.0005099192633242362,0.0017161170224171856,0.0007194035957205572,0.001061073794822198,0.00034496813847289517,0.0006528177793722772,0.0007301902669155932,0.0008133847679733584,0.0005927604525629957,0.0006948115906068161,0.002591067225722693,0.0006004999667933033,0.0011966070292808463,0.0019450937333070314,0.009207307271193057,0.002019943568683729,0.0017326979678879745,0.0032344070445650902,0.0008560119623358856,0.0012548622102563842,0.001020863467160105,0.0020572062775516746,0.001336676724808591,0.000991994201813889,0.0018359854393734927,0.001395560520158819,0.0008928248966944993,0.001491063093803928,0.0007939864638643359,0.0011286470794358526,0.0033714699599849615,0.001100530265255887,0.009086376713376896,0.0013569853667355055,0.0013679169981340733,0.017403932954613607,0.0007655650485576801,0.00227097955235763,0.0015423507019259384,0.0010975111046729075,0.0001610650900303,0.0026273062640216997,0.00654324510844313,0.0017275281546805907,3.560936017276535e-05,0.0040763209706568,0.012881438444110875,0.001123456180480709,0.0012190901686813368,0.0062564090965072545
93,0.623512654688046,0.0043958677524402945,0.0021010800043748707,0.0014319329366670969,0.0071638030470156915,0.0005952235696131991,0.0007574199405658777,0.013993497609793218,0.006907494365524146,0.0011276723364839559,0.0024265479012869325,0.005554521943034421,0.001136449789346281,0.003499555203593036,0.002756963719952905,0.0005918767521229485,0.000948947452829149,0.001730828308113286,0.005666848069048698,0.001643900187384743,0.01742227905886993,0.0059833566806058065,0.0006020298426202971,0.0018737869315620587,0.0042117862652104815,0.0015544307160222962,0.001154251566345014,0.002953360822958831,0.003295742594382712,0.009607077847891252,0.0027440593857002964,0.0040883091047444475,0.005363769363196682,0.0007757475563502852,0.004411194386927102,0.005288814824674424,0.0017734077719490102,0.0023271577832180384,0.0013981272995351106,0.0006624576640176783,0.0047454667038890055,0.0018249692619743939,0.0019384202235903116,0.003772151922037988,0.004091698903956922,0.005754185220370164,0.004667416445070078,0.004045897177979099,0.0021647213444065524,0.00360862848778605,0.009463839070071972,0.0032174468038911595,0.0015462385485047146,0.01958040262258364,0.0025355178340497626,0.0024509294082867483,0.0039212394441971825,0.0015163404692851374,0.0014701597664978077,0.0024885875526620273,0.009106625289293737,0.00462080320562523,0.0016266475047461712,0.0021089622028506354,0.0011328229601895595,0.003437461293631858,0.0012068840047219306,0.0013276856663857152,0.031421724832034384,0.029736400375940348,0.0014829784244889427,0.003853932049278458,0.0025549236209487665,0.0007837765065794915,0.00010281537001958788,0.006845109191603191,0.010684257189715583,0.001895585610046714,1.6810383025845888e-06,0.005869035068269262,0.015287086918794305,0.001288405056700455,0.0017372612020718897,0.011648645162651948
94,0.6384161758833994,0.004169567204010145,0.002879658298128714,0.001233369577740986,0.017822875402613274,0.0006959203295607495,0.0008998381222282397,0.0035538155288341255,0.0019005635002042652,0.0011545611210812899,0.011846215547462105,0.0012737082401688361,0.0008298052036037404,0.001910770576392729,0.001751557272672919,0.0020782317725260824,0.005134079448635453,0.0011981610495893896,0.0025496263022692874,0.0015425122869588905,0.03068486536117253,0.002028022886922737,0.0005950544574027879,0.0033468749746004903,0.0035159807906431865,0.0032975677285388087,0.011172120686163307,0.0014472508562008593,0.001336939012640725,0.0013917739590963221,0.0029551848409743297,0.0008910714231434101,0.004415792480660028,0.0025232495136848507,0.0003419309873388946,0.003115958113545794,0.002795237718979929,0.001603209490211046,0.0023648450040588487,0.0030765022029234715,0.0008433426461456981,0.0012005280323910102,0.0011572533865581,0.005140454295945487,0.0013392627335928862,0.0012925879446925204,0.002302877430550319,0.003397431625739794,0.0037243357398478337,0.009602319089598573,0.03361199932078784,0.0018912559490340418,0.0013540924867683657,0.0006701907797412028,0.002852997009661435,0.0029747056136143787,0.0009626462248258928,0.0026453420484733084,0.003942928837403631,0.001652492423266289,0.0014013240596079776,0.0015793153237668315,0.0035120475043004533,0.009973062541284057,0.001298845186871671,0.006288189058434357,0.001242260232109731,0.009274137094856619,0.002537121009882392,0.020912998667455305,0.0020734725687028563,0.006597934912854273,0.001756656216070766,0.00038556667272940284,0.00013884061453083542,0.006225296041464368,0.006138229488053399,0.0043754616922227684,5.1131081255139555e-05,0.008017414807489806,0.018094930002986603,0.0012712649751476656,0.0026916554635178745,0.015863356008783382
95,0.5675836180996929,0.0015954026711291424,0.003121503553504286,0.006933202543071955,0.0021331338050471424,0.001564170813338245,0.003325611162459886,0.002983582029616765,0.004227632425041951,0.0025897999057488655,0.0023416231669719854,0.002242403453803402,0.0006792264318104158,0.004981995615051457,0.002150859948278534,0.0010317803857693624,0.0015145020371132888,0.03247074197646305,0.0014127008950070145,0.0008222235474215561,0.00413837445704426,0.005213853045790937,0.004727745484930609,0.0034558923760632776,0.016171172601015953,0.0033954791685895133,0.002649923095082112,0.004842924721385222,0.002217871642354715,0.0020987893710302553,0.0036733775567960145,0.0017150263438283236,0.00218002337253745,0.002965068921615251,0.0013996538060436084,0.0027625373764583543,0.00457409094190808,0.0028896144798672154,0.0017067723599115154,0.0017589479622510272,0.0013331831875390083,0.0031376373927677623,0.00240619063055393,0.0023575204510715288,0.0024608174319018083,0.0010681650852957293,0.00900175742810271,0.002125751849515546,0.014319679764164078,0.003087725030608663,0.022239035013122417,0.0018124125770507611,0.007826704442372987,0.002100967368854839,0.0022385938770548477,0.0034710564991377283,0.003075480070954108,0.0035556897408767665,0.0013018797014484125,0.00531570913885322,0.003628797317641394,0.0015214011010822096,0.023889501338749494,0.00590362142121411,0.0019690008636802834,0.003785024932628115,0.0006498581784119025,0.006271795315798349,0.005651013234414882,0.028706814780515233,0.002544525652144824,0.0035745767296393428,0.003204972403383173,0.0003908307100808319,0.0022933051430243934,0.0329376621030827,0.0087825842474281,0.00720963800044405,0.0001294452361787766,0.006884888274153569,0.013904740064791775,0.0019018778542413538,0.007711608827110271,0.012073706038069022
96,0.5926636278466209,0.0019453384431154343,0.0017856479192308874,0.0028424605532885025,0.007256039920009177,0.008361129186168992,0.0021669858449429474,0.002428189345505659,0.0009740244812465738,0.0037010975701790003,0.001557140357624999,0.005310405129971478,0.004883199335381721,0.001769480460256215,0.0029652140737095505,0.004641223397297263,0.00675157037581218,0.03018011643802858,0.0023896397903432898,0.0035450110164545016,0.005454045492025009,0.0015729488586330746,0.002165697330242824,0.0021594625244364166,0.0017827197878498378,0.0017608630406030455,0.010372693702185633,0.0021217327162802503,0.0014930040695821183,0.004817591405543493,0.0016204604823596455,0.002820866403253444,0.002479249359364427,0.008257966460469564,0.00223696635076348,0.002078479028231892,0.0009290974395848887,0.0015006747189449353,0.0009701031689373211,0.0018570272399492944,0.0027073986428511674,0.0015082812953066845,0.0023115271305935315,0.003313168638647827,0.0019205896292245038,0.0028746108173559196,0.007781691212853655,0.0018447767539070436,0.003671670077940229,0.005417615780992325,0.002644472648431958,0.0021535578010633137,0.007469271503967727,0.0028766362877251056,0.0018900393917335285,0.0021875134942210884,0.004639902927002489,0.004812736488032932,0.001588554526833734,0.0142938096786381,0.0017076881650700177,0.01355336654281119,0.0025861648581763986,0.0022685912651146827,0.01098695340845742,0.0022569779882028115,0.0005382863673235601,0.00365027349651587,0.011297026434097447,0.03234565651276787,0.004658115736353793,0.005141544538312064,0.0033925489335690138,0.000654969597917073,0.0011042044068660455,0.005731906843945729,0.012607273858447447,0.005429418809895412,6.7293061343834e-05,0.010259466576630988,0.01642293274039845,0.005431297824148327,0.003566779188948299,0.01986424705293499
97,0.7477064283569456,0.0009993185311436455,0.0020262938274637544,0.0020925069716641893,0.02187115756563504,0.0011087063853150215,0.0016965151971958538,0.0017386405902866564,0.0007020332103494313,0.0006609977504951806,0.0009514077139535327,0.003383970936216173,0.0004324025255801466,0.01583101953818328,0.0012142545306176563,0.005665286225188161,0.0031568351852250868,0.0031902952510825195,0.0014259938680891376,0.00420602706128259,0.0012093949366486412,0.0018646403883969627,0.0011879784699937238,0.0020930475617642053,0.0008456224187477615,0.0033865240677453273,0.0006629868176574258,0.00033379592263770393,0.001092970386185576,0.0016809620460899587,0.000784570858712757,0.000655335959954258,0.00040643872584721454,0.0012490125790953735,0.001066667634714587,0.000766734497093271,0.0008091302022897481,0.0007353402826113559,0.0006877947013831605,0.0008800050068707935,0.0004066869787094576,0.000628841184218687,0.0003281737629786435,0.0009481930960460655,0.002277920738596516,0.0017094878361351752,0.0040699403332437704,0.0017774385183067193,0.001631848329037994,0.0019457381896292357,0.0023289793040819945,0.0008737759350198403,0.0016713936469015152,0.0023805343699706957,0.0029646168264889448,0.020817817828128894,0.0027967624393171334,0.009543313566681482,0.0007139164025323942,0.005352566388780892,0.0033506608911272532,0.0036697213668527074,0.00155721284013659,0.002610233068743933,0.0009232307870859482,0.0006861552619347303,0.01120423431097014,0.000799806665822393,0.0016843633990858851,0.024869442727689844,0.0010261520230418902,0.0016211466506035144,0.0014449985550263676,0.0007480627620366911,0.00023685087130185498,0.0036430033790681997,0.0047082896308274875,0.0014159417166696364,0.00013857730831432004,0.003340039533924121,0.013412421390013095,0.0010862114508286686,0.00232734198064462,0.005868911067091726
98,0.7040449252839733,0.0005926597311805295,0.0009267677235891589,0.0013159171431154715,0.004435262375752128,0.0012895175293655347,0.0009450933313863659,0.001047282457108911,0.0009224728450936604,0.003336128491949722,0.003015443857030323,0.0009100570424001446,0.0007424968885530982,0.017442055012789327,0.0064718686338704826,0.0014448947149839615,0.0016346079473220192,0.0009177064508860533,0.0009919029508044222,0.0011065194813712472,0.0008136446755395346,0.004076075535197507,0.001318689005510462,0.0006634130194893435,0.0010781354846415145,0.01886990201123619,0.0006420966586832759,0.0012231199356430242,0.001377072226359348,0.0010428352351636177,0.001189418356323773,0.0014769579039822008,0.0013089123007033376,0.0017026821010801517,0.004139388929391964,0.0009226620393669333,0.0005950913395158847,0.0003771383186727592,0.0008121303114607171,0.0009339126193612284,0.0010564001607446375,0.0005699087645096271,0.0003239085836481886,0.00848913291747239,0.002120584536702802,0.027364343453592514,0.010956648330889489,0.006326934453659307,0.0011518189156096365,0.0017611642048150906,0.00128648338516423,0.000970381070676424,0.0006476273902202644,0.0007597039753839311,0.007394966936232296,0.0011756073716090438,0.003513722153268291,0.0009714535659397824,0.0005185273480810408,0.023626635888884803,0.009364280813544073,0.0007571078484161443,0.001041007749566419,0.012009228510268458,0.0010540393838603794,0.0011003169986502938,0.001107633693988758,0.0008273052888261978,0.004508252823465651,0.013091675174501416,0.0029221173913051243,0.0015790204239676227,0.0017216314165194192,0.0009578341283295358,0.0002884020981005615,0.003748637134729361,0.003747625830578304,0.005201671166050856,0.0004013567429103763,0.0047300891830796814,0.013421212312503724,0.002951782257763173,0.006241742947081084,0.008143217375041034
99,0.5619076843611184,0.002740650691336151,0.0029904737835124975,0.0009752438857515992,0.014157983161068827,0.011851378913816667,0.0010526177306505755,0.0009918788027694625,0.0011782276718333468,0.0012266895345905227,0.0020424963945677404,0.0034565895598508605,0.0036548669096380213,0.0037984214398880337,0.0017353767182556193,0.016326386467625947,0.004612018279375996,0.0023777820184629514,0.0034472258487721094,0.0019441159502666648,0.026250251105867494,0.0014550070169151936,0.0010860273454053096,0.0026561092508663735,0.0018488214901179322,0.0016676979387052128,0.01756601109591557,0.004410887857435082,0.0020663421284064717,0.0023310754205886045,0.0067280864239572385,0.0017216858000659366,0.0009542102682590711,0.0027679124120387763,0.0023954659924194277,0.0004992226474386398,0.0011379319014138412,0.0018106030749632791,0.0013057696883194384,0.006915147491204444,0.0019409531848624713,0.001562859167754476,0.0013275737228800818,0.008765411526091914,0.0015563687432767679,0.004029695225006494,0.0028598554645921687,0.009017826786399187,0.011549808686585391,0.0016135732787414005,0.003792477151293051,0.0012935628986437727,0.018373899399091884,0.003976340130158295,0.001382756404348874,0.0043239430873861975,0.0018248612742813371,0.004941501455311766,0.005674785894629161,0.0015170527858246131,0.0015912078066085901,0.0019030551202529106,0.011254044451923306,0.0027571608177848093,0.037336665379852044,0.001314991948967301,0.0015632993499483101,0.002119040236685258,0.0030588991328885226,0.029118375608151007,0.0054981253422033225,0.003669325739703546,0.001906624966214138,0.0007071914478028893,0.001412377782092789,0.006659734093394749,0.012005465822278637,0.0034415465455563308,3.5921019701167676e-05,0.007059686704913934,0.02022183978965572,0.003643053192553153,0.008450831162812837,0.01190405579744007
100,0.6428764744719824,0.00031998629654393255,0.0006609640191365201,0.0007744581163580697,0.006384814360421569,0.0004070535568566557,0.0021211692796319877,0.0010788071938058349,0.02274317262775505,0.0016114620547275998,0.0032427943416615313,0.014695293771618916,0.0009047436410659675,0.0027650467261095798,0.003540419646009195,0.0009437066920089265,0.041446613670912784,0.0025096268718437314,0.02692259278237451,0.004521098281016042,0.004498835287456046,0.002159214077034627,0.0018730791468004155,0.0006953816592905706,0.005188560083386746,0.0022479299961547182,0.0005746711555278781,0.00702838667528485,0.0009839988857667098,0.015888247169456544,0.004102134104927511,0.0009217269044224734,0.0004698757016012627,0.0007164813810845003,0.006328075571780731,0.0021135639786132266,0.00023752104781126556,0.0006572603673069205,0.00043506961266450843,0.0007672513701128536,0.0015360991837963774,0.0009298426682156249,0.0008697269359713532,0.001533798420899921,0.0009010071083378142,0.002002600418376523,0.012553091351712781,0.019081875985313416,0.005249291395988118,0.000582579256471062,0.02215831169596723,0.0016061701333219406,0.0012559821430113453,0.008509633798669985,0.0007974826944574807,0.002865818008241094,0.0015444362093085392,0.0005388645395568328,0.0004480339394635104,0.0012035206521859082,0.0020876138742445937,0.0004399194329401536,0.00042915566309412824,0.0003735479648161078,0.0026633605081013857,0.001774664070070715,0.0024618334586528723,0.001160800591559289,0.0012363173348753636,0.025968180889257234,0.0017453410448941358,0.0023668316185586694,0.0009261526262407379,0.0009082993979760116,3.59824046394112e-05,0.0025323040605703217,0.0010170039829141158,0.0015960924187666955,1.246570114874296e-05,0.004265516098334504,0.010586621289533802,0.0012698217285158878,0.002499553722014472,0.007116891000688752
101,0.8139747357993111,0.0008704850695907982,0.0020084487590542838,0.0005986082645508386,0.007249372306595655,0.0019750248064756178,0.0006759454302514037,0.005048468583808109,0.0009363435433392782,0.011906413602224707,0.0012029979748449042,0.0025430846347677515,0.0009957491901839903,0.0049209605786670685,0.0017826704213868038,0.0013778397307872797,0.0015538817923185639,0.0005170158601075341,0.0020717834566412055,0.0014394994038367283,0.02095504198123435,0.0008739703108611978,0.0008514789823077854,0.0010346337808885295,0.000709097794180619,0.0015500522932650096,0.0006124729470940539,0.0005376731451102646,0.0006653284754996137,0.0003970546175308858,0.0009996988702216526,0.0007080378474031914,0.0009803865778383024,0.0014384888925534777,0.0006563759233932048,0.0012737951138929785,0.0007378533606521517,0.0006018252988119635,0.0015732642352091837,0.0003819648984278697,0.0005054155667067652,0.00040066203978021643,0.000528299317818714,0.001005669123403824,0.002613761601864699,0.0004774802928490691,0.0019353305477245665,0.0021197080328694356,0.0026543430302169014,0.0004964716187412626,0.0007017932525334263,0.002259731685958643,0.0004907377592005237,0.001039912161817263,0.0014643216428933729,0.0014257672955684754,0.001008604360273422,0.0011232432534947897,0.0011717428828845388,0.0036335646055212496,0.0004709775575256606,0.0022011566323799437,0.001629381510446256,0.001256600928088177,0.0005858075089225696,0.000522841988038168,0.0018978466675658074,0.0007685807428433198,0.006547174198516167,0.01680330025855251,0.0005320820188070679,0.0029876104053596785,0.001673538649978847,0.00035804193103029363,3.0378367214282114e-05,0.002883203377606813,0.006020611956330792,0.0023801319632413376,1.9935750259875517e-06,0.0044171430287702025,0.011139507974862982,0.0006542866083909257,0.0008770270217277065,0.005116390501533423
102,0.5705620830105613,0.0028116919282536266,0.0018454979317297894,0.005747525919611102,0.0020322179838487323,0.0017172505481103735,0.004553704480574535,0.003836890138582885,0.0033711848922748527,0.00355982979641589,0.0010584764571852658,0.004028982900506419,0.0010727828461339988,0.01268778558783387,0.042447820405153554,0.005710633073485847,0.0061800068429753875,0.006126106512481305,0.0011808903113463254,0.006514662414172434,0.00752343457397892,0.0016186203419672899,0.0018823254157096583,0.001866555893299004,0.00216811505451054,0.002320888479607986,0.001561141457031387,0.002224002419783685,0.0024063846879501306,0.003024325597906439,0.004411215876706645,0.0011693616827720176,0.003630961809167029,0.002801370109529499,0.0020701194018409893,0.0015503691459174379,0.0022647518500702683,0.002749105662173612,0.0011557634889656418,0.001844276065725357,0.0029821162368760816,0.0019476575558247113,0.002186985029700989,0.0009915964466164192,0.00231162529358599,0.0035369027335754137,0.0028314132953057938,0.005332232967137987,0.012781612400866945,0.0024209697108977194,0.004757657312627531,0.002495320004925717,0.0032064454091375477,0.00196855797370184,0.002681516175330919,0.0013194039259189988,0.00566962453675947,0.00998651440211536,0.002485866110071794,0.008462161076966472,0.0036343064486272906,0.006318655351218542,0.002067075592215525,0.005862032759672847,0.0017663720383893225,0.002400739301931573,0.0077060616946127754,0.002243606255516041,0.005033342149148012,0.06256564731838024,0.000998663964987588,0.006760843080955174,0.0033916022753991896,0.0016352105250026798,9.042265968701345e-05,0.0073609607280976765,0.011840951433147529,0.004123401502131248,3.870302306444147e-05,0.009103026029379338,0.017123747918663723,0.0013114474650722837,0.0016858009501916453,0.017292087940713675
103,0.7180456044330911,0.0025397277156050516,0.0016554008841135322,0.0019744307636481704,0.00218137622506146,0.013240718645042348,0.0016865442468182198,0.0029542144296348886,0.002969194779338087,0.016289200207179153,0.0020415963852869414,0.0006486196713197018,0.0018366521182979869,0.0028917735084549854,0.0023726150324248855,0.0020694769828843588,0.0005612682948682856,0.001209996840241266,0.0015072437457497368,0.0032294402648535094,0.03531379206748939,0.003952767688165962,0.0017532984047294313,0.0018974402614122068,0.0008766511794062266,0.0012419720151886156,0.000813153509470579,0.00044321181349598276,0.0016449351220191872,0.001271047949553744,0.0036866311909819166,0.004524475371790495,0.000989791787702278,0.0017244342251226388,0.008547893696507592,0.001213144620072425,0.002484892729995932,0.0010915154458995583,0.0012740224864275175,0.0014664211676843372,0.0011127993997430067,0.0006462537287653419,0.0006496244371103177,0.0013137495734911646,0.0017655252142329287,0.0025112976808502265,0.002482935723256878,0.0015914538802516125,0.004162180740571954,0.001361136069141058,0.005990272439440041,0.003875185431923167,0.0013131441847887594,0.0020105885128735975,0.0027802673152317486,0.0027993057959353703,0.0018568886417837823,0.0006497443233912753,0.002259036942009939,0.0013254941508695885,0.002178753788326967,0.0015305088907070364,0.0031189114388328926,0.0023643989270643365,0.0018382066857194348,0.0011147410826618537,0.002569496127584607,0.000826778094478466,0.01077029507749032,0.019164954825420508,0.0008383073998395379,0.0037334612660165595,0.0019337755906696458,0.0008536588580138633,0.0004306725084398901,0.0051500606753957165,0.0037265460728648165,0.001646033808415276,3.169203365861184e-05,0.004893586387038001,0.014800840109845458,0.001427726357704898,0.006581790237939232,0.007901331663180525
104,0.3796584311487748,0.0018618731476472358,0.0005312649094561089,0.00420760115574841,0.004827251184937963,0.0008526650693832232,0.00068586004033645,0.005822930283504552,0.0009637025110446949,0.0010531635799077247,0.004694321388307709,0.0017460283944760895,0.00242779650997472,0.00370285418312555,0.04711226676704281,0.0013794574715420068,0.01107044424770448,0.0007802957110681966,0.0005501815304840468,0.0017047397657780842,0.001668661284757714,0.0017601477779183633,0.0008482700677191067,0.0010336586069140455,0.0019338928223855737,0.0011511654377401861,0.001190624254667686,0.0007180468965041185,0.0019775059047760905,0.003249961786945712,0.0005043763416741188,0.0008976185075258534,0.0019957968562687466,0.017039573517874308,0.0009842012499583718,0.001073822643344043,0.0015319593604084943,0.002412236344748052,0.002037853746285759,0.0009910606826315478,0.002637229224258936,0.001221685098065456,0.0012999802961125603,0.0013426920230988238,0.00817210934246059,0.0032896293140509594,0.0006011489312383885,0.005398466901956984,0.004168844900404008,0.0033646769411255473,0.2536333724132324,0.00348837079274402,0.0012959701757170384,0.0028869445937485506,0.0015333682547650604,0.004321460745905029,0.012337798814567478,0.002249818427967228,0.0016627133414825876,0.0010324494163348717,0.0020395367800386077,0.0008110856073008948,0.0004961778087669436,0.0009712830627870399,0.0004971828533952739,0.012656172341619415,0.0029449559997802187,0.02232774237447669,0.0013371274017794442,0.04955516683342307,0.004778915283998711,0.004004740211672023,0.002181475483293914,0.0008662839188768852,6.403959887161726e-05,0.005899239411071894,0.007131797907316082,0.004818876786370435,8.758514065685974e-05,0.004139945152522629,0.01160523885206154,0.0041506362025001305,0.0074123315710320084,0.012650170375858196
105,0.5697965214538375,0.0008371259711990877,0.0013509988518170832,0.002037390769758872,0.006138938398247139,0.0019273131454698228,0.007427449461430613,0.0034552149060229796,0.002633751070555901,0.002500842351861924,0.0019244323626830052,0.011838547209314081,0.0013999178276133057,0.003013244008749023,0.0036437255876168293,0.002282460609860448,0.006746111330841256,0.008327570193011422,0.01663460112236535,0.0025351619466128634,0.013290165025629278,0.0026638184096197262,0.0012595726654422712,0.0010307256593839217,0.002989473475165958,0.006268222142442288,0.0025043568092823544,0.0027791034211629624,0.006188440281630816,0.010827253793200202,0.0017864087503270763,0.002177592518973102,0.0019287290903365916,0.0040913545823448765,0.00408155721374675,0.0025754029909114576,0.00538098118435908,0.0022763323474770353,0.004538520429360427,0.008242575118028169,0.0015060280079489767,0.002722227223235714,0.0022099700696700726,0.018265273995322056,0.0009864060082863456,0.0069612617109200544,0.004523224157124621,0.002099536005946944,0.0031592288881587775,0.00418023749036305,0.0034335236191791866,0.007426892551777014,0.004542152360901081,0.008036925839846836,0.002401792142304906,0.004268422666559434,0.004600358510705626,0.0017670948017033659,0.005147113712818902,0.0030250179870179163,0.0035290048698206687,0.0058450155923622125,0.014391805503476157,0.0017059647574468493,0.004475753625884974,0.0022709501877101507,0.004653834239079437,0.0014844829075656009,0.0068133038722241294,0.03383139079680289,0.0013538071129691237,0.0045146719666625075,0.0035751929606766884,0.0012641528702863366,0.00011385747706575778,0.01308650847504988,0.02017998466788932,0.0015048240827684504,8.778428017859399e-05,0.005481867649648927,0.01914161835882801,0.0013772678280161614,0.002217073162037072,0.012505290518066326
106,0.7164945202342411,0.0047796873204064075,0.005206550867784036,0.013268027932336834,0.000862727937758036,0.0015191704176697803,0.0013209047633179504,0.0008314503185794852,0.0011282613098314927,0.009455902148582392,0.001029839678995091,0.0014680444272432785,0.0012958822099775372,0.0018051968020713258,0.004894966119796171,0.0006124648027489939,0.0010843157299292314,0.0032039500114778184,0.002461444108810981,0.011569559878904585,0.01178309982762584,0.0006416461075427995,0.0017437128583718952,0.003008092902096011,0.0008296714502441755,0.0008642227628967708,0.0003128557171300756,0.0006215230935195536,0.0004049794563629079,0.0012642946570894955,0.0019385685006650232,0.0008210922951172166,0.00030091654451928993,0.002110041178296401,0.0003579305789387272,0.0007932128379150532,0.0006876158764668609,0.0007465741069700538,0.0004671338865668362,0.000649725538737918,0.0003483049296636281,0.0004629250654002618,0.00045886971542230136,0.0011302318071488274,0.006010202565923527,0.0011843207987967588,0.0010185148935477656,0.005001643912317854,0.002925569422844584,0.006581512681679432,0.002165668633113418,0.005324585235318789,0.001644734644560202,0.0007299613249986994,0.0013028200158595284,0.0013215861208307885,0.0016678182532454734,0.0019582221743730086,0.0008568692162085895,0.0015031562459357282,0.0011907608657871554,0.0009872965101981584,0.0010759378279540494,0.0005145762534274575,0.0023050344767676606,0.001559751468824894,0.03449990163161608,0.0029454697947124352,0.015386982427701736,0.017914268765786744,0.0014701255676549143,0.0028751304880221228,0.0012844339271284306,0.0006952330961997104,0.0010438667116303671,0.009624054571553523,0.005304542397500252,0.005432425278100389,0.0002725205322828059,0.005292895978886829,0.014573659849687129,0.0015995880791558992,0.0042196225361363455,0.00969462610856027
107,0.6339571727188176,0.0007559135261380904,0.0009106902997992343,0.0008892825385447733,0.0032429712797050723,0.010590314695539187,0.0037013566579490787,0.012831389224210382,0.0034973462228184552,0.0009890886524535078,0.001790871278584207,0.0022622852915722587,0.001978482012419758,0.004879167661217776,0.004536632065244611,0.002020513361412922,0.0005691407650616786,0.011375789120265836,0.0018488261492182678,0.001647131582556671,0.001869389506092014,0.018890497640742503,0.002117621469204156,0.0010541259461502753,0.001633723128096402,0.0007417016095090588,0.0024633048350838427,0.006295715747053489,0.00137437538334777,0.001875538991555428,0.0036646250488223437,0.006619795585257675,0.004586208138116569,0.0029290184497511025,0.0029365227104233447,0.0015471865938709048,0.010471691641252967,0.005541492574146056,0.007071428202356923,0.004992342369521178,0.006685825043476034,0.003497037036995698,0.004553934268923234,0.0023077779993092165,0.0011083955687101062,0.0007613399622145275,0.0013363646052055897,0.0018122580349417027,0.003933751620552959,0.015187679775611451,0.0038660436974571593,0.0006843915444726634,0.005762687299467679,0.003891571179105825,0.013501705820845453,0.0017362091314793754,0.0010473773333413738,0.005610023441113217,0.002313810049577931,0.01359745795683553,0.004041739414669153,0.0009834443641525473,0.00383200957067624,0.0035120602746388984,0.0011895768442833703,0.0028506596676392015,0.0009996141072589333,0.0024160219867142485,0.006879028615314302,0.03117542885909763,0.0010429583394938311,0.0037488493353944703,0.002506949864324141,0.0005660730253742127,0.00024880129212592533,0.0091710333871576,0.004684039325044163,0.0020536263683726044,3.1176563553523665e-05,0.006003229836495969,0.015373192192180887,0.0006705744324517071,0.001354846564294471,0.008518753725771913
108,0.6584308221223014,0.0015230341555353666,0.0030049032206723274,0.0028276726697575383,0.0028522217386743403,0.005679924886481078,0.004756211218402236,0.002029720944675259,0.001164866567913738,0.0024943108470966697,0.0013251347112926784,0.0016715832910403766,0.0017639937532074525,0.0022000237739620487,0.003052780709415415,0.0029600321368049914,0.002290247453494006,0.0018871198440468936,0.0010051585517359127,0.0016110647046018,0.00478929932217664,0.0011915133339779674,0.0012085033667805544,0.002563701331815613,0.0014042564979926642,0.0015575182911249422,0.001668864541385711,0.0007736827309637584,0.0012730868639596513,0.004897945513823073,0.0012814140048469536,0.0007553738665380879,0.0018895218617686655,0.0032941312509788285,0.0024232269820956944,0.0011971412217094942,0.00106407328271113,0.0010130445057983661,0.001268539759915574,0.0007506878721484521,0.0027297339446108863,0.0016508379101960664,0.000849708276226272,0.0025881397104640276,0.0070314072469857625,0.010817830050150414,0.0016453625919298925,0.0012296153532907405,0.03162054862480561,0.0012346808529428157,0.0011222205498731856,0.0019177362410921135,0.0027182765682143644,0.010286937176506986,0.002131065236220709,0.0020863948699737537,0.0014643110515194777,0.005713745556591322,0.0018327101793866993,0.0009159553257058994,0.0019452604069852282,0.002744940567432059,0.0016532122765724945,0.0033540804370162237,0.010594777257877986,0.001746861923978887,0.03879394704914221,0.0036058622037116734,0.0011707838635240568,0.02739136389424514,0.000918261891913289,0.005933118864472143,0.001437956110000239,0.00020448922428422438,0.0007839855734809378,0.006309514781612225,0.009847248445474714,0.002292054823011049,7.475147537710255e-05,0.006404906488942374,0.015701731154728657,0.0017408961163963785,0.005924594253629984,0.017041829895880527
109,0.7220537609081399,0.00871483874577534,0.007662975171687547,0.00044447961622427713,0.013409599140746062,0.007544977014556072,0.0007389189612138432,0.005542632271057892,0.0016171699850747205,0.0009398008543011878,0.0064032626769134696,0.003301008633928728,0.0005970550883276353,0.003036816071066498,0.004549020231246236,0.0006757473752045984,0.0023475247473529024,0.0012868691370190141,0.0024882168618978492,0.001802661717088352,0.0009164727062772556,0.0009291879484380755,0.0013861484663819006,0.004519783147496503,0.0018041857438197712,0.0031943046985885783,0.0011555411723806386,0.0010132683869623457,0.0013332758908274629,0.0013296779408728011,0.0011167241125907036,0.0022395953565119827,0.0017971389813766154,0.02499740835898616,0.002264471686186468,0.00209266877968231,0.0008949242516012895,0.0014976242222136085,0.0022695051966232864,0.0008801972189538278,0.0008432225726061315,0.0019081382562654498,0.003445856064744734,0.0014389736038085636,0.004745787653845002,0.0020167746399900855,0.0023452401777822726,0.0013852729060679465,0.0010717405643474315,0.000556370465882763,0.0015141085911525203,0.002931652963631172,0.001399621847793483,0.005892923707636898,0.0017031283630846719,0.0013032422276520318,0.003077520949182292,0.00048711698487250815,0.006659462683576204,0.0008774747405818977,0.004182223343380722,0.0012855249504274224,0.0010997914828988211,0.0006607532493558712,0.005543463845045432,0.0076824497747891045,0.0021487573943804457,0.009873451100295198,0.0013598580586911327,0.013251236194145965,0.0021254285235410087,0.002368068506349518,0.0009534567695772791,0.00022948845166416318,0.0017721506823473595,0.005974091461920673,0.0043801453263478144,0.003086881262010154,0.00015748264866043653,0.004951597383748333,0.01184496112073941,0.0024703873046423947,0.008181650355471004,0.0060236313694725
110,0.8038152050495851,0.0007450283757435066,0.0028247289665246015,0.0038576505979703558,0.0018789915883664766,0.006215505106080314,0.0014845856405723142,0.0022732127592310354,0.003382664909965776,0.0025252844969198417,0.004994974251940628,0.0029580391108670317,0.0020150776198078106,0.0034811696258493768,0.0008312745669738685,0.0014099211738445776,0.004094696522193688,0.0018775836327685643,0.0026548437976717863,0.0007487352834514074,0.003760647749391199,0.0008354309598592827,0.001439839385938935,0.002930835632075397,0.0022184388706909283,0.0018995277796637047,0.0017771048920614805,0.0006597800205354075,0.0011788706433106815,0.0038558452876275525,0.0028529580772301078,0.0008157604713070692,0.0015651985980035968,0.0036239503329915713,0.0018036930466413942,0.0027050844427047253,0.001336855403807896,0.0014412965733526962,0.0014436922868521712,0.0009956886303186274,0.0032445603434179938,0.0015993619145605606,0.0012032438257900092,0.00020838782223263567,0.0035074859656728874,0.0010294589166637814,0.0015394753954671547,0.002719272922397326,0.0015974154081508352,0.0014675230331032446,0.0018309219599118233,0.000708684385566782,0.0017287749409551742,0.0018081747206392866,0.0013573259607093553,0.0009896963557879065,0.0012381867880444954,0.000967213553169333,0.002088271181629474,0.0005133557290529014,0.0014397106037143089,0.001359687327124947,0.0007575165278317829,0.0009196682507448262,0.003779815072338178,0.0032777110273954756,0.0016339885542206555,0.002768437419821157,0.001992942898521821,0.012028069632819471,0.0005064908244326649,0.005041889834113361,0.002558338577035175,0.0001398043740752633,0.00013738022713959675,0.006702838101708379,0.007939897916969668,0.00043896267457209414,9.806074065169813e-06,0.004125164544524476,0.010809233122675227,0.0003987520937461597,0.0005915523394677601,0.006085878697326649
111,0.6741894241062761,0.0009670611657312075,0.001275026128824101,0.0012504834297063685,0.00245853054234452,0.0014178622065578019,0.0005661567814746816,0.019698790503416396,0.0005026719355133559,0.0016506975174915156,0.0009363986101319466,0.0010422779794253623,0.002077634402459737,0.017866852374799475,0.011306538867758691,0.0022553138940941495,0.0019320800333463106,0.008046093829887798,0.0009670866228282678,0.0005018484104827907,0.005278387718594084,0.001714591451336345,0.0012631572383702489,0.0026445367092994207,0.001474552804386408,0.022170958229624567,0.000869186454021899,0.000626500226344415,0.0017973353260561065,0.003184441135960311,0.0010047507472194525,0.0010811333406483736,0.0013779740750391003,0.0005302159170809158,0.0012174265387053704,0.0006452652148434114,0.0013893784216868956,0.0022079356077308885,0.0016256295613248017,0.0007609525222019303,0.0018312913598456854,0.0010060514692212853,0.0014966334519503615,0.014734289886077858,0.0017788801343991572,0.03467918314660643,0.008210522733326961,0.0031001645074711084,0.002884082100099412,0.0014720197801929961,0.0012148257912342698,0.0037952019417662867,0.0012032919152718303,0.0007739053733637174,0.0015526601805165778,0.0020631896870276518,0.014217344401583594,0.002095218280736449,0.0009373464499982265,0.012312907385452912,0.004650059923413805,0.0015017561906187679,0.0022218651038058436,0.004462535839853218,0.002255442187989553,0.0011526165359593843,0.0006035828033817977,0.0010311800402997883,0.0024962081899028063,0.01691387328094154,0.0028050781687313565,0.004883190369161795,0.0011260472555371871,0.00013649858748053227,5.882835370880966e-05,0.00712485989315019,0.0024241986677566224,0.0007472237827310583,5.229660510777862e-06,0.004915520672318533,0.013792204983279715,0.0016013248139626806,0.0027382320987738955,0.005220294037561892
112,0.6244695231868697,0.0011638103757652,0.0012099565884692081,0.015067473134360763,0.0031035965331330847,0.0010894131296042757,0.006073728495106787,0.005557758564828669,0.002037060094107721,0.0021926317519958883,0.0014181176709975787,0.005238015301161945,0.0009565385409779589,0.017576181356391427,0.0014891975179987039,0.001607358838258624,0.001090989275511109,0.003513166650691504,0.0015701811244687445,0.001220212878074665,0.0040532678711347764,0.0050113416199486826,0.0010218934231050372,0.0017463315204278974,0.005134884022130083,0.002386795087599963,0.004544122016739233,0.0030037798778099908,0.0011167807446700753,0.0022449748469301786,0.009929613165751824,0.0013109996346419167,0.003961531071532238,0.008038850363545909,0.009856875799961853,0.001123822279556506,0.0010092034492638086,0.0008514437723700285,0.0008826777827283647,0.003229466878332852,0.0018092586262273152,0.0023217395440806084,0.0010443895096757712,0.0013105578190712969,0.0016877382165102627,0.009776928527355832,0.0057520390567363635,0.0009365787401059007,0.0034905166133808833,0.00405708027883438,0.0017388818060259318,0.005375778400546688,0.0015303488571264134,0.002727190240176583,0.006856446559515198,0.0057456400174362,0.003162798355568796,0.002069761505603914,0.0015828486211217335,0.005811282582752645,0.0013353506245940632,0.0022413048979025366,0.003977951334490928,0.000839848337315506,0.023080058458009176,0.0019375572719621845,0.0015084656185619157,0.0029073840630672626,0.005760530696059839,0.038720628310338574,0.001810866207933667,0.005163712164550081,0.00488092383375282,0.00039640235138284916,0.0001562968682092332,0.0061401562185425095,0.014238782356683055,0.00686160839811488,0.00015772962220768466,0.007525327549793671,0.01201247875032498,0.0021314400921817697,0.0047042034551423246,0.014619622404071102
113,0.5205068347511551,0.003244439938433728,0.0017291771176501502,0.002562643819462726,0.004875688144675822,0.0019631171525348436,0.0012133251568762122,0.0010924890744548163,0.0020712093638301453,0.004529379991795873,0.0024143305744516383,0.013498420718723973,0.0009821069965427207,0.003245304788985775,0.0032204848467811318,0.002227425679322855,0.003877160050513446,0.005689801052869624,0.003773337141298657,0.002708328086760473,0.004926696372809848,0.0029620153654462693,0.0009428073259063561,0.0026853295842266763,0.0031268661770408246,0.011075691042340999,0.005714740434959343,0.0038509989953168003,0.003241523204738104,0.0065278245852576095,0.003974698943683692,0.0019351663789069664,0.0032903968384951714,0.008481004071235585,0.027522069854356193,0.0029587000230624156,0.004542495568649653,0.005113015774739229,0.0036493437700322977,0.0031998970306335328,0.0023118077259797268,0.002453829578106406,0.005700497283635225,0.004777534565758977,0.004214762984482371,0.0016089983681710639,0.003011896805770071,0.004573879392464821,0.002111837951894564,0.04385988291041284,0.010321124124748093,0.0025544790264737955,0.0016118454591869103,0.008486721175384602,0.0060728705066635386,0.00752216160749322,0.004307933710878518,0.001116075992825965,0.0016991390941603606,0.009847604587277212,0.004191831753385113,0.014658036374858359,0.0025034123307624357,0.004614234650715798,0.006616216684850562,0.0024210621860691808,0.0090585463134961,0.0016161586939832959,0.0058860827587082385,0.03923941051362662,0.002225823529554867,0.004342918938509455,0.003019877181775992,0.001438650000327736,0.00024032948466280217,0.008186847767685962,0.014157794502410951,0.004683267366175738,6.327414551821216e-05,0.007823208085029863,0.016524371487752588,0.0024986381025294923,0.005030448953276153,0.01564838955360905
114,0.5780904853594908,0.0005945368312161956,0.0006871148237237014,0.0016877522757262932,0.005556012777678593,0.0035212721645343083,0.003143554982759213,0.0061299917145884964,0.0016264450115682553,0.00443098898619645,0.003094965634105022,0.0025531936399791153,0.002004777916858702,0.0117349815630747,0.00358719821274451,0.0017406840845316733,0.001902460305943439,0.002501817415139058,0.0025026136945963426,0.0014355352371585623,0.002034003287081928,0.0015564613151850704,0.0011614059490598512,0.0022243840301605774,0.003679726995469309,0.013660436204682089,0.004104194715640337,0.0012048078694941063,0.0025444474955870267,0.010635290697451113,0.001690006578064822,0.001486584165844857,0.0019301429601499608,0.0028882428320402627,0.002838827336646354,0.0036773156791115157,0.0011269986817133435,0.001752522846113495,0.0018758638483297233,0.0008942607051957991,0.0038836683304327682,0.002124432587527489,0.001539154888480619,0.002337018880619394,0.0023264304766044594,0.003994390694371321,0.0023419355980173104,0.006947921415846582,0.010324006782202685,0.0021185192309831455,0.002002743082120292,0.0016779848705530138,0.006722389050646502,0.0015614900115272434,0.019100446132675083,0.003614104279669395,0.0024170332850937115,0.001409867845347636,0.0025813419639453637,0.009553326453312574,0.003502569825716572,0.003266382844462747,0.002064908322313754,0.00811222231988178,0.00459680557107081,0.002230674152616032,0.0024108519331965217,0.0016982654312593015,0.042217211632283355,0.05634645015484963,0.002148028642657608,0.0032494286326816176,0.002455846183313877,0.0006978176357168586,0.00014563605988033885,0.013905766273638858,0.006055225228082526,0.004027436558167223,0.00013544092280533935,0.009840734201451507,0.017209281490493323,0.0017544342272258484,0.0033511116401119716,0.018506957431511314
115,0.5750268715153651,0.0046509861935189025,0.00493199740670405,0.004276965480511658,0.014848358425607352,0.0024763733923439516,0.005124315545096401,0.002325759292066152,0.0014542628351683004,0.00929747626314251,0.024675390445989456,0.0013482531732682075,0.0008098766456643431,0.002852362791998212,0.0026253438575948853,0.001378077008243812,0.005299319429706581,0.0024335596326393355,0.0020409416071672536,0.0031495989522343512,0.002220524180237905,0.0015818806886718187,0.003052865000552653,0.0031312075280606534,0.0019398842561593726,0.004427428349792031,0.001074640877027925,0.0014246870270787804,0.009764386288536077,0.0028512741557932446,0.001641155250591323,0.0009181596126916701,0.0010175753094978795,0.00540765233128424,0.001826581293256753,0.002254434074090882,0.0016241119121480057,0.0012734254729955326,0.001587051669430639,0.001536350086743575,0.0014547931965232252,0.0015932646610325079,0.003138601136463612,0.0013619502038370206,0.00547857546161055,0.005939766358334104,0.00367959079576443,0.0023291043889521234,0.015804850218437305,0.006781602502317706,0.001220053966282711,0.003128418206059675,0.00204378605558199,0.010442590196120151,0.0027636725977536894,0.003453545638876682,0.0020702550191065046,0.0014591836410917701,0.0015918568082912332,0.003775040644123937,0.00783029733603414,0.004153340674527259,0.002902431189647121,0.001688163055758566,0.009577162644217098,0.003959276617689272,0.0034329173053606775,0.003556666363428082,0.003388197921025351,0.05287341459904404,0.002120909513963348,0.006377228024903767,0.005956473640620775,0.00038874570212770143,0.0004952185391223702,0.01910533563737141,0.006943671765872255,0.004605234612971903,0.0001441432169016462,0.012287375500244486,0.020290463197037662,0.0013282890089704096,0.002571798421224721,0.022931378556703373
116,0.58729733357375,0.0020756135437774497,0.0017936953272804168,0.0024283930825696343,0.004285843693964355,0.009486700468767208,0.005426072244049392,0.022262593361956243,0.0010349509087101759,0.0021978293799398995,0.015849987382200798,0.004649779003477171,0.002911605977908387,0.0023572350957966714,0.0027062589081318527,0.0017033719786707585,0.0009875107353264807,0.0035171252337025424,0.003601396724934502,0.0014235780905928887,0.001148479850523021,0.01955527074984731,0.0010646708738274095,0.0029221534385297614,0.00292470910516908,0.0016163525721450977,0.006242673318249844,0.0028952403520642995,0.003354152128436531,0.0026795478326138203,0.006800119997306145,0.0006776715511234541,0.07672292515316444,0.003279957735231344,0.0014788402844887348,0.0007911315274960884,0.0011848915604606015,0.0014252008608433662,0.0010204768457456636,0.0013995643153094334,0.0008896932582126239,0.0007302811997257968,0.0008285497595716259,0.004363171647586604,0.0017240077203445252,0.002634653270252046,0.0018580428299951898,0.0008203200953004658,0.002117835227248854,0.002504970145245993,0.001604610305936866,0.004522989849792562,0.0021581531197139418,0.0026576289533827135,0.0020805915425075702,0.0035554180550733477,0.0020265329919863756,0.007253144951438497,0.002145446110091908,0.0022076285205817887,0.0013678419708226456,0.001965536623653867,0.001993179680747125,0.0010615707796674681,0.003105309715375546,0.001310818236643694,0.010858319405370576,0.0018514858183602747,0.0011881995108426473,0.03138489885667493,0.0026416936648678718,0.003287041411844738,0.0021335277550840674,0.0029191478553925285,0.00028433831552915063,0.008221965523623935,0.010168461245414113,0.004815976436070111,0.00026079051563668445,0.006048946475134639,0.019364941297285776,0.0024878080075250025,0.0029282352278778945,0.012485391348483272
117,0.6993019369465157,0.0013808513571618155,0.0025467071651368,0.0015070138083227503,0.006049638329732845,0.011446082160395304,0.0017305506732438352,0.003902734032901064,0.0019956381113775566,0.003099732595747728,0.007776110141692179,0.0018242203399509859,0.0014792214729395896,0.002232982575196436,0.005148628204584524,0.0006851723205021917,0.0021073809077918402,0.003249955511070537,0.00382934069216472,0.026639401676825998,0.003823667582923883,0.004751896140975437,0.001550993692646226,0.0033717427821894894,0.0013285253938722856,0.0035582172075254996,0.0015109019741072613,0.0007477375021973007,0.00244940345515034,0.0030115188408859194,0.002291480189402254,0.0032912661773499764,0.004120618929477204,0.0018466013262650382,0.0023273405440273937,0.0006318742123244411,0.001893056597769932,0.000781977819141381,0.0025109176076108563,0.0010623178267291204,0.003646628229379746,0.0012358859759356898,0.002395070248923966,0.003716339044308012,0.001190691927081099,0.005158156317789573,0.0034829616977995743,0.006597330949414792,0.003263606979851168,0.0019865545064160534,0.005802673831078279,0.0014411041925330684,0.0017268430598960717,0.004933030383344916,0.001432208168399687,0.0033744071643566553,0.005030240089235361,0.0018181366729541244,0.005751409381664724,0.001526376682421682,0.006525235197359336,0.0012391264920676936,0.0015895331897890499,0.0033437253531450046,0.005728169242855904,0.0008106979390633453,0.00840164933296357,0.0017087345013614668,0.002816907413673438,0.022052645746682507,0.0005562700149863929,0.0031704607433428954,0.0011390493959090833,0.0009526124976739355,5.251769716806297e-05,0.004190906071930618,0.00518699202619545,0.0013832351930322866,1.4911035724401456e-05,0.0047755779133645555,0.014200334622768922,0.0004052475638805116,0.0007252713650395578,0.008725179121412184
118,0.5450300492096523,0.0035638521712159153,0.001998451112570913,0.0017768430663103053,0.004988753718018558,0.0031569734125213205,0.0007942991953035209,0.0004859505119601372,0.0014301304780744146,0.0018326248454715562,0.0016669881732450566,0.002683722438149573,0.0010895287116905036,0.000981107501512221,0.0026972601880992843,0.014868971915561505,0.0009374997201951759,0.0024202564472231678,0.0015577348454320313,0.001480262608064079,0.05372153514123332,0.000766789610992236,0.0010144608831136651,0.002979050440071479,0.001354008379297603,0.0022458766303629463,0.002853791781693826,0.0030443455845184353,0.0014237548930199028,0.010552639596555197,0.002041969234618651,0.0012541388916127636,0.0007764963756087364,0.008327728430792226,0.001175721219801218,0.0007718361741696864,0.0012321869590893669,0.0015069664580595267,0.0012318889572393594,0.008522165978552885,0.0009365637519533808,0.003990720257990479,0.0011928707735683487,0.0013335016931894715,0.007476783629449989,0.031082605661770964,0.0014190285670070903,0.0010889848902839716,0.038717008815979795,0.0021968841607906743,0.002584373941745565,0.0014350894837138427,0.010686939315181741,0.0010350832261919807,0.0074978882757666485,0.0036741098692281305,0.0029298488178942437,0.02184520827859261,0.0008917270188539289,0.003182288532287495,0.0007040149112230022,0.0008821321018007238,0.022939912607630047,0.0004085016140731468,0.0014234343286683364,0.0062191853383173805,0.001430099800087645,0.0021291671851117527,0.007099108368254522,0.016891000761790172,0.008470049669334059,0.005802757155524153,0.0018169713988918463,0.0009219145841870175,0.0009688625845727365,0.008132621245176335,0.004582702110278146,0.005349286867747324,9.393095295761887e-05,0.004951321210843317,0.013441283153531245,0.012709814866925444,0.01474072303806148,0.01045508329289758
119,0.5199091037309406,0.0012274530855579551,0.0011792478516635908,0.012620120014540036,0.006853913466875866,0.002633173968077515,0.0011754094309055735,0.0013210010024450633,0.000969488380051957,0.0013577929215291438,0.018256613337184334,0.0060002356604088244,0.0020017632497910734,0.0011079287607205204,0.007478147573313728,0.0011400959131496935,0.00381431766312389,0.000873580025561794,0.0014104067931220076,0.003145384316715636,0.005981772306112296,0.0037902344001215236,0.0013899015765496102,0.0023158552246654086,0.003783060666224618,0.0015662749862077722,0.0005466932590718585,0.003980762867435937,0.0019640744868537107,0.0022776434187814602,0.0012750432460935058,0.000965917739952624,0.0005963981787204093,0.004550424274376826,0.0010760071627772712,0.0010300604622018922,0.003619881858598917,0.005659160244028292,0.001222937380900761,0.0015193260975563821,0.001169737694589568,0.0012543925520923215,0.006276972675079937,0.0018846628461219018,0.002495285961477499,0.001175840284989428,0.003835761629361604,0.0033568816271799438,0.004843426458350358,0.0010161628572801715,0.007036430832534857,0.0008717110466924051,0.0028706622596656275,0.003180157594016715,0.0011699314048797514,0.0023665403942958324,0.005439047429829088,0.0008546861117127801,0.0006688592405542414,0.0018089823138977695,0.0011061839846962461,0.0029499458307930305,0.0015713017194587454,0.013709928961904342,0.0008530009021590997,0.01610294816450871,0.01550819261462334,0.0763385294875289,0.0023609199341721255,0.04114151802025661,0.015051454980422048,0.0037301066117647586,0.0020213058552108615,0.0032997086937576014,0.008153559679054234,0.006908760277238059,0.006766161264106121,0.013643773547734602,0.0008507343336471606,0.006789058967861959,0.01315578861473606,0.014022581432745556,0.026092868712662153,0.010708927211446187
120,0.47577784787076943,0.0023777809145082572,0.002275494590794662,0.0018574175540647525,0.003640964394426145,0.004833107179510062,0.007390713656356206,0.0022427724425633164,0.0030347924440853684,0.0025328582950057224,0.002021087790607693,0.02089132921072722,0.0025792210945097746,0.004522867904741053,0.005197922766691166,0.0016716944537764934,0.00974994411455241,0.003831518664089765,0.001861246329825175,0.005118677239929083,0.003184387709949115,0.002154092620141681,0.0020940333400236016,0.0014340546192125926,0.0017083744442148365,0.0019756967274693195,0.001567784734857505,0.0014604986047657693,0.005043533015175209,0.061563921059776074,0.01155106877851458,0.00241646728053235,0.006272102227517706,0.0045175596781269626,0.0020424322859388688,0.002331270716074176,0.0013083212080925004,0.0026388598239629885,0.0010161267848196325,0.0010888304015906573,0.0022636967535593247,0.0014876146570120756,0.0015054516481732227,0.0013731396788324336,0.00362098081395121,0.0037453815270737057,0.012238635533553891,0.01742524716626312,0.010478593547248082,0.0016444707665138406,0.004581412909942218,0.0028820028319618673,0.0037620783111323905,0.004083813702228245,0.001666363151262486,0.0049178013504363165,0.0038113506970594993,0.014756322603479338,0.007501851478975613,0.002179563544859577,0.002060726596171015,0.0012828571893433967,0.0022534867168012137,0.0012207166525178869,0.003997697617095472,0.006967178685428089,0.006513325887488693,0.002189513068884845,0.012811339623665987,0.05148130457296185,0.003261293997490869,0.009501725589801861,0.00445464257361289,0.0012156200825941253,0.00028755087636160413,0.01863959370387151,0.018499060900654233,0.005934731536344079,1.630288143694169e-05,0.007475485543510931,0.021178815635938677,0.004533472785860864,0.008133903292000281,0.019385206344354037
121,0.7432105025520404,0.002365342624206982,0.0027083899403511475,0.0016491881057277991,0.005172122150709741,0.0009173483764843958,0.0019677337332063335,0.001270826333628901,0.0004988728208195509,0.001595453824035479,0.0005419230045337645,0.001294669483912277,0.0013307696429447134,0.013096813535794479,0.0006758328160280699,0.0010332065047025049,0.003453837377940736,0.001539916282228155,0.0008352597339087422,0.000595852559996154,0.0017717949000294574,0.0018193711311151812,0.0010090829493139182,0.0037436312604078995,0.001738664683070197,0.0010229015312157573,0.000743773984417868,0.036122493584563306,0.001179589004684709,0.0015609890923161816,0.001493120058849247,0.0011712548362821202,0.0014402189663335167,0.006845201503408231,0.00036781398848082365,0.002868243590455725,0.0010756223955563453,0.0014520761465294373,0.0012693323749115375,0.0016916615887036773,0.0010430337458822985,0.001168964831200974,0.000960255127482451,0.0004989926404386141,0.0029080204920761,0.0022245538153445703,0.0011999808105775628,0.0008107795974646524,0.002103050287337304,0.0022208858226216515,0.0008718603403792042,0.001993935767119581,0.002211051140934291,0.0010265729501214521,0.005299407866542199,0.00048325250808191496,0.0015083605397824083,0.001321965599562328,0.000598640717833883,0.02013178450842657,0.0006613980772216975,0.0019855346991654445,0.0012376907132491796,0.0006008125349115749,0.0013409601107479568,0.0034309161230558958,0.0011072842618683766,0.002242650746239675,0.0026815043013309657,0.0203131838020954,0.0017428486856751711,0.004148669190384743,0.0016416191615878264,0.0006234970679790371,0.00019068922469695277,0.007252611176032023,0.004588078450340224,0.005121807388811113,0.00011168818412683653,0.0061485464667112525,0.013875797975377585,0.002052144318093121,0.003845262203240588,0.006328757054002136
122,0.7051916297641538,0.002211175450651401,0.0026964980385548267,0.0004650291752365681,0.0033305992913513663,0.0009502349728101218,0.0036444653322095827,0.0013505903332257504,0.0016082511177135056,0.0027317410075697593,0.00198429774020668,0.001041592618676935,0.001100095311901152,0.001933991493167496,0.003606392896799786,0.0010511175349450952,0.0030423059441062974,0.0008563349198204097,0.0034658850179674692,0.00046433538541930315,0.003980375583251475,0.004043917963757144,0.0006920630306842577,0.002448482004908701,0.0018727820316364761,0.0041412923340945545,0.0009201771361732398,0.0036522835235137134,0.002867783687226304,0.009198613753062097,0.0013487984814022824,0.0022221234929059165,0.001535835994803744,0.002076418139516803,0.0022465271398135877,0.0006810852536882303,0.0009027837136547935,0.0010972888214637012,0.0014204951672467415,0.0009428762418700151,0.0021393472441538696,0.000945941397910015,0.0006265891304589478,0.0015343730154906996,0.003951753936089191,0.0010736948843177365,0.002460116951352059,0.0008304164648235518,0.004559681128674182,0.008036517363121786,0.04101392857248518,0.0018329560514868768,0.0031765758792018065,0.001135553683682986,0.0019542290863430404,0.0016846754769904676,0.0025355028875285765,0.001419325647716764,0.0010021132231264169,0.001413356191485495,0.004797639973898107,0.0014193543747521502,0.0017097340417545244,0.003436678653567275,0.001381724864217552,0.0006499541246963975,0.01752479244098605,0.0017270722776244534,0.0018087368985629292,0.018828776564351054,0.0014756651784091945,0.0025616140853692987,0.00200725124674051,0.00026035778791463806,0.0003440709493682482,0.017210446284970322,0.003474696919458106,0.006448851944251638,0.0004995889158132669,0.006603649526804301,0.015384058496095289,0.001303354906349452,0.002625587772371862,0.012171126714072777
123,0.559548012211735,0.0018897748864143658,0.0030989766061365535,0.0025920155677878246,0.004856980033070948,0.004854713990262722,0.0017444217295359008,0.0010922660151340168,0.018679096650532707,0.010943107138909652,0.033844628498349766,0.0019398543505873254,0.0014356955854835714,0.0011100826423234744,0.004202243747120236,0.002647459639552849,0.0013876262593468954,0.0044112075096161595,0.013278469337185171,0.0011020263731489808,0.005431145433762299,0.004746680108256776,0.007592023331837445,0.0035928218324668285,0.002014657500951801,0.0018436915617699335,0.0005924327183983477,0.0013070947034248147,0.002414683963887117,0.0009890451542412092,0.0007956108418066223,0.006107689481933863,0.0004637050247086872,0.0011677213196500777,0.007142296327671791,0.0015487481855165706,0.0020333297240434024,0.002146678806603134,0.0032358015084242102,0.010622611154594695,0.007136231218544836,0.009020308225362084,0.0009921939819323856,0.001406280213761703,0.0011776550853607821,0.0016741561440073397,0.0021058235441919226,0.006114338396903382,0.012464696532205503,0.0027489892091232763,0.007535197872339017,0.00345791051337398,0.0065199381298895725,0.0034532078818297614,0.0036097584947831804,0.0017325192689064885,0.001835122320505912,0.002566664067195017,0.009575577451360008,0.018938115786870966,0.0011677674985506952,0.0012231701233897804,0.0007931729134630246,0.0005844313964705602,0.0023051848757816005,0.028457156934633243,0.001914879033820119,0.019290952703935653,0.003552016170835965,0.03208610204232323,0.0030315453336138636,0.0028667908957165054,0.0015781292615129078,0.0005622438566391786,0.0001962816838350035,0.007378965412768084,0.008128710582533642,0.0033665271880861905,2.634702324509775e-05,0.004633863457252402,0.010867455562753411,0.002470147380857957,0.0073358439296181506,0.011670502943733098
124,0.5708771052820131,0.0015696619547783206,0.002359054523036953,0.002426550940537968,0.011534506123702371,0.002279169681875428,0.007574715716812584,0.009153388464476806,0.001539155175313212,0.003308498669538124,0.007436265882784311,0.009427464326144084,0.001228168744958642,0.014157096077931327,0.001998495356046381,0.0022639093097644803,0.003256567587001559,0.0051810261144697636,0.0011587494424881689,0.0018009939180295487,0.003089513709830212,0.003941998293861483,0.001364361372284472,0.0021155017871717185,0.0009336948587945872,0.0016725247692953465,0.0028471362306960886,0.0028892110055114806,0.0030251489683767773,0.038372063641351685,0.003392411458359099,0.008332181710167483,0.0016298792317740087,0.0068965725541227044,0.0009698688398947332,0.0017947880595806578,0.0006512748157053481,0.0021377618850628843,0.0013741807328091441,0.0012015564911623013,0.0014693731367460532,0.002275969778709438,0.000707824515543144,0.002026759664402997,0.003134405427319283,0.004936641639036771,0.008319354275193746,0.0014319287384747653,0.0014163198612129025,0.0010017984565663682,0.0011760258906356054,0.0035716566786592957,0.001523560326955177,0.009402446118978154,0.00287278511131326,0.0029421924226250736,0.002410298778488548,0.017113112958500574,0.0018919525748748965,0.006590847321886248,0.0017383315531195904,0.002135928196207447,0.0036438142163880685,0.002111774211144996,0.003226479045648431,0.00586761367844698,0.002374954260100899,0.00539242332902703,0.007716644939054485,0.05932892008513982,0.001882789950524581,0.004610154007964284,0.002305597657389516,0.0010446445481429646,0.0006691812860732004,0.007192835918373194,0.00595652612116041,0.004873696635624215,7.934830996928688e-05,0.008200767805338844,0.020218954074202315,0.0031058591060993115,0.0036151528334007446,0.017330180847821695
125,0.6992033101035903,0.0010458063684071093,0.001397289152840531,0.0029419772356846148,0.0037127890824732927,0.0009517472599305217,0.009490465497062846,0.0030336394251349644,0.005168964520869657,0.005542223602662777,0.0013870906476448248,0.0035283986940782327,0.003498108097757963,0.006684679800847592,0.002178468180602798,0.002265632030276238,0.004454082380833602,0.0015972182364563108,0.0019890166830862006,0.0015911176551503927,0.002996964970464478,0.0009565458168136433,0.0007011598653830848,0.0011873998757461254,0.0015421566446153785,0.006774062099142639,0.002865363082875612,0.0014854474647206504,0.004588620581439568,0.004637445453019583,0.0043710636268322845,0.000840605129329855,0.0005690049636381685,0.004485606991260716,0.001040437840691805,0.00354622696065057,0.0006259784270871088,0.0006853870496668578,0.0007228000230273499,0.004667964810824682,0.0006165031891648787,0.0024234555143489217,0.00039748210923552666,0.0028845656156467805,0.002449513812630857,0.0016093542416193045,0.0020222772218849838,0.0011726489430037023,0.0037614414342994193,0.006851319090479499,0.0024002707958258726,0.007780081266724326,0.0032924756024212817,0.0051943941025246335,0.0013343403560789812,0.0045123569714045075,0.003770810368802295,0.003950916952507217,0.002767608495212762,0.0024693062549718237,0.0013679970657187197,0.0035554840827382106,0.006678312682780201,0.000847776233042745,0.0020747737376617527,0.004829513283518881,0.0008417389594777277,0.003901184609985775,0.002650764655200831,0.024443624690334814,0.001005919247565946,0.004420643575898212,0.0040499454260507035,0.0007848419358160528,0.00013476331829990644,0.013384012699920652,0.0101888397733319,0.002092130083547109,7.532656968822361e-06,0.007907137690109516,0.013088494110177226,0.0008477467290755393,0.0024387152829520907,0.015844718798418082
126,0.5308996952542167,0.002642986654487393,0.0031227579758970935,0.002057185266546233,0.011570357878452425,0.01855694411243773,0.0025366909549217535,0.004633838979094695,0.0020708030370065683,0.0013187395721816584,0.002950071705366598,0.02274844264819761,0.003907959353910659,0.00423796002671725,0.00398581318337917,0.003867758967197641,0.004243752949143852,0.005467662416031686,0.006069102887571543,0.003671409110298338,0.030261682687900804,0.0029715468483012303,0.0008745344283915164,0.0026164987176572033,0.004339755662863411,0.006634795660660428,0.004928824708978747,0.0021162830633928223,0.00346861241767621,0.005952765622481971,0.005157498116686435,0.0015706005530162145,0.0034174456995885202,0.013018521270784515,0.0027733457148081423,0.003718940747799044,0.001826033323753625,0.0029598723406910324,0.0027783781806005057,0.0016648526155060757,0.004193941857581293,0.0018176428491131266,0.002117097678185705,0.0014622281599119948,0.004089599400218816,0.0028874761281303205,0.0018499275793159987,0.0016969007726502343,0.009357872495541176,0.0026899276716245805,0.0053542313997805326,0.0018136894443493308,0.0034988575616496,0.0053615914389026865,0.006210799338108231,0.003371349295691679,0.004790421856330448,0.00897398026197057,0.002217623895533773,0.004217298863382052,0.0013991357775816195,0.0021575145110904956,0.0026163041575680305,0.003453916482829151,0.004075558444460399,0.004465462131890428,0.0033595131042597334,0.008502524811470845,0.006395733678466414,0.0438221059218509,0.00398976386524283,0.00472919789204821,0.004543990629757335,0.0006430535234433732,0.0004878942758324464,0.011427195033435533,0.01105610849826865,0.009027397998045942,7.400864379790812e-05,0.007552364433166496,0.019605053912551944,0.0029068430470095847,0.007334767221013273,0.014791412742351264
127,0.8239869536604237,0.0010312724634139857,0.0011026312000153927,0.003645621727462014,0.0010473850910147243,0.0004599954061426715,0.001636642169651176,0.0010029811198753397,0.0006160205492127393,0.0021222833900373527,0.0019138007762147244,0.0022108558192129174,0.0006804534810551193,0.0035276811200376876,0.0033610560369083235,0.007250034107743096,0.010795844861832361,0.007705934710105916,0.0007838692358176071,0.001178120915247991,0.004094408028635327,0.0013635337987237522,0.0008481609593188674,0.0003920743454542235,0.0010541737150246433,0.0013886608620923336,0.0009339428495592131,0.0015319603262622192,0.0012156076981950283,0.0012913490232464915,0.0016306055367696082,0.0004570197195755709,0.000508228044056947,0.0017009750016969186,0.0013434242138046903,0.00035231862967613687,0.0007603836501365101,0.0007397967314463459,0.0010171903560443247,0.0008238943475413014,0.00047040919020234983,0.0003590975778846874,0.00034395532280132474,0.0019930224450304184,0.00046602369384786743,0.0014122325413361675,0.0015002404693276472,0.0003505966216453683,0.002139783334354729,0.006231093587787819,0.0015570186135913252,0.0028599510138410224,0.0015944092808858642,0.0009507617791606807,0.001562206893589696,0.0015675013991735683,0.0008843225269900076,0.0048904588317672994,0.0009237415499174058,0.006062315659114549,0.0027190288021002895,0.003242678694321314,0.0029425529124796823,0.0020616252349568783,0.0013978716307441255,0.001761746457157331,0.0009862504220747562,0.002281403668554131,0.0009285943610137321,0.01373337212069822,0.0008691447632426661,0.0009953590329640962,0.000674256216673796,0.0005041569188250493,0.00016991564006410762,0.00445569215739843,0.002157982635673803,0.00151148091847636,2.698051073070162e-06,0.0023574453771264253,0.009792225751412193,0.0012400202347109457,0.001316987200385791,0.0042712227869377666
128,0.816093971654249,0.0008432604863273084,0.0011584272726645737,0.0022330936079349435,0.002305389132220177,0.0018843624578793266,0.0015290803087326596,0.0008957790582870136,0.0010902979622490966,0.0015678232451814442,0.0013270237955725927,0.001590751165413378,0.0008813515159464086,0.0018420163208756532,0.0012249416371412092,0.003174446590406333,0.003671373279542435,0.01318954557354189,0.001776811602951205,0.0008511146224325835,0.001738095319483276,0.0013621321537126553,0.0017219752827306173,0.0009589032512991555,0.0012702044002900431,0.004733689478947061,0.0011701711940455693,0.0008214271569544845,0.0017779633694407434,0.0027473545650158536,0.001825327918423824,0.0006472483820501416,0.0005959363306495922,0.00995613834125119,0.0011969095478973223,0.00031817070059639866,0.0008020397458175699,0.0012749426691792273,0.0004488348750789046,0.0006356753880767433,0.0010309767494103166,0.0005984323254738554,0.00045865724797288003,0.0014976595143389758,0.0010079801656034703,0.004132002789062174,0.0017252283525108654,0.0005665940134989681,0.0035803272876764065,0.003013161024910359,0.0018470902086435443,0.001753091781955938,0.000452919002421365,0.0027966123190466654,0.0007132499750586305,0.0035172239080850523,0.0008161954144313027,0.004978028071041698,0.0009330395681495349,0.0021548786979939836,0.0013734846280802529,0.0020195188146313976,0.0008753504929869241,0.0006454354563971322,0.0022010738784136548,0.0006361423995202984,0.0009263103913788263,0.0007128241370307567,0.0009339121926479062,0.017557432458903212,0.0005226406884214258,0.002148865778214247,0.0010463578287047979,0.00027567957028045434,7.042623734455297e-05,0.005085217689219968,0.0019555285729647197,0.00209745645760598,1.2703897106697588e-05,0.004416857697878844,0.010581487266865345,0.0007948548866342842,0.0012354302541323502,0.009167658546860389
129,0.7214851012753445,0.0032426090875863262,0.0034106276856725637,0.0012215681610475621,0.0050738423574030345,0.0011196532056310458,0.00043553938492080945,0.004281798001298081,0.001573543657398732,0.002700159401057361,0.022181551502805954,0.0013491147916795227,0.0007705141476387822,0.0026036182638781353,0.0023863830000153403,0.0007196363472344043,0.0015673112271985317,0.0016618131190124933,0.001400026974684872,0.0015489967180871505,0.0009294859356368808,0.0011253622687166164,0.001176001963186787,0.001919265933149342,0.0006306999059318409,0.00410490472781003,0.0005014177272412032,0.000956301153172874,0.0009371421016957746,0.0010367806708292313,0.0019351290964277636,0.0008823005302529808,0.001368558163176075,0.0009061371738530802,0.001705293323625272,0.0009888489574881821,0.0010829512141166647,0.0019766982501328626,0.001398983040819506,0.0009238115992737186,0.001716069116307614,0.00041199902079085355,0.000777635904601806,0.0030738302989116307,0.0029862861506137674,0.0021831890517414985,0.005106034179077766,0.0014794107133032654,0.0012393302107066536,0.004277144100046044,0.0018954166788109508,0.0011935275741240452,0.0010319252929409733,0.0008549076615442526,0.00230451076557253,0.0016786701600173658,0.001965347666192418,0.0020030082507312107,0.001313700962162084,0.0024318924271551465,0.002590504676933519,0.0015524325457380854,0.0031789037818416317,0.0014590335810857804,0.004494430121036627,0.0310215832538593,0.0014683756557724846,0.016736513159439078,0.0032262003429163687,0.03055616632783066,0.001540232546967861,0.003042797103424944,0.0013152915616609143,0.00013942420348218317,0.002338482580320884,0.010005499541909723,0.005843819902998263,0.001911629474916636,1.258220642670951e-05,0.004067853000948877,0.01175151364564227,0.0013070885805686612,0.0025755809127286705,0.010720743060066026
130,0.6563353321447352,0.0032848440953757575,0.014160193541695858,0.0072073699078216745,0.011097301797016674,0.003165532271377736,0.0004998326979003019,0.001921354349578203,0.001082724290809347,0.002157525580890144,0.01329404148418544,0.0010713074488249577,0.001858239647923941,0.0006792340958943963,0.0019832641492226787,0.0014932469098413157,0.001613278770283896,0.0003324716012050583,0.0007595408492269386,0.001529765754346978,0.0011458676679473383,0.0009705563749694513,0.001965841205784908,0.010811879995984954,0.0008835421080492179,0.0020147988757542442,0.0018217955672006824,0.002290909869815464,0.0011900248354182298,0.0008397593158194043,0.0009249678168539197,0.001657391666297424,0.0011789537846595176,0.02644412614435254,0.0006862810896776407,0.0022780338384171973,0.001127188025327741,0.0009120451234673869,0.001101836524193037,0.0006739095522540722,0.0012969700645518662,0.0013180321380712665,0.0010844680389435982,0.0010267282551564285,0.015940960622574156,0.0022146367528626675,0.0013966819589978261,0.001204962176795578,0.0015410131648744558,0.0017936469239998396,0.0010816331091640264,0.0011191281408370318,0.0013107270638056281,0.0007785712533627735,0.010865951706053104,0.0009349392283272017,0.0029088070914982593,0.002285576384820593,0.007099765622194705,0.001494654980150759,0.0005179194587802013,0.0024394330786890067,0.0019219466245779815,0.0035298182015899415,0.0012234056647909455,0.01713218403539133,0.000993686212778231,0.012425183966588614,0.0016434693197937811,0.0260460161405635,0.002104131465033552,0.0035107672713710113,0.0012659139137388084,0.000437688679158141,6.283894451542728e-05,0.02061274011345514,0.010189320599234719,0.004113820100595812,9.177832249453421e-05,0.0069144665353281145,0.017835853380340785,0.0009524801625851985,0.005839939540606179,0.01305123282055667
131,0.5435531965163715,0.001093401124797517,0.0015479985239214072,0.003397204571857588,0.004804904559035297,0.005071916275563678,0.003126972488043438,0.01821230704322249,0.005016830019429889,0.0050487443679054,0.005071315723125422,0.003390493085508107,0.001919259041561411,0.006205375919286533,0.0015123692229021821,0.004748729914771108,0.011375437452361132,0.0074792726133864505,0.003706686080480911,0.0035403280710713677,0.015572991369387891,0.012237500878940884,0.002552290087588052,0.0014038699069516124,0.0029347903210045208,0.003553813189932805,0.001482665648157257,0.002948462402370025,0.002699898061461265,0.00871701753229167,0.0029624085716360654,0.0012007699579502447,0.0035359957838230994,0.0028823106180018965,0.0015154106449887196,0.04051858296106388,0.0017237020343056542,0.0022804230539862887,0.001808058235514279,0.0013632241193232192,0.0023231373390148135,0.0016742265345236448,0.003782622206773824,0.0013777981057303474,0.002230153191953052,0.002184617924793511,0.0034282337833477887,0.004755581104747897,0.014299177298864698,0.0038571895916037742,0.0008986138148482003,0.0027461721405199267,0.002700501936999294,0.0016662291164382679,0.0027434822351906415,0.0027492633623260186,0.0065469871381231195,0.006224267678376927,0.0034543362019152897,0.01088891546683558,0.0017968948877925032,0.0026637857948199166,0.0019535954300953103,0.0016727533725188672,0.005388659639501245,0.007095706304279152,0.024157019495712858,0.0040224242406048695,0.0010168156970972488,0.03440487175084421,0.0024688631678279286,0.004053840531306774,0.002745258164336246,0.0016073458610181052,0.00032021074149572205,0.004885322047633849,0.015533188063079444,0.005330222014247681,3.802846256072223e-05,0.006747724973784222,0.016669648452734942,0.003861411674195631,0.0061948678971296,0.011123107169174291
132,0.38085729278146785,0.0016861856819463783,0.0014172559257421698,0.005400911488288958,0.004968567312103345,0.013172440129448302,0.006064639860204969,0.006765920302620889,0.004755708576609992,0.008149374392801716,0.005768880331593169,0.022903718543675785,0.003681589920885365,0.01468529588832064,0.009106034427621723,0.0031694820389288614,0.027640505049902023,0.0030119185902891268,0.008410170187071258,0.0030934110588928783,0.011954714870901335,0.007310071644372556,0.0016477324448898039,0.003929290489811705,0.003771618627423759,0.003443101035496843,0.0036301382530699944,0.006077860592829396,0.005071386678709156,0.0053811749938624445,0.0030366319298048045,0.043260915923055435,0.008682914467890396,0.005372374651665303,0.00840250556117754,0.003757813049474903,0.003886698585855606,0.004617827630160521,0.0024164030835062992,0.0014793352260990683,0.0021413173508328174,0.0009700861456658568,0.004691394384340142,0.003345544061552544,0.0021935019899492767,0.002728760811868645,0.0031535576296493877,0.005648968937998264,0.003432943427742538,0.0020786626303476346,0.001455162099008018,0.005664281660291546,0.002429927234042191,0.0021768080126004057,0.008042765104781992,0.003473074798298727,0.010304394234885597,0.009439249469345544,0.002980585107594406,0.002509966073089779,0.0038168674457227415,0.002711866983170546,0.009477970390954184,0.0021878180730319262,0.008598645253078123,0.0008359203860618234,0.0032298727357864664,0.0024943663218788,0.005257708011203674,0.0742104821740409,0.0033786166130164315,0.004874097942132203,0.003054908191535053,0.003040380643808658,5.8875400559570465e-05,0.02424303202781438,0.010879939988444758,0.008476460440442046,0.0004391269977015791,0.018213362161080673,0.031645970944113894,0.004138686823877857,0.006082970909700054,0.017951289748486195
133,0.7355028024288561,0.002446449261399646,0.0019875780326010684,0.0052106423544451864,0.012946952789964593,0.0019312018483654244,0.0004945074728296419,0.0006619177361602374,0.002520200410285898,0.0012460976347569597,0.006835822799480295,0.00141954099668357,0.0007533391464811059,0.0014372589641427436,0.00516831981436016,0.0014539574944217792,0.0012098086824032872,0.0006240936661713512,0.0010472022636947075,0.0009264197009896558,0.004907359487354157,0.0010257660882839765,0.0009449092936479312,0.0016474820701520537,0.0011711827273978347,0.0014909354833594545,0.0006742950153067646,0.029494133489662934,0.0010530542723908552,0.0011036157155115871,0.003934303892153692,0.001908418347689812,0.0013738440768222174,0.0020092269828035627,0.010211005310180555,0.0011374588280308564,0.0015705875865751361,0.0010220140219813403,0.0014613401458000315,0.0013612621907579646,0.0007593162356507383,0.0013148834519755976,0.0009126862131410738,0.0032052534496850855,0.0029677190592758015,0.0031708101821776784,0.005058188708866096,0.001973149933211,0.0010196716473255697,0.0020573975715058876,0.011410016805199558,0.0010199305500509517,0.0007640495233172416,0.002450013835239333,0.0008501972600266294,0.0011545008476408168,0.0021870927985875193,0.0014262483691663793,0.013163985685322276,0.0012453779180994643,0.0014457947790303437,0.001139091417912676,0.0004619106597770492,0.0007302322847383678,0.0017833161978618227,0.0020739028512262365,0.0018316776676283505,0.0012609676302048165,0.0011834112373145668,0.02464498966866182,0.0007434626487406073,0.002238674274014247,0.0007977554562945319,0.0002952329264651104,0.0002352301153328343,0.004706099618715036,0.011788817833577919,0.002626105239642786,3.590190921170662e-05,0.004155531443538838,0.011370760923855869,0.0007486868658181582,0.0010391800865177476,0.009226467694097696
134,0.6463353606415019,0.0034081052540548677,0.002430235644805957,0.0036751307550842577,0.005147767682459033,0.004063769663523516,0.006768230990133461,0.007461320891226552,0.0010915953765234501,0.0010069110917307511,0.004713251278034365,0.0017742770721753864,0.0011858982424584827,0.00270533014139645,0.003097059573413347,0.0016209274896578523,0.0033140335765293647,0.003908265036212419,0.0036723930207599024,0.0022345588971123143,0.0031690071036170634,0.005005871453925166,0.0008568636099874882,0.002153431893723384,0.0020273439373172763,0.0038217586265631587,0.0012526943586549408,0.0033376755315787467,0.0018318758570920052,0.0028519615156535148,0.008450860831054507,0.005032709469982324,0.0023249299420680858,0.013157410287821691,0.004669341944749902,0.0012200106179359102,0.0014755343800623322,0.001797373164499963,0.002665760100309211,0.0012755493573749406,0.0015391038530786455,0.0020497362183493095,0.002037951975011168,0.0037449647456318327,0.003734331544052404,0.006389897810592603,0.001804940057282748,0.0009138265543280001,0.003723787993994807,0.002968251083136632,0.0015265882068088792,0.0022630202165736858,0.0030622774385971434,0.0014441395883252898,0.00374602992658881,0.002613322374635075,0.0023760497577390185,0.0025817661154264385,0.0466482331874654,0.004012364826927904,0.0031574151250015553,0.0007729836892261503,0.0019507169143556866,0.0025458019749543775,0.00402827187160393,0.0026496274009187326,0.0011581712072146805,0.005703899530578447,0.004203452268677994,0.0247166413434939,0.00161858881352819,0.006605926836242696,0.002842033065603793,0.0004393265025978612,0.0005069368348380868,0.008078863959008987,0.009518252216159285,0.004448493738753166,7.600437596086708e-05,0.006306694598058161,0.014783605241431843,0.0013544811253285323,0.0034047542187654934,0.011956087370386703
135,0.7379097988797547,0.0032959226383988513,0.0015583827830041555,0.001686967330815254,0.004843006034677022,0.0011086208355006828,0.0005667116699564817,0.024289000293461656,0.0013237373356011883,0.002557340840789747,0.0013307673478018941,0.002105658229750613,0.0020660320725650653,0.0022599418545656653,0.001632690633496525,0.0011016280401926323,0.001906395649942223,0.0004499255748700328,0.00183500316372595,0.002313499332346966,0.0014590394012469541,0.0035589721097076575,0.0022332173068696846,0.001523716185516439,0.0014501501277085153,0.0019187427378839976,0.001001904977723192,0.0008230216569996021,0.0013657924205148345,0.0009943942934386352,0.0013258523037488674,0.0006955805463956734,0.0021698481022471333,0.0016061831496143929,0.000503306342937582,0.0038062739702443573,0.0013578765506838527,0.0008702769287545173,0.0010766509011103569,0.0011200512042439793,0.0006838300819217898,0.0019099152964840952,0.0008178653955478834,0.0019039266521152151,0.002153302288888695,0.0023350305685436346,0.0032685397607803983,0.0021317968498699986,0.001411111444291253,0.0015260014473388029,0.0016931597702985542,0.0025002436036025357,0.0049872066036968175,0.0015241608032966155,0.0011987625552265346,0.0032199145351375622,0.0020556235340536163,0.0017610720343062209,0.0014670731937550905,0.0010381259465831738,0.023568837708748937,0.00486349905807588,0.0016259470644686758,0.0010969204383071717,0.003804461664407708,0.004544274980508015,0.0016917334386387236,0.0006922586576036631,0.0015755841020504825,0.023015281585684857,0.0024076995385030574,0.004119856701149408,0.0012922773166647373,0.000422449877376363,0.000136050255959185,0.008593286951221616,0.00572630486933233,0.00549144905884027,0.00010307707393324958,0.005492202945009749,0.01549075548156851,0.0019208608554420934,0.005730248157693693,0.010006138094265534
136,0.7942374934571907,0.000920693817768405,0.0009169866040702548,0.0009550320059402871,0.002700759404846558,0.0010438202896085726,0.0004144562085650183,0.001215574197917924,0.0006404065395416614,0.0020837451675254377,0.010819127546651883,0.0008814835126095835,0.0009448143567613677,0.0011680732914788159,0.0021225958930404846,0.0009772881027062515,0.000839801453964826,0.000622316832262461,0.0018218426843212342,0.0007584917694283105,0.0011042033148063214,0.0012154890092089126,0.0010678945644613004,0.0003932552180629971,0.0006090423855888246,0.0015495566460545518,0.0006786741241924225,0.0008426812019238104,0.0009291450719900116,0.0010426902081825211,0.0020811733908188833,0.0006842556903755458,0.0009649774194061903,0.0008351147774061201,0.002895479948017741,0.0010114700699610875,0.00019195711896420083,0.0004444575861812217,0.0005690119889423253,0.0013950605755092909,0.00037624551601201625,0.0008012047915311187,0.001420680147152848,0.0010025095008124275,0.0010025978235127162,0.0029065830332257385,0.004692969825579423,0.001065300528279051,0.0007956435860272851,0.0025326644451507574,0.0010025895382885896,0.0011042159260666628,0.001254744165731082,0.0053571589204842816,0.0023590345998539884,0.0005659460671656626,0.0024029872286599387,0.0008086867096291447,0.0008814056200835538,0.0007726761464805929,0.0031320859085451585,0.0010418007956217831,0.0013566142445879206,0.007649703011715712,0.0008369304509354256,0.0206120312479891,0.0016706948880795024,0.015982121971055228,0.0006076340143088721,0.020951853211084576,0.0016431908593211952,0.0019127638794656306,0.0012134756679515587,0.0004450901754565124,0.0001672123475398092,0.0023809109884463894,0.008036649832281485,0.002775154097364172,2.571874793189563e-05,0.0031863949193861184,0.011057327867509752,0.0014287736859587379,0.0026124608491026233,0.009577168772379734
137,0.5538452240502568,0.001761118546463843,0.004162427172639367,0.015560444454470964,0.0025603960745946472,0.0006363751650645171,0.0025392873121427052,0.01137268852028345,0.0013980365442641367,0.0029312734559480604,0.0016029129509149544,0.0031519137866921777,0.003717802263407726,0.0025345517623254956,0.0017860078640574292,0.004382481423861696,0.012554864760427097,0.0010178053797929851,0.0008925246528510436,0.0019434144597505593,0.07599525903878877,0.004684865273856548,0.0023146048010951534,0.0034564529826674175,0.007878173858752252,0.0016649520404571712,0.0018156810764740517,0.0016547989561380104,0.0011242401282429274,0.004056012943211114,0.0021573761778905243,0.0012080054026785986,0.0019377034309402536,0.005029198546571205,0.0011247156430308188,0.008397069657612957,0.0006972660201576122,0.00169290440059847,0.0006447845583172351,0.005196253543887877,0.0006049667297763387,0.0030065333373820594,0.0007320116573230972,0.00045283757435249063,0.002283670310059674,0.0031377654358772157,0.00458775328952246,0.0017700939903184912,0.018291716528758665,0.00844591130119562,0.0009643237011119135,0.0021083719872971047,0.0161699030498852,0.006003471039866714,0.0027129613198349583,0.003057079067019941,0.005841445000477958,0.018059153932774154,0.009075717254524215,0.0019325316891846704,0.004137633437762422,0.0017954421825131471,0.004735593735977664,0.001307683958775025,0.0006357748168269567,0.0032030486594550257,0.002507871100843503,0.0028507379506788745,0.006122890894762953,0.018485234990491158,0.0037166087678628507,0.0037631965803449534,0.001551090305623681,0.00022772228074510658,0.0038413570729274728,0.007388482114621253,0.0075892942052494085,0.0035407967274917332,6.493258098984898e-05,0.009380734950049012,0.014837331212691665,0.0025133491645565015,0.008455268415349814,0.01502783661528816
138,0.4909915402589392,0.002148990036116356,0.00162189060285093,0.002353240428026367,0.006836414652081945,0.011015366033460252,0.001970705702799157,0.003451840241110839,0.003635259641885434,0.009075789045727308,0.011497868351088594,0.013371498336036212,0.010070800304784714,0.039823656104856185,0.002143654912213229,0.0019821675903955996,0.01058848788099972,0.0025765815535329865,0.0045289426095494485,0.005112768034502093,0.014158140771729158,0.0018588127737105724,0.004364226414332196,0.0020785735524882346,0.017927862247811833,0.003804790389839168,0.018197947853460388,0.0025969652923250167,0.0023023603909859847,0.004866171033837804,0.00528945848951258,0.0028357377134677966,0.0012009684215817324,0.002381572514948921,0.003761768573972557,0.002385147495455374,0.0015716367203707597,0.001474492191479361,0.0010259717686628518,0.0017428118665210471,0.001705884355499188,0.003089657155665682,0.0018635309775329985,0.0013946239930515626,0.003990170476772692,0.00452356020374291,0.0027329596976216988,0.002939453581001213,0.014738125567006268,0.012988009698555557,0.0028527905940123727,0.003686706061958218,0.003751999869032152,0.0022832258766556112,0.0021116182828726632,0.0034000697357416147,0.0061757279006769234,0.0016217768558020144,0.0019723845413901126,0.003217344621907142,0.002197936679126624,0.006104366056748253,0.0017405037981396089,0.001111110791544162,0.003068861390295919,0.0008850507810904741,0.0038835644938257645,0.0022143510261112324,0.003810277842793124,0.051916816892734106,0.0031405377701012593,0.010155636392058758,0.007772970302026235,0.0003725902773534078,0.0010243842962583132,0.01050978794164259,0.00875726205987049,0.00713520703377787,0.00021848654635283675,0.012574242375947712,0.021926468043400926,0.0022027134059973584,0.005811946810569002,0.0198024281482855
139,0.7937409167817143,0.002326051998069582,0.0011395429429436105,0.000952220601441465,0.0031848217360452105,0.0010235677614197772,0.001357380994306963,0.0014086661433086237,0.0012315613398664244,0.0015815387719133767,0.004441778814284224,0.0011267272588054338,0.000698184233946631,0.01075240760879166,0.0014095166527089674,0.001611598297594269,0.004100668459469741,0.006031327449936851,0.0023330125608224295,0.0021976846750557406,0.0010902828913815828,0.003218417101378182,0.0019801283322508664,0.001195590188503431,0.0011916986504022513,0.0007801940320928395,0.0009742355189401173,0.0010211655490500557,0.0017750554231663457,0.0017503665951973022,0.0008993333300188034,0.0013718906487393762,0.001733224173899803,0.0012682834142427088,0.0016212216855309809,0.0008464916965890768,0.0011068381872838132,0.0014579956614256054,0.0008617800243118136,0.0010498794579304836,0.0012001906090447852,0.0005706306914352289,0.0010506976333089374,0.0008794923831284018,0.003945163213346654,0.0010697133547303464,0.0016523697638121044,0.002411143971078516,0.001815081109429699,0.003138203379894086,0.0020083990044007668,0.0026999209786614303,0.0012880180557758745,0.0008869659883095105,0.0015106893054102418,0.0023803157511658947,0.0006744385620183722,0.0008837522460102221,0.0010265590359263665,0.007155368977816146,0.0010810462871186164,0.0013061868671800185,0.0015730149005547126,0.0006387898175692724,0.00853569846508547,0.00351928883385443,0.0017292539720079904,0.00723299931267009,0.002022855372748111,0.021059337509231564,0.0012741331923711667,0.00215821041237697,0.001381587883400013,0.0010781265607723415,0.00013168037229347728,0.003337552953852776,0.008892963419898656,0.001401605407308684,1.20921156918546e-05,0.0031901961781508927,0.011491995260366825,0.0010854556808458948,0.0012802457796399417,0.0064953217855258484
140,0.4869573522718563,0.0014050329310460591,0.0030418447443445046,0.0023727010553174265,0.003935239687608641,0.002056779260478435,0.001454195911510815,0.005238401366845387,0.003240078312028691,0.0019268082311784615,0.0012163306290727117,0.0037181471758887807,0.0027575904688033623,0.012663711048778288,0.001543445879830951,0.0016199249594356137,0.0014171433790813417,0.0010526665276151263,0.0029140949353514897,0.0008271557490657963,0.012360051153362394,0.0018142640831582393,0.0010563326676093633,0.002019678543406744,0.0037438039409899673,0.005792064838215424,0.0014591879925933235,0.007801424406468285,0.007131510747668954,0.004522377859254038,0.005713629948055237,0.0009593668036020559,0.0007440272547837778,0.009275069699505386,0.0010294078947092208,0.0006439864406117398,0.0016763672880756627,0.002945918033425886,0.0012654488380197508,0.0017010773908177636,0.0026257054926550182,0.0028766382988746953,0.001298349543965581,0.0028050521484734186,0.0025675740065942937,0.008199818474807259,0.012060343524707381,0.005168118254129503,0.09004027043633545,0.0036266294804380176,0.0020825572677869116,0.001965952833030114,0.0014551127884808897,0.002883243915124127,0.0016067644188904244,0.00360511303609475,0.0021408334991420966,0.0020040280921468554,0.0017577365376436312,0.002119082721945991,0.0013453443462990453,0.002718424589037654,0.05650381874575085,0.001525137942113882,0.0037099006227034647,0.003443374284595586,0.0029963021100904447,0.010847869735362383,0.03391171271098376,0.029764962491393605,0.004082935128989715,0.0027949611346375328,0.0017420074607142574,0.0003503961130304844,0.0014265965946987735,0.00920534542777886,0.005856277521591593,0.004847405454175503,1.0905083780129518e-05,0.006037429693586402,0.01475826996867407,0.004427951819842523,0.015435071635908137,0.014355034263523607
141,0.6162226979810399,0.000934566137355514,0.002121823911505677,0.006340548529472365,0.019773227976848204,0.0008313147895316407,0.004041675209919502,0.01935395528065198,0.015921880221861424,0.0008935444749923711,0.0015924965427046786,0.01605995224321821,0.0008119996657312774,0.0012188821700749022,0.0015292415154147965,0.0005645627195858657,0.002704369616165731,0.0011546390913733798,0.014902939489504292,0.00043904504689937056,0.009424400675568967,0.004262591779737953,0.0015871392143941426,0.002563717930338975,0.006186128221110901,0.011708691638846252,0.0009818423874120763,0.0007567017434618129,0.005884294304431858,0.005348937319149832,0.002022254775091962,0.001608625624539276,0.00033036456521615153,0.0016738049897210472,0.014769972729410283,0.0006356855005993601,0.000773676766297662,0.00143749535462935,0.00037662421802191226,0.0004720687284055871,0.0004351533545417307,0.001081327723961494,0.0004395348901639001,0.003036356885095189,0.0015901612941793654,0.0050992766166353875,0.00753407729346692,0.014082886827611074,0.034473327806548326,0.0015962240912566037,0.021964715348418533,0.0011184021244653336,0.0010378018828637106,0.0033830091532681657,0.0022600820334953186,0.0018478844112361026,0.001988647259749646,0.0006120211013674855,0.0022597484370201837,0.0012448104876155166,0.0015366722921723067,0.0011217976597010307,0.0009370411832207612,0.0015163578201958744,0.0021122636174068315,0.0024435321396265946,0.0033155740231787744,0.0015533618469412724,0.0005565254546109831,0.018763676709254207,0.002536802587308227,0.0024294084958385296,0.0009547620367867046,0.000947985911428788,0.0004687423172357567,0.005996469964031414,0.002832407339904175,0.0042572457688241925,0.0004114489414994793,0.005509486285164722,0.014059295720765887,0.00203806399906097,0.007184226572185481,0.009213021210460595
142,0.6402841089339361,0.0009486872273923395,0.001424602392202124,0.0007048365972005849,0.004902715023607184,0.0026217862845185147,0.002978237545033098,0.005334197743564231,0.0010546704101870347,0.0038403768145988952,0.008877965248865477,0.004268143277136197,0.005665734831024155,0.0018244929644819867,0.0031494347013617564,0.0010891886284460403,0.009297611949982403,0.003128601626086972,0.0012713029626962972,0.0012867348365740872,0.0054712226079715,0.003079576926826171,0.001598455966380592,0.002059050990167135,0.0015774113406945487,0.004627949151764211,0.0023247508296920343,0.0010664133649259185,0.003472252921916527,0.0027935179490709756,0.00413665637618857,0.005428612241642559,0.005394686985829011,0.005663690745658092,0.002955407118005057,0.0012581005804711168,0.0006985613138811647,0.0013227128356472727,0.0010881025233230967,0.0012388820363660907,0.004911377343023269,0.0026261013544835615,0.0022306058125080874,0.0019526647072327017,0.0015536910706507288,0.002111788545032772,0.0014358268176887182,0.003787743488572541,0.0114939728208732,0.0010492291960256866,0.001892837786934323,0.010463975928160568,0.001315287690852063,0.002141940069400623,0.008477960378498154,0.0076458202010848695,0.0017726333300909967,0.0015191946798842944,0.0016864382232551337,0.003584690496920151,0.00416826261300291,0.0028682665256220177,0.0037041767699816995,0.001609928669376071,0.023618416099459697,0.005113658427701793,0.004694727453731983,0.0037360217311674915,0.010193099307194201,0.03669153460839548,0.0012040653629817588,0.004411454138332878,0.0019629368539384262,0.0014250609035985776,0.00012746664008699642,0.0061286981880929485,0.0064338946044985995,0.0028886135742289057,2.1505789882344904e-05,0.009854151690849165,0.020410562882899694,0.0011143145055485042,0.002368356408269092,0.010387601504669228
143,0.7211036811394095,0.00128320989655394,0.0014629515788471023,0.0020777785235132477,0.0016217796186279037,0.001465739869687086,0.0015912121944203223,0.0010617259609263894,0.0022782155173875092,0.0011013482899051169,0.0016116874323174463,0.0006538778524780804,0.0006520145190559335,0.009986102965997388,0.01764421743908631,0.0008083175326592182,0.0010062978022522182,0.0016386872104273164,0.002175316346908954,0.002020597571948518,0.005577319208594314,0.0036602392602633595,0.001118044841968516,0.0007887406166931464,0.0017613747894593163,0.011966837543683469,0.00028715241546108957,0.0024127090246274198,0.0011596162274705676,0.001364681534242341,0.0022905382318554246,0.0007507849693748952,0.0012722788046679722,0.001092295777550843,0.0026318454438652734,0.004627996571972404,0.0010556526795447265,0.0012517139472503788,0.0011726837829707374,0.0016283209215036286,0.0015296303038853402,0.0010386543270418163,0.0021934990757522376,0.011848428368302326,0.0014394285451357375,0.007223644374034098,0.005929090357974181,0.004222165358115124,0.0016762412834007178,0.0015357485627155503,0.0026094988284398853,0.0009492580957651084,0.0017466099687963705,0.019830156780463015,0.001869146644662887,0.0009821681329033364,0.016632391639053935,0.0008908323200522686,0.0009572487248874623,0.0010854630628295114,0.010223671130625507,0.0024231882547298606,0.001722064796788874,0.004180411344768486,0.0017815155045426672,0.0005603757387979484,0.001647751104245525,0.0007515932163522309,0.00375842547206956,0.025944599807476397,0.0010385506939362304,0.001559275084086264,0.0011915782027029913,0.0007268375535075522,2.687836770173984e-05,0.004822127438666883,0.005291078949994267,0.002645474428263298,3.715789411153586e-05,0.0036242819328475484,0.01076211166019644,0.0011793637703332092,0.0016384561199051385,0.005158340923709567
144,0.6343822440276231,0.008482624201370092,0.009117276653732858,0.006374880211140676,0.028105567156956047,0.0019874542247090127,0.0015549722571682751,0.001116604939970484,0.0007275833200305408,0.004431114254620754,0.0009810515881467426,0.0009693299168668574,0.0012773250227783753,0.0013501005182932155,0.0015106972605725376,0.001239053945695807,0.0023207221566860885,0.011782744586752728,0.0014056733596759861,0.0009067879000408465,0.006666298682317414,0.0009400990252333516,0.0006805362584297064,0.005811367213854995,0.0004948587914551954,0.00213542622861069,0.0010282102971347275,0.0007022601345685508,0.0012548089596482407,0.0015371589839874703,0.002370273256216189,0.0021149585297707434,0.00045117287149326287,0.018035816055071513,0.000935603268350152,0.0012613321201664434,0.0015727161582164075,0.0008254634690240268,0.0009902270663052191,0.0011419309453789075,0.0010213775776038363,0.000674021423870529,0.0007321510577378858,0.0009591294513734152,0.0030900771179439212,0.0035704333493930974,0.001975001212070219,0.003162007683324563,0.0010500647969223505,0.0025424777383837804,0.005930865312692897,0.006881699833561119,0.0018840256902827623,0.0004657921364962961,0.0024612970265202464,0.0014960011593117806,0.0016675922292199064,0.002047809232097053,0.002411845191234466,0.004500804697504954,0.0031458507730566234,0.0015952340198482583,0.0013380657276422367,0.0019407466849484943,0.0018468749397440335,0.011046303120836208,0.0067697407053761965,0.02910494014920499,0.005875721184581199,0.027975410893506126,0.0017653904842656388,0.006119288502269471,0.001421996747167259,0.0006840334895357829,0.007826777739826176,0.008383162983506318,0.014011586857719438,0.003991466485377564,0.00029808996589083663,0.005618305013805642,0.013247077987957335,0.0014423324066352942,0.011287472836599075,0.01376533056509073
145,0.5887092228548554,0.0013155033573269738,0.0017106572301844624,0.0009341936642295838,0.007586755421333432,0.0017249527691645123,0.005576722085869419,0.0030522615824849783,0.0006803864693972466,0.002553180429710777,0.004027212110901984,0.0060802996148982685,0.007626341591916775,0.003104581718754494,0.002289398837310908,0.004719089326956215,0.0034668226352962133,0.008077139176705763,0.0009806293456080003,0.005829433874109514,0.020821695694207075,0.0015801838531868948,0.0011660341869159795,0.002087997720662446,0.0032385902402534473,0.0028365208929630728,0.006235820720251538,0.004495211129137999,0.0019741729391078507,0.0027488062294953874,0.0038806745309378655,0.0005296177003547549,0.006680753057837145,0.006699288184275892,0.0005525266962292108,0.0006702091114134819,0.0009334004502049597,0.0008336933334189065,0.0007309079497833132,0.002688661339741554,0.000559787716436906,0.003061420280941005,0.0011980753444561063,0.0005120212074385013,0.002420477792119082,0.001144215891242096,0.0035234259244972875,0.0008743559373433836,0.02076715077143842,0.01099498671968619,0.001023516486411654,0.001809708932121001,0.007019935385409045,0.005173000625746046,0.0009994834048841683,0.004204187047048856,0.002278674688673897,0.011617252520881746,0.0013036683279397082,0.010889799001579326,0.0018913535018062059,0.0014958588401593948,0.03659807608196243,0.003353267992792112,0.0008113146629757478,0.006273721491963735,0.003919633755205191,0.008826450539358356,0.013005840408375298,0.02782349660671283,0.0017072063813972623,0.004378884129925578,0.0021605698540645224,0.0006603448254339089,0.0005316487966207801,0.010797400931824198,0.004162955369274609,0.006645464729041633,0.00016484069436082795,0.008473775263395314,0.01457603675744975,0.0020164887046316576,0.0035276819504563967,0.013392993667124037
146,0.6125161822155513,0.001855050774712202,0.004042049165659508,0.0020843129125898874,0.00634225230310636,0.0033827999501259776,0.0016231805831990877,0.003729631343409549,0.0019023644972224923,0.003946750781598268,0.0032160796766191263,0.0014936233137539945,0.002083626835189732,0.024211618927655932,0.004118538851307048,0.003214877283471454,0.0032482990869967926,0.02420486609158945,0.0025017127912224106,0.002505688910623716,0.008133114191852288,0.002517028475009515,0.003762001121132475,0.0034486254133386527,0.0024913664239940977,0.0035214357819534996,0.003906268616636292,0.003152023615073472,0.002801617185657901,0.014806588945315226,0.0020652738434185397,0.002016489857609208,0.0027773192069624913,0.0030386560151141485,0.00290992594866909,0.003422774174219057,0.0019067775951643372,0.0025936648137347496,0.00205167808034737,0.0015715115778240742,0.0011437573180746858,0.0012761739662469078,0.0023970103987414255,0.0018071147365823095,0.0021560819897331576,0.0025749555341908798,0.0007580178858390447,0.012361935198986257,0.0030594200228745215,0.004724978809583955,0.00415880246217522,0.002975445586783282,0.003015900988933127,0.00270529862043427,0.0030459825077353495,0.0023615727104556567,0.002450646512339944,0.0012859724513587883,0.0029363067928770276,0.008482703383704562,0.003718801167704143,0.003496494128671711,0.004083449299537477,0.00411978310363808,0.0032560739543967825,0.0027778651209506592,0.002671516524460833,0.0037771834043734153,0.0033610385088733313,0.04178290183570411,0.0020973678689317115,0.0033419112557952933,0.0034963564358464648,0.001407775278241084,0.00045250753657922603,0.005975944933650703,0.016200921500146452,0.0023517668579325552,4.821263859682449e-05,0.0061549150751643465,0.01687551183432696,0.00242155590552826,0.003385212330040944,0.011949208444627737
147,0.6234888474582834,0.002998963700069999,0.0016194886010983279,0.0012310632982353738,0.007913145277880968,0.001288241318665503,0.009935460366802432,0.010274772218398568,0.001526787861882758,0.01187063032667249,0.005377680677594622,0.00476632091450064,0.005628564704714046,0.002875967025491858,0.0029217538919160692,0.0038702623201972877,0.013152064049385077,0.008365840794794637,0.0032599287432582775,0.0015355970940532041,0.012473115892677272,0.0011934107505772317,0.001452751809905652,0.0024274912604298096,0.002818203803681235,0.0017332961418225052,0.012214908366874291,0.0038188401991428793,0.0016484360393272481,0.0023240913109497416,0.001887339346644714,0.0009889035492651136,0.001280555449938022,0.011144391025016196,0.004657380651385621,0.0009192092357400768,0.002004333322474396,0.0013286066336389028,0.000707484896437308,0.001722887812155089,0.0011288560412561273,0.0014182731968451605,0.001028497653588027,0.0019484447133703096,0.0022339523339936717,0.0022656702915278487,0.001467160651925674,0.0024070491847500005,0.016004830174490146,0.0020919690351983104,0.0031697319471305344,0.0026832746673218356,0.009461620300915845,0.0017744987925283758,0.002883172835916547,0.002190300366469264,0.002819945338055516,0.003156742574067553,0.0008285945430953114,0.0060933878605173,0.001668193570169723,0.0014943609193760414,0.0026468355204704794,0.0010253893967896376,0.019654209346680156,0.0020425853420510723,0.001645972859552025,0.0020132447396424362,0.0012657862363557287,0.030576434160547016,0.0017617303084976378,0.004770913614578244,0.002859291668326885,0.0006210301653492222,0.00039255707378160255,0.009924056359023093,0.006345165962941655,0.0023587733088438834,3.3206955840112484e-05,0.010008206156523407,0.019270358529671218,0.0015253874757003667,0.0016511988375894741,0.014742120846756803
148,0.6568254880164734,0.002898615749646296,0.0005384989901698363,0.002137929017280192,0.003623187960158961,0.028173524524992805,0.0007260086064887615,0.0011708940647866969,0.0011132617523863264,0.028789144714261906,0.001606233508003279,0.016710044171855058,0.0018217136672095896,0.0013691947286172449,0.0016352460568278904,0.0013613482344178797,0.002784878736300233,0.0006510514378056712,0.001209264602971463,0.00042213174781879936,0.0013118733469522313,0.0017228721236028563,0.0004253508620078673,0.0010591877700803015,0.0007991481893605215,0.0019824738823756224,0.0019382125122274303,0.0023002700130675484,0.001333447463783135,0.002050867588470396,0.0005893535610106269,0.0011584806009344558,0.0007305842440313871,0.0009432257100373213,0.0006139181115046431,0.001810747816692336,0.0028031929323476786,0.0010825502419697173,0.0025322659143427713,0.0008398354026094291,0.0016640058142898188,0.0006101681409984418,0.0015250404086126095,0.0007781775188765133,0.0007492199477045702,0.0023442371283994685,0.0004637570818266715,0.003125986604474721,0.004338787603614038,0.0010748810601942662,0.001110904421694988,0.002462940847452885,0.0017550698806447188,0.0005339053577759442,0.004181320502847619,0.056776148219264695,0.0014947815885592275,0.0010791632486580973,0.001241436546924323,0.03653878255028448,0.003444971349648084,0.000928722746210604,0.0033737620074258427,0.0018354219603488194,0.0025110242160322144,0.0012658645275892377,0.0009114592519630937,0.0013230601397238187,0.0009934743665627867,0.02022372247019816,0.0028594911162370313,0.0021445453707340193,0.0022605343980296572,0.0004225650632602769,0.00200686828660424,0.004309361910985837,0.005455425692511568,0.0035407661925682525,4.4350040919634445e-06,0.004091679938038246,0.013491570514181457,0.0025968932941759916,0.004704293325469713,0.007855853808430312
149,0.6475864792878382,0.006653885232971155,0.004688515263208699,0.002889063833503685,0.0020507177843359964,0.0025747707955699416,0.002685331075758924,0.003653045704440371,0.0017665978018714774,0.005538244871315484,0.0017269563321001353,0.0028402051076873366,0.016509731470708177,0.004963353293166318,0.003672181156389819,0.0010632242947947522,0.00273638826287718,0.0029632851514843246,0.0015303485756652487,0.002449823427954657,0.0017448781523690098,0.0013856540815062194,0.004586112307884121,0.008633580217772056,0.0009910669688054864,0.0023862478249343823,0.004062187854527684,0.0024307441028862467,0.0021862457679786666,0.00334169542853864,0.0010952621075895424,0.001307841511735535,0.0011735636279485593,0.00797821203609057,0.0011159204988764083,0.002980211045528045,0.003538263415007664,0.0019868574237163006,0.001677656596976376,0.0020549830334046,0.0009997378541580276,0.001714636307058272,0.0020922221436983517,0.0031613510705838167,0.006633723461471741,0.004576977023373369,0.002077541638602416,0.0010393589373961054,0.0034938947264098914,0.004498356598068902,0.0007788894763278836,0.0024330012592297954,0.004442655414308298,0.0011035581545369919,0.005121136743605845,0.004584163219325684,0.003197632392980498,0.0060522284572842935,0.004042202770888637,0.005508347463797826,0.0044355874767792475,0.0024460824446739067,0.009790583805281628,0.0015255739465395352,0.01809478995424257,0.0025665741900766565,0.002377908540981203,0.0018769662759272206,0.002920541392387103,0.0244167347891779,0.003109787615720149,0.004956815565487729,0.0014911564648299907,0.00010654117540080173,0.00018637845656934777,0.015127349215427778,0.007339836684699559,0.0018370439066409381,3.361230977313533e-05,0.011233456649636027,0.01947842053422312,0.002648412403796613,0.00520031038863665,0.012048587972266432
150,0.6057837407922245,0.001710914036885852,0.0013070819096766566,0.002936918097010813,0.003994788653553829,0.0017493651407597146,0.0007177559189246105,0.0046506570099597655,0.015284461132537553,0.0017297487352484699,0.0007015439732524338,0.006276917096644405,0.0010495054237009817,0.010383980031059285,0.0007955745095275645,0.0015798215127835542,0.0047739694455663445,0.011420741034007,0.0288727618073516,0.00149260909180325,0.0012900891736387257,0.001247169520705629,0.0009885167648287733,0.0017805290315350132,0.0010404258795650378,0.0024110868039038374,0.0006155935027623369,0.0012069295596346152,0.0019094428971533164,0.0011127956812724989,0.0009790394367871881,0.0008497947762914629,0.0008411766651687701,0.0011969057125140448,0.006576711769028841,0.0006356235903827329,0.0009277678161425699,0.0011504787314349832,0.0010902825723621374,0.0008442122654405857,0.0004895354820442292,0.001231927629066573,0.00045467025379779204,0.0011191827371380553,0.0018204358154209415,0.0009850261099031258,0.0012484350165930832,0.0063204794117813065,0.0417924781780763,0.0010120767172914025,0.017393390733852872,0.016275564958474847,0.0012194884681787407,0.005943376007535888,0.0014426276254582277,0.018093996339532434,0.0005462394247023283,0.0012092957332565598,0.0014672567254327162,0.044335018388073,0.0011576919201340106,0.004370279092920069,0.0023669322246860536,0.0006781322152512204,0.006025055739211093,0.0008299562484909242,0.000856942939527336,0.0017605741247909133,0.0006258951958728552,0.02287424970218008,0.0018898825988489301,0.002419022111941336,0.0021579127715545946,0.0006979300692751401,0.001404658338431935,0.0024716933621796353,0.005413225381943139,0.002792986210605688,2.1135551657542875e-05,0.006100270891316923,0.013683982365728577,0.00251282505428289,0.005926580714839925,0.010654255915687505
151,0.6937406065518941,0.0016198006871343549,0.0019386651792014094,0.00630625829270234,0.0036527971287266983,0.0010703315418161563,0.001932035470876993,0.01023484039287146,0.0011013228690111832,0.0020298478526867398,0.0037031501809496126,0.0006845634507488531,0.0012161689084608121,0.002819341222245616,0.0014886525373794372,0.0017665087243364057,0.004427205310508616,0.005309873747755465,0.0026415748080247737,0.0020221326363934716,0.0032470847530942223,0.001891081107744453,0.002673072901171769,0.0019600957050417618,0.0036476207213458384,0.001858308481578819,0.00310809862305139,0.0012922569135698219,0.0018225521246083567,0.004001446292900249,0.0015878320396363731,0.0009279845806385367,0.0024146729247643975,0.004813152744507326,0.0009619641789950206,0.0008261181362017888,0.0007763199557359723,0.0007342650322190357,0.0011043082386190354,0.000860426141659424,0.0009473573102988117,0.000873093159091456,0.0015352510253373822,0.0014396928254253698,0.005316677273621625,0.0020913464595098364,0.0015798600027158473,0.0012537068510884808,0.0029016369695202254,0.0019937613433024665,0.005373797794228587,0.0015056924274044485,0.0022776183095249126,0.002067552345130531,0.0006024842933051959,0.0016259553466108025,0.0006528111049997399,0.0015824522099679033,0.0015903119435425805,0.061907748055145685,0.0028613680988742196,0.0005767202776138388,0.000976679367794822,0.0005827145431123648,0.01545274403995563,0.002838461992434408,0.0016572063594674595,0.0055226571280189395,0.0015882449421379449,0.022010249684359353,0.0014147847644263916,0.0037650053172274627,0.0021512848159587978,0.0008158991674653247,0.0004414133787829747,0.004547391514539984,0.00774330332827875,0.0032019225307845047,4.016066371663964e-05,0.00542256608009318,0.013261070868014209,0.0017414585570374801,0.0037672456384029935,0.008286300800922419
152,0.6211490675328837,0.0007299354088739842,0.0008069575047622108,0.004781486435261938,0.006877488619723754,0.005808675291888997,0.0001611297965976884,0.0012499133965870278,0.01160525164730902,0.0004578588043041825,0.0020306524409604253,0.03857991535525974,0.007219063768921904,0.00274710581559725,0.003246384611611165,0.010078072931599836,0.0006989916101887274,0.0028935956521692215,0.006060503225868988,0.001260941681933621,0.0019412207242101914,0.0034886400619347393,0.0010661386256420786,0.0006469244583546615,0.0009010873170664121,0.00934885423985168,0.0017021470802310221,0.0022862596823478858,0.001412982997844899,0.001448621483885622,0.0029694508409644116,0.0006768288018573402,0.0024593217848764477,0.004127902079917156,0.017961327703171527,0.0007065382978466657,0.0006958857411076611,0.0014377697573098888,0.0007429806415908456,0.000503841707211845,0.00047973805043271406,0.000437930885531453,0.0002791231040912211,0.00228025224656721,0.0007605651628437848,0.0004394265755268444,0.0008697210292429938,0.008383444605673786,0.005359951841905795,0.0026264667716244527,0.01948876061542269,0.0008151288789187233,0.0012478531828894965,0.007493140285172221,0.0009261166440369895,0.01660539952409348,0.0013740132626367313,0.0015891723354305642,0.00038297277900197976,0.0012419899922436837,0.0076537709774226505,0.022587559122002804,0.0008767453028537031,0.0015513534746942105,0.00876383748744884,0.005115137049494297,0.0027023477358605053,0.006588907925958773,0.0027372033956026783,0.02301048740617955,0.003978078959801736,0.0024119495281316643,0.0032336331136554653,0.00033100654622779006,0.0021833677850411895,0.0026021802157720967,0.004724041499283709,0.005163722486666243,6.605732983183006e-05,0.004331144297170607,0.013057830844890504,0.004197459237762161,0.007539089491263167,0.006544205454170956
153,0.7285115571769839,0.0028344881647751536,0.0028230257850144357,0.0034437673744595956,0.0017131102459654929,0.004684026509970473,0.0014352036483200369,0.004072242931401391,0.0015771590530697743,0.0035859502100916646,0.0025173272078893587,0.0017730426215955208,0.0010273798229854603,0.0043852127426608324,0.0017917995960725055,0.002698322173517168,0.002129504784946697,0.0016003787126698474,0.002869385911985761,0.0023643073168452327,0.003787442192841265,0.005134267297267958,0.0007104996925329559,0.0023828366794057705,0.0009541657655659458,0.0033784256479105646,0.0017978203574748604,0.0006563018823911311,0.0012640848019089726,0.004705745212829458,0.0019255072316252803,0.004002039004437096,0.0010124366136005246,0.005418715948253266,0.0010429706438906154,0.0011317396890763501,0.0008288547528670496,0.002112524654589825,0.0016692816946133795,0.0012063430048675002,0.0010228122330286809,0.001341323941178159,0.000531642807816883,0.002898884249960838,0.0056240191218140745,0.0015148836352866647,0.006644267285343351,0.0024732358323853554,0.0013572055916737265,0.0033337884104993657,0.0015859064017040652,0.007645057328703805,0.0027810883690341935,0.001549870689271071,0.0048512358395500004,0.0010925947084238076,0.0059937648365437435,0.0010848471676097003,0.0018336964596780596,0.0014556819619723801,0.0016677926129471242,0.0017709458178539932,0.0028141430186650845,0.004710081555725643,0.0015005874302601138,0.0021990641015012316,0.0035308364073142642,0.002671629710735814,0.01276766268275556,0.026882482958393482,0.0017660205697542385,0.00400147750539532,0.0054024439032182335,0.0010189739796332819,0.00020039395577071986,0.0049055381607760505,0.011309690422834319,0.002611358158210315,4.611379583765112e-05,0.00462014542079352,0.011108647978832356,0.001321589130055055,0.0026395710479111905,0.008957808044177423
154,0.7155976682352053,0.0013120056879549842,0.0013553079981644303,0.0036862634716326374,0.0026824476645171337,0.0011200331615839703,0.0011660669195740008,0.0018837277496366104,0.0014177979040846701,0.002735106293405439,0.0012835817015764235,0.0007116090973710193,0.0014952118028458404,0.005679991788143897,0.0030183809180422596,0.0009978243538748238,0.005758899212997023,0.0062145745969307085,0.0006947430683358971,0.0009736512215888264,0.011225017119795183,0.013478789775201722,0.000611424899803779,0.0014299438224639341,0.0006800325680566564,0.007328789149549061,0.0004976153225636969,0.003695337837959536,0.0015331498623889596,0.003810214000851095,0.009815949201401542,0.0011540599277481832,0.0010607719750976884,0.0016886109166135569,0.0007092789167817854,0.001235273738833143,0.002508662581648146,0.0016302253796596584,0.00033090478732780406,0.0009659401877240492,0.0009125771562166979,0.0007721016115965979,0.0011427937860807977,0.008218810081702818,0.0005651270487594988,0.005357705582105738,0.004056558508622592,0.003017482669642093,0.001741192581812307,0.005505386498263168,0.00513764627220931,0.0016255090560934082,0.0015761054895784092,0.00043275800682204704,0.0009261052089072045,0.007125281615675961,0.0011630356076459474,0.0032077899481013947,0.0036645800086946225,0.013862007908517038,0.006433347853055123,0.0014627409475595652,0.009596643197247746,0.004560473778134037,0.0023171792253802873,0.00015585821598016015,0.002062628171129442,0.002919740204060032,0.0008854387262835571,0.01351341489757326,0.004025544396043179,0.0030888850075942633,0.0005865422485849519,0.00032220619088839945,4.538553712672859e-05,0.010203930686040289,0.004587297992913982,0.0016483088044899955,1.1967520017642155e-05,0.004504172438497139,0.014092410723791625,0.003652947188734198,0.005672158648820044,0.008465337934071563
155,0.7625936252165971,0.0006157823678448994,0.0006151388243981341,0.006721026142282424,0.001331293895837867,0.0032512762951849086,0.0005167666951043611,0.0005703888537977496,0.0014882866080434935,0.0012817268190686174,0.002492327045914154,0.0008139984280055771,0.0010762493436191384,0.010053699388970723,0.007150329830289815,0.0017176130329979804,0.022998516298461957,0.010421542767808059,0.002786639908803545,0.0011708311133012503,0.0019215035937751321,0.001155510702469415,0.003465357105830605,0.0013659580782791562,0.0029888457346011594,0.0024479795121613154,0.0014117565504726795,0.001648080717239674,0.0012239765432332402,0.0012431609025669687,0.001748693409231684,0.00035895559479747266,0.0007603144759374228,0.007285104725680255,0.000837163577729161,0.001218622341835495,0.0005187706829157974,0.0006064894004849059,0.0007399248509128544,0.0005240119580392806,0.0010450380109689153,0.0008191831368080832,0.0008991697692097842,0.0024699574408009036,0.0010482556080065228,0.0008585716434405049,0.002722402632597887,0.002659885102192997,0.0013175016479774768,0.00270462214216245,0.0012609791452243013,0.002305899471395628,0.001129003609478372,0.0056507909121880865,0.001006993417976647,0.0011320480089093532,0.005335154831725565,0.002065870170102865,0.001954423216768673,0.0059675719829832335,0.0012993432429276369,0.0016762039851796783,0.001702801884434071,0.0009733142335834025,0.0010113386506848078,0.0007697811265671448,0.005607770914879267,0.0028969612302693053,0.000550519286519251,0.02026394638813043,0.0011131100769502678,0.001583954034037298,0.0011874543383792481,0.0004376556514546783,5.8181397843529446e-05,0.004790570745795675,0.005790568151977331,0.0050252034170199964,0.00011363234771186664,0.004044971748451635,0.011749211454160203,0.0008149290916984402,0.001899419230198799,0.007148596135702336
156,0.8407065353852887,0.0013989742912613368,0.0004423787791874673,0.0009352525400438508,0.003931867465977692,0.00145128353814553,0.0016028682978721572,0.0010072658038499786,0.0009300667826728866,0.0013879898241605363,0.0004741617431726985,0.0001996118854457889,0.001634150648723859,0.0005717666289632357,0.002910336489759898,0.002961717913362113,0.001566136852024554,0.004189246727100187,0.0016997113971198565,0.0007557561605348724,0.021073342537197205,0.001776384231930295,0.0008621796039157918,0.0014024934559037307,0.004498391016498404,0.0009645659929543246,0.0005887319474417932,0.0007870640300815056,0.0009046078131782806,0.0012028253963612427,0.001033076103940143,0.0009556500615597804,0.0012588941016299247,0.001652000584806265,0.0005477977152886979,0.000694404902811909,0.0005509681452483707,0.0016026725127874849,0.0008961465782344276,0.000568775724741736,0.0004350602516986434,0.0007294876347924837,0.0009077880828514902,0.0007417558520697191,0.000757261221741741,0.0008913534994572766,0.0007323348659897987,0.0007603582481005886,0.0010515138163816205,0.008351568494546567,0.00028476049576838826,0.0031023569345574563,0.000306800359699937,0.000920578620162812,0.000720881018939027,0.0019446032678893947,0.0010613832917240628,0.0013679895090155233,0.0014726105589005665,0.004759937468031264,0.00048314363149317465,0.0014126723749950131,0.0005705641147817377,0.002883557841614135,0.0013772756197860724,0.0006647225346434592,0.0017981270712912314,0.0008211237285809812,0.0008756553962624861,0.015374984929266648,0.0009146420089530984,0.0008173559790316758,0.0008701106277808162,0.00013653113742284563,1.14238325893327e-05,0.0036478679373473603,0.0030758867505462843,0.0013957672149543126,4.233870159163911e-05,0.002650651906452907,0.008289698124353245,0.0007981510713387929,0.0013259365880958981,0.0038833757733299566
157,0.553484505443156,0.0017490551756004105,0.0010497825898667513,0.00700129852192349,0.012952885171272487,0.002832383216547211,0.0006896865674162196,0.006494059445653561,0.012705800201522587,0.0024516842924459476,0.002586790319827601,0.018190933285743692,0.002393427439238904,0.00201152792889985,0.0016200374945706272,0.0021577528064076353,0.0015551781072478644,0.0019507439229718186,0.013560078386449499,0.0012786104977937558,0.0016978290998498435,0.006099822049690891,0.01009574602962033,0.001142085875069377,0.0017543586026500138,0.0012070389848343372,0.0012483572401367116,0.0020781788286242183,0.0021736408957166212,0.004223157621390317,0.0037197242704432114,0.0010248990262982525,0.002217236125250326,0.003040457077955472,0.005428160208029295,0.0010468175792790067,0.0006271123365045862,0.0011127728472149706,0.0007101453594682218,0.0006006319073956973,0.00043001403231127734,0.001154151651399786,0.0004966257608715843,0.0015618514893116237,0.004321904544823394,0.0035398476855433092,0.0011649940402408618,0.08998117102531766,0.010576205498022134,0.0012318413991673981,0.004725629210117599,0.0053262957328961665,0.004254158209550069,0.007172228146696506,0.0023107790002276597,0.007822061880353214,0.0023878260491025306,0.005279838209889681,0.0024104735054098795,0.0017220502453623892,0.010764069456894313,0.005031976794490922,0.005649896615024674,0.01446386032669221,0.0015589811285211235,0.0033632320166497674,0.007093696806601863,0.0013934367754753019,0.0029063449523526624,0.0298392057284602,0.001958239041835843,0.0025170138112844747,0.0011657211067357593,0.001775637020348425,0.0002332256353194595,0.003806499255149559,0.007207421171967191,0.002637806177992335,1.95029364769898e-05,0.004351349889181581,0.016952531454309333,0.001269352141736258,0.0031504731140270465,0.013056186545880455
158,0.4206975189028092,0.007741873603848266,0.0064985714042228035,0.004324398022016948,0.010033033560148763,0.0015961127379826212,0.0031388652169475227,0.06623368134057742,0.0022025467825466495,0.006860514711389798,0.0031109203221456917,0.0015763312183249842,0.0035460131057661365,0.0029555339412282123,0.002082356973368726,0.0028634512450415785,0.007010767428630476,0.0021085450984184646,0.0015935773853789819,0.0019167038968441465,0.007237294747125392,0.004067521704524916,0.0021425756735601997,0.004609349146057479,0.0011017010634771058,0.0034427616146892465,0.0008077271843497192,0.0009901535410168263,0.0016262006311546964,0.0035854514212468676,0.005256840305393957,0.002997716276431904,0.0009371410083116924,0.017494307074689755,0.0030284312078698744,0.0023566263092667885,0.0029373288638244043,0.002043265731488412,0.0012112416187171928,0.0018373207469586335,0.0008030436603409989,0.0015410117913317806,0.0010695993441063529,0.0018834199670244886,0.003571692712692898,0.005902302607226376,0.006128536577289805,0.0021407215508617685,0.0066248680787235024,0.001395090743590054,0.0018738714213387129,0.004646524684939402,0.0018613258674669048,0.001682777625035302,0.0030651995411022227,0.0021636332750050464,0.001474495413412966,0.006205001707464415,0.004197224849213722,0.0015822318009177465,0.00408143893954937,0.0038458777810282552,0.014601648414909591,0.013814879322976837,0.013172654992931682,0.00813070239175144,0.0025404588640460684,0.07662474672737277,0.0019358588579656058,0.039371992945728344,0.002535635699524955,0.007796471755643127,0.0028958986623323357,0.001193134249955849,0.004174479658370933,0.028057246407955344,0.00911421200348314,0.013324755586038175,0.00024196292495495052,0.013633093289257743,0.019941795772678583,0.001446004984235736,0.0070426275829721064,0.02286757619746003
159,0.6482703163360558,0.0021330247989154974,0.0016945818683672335,0.002280411240609236,0.0049306321864882085,0.0032065527548147898,0.0028748407265179812,0.001672179298316366,0.0027085570341545506,0.0017328411266195644,0.004243433566137715,0.0022956618568271683,0.0014034005134870352,0.002365176858858503,0.0015596310919728739,0.0030195529274059927,0.00360167924809324,0.0016824311388417125,0.027121913368561342,0.0016611587411971404,0.006547932203763919,0.002726823093606818,0.0022172103002028195,0.0020633335543700977,0.0009550127284133599,0.0028555032863594276,0.013539432127899747,0.002468160156043682,0.001578000981725715,0.002587494139115667,0.0019553187952086083,0.0007425282731109261,0.003537466717330482,0.0060031585543976855,0.003723597722439574,0.0008287143430951682,0.0024032839975051796,0.0022693890952736966,0.001599567474240476,0.001219659421531809,0.0023058961628246613,0.001017108246305758,0.002374507613281941,0.002159386730943611,0.0036919609857636836,0.0020097809153979437,0.0017185223858229895,0.0023297172659037446,0.00893447602317491,0.0010937216350528102,0.0015967425778002963,0.0019268388213724973,0.03999068874878412,0.003365760489544532,0.0025501231838625424,0.002254572572853851,0.0013360729077586935,0.002648728139008043,0.0017361285776284203,0.007958199344391329,0.002275121585384066,0.0023379637046604122,0.0013042322189435254,0.0016873997052579625,0.0017598289442698485,0.0064540653289748865,0.001848921274138875,0.011020420665993371,0.0020239891824401063,0.023436393927138165,0.002900844334466584,0.004144529901330773,0.00187218734589332,0.0007133798936529858,0.0006525586545558197,0.003256370398216438,0.008377954802023834,0.008053422794941553,0.00021695348431212944,0.008044005254564111,0.014629989691135605,0.0016908486594790783,0.006447328564799379,0.009572792708073942
160,0.6822161314776352,0.006133456837568176,0.002674133590725888,0.005699775571044267,0.002220121077492343,0.0011264264378634784,0.0017731002191536606,0.0060519735250569116,0.002034222489541751,0.002679120464210357,0.0012434891395754974,0.0021536442717972853,0.0018172857265378818,0.0047307818977707534,0.000949226686138651,0.0012967299840278184,0.0014043992019665945,0.002279604274093671,0.0018813865841775513,0.0019778092219627924,0.015472808213885882,0.01086786079553498,0.0007097961869264692,0.0018325739012789845,0.0011953650065106567,0.002687463024664685,0.0013683039622691367,0.0010382883012171865,0.0009545197936917818,0.006008742503920608,0.001869304994415838,0.0034527041341889304,0.0010502091124527763,0.0016763575892344963,0.010378601309492403,0.0011945398337166809,0.0010050344838643261,0.0010229609607739266,0.0012770772221587887,0.0011923672232795532,0.0015859158866801215,0.0008383039298016038,0.006901114878221182,0.0034801038892716372,0.0009625832037964655,0.004515775959015242,0.000890679574440951,0.005425323952624569,0.0027039186304388956,0.0012850321672120493,0.0011841202311105672,0.0010237407805504066,0.001470848005736474,0.0009151892871867411,0.008388028444278666,0.0021014579686183007,0.004459041570303865,0.0014893630838253614,0.0013964239321465888,0.0019753914356214503,0.0012144382352176353,0.0030442313655520406,0.0023097693038005803,0.006405070025355316,0.0016465439997547288,0.0011864539213285211,0.0013525020535907826,0.0012295075718025375,0.033786745815255585,0.028419070454991376,0.0028401968021346175,0.0028619007816326923,0.0017571718585747006,0.0037189734763728487,0.0005918443679522554,0.003892022931232342,0.003977677232313612,0.008974007443525433,1.3288464971348517e-05,0.005590241644206396,0.013984773819386894,0.0027509110481385556,0.008648606893262708,0.008213996446946994
161,0.5835061491886222,0.0006254458462508661,0.0007433061467998022,0.002161481512797789,0.02274726729289298,0.03499488364267864,0.006879858452637099,0.0006012600005744805,0.0013386606463805131,0.0014294332380405195,0.0007812073403745589,0.002891950815588897,0.014228401111171924,0.002404639067236529,0.006218182890355078,0.0020981122543441565,0.017659535658022453,0.004297917459501633,0.0015173670470846846,0.0014909187274092734,0.0152335837446262,0.003014184539671035,0.001334088819089191,0.0011365173874660216,0.001792814821035617,0.0020742482370402033,0.005303225526544872,0.009963367311684256,0.002371933792074242,0.003174879337301206,0.007290004479703605,0.0023410107428312177,0.0016469114204505902,0.002915321919329039,0.002733575871131751,0.0010970817108743906,0.0020782339602313715,0.0017188569220765938,0.0006332820651715576,0.001516226955204338,0.0013266575382283416,0.0013999739531632442,0.001600813796618424,0.002799853093094573,0.0027047376055071046,0.002135835009661215,0.001543570133121288,0.0031319865392334238,0.004460762885729957,0.00197748690224737,0.0027408919471763496,0.002009520342727048,0.004195979430219347,0.002423600154079639,0.0028257837677564024,0.0025263786061266824,0.005447767003673242,0.0020756661501715582,0.002706312672502421,0.0036691599691653165,0.001035361522341048,0.003263571216002541,0.0021701886621486154,0.0033112686439416756,0.010049221195351747,0.0018498924895746064,0.00326226774550085,0.002647574016839474,0.006238661621941535,0.04267744326599033,0.0015430045851838057,0.004753383126947906,0.0033135944251340534,0.0009180705209098095,0.0008928338728109973,0.01374814839386942,0.010742905918758854,0.0020850715019150473,3.399509175038314e-05,0.007279744543685105,0.02462620711796058,0.0026324710400749797,0.0052432834156259725,0.01399377066323625
162,0.6774642804928851,0.00215672551489458,0.0031925784378782794,0.0010906967961669737,0.00850002563430833,0.00326891701229581,0.0015648743346445989,0.0028886719451869146,0.0004152835315978456,0.0017078750717278617,0.005125351897593967,0.0013670694203948763,0.0015146101078007176,0.0013598643261528117,0.0025553660811958555,0.0027271267146158095,0.005740995377196429,0.0014700333416199506,0.002166394376499064,0.0017570446699810055,0.0013565686975522595,0.0011339349328047174,0.0013039338283675791,0.0027792349972971964,0.0019838204558424006,0.0029263955114935633,0.0008646045466773533,0.0021017753610534993,0.0014718517812319246,0.0010870826980460624,0.004977032929367416,0.0015594549545182275,0.0010034667341434485,0.0024476083466992487,0.0008039920124613637,0.0013670205193189217,0.0026191587883849566,0.0020069680641951826,0.0011160686055264625,0.0008092583224571182,0.0008136220098653037,0.0015158055296230748,0.001530129309049261,0.0012385843975589014,0.0019041629961053562,0.0021843767702425356,0.003233874718726444,0.0036540982295858774,0.0017792167486002876,0.012693899866911211,0.0007942784745534074,0.001388882419593208,0.0016732157198975444,0.0014162663451350553,0.0035910591765566232,0.0017296872437670295,0.003193771766071798,0.002376225947112772,0.004795069957787788,0.07515710053832482,0.00476931380074914,0.0011203590982123354,0.0009157262905697091,0.004214268414301526,0.002239539426747828,0.0006798863310826177,0.0011845583761067445,0.002571520233513121,0.0007957021003143144,0.028364582422996176,0.0006092767513328887,0.003418668388501762,0.002371714044541912,0.00033993725966504604,0.000230915965036099,0.01089255645969618,0.0044184441444706625,0.0019256802135418133,2.2723824200791057e-05,0.007496754333004017,0.012316082760159745,0.0010795372185174832,0.0016656770595798777,0.015940229746014303
163,0.5955259089566302,0.0009299530221498481,0.000962586089832497,0.0034288488555220486,0.0032745106759881405,0.0014960460853250931,0.0036739672458385862,0.006317556701888021,0.0012574535088520076,0.007104198760339088,0.003978926968367611,0.004449671240122984,0.002354146239540622,0.01574192018643161,0.0025719463288269295,0.0013326361922863048,0.0011326044362013664,0.015477651480797995,0.0016894989202982339,0.0014758488444941646,0.009303210795044698,0.001566786430094402,0.006104168166249091,0.0017428564679766228,0.003642833910037795,0.0055523807758264656,0.0028467699056034163,0.0017405644242933058,0.0033225863370448037,0.0014665656969661445,0.007289468090139376,0.003433891555603577,0.003380993510607515,0.013148325175784634,0.005539342665413115,0.0023444595668390008,0.0006372291809529475,0.0012956029210762316,0.0025239105775184496,0.008661185073637659,0.0008743723643318867,0.005741345620629624,0.0008757344647635933,0.0069270475592525926,0.002579385437849677,0.002944876159894064,0.01588305956427001,0.003861403067895808,0.00482363513465829,0.009647799206930785,0.0025967388893786032,0.003026872553282822,0.006866821829349341,0.004292467441864608,0.0025015504159399305,0.006321298934340763,0.002038585843712803,0.006313437959309272,0.0008041688112167343,0.005559683128246816,0.0011286426603707334,0.004338517413469359,0.007380058352123718,0.001966776002345906,0.010056025519327499,0.0025304454381536302,0.002144054114798679,0.0022838075730176933,0.0075115959458747295,0.024206302817284232,0.0015753483662961456,0.005562905304489896,0.0034772601856129064,0.0009393138549405668,0.0002803876385632166,0.00988914018754855,0.006235619435819792,0.002717580123626751,1.121926989747715e-05,0.008877404073279513,0.019342629636918362,0.0014816096807402615,0.0034552637712319785,0.018408796280707896
164,0.5179528711208254,0.009163082405144117,0.0033987935262022673,0.004457020153651063,0.015152899911437189,0.01224860154593896,0.0017362225677128305,0.0023036080981243003,0.004822611623474362,0.002286433708399575,0.002618974460958911,0.012675188523845946,0.007291145127689702,0.004135396210561819,0.005474873698622171,0.0005121295844318656,0.0035608456111944735,0.010334641664209714,0.0013605355456459362,0.004418662440417811,0.007966613759868645,0.002857901836315521,0.001273278166075403,0.008884630428425529,0.002510807706914529,0.0035617992029390983,0.0033041959827182685,0.003174081891090438,0.001359503553006903,0.013415826150810608,0.0039170110648124494,0.0027746353400309315,0.0025051135998135467,0.004691849849468253,0.0051005305338095485,0.0020710089831575984,0.003626224572832794,0.0018400067192982142,0.004183941199145554,0.002889247706652588,0.0008475931337415199,0.0040452917790907966,0.0030201090804588405,0.003165270998677417,0.007379920463806495,0.0031975994330653333,0.000831370666698738,0.01109311236141438,0.00795476606385712,0.002096926464833137,0.010029114337401904,0.0036636311575530016,0.0028464204392230205,0.007427051553456222,0.004323984597607366,0.002927621753505097,0.004061970783502649,0.0047085241659102104,0.0021588296217175448,0.006870997720552276,0.0009031839571840768,0.0015597614365644172,0.009107910630190638,0.0029833622833796173,0.008285988455271287,0.0036157884419052403,0.03522826079078385,0.005325336559212757,0.008777365895439792,0.0293038884265573,0.0022237836169460806,0.006174312699604325,0.0031871192214600794,0.0005130163127478824,0.0012038854409943225,0.012116971144342036,0.013847979729583062,0.003557320987679421,8.246266884132684e-05,0.006398209949909789,0.017068049746698344,0.0024593402381450527,0.012463592431373344,0.013150256583437823
165,0.7064471828331274,0.0012681714294726224,0.0014941239621740368,0.0017059656441232862,0.014912200631370272,0.0012967793708854002,0.002714842475671925,0.000455674867346336,0.0005800740956929871,0.0016901040216429838,0.0033383543916339245,0.0017097344303226977,0.0010264298651788209,0.006325340781912332,0.002301974711981982,0.0012025495687408142,0.001531493107918162,0.006068979859364522,0.0014008164122194637,0.00048333940611547567,0.0022718464340906763,0.0018031128416240486,0.0014478877579780054,0.0012791559232833184,0.0012128018556188094,0.0017957796403285247,0.0014101661746508535,0.0018052899042644644,0.0016339040746910984,0.0010409668979709681,0.002211728415024778,0.0016179043725091562,0.0016637831350051304,0.019463772683098905,0.000515844318239378,0.0006378622827900867,0.0008752938560185484,0.0008627118603789845,0.0005128049508528389,0.0005901302202276629,0.0006807505066788626,0.0008544673069538618,0.000347324638482358,0.001244769094796818,0.0020101103102885404,0.0024951987553521763,0.0026624975576273976,0.0020412080767577717,0.0014833958727583656,0.0020736563817674546,0.001040206377073043,0.003953860484593475,0.0011861730945714507,0.001548748461936677,0.0011142769587057216,0.002845196819582491,0.0019981621646586478,0.0013268728009926281,0.0004966296313202268,0.004712812671400635,0.004868187216734883,0.0008853887898656879,0.0009477895523210599,0.005516371412866943,0.006349073512513881,0.011082484550323303,0.0021861408096983444,0.02403719941774307,0.0015345571711215323,0.03048182175553839,0.0017017379813149818,0.004557817338593955,0.0017775921778909176,0.0009042681559543985,0.007441762511631262,0.00475014326804165,0.011004012960919261,0.0032633736486921655,0.00019944551590749885,0.006662217950991896,0.010367716715739902,0.0011106163306376716,0.008941899592705685,0.010705184230411592
166,0.4822478334867017,0.002443765259720487,0.0061898688078875375,0.002475913586531967,0.003220606643289911,0.0019349113077338244,0.003642073153676519,0.0009965674851942323,0.0029367272722880928,0.0019539840930822474,0.0020544387839407006,0.0026965751188961743,0.0024975391778388413,0.0012783879956271996,0.003258727675681575,0.0023965501709263108,0.011143944102290467,0.0038697864205414277,0.0017050762003021996,0.0010820208409943206,0.1408010737677609,0.010846095871038271,0.003143964704851446,0.0064961942530021525,0.004760874008071588,0.0030881238534297348,0.0012507774281000081,0.002591316428197933,0.0017041503098959325,0.002418137521225784,0.014062906107132412,0.0036038592476885407,0.0008760102407358823,0.010414914888850458,0.002020223683221587,0.030344184766295596,0.0030213416843698124,0.002675700869754687,0.0007811629525951101,0.002804457020784783,0.0017174238921759898,0.00077055431739104,0.0037812904343370556,0.0021981616165856845,0.0011696788491490527,0.0031364073406499153,0.0020172740097683275,0.0024073274998789606,0.0036318691484482327,0.0026713915949649336,0.001503973355750169,0.001933299520973426,0.0018256066029114085,0.0024266089891981555,0.006490802723298001,0.005572516718315596,0.0034908014648095723,0.0025268467294847774,0.002067405852748271,0.0027047371774454243,0.001233352972987809,0.0018291789659503966,0.014453580445364659,0.004598647512648876,0.0010576122692574066,0.0032062808978474363,0.003427868285249038,0.0019033044558123186,0.0032073717595141747,0.03300441418009866,0.0045070469402534175,0.0034185073472723206,0.0023933649946635276,0.0012551618007876487,0.0010672528127843796,0.010131498346288589,0.008659257114526855,0.0027324226368420756,0.00010265329423928153,0.006872595299716363,0.02061729703420907,0.0044275442917506395,0.007001046684091286,0.01711799462941107
167,0.6678253047160573,0.0008861619757622964,0.0013818757561692267,0.0015723678973747469,0.001975287845443098,0.0017169563082189752,0.0010975132322928068,0.0009154042325074778,0.000984494311440427,0.0015909747099792457,0.0011732483193695345,0.0017974467593917685,0.0019900568533208506,0.001098181105528868,0.0257029391930962,0.0005714877819636128,0.0018049994801442313,0.0015267119445103513,0.001146706415872048,0.0007580226029851427,0.002643445173709406,0.001769198725267037,0.0011798979623026248,0.0005911510145310094,0.0010485237298036687,0.0018115825996819165,0.0007126523952210924,0.0024171334979447975,0.0011988487039968462,0.0015846493137387737,0.010273712858317166,0.000719254107250121,0.0012185817966019188,0.0022798618528215935,0.0016014565370245722,0.0006722796616371212,0.00148639950000369,0.002379575796844509,0.0012310313262268273,0.0012649367280107846,0.0016460203321827123,0.0008735335987315213,0.0021721097625109625,0.0015728674599924082,0.0006743243863045388,0.041511982709067405,0.00166925134058349,0.0006771208194451067,0.002018558384707254,0.002475870498199119,0.0018162806723695042,0.002224015764575144,0.0017355712897332374,0.001718227404799141,0.0017905964234749686,0.021511129245851645,0.03441792859992557,0.0028590832988575655,0.0017187100519301377,0.0018936295091129545,0.0020235550357042935,0.0018275921624332327,0.0021122202032976037,0.0023850505737966206,0.0022224498221377815,0.001587071147301413,0.012045400132435819,0.002686134872521385,0.0019769172888671528,0.02078946354764639,0.0014485631541547772,0.006539633280682573,0.0024089749634658604,0.00010418145761070391,0.0012817234047194659,0.006461612129671266,0.011802297199178705,0.0014179211457206282,3.560302076106717e-05,0.00572326992404118,0.012394516892753086,0.0007394072974362896,0.003871557939480094,0.013537757129464586
168,0.6233301987048698,0.0027164866347392006,0.0018193348219663421,0.004995633623207071,0.007329955189208278,0.0021474687121756904,0.001617904121691483,0.00168006500622165,0.001832372038139091,0.009833189145477188,0.00503113137840287,0.0009505639398593981,0.0009800499721248222,0.001384517293816769,0.0036506308774073683,0.0013337741054886233,0.0018681162541563348,0.0008819493847657691,0.0019826738252302417,0.0013581901214751702,0.0017392827861296741,0.0012932451935044078,0.0017901910369246454,0.00179757371718938,0.0009347297448421436,0.0009476017135835111,0.0012207323675365203,0.0014455852197539205,0.002414815481861345,0.0019636570750731783,0.014865764515873769,0.0010858587217581132,0.0011341720945817185,0.020048514609866657,0.002508990196150025,0.0010771176238670167,0.0009981352794891313,0.000724284791326808,0.001821182385952479,0.0011006255549857137,0.0012330552200420148,0.0004581766002047059,0.0005315118432736327,0.001414461107883729,0.0013430953783912175,0.0020473089552127907,0.002499330875209565,0.0036257258093852517,0.0020305565074982147,0.003545982961114778,0.003265170490647985,0.001997678521214734,0.001650663560680852,0.00489693458229997,0.0014255609251835877,0.06051907134442744,0.006440605077691387,0.018302827907711275,0.000635707550875719,0.0015108867977689476,0.001905939689804754,0.0020901167431267727,0.0026219581401482296,0.0012578321337675317,0.0019040252578404393,0.011260959272731958,0.0013825625973848167,0.010525149895311614,0.002370969622279581,0.035483820580526126,0.0014862319499353717,0.003950971501823191,0.002010082148449404,0.0008965581678045437,0.0007658508921545364,0.007378611081227566,0.0120788748158172,0.003838279007238608,0.00015534455262598086,0.00540883803702088,0.015294472890579443,0.0014562521195053625,0.003393894076413691,0.014071827549091377
169,0.5941952698745002,0.005926286823906086,0.007267418414840846,0.0014730531971260802,0.009145862175240648,0.0017568395084619252,0.0029696856659188176,0.0015595136171956848,0.0025424699845293707,0.0006811245990666517,0.0017914491646796166,0.0024680844933833504,0.002296669564454652,0.004124580601049183,0.0027185876990222387,0.001548655516591796,0.0026712886070621483,0.0020614276464282206,0.020358614900368784,0.002385454311846988,0.024563582191449003,0.0065404642661689985,0.002120693001215298,0.005982008946785156,0.006960645763696146,0.005035400540597782,0.0034601137483554795,0.0016252763824361445,0.002403361897878958,0.002338554167659064,0.0035915480999503847,0.0029378643687602273,0.0019510833757022284,0.002906384186402959,0.0022787506536107007,0.004605984897119847,0.0018839928143161177,0.001526421438501051,0.0016011551829832843,0.0018075695016515304,0.002997920166875045,0.005135991253316072,0.001062175619578147,0.004954482577683848,0.004061822668373185,0.0014749714169595416,0.002205129370364352,0.0033267506420400915,0.005093067857747175,0.006909420618466861,0.0010703151704823746,0.0026732191220854755,0.0019298058208352534,0.0011423228479185716,0.02618834879496602,0.0049958990324847335,0.0020666636561011004,0.0032400347240188494,0.003496655768230756,0.0026859178893382254,0.0024065388099765907,0.002748972984969977,0.003733781946192043,0.0019685030624709294,0.0025034475816921946,0.0016432646511111617,0.002511061080317727,0.005305995900371623,0.0029516543080298613,0.03393437661358999,0.00368679457368155,0.009677820601136125,0.003475880353572252,0.0005719032368228698,0.00010030918928796495,0.01024121374373293,0.010727817725483417,0.00921955019786953,0.0003296836463489735,0.007540686130419653,0.01733942884574354,0.0048063432763579585,0.008483168625012394,0.011317696107029216
170,0.6465900446710173,0.00197604576977747,0.0021234536356293573,0.002024759905722849,0.0018567779489708693,0.003548703448141991,0.0014961716888380182,0.001539263186753793,0.001334157388283933,0.004023288838454586,0.0021953933311902062,0.004179997373246364,0.0025699794111388135,0.006223182173703452,0.0052766393653533895,0.0007207513458958106,0.008387036833587005,0.0026327978527578466,0.0011788157343655178,0.0037661069562231284,0.0010810892253077927,0.0012036499398082533,0.0006264287961417782,0.0005295198935865248,0.0018936435791771953,0.0004480189971032373,0.0011749237431823085,0.0025089085886713814,0.0013636501458743411,0.05810587514819798,0.0026274147649596757,0.001342370495081132,0.0010117926224668594,0.012846133087580645,0.0029162943938714552,0.001463653505073144,0.0024530726840995567,0.0018483888139678747,0.003541637148486534,0.0009644868162016649,0.0034268720118923483,0.0007744242135861068,0.001383345801288198,0.0016032056803667524,0.002372690635280385,0.0012708732557774108,0.002456793244801164,0.006355818048515271,0.01980163644245405,0.003417816722922716,0.001919199857005239,0.0025104779006707655,0.002062112662045508,0.004079214311789584,0.0012755196880508681,0.0030450485810334673,0.0010184514889548656,0.0009339631941343924,0.001833362580365273,0.0015197808921998035,0.001548977512730085,0.002690419714470564,0.0014704937032525142,0.004702243037692615,0.005287176326083787,0.0013651640121464994,0.0018013520349538334,0.001289654335757547,0.004500889196358623,0.03561107940756879,0.0009245832286936073,0.0056160004332130265,0.0021750944940525994,0.001571134851643597,1.6090162165402238e-05,0.010050900459863567,0.008738061618786479,0.0029132708168966835,1.657456051536683e-05,0.006657496842579054,0.018975447419777355,0.001101343689680543,0.0020547571810141186,0.01226686849907863
171,0.6572034880407378,0.002795601399871516,0.0025530085836217653,0.0007859824687801365,0.00640322511180798,0.0011449480293812275,0.005306971205673952,0.0009394958964312771,0.001683950246532806,0.0016121803850462123,0.005490130380115921,0.005781767754101038,0.0012427787666819973,0.0018574130005566097,0.0016563246570162297,0.003813299626380932,0.0013347841157920581,0.0027204938795093573,0.0009440394796064455,0.0018094732050397177,0.0014692680224781826,0.004168555614907816,0.0027318176293203386,0.003321459526584781,0.003933058784826708,0.006052470863530264,0.003717229579078082,0.02996609751045655,0.0031429569519065485,0.008069189726753795,0.003159242463726913,0.0008954616615073957,0.0012909790754755412,0.0029026925842961346,0.0006080433522588726,0.0007591706778778451,0.008821789128382718,0.00907126072636332,0.002448531503958605,0.002655253991967774,0.0027101083720885966,0.0020771875489931763,0.0008421149318654689,0.0013675003677120017,0.0065459700670145666,0.0014678164864790888,0.006209796001236191,0.00184444458110775,0.007517363259815759,0.004276481124705735,0.0015605742586067323,0.002380746954538125,0.0033081255251727346,0.004144966496259552,0.0030534914599651655,0.003594706697494326,0.0007133228144805984,0.001695778298446179,0.0016455399338139002,0.00628504273350969,0.004345122178210087,0.0011409169343723697,0.004395695276587026,0.004727002395419146,0.0011095398345947795,0.004177967646631215,0.0012395835673298377,0.00560468283219019,0.006558264729132811,0.02675579733505053,0.0030124141234016805,0.0028922984501139506,0.002781399227230196,0.0003021064897381657,0.0002818575116684698,0.01582427587852059,0.0019066135443563516,0.002926380109140212,6.834775424980727e-05,0.006040213343403586,0.01778872384237027,0.0015804708740935986,0.0034479959866385783,0.011587366613907758
172,0.41065149805822965,0.003395800668394988,0.002562373502488439,0.009764128320794005,0.007834110148518316,0.001102394774141515,0.0011274825769231151,0.0015490584605973821,0.001396376651600756,0.0016490110345907323,0.002862662491719689,0.0041572892226033956,0.0014835977486010448,0.009417082298426409,0.001436157694923921,0.005363237718983299,0.0003734204105855406,0.0016430004508314953,0.0011399827357785784,0.0005206435583739971,0.005539645778041247,0.0023712134086665664,0.0009140328043732368,0.003728150571010547,0.002309057947483892,0.0010269000186774885,0.0011408475663554597,0.000693208455391577,0.0011821137135678691,0.006780237248556616,0.007193739346204978,0.000900459324144633,0.0018544586416452923,0.006548481305580615,0.0036341774078136957,0.0007068201487467009,0.000967019326620997,0.0015164581662975604,0.0009929153174016866,0.0014957819528506149,0.0015204398499286396,0.0026636009169994698,0.0010277546921990005,0.00045285499455134746,0.006680081195545123,0.17940347450893507,0.003500446686590267,0.0011197188629246413,0.0164615892867079,0.0036518368045255546,0.0025486344538506985,0.002744332601903387,0.002524366589740204,0.0047948141527743016,0.0033640791676505096,0.04545998613772722,0.0012869283664920668,0.009555637526584173,0.0009254405547060872,0.0018153209235568894,0.0006719434164667112,0.0011300456213207675,0.0017419584195535489,0.00032677108766567523,0.0007023608625097515,0.00293746783794505,0.0024217507793293427,0.0053168412934518575,0.0027950532014044058,0.04276415308798449,0.0117739857045771,0.0037972862953632256,0.002428258978500923,0.0006534750691436535,0.0008865431608747534,0.008314755868905756,0.011666963867771938,0.007478058307746004,0.00013331273921097099,0.0077748420647815435,0.01648268216313358,0.007590370583354105,0.030622211863998727,0.0171625424745762
173,0.6477339131280268,0.004487021616729471,0.0009831859441646494,0.008949246253014657,0.0020151615761336526,0.0006501421368026888,0.002462531841532921,0.0026258861126476248,0.0023006008219815044,0.002029347469818733,0.005410215210642948,0.00463811828292844,0.0012441374082400555,0.003674454222191215,0.003455065425179145,0.0015107683978349148,0.0008699514233779669,0.0009704208806867479,0.0006897136223826816,0.004972783850160767,0.009105582311379156,0.00362340004685098,0.0023484258760430254,0.001439410405736829,0.0014408010145888451,0.001015575280630215,0.011552973967059385,0.005785732863763783,0.0031169134728323694,0.0008863805288653861,0.0027988041419749403,0.0005539564779765927,0.0015601652323786678,0.00255319883384988,0.0007844167004080704,0.0008432299665427521,0.004075188917706416,0.006935887151907153,0.0011835469195974446,0.0011675156923049185,0.006038167522339262,0.00647379844428261,0.0030413754064166033,0.0006955765717272472,0.0019963623594924872,0.003929173035785982,0.002420216625147452,0.0011739761442780894,0.0034838456223652394,0.006713649196836866,0.0015110703842160023,0.008005562220358213,0.0021459666717502674,0.00472201307036947,0.015279433340916325,0.0024759249397915896,0.003759471329947839,0.0009817704787904705,0.0008591879229344221,0.0028000570870286463,0.0006542656192490688,0.002267896817095002,0.0014771327899038011,0.0018646324550234338,0.0023264565836179306,0.00822442843934642,0.004320503563708518,0.02446299851247586,0.0025023383855522037,0.03511303409453153,0.0007562289136838782,0.003775715541567891,0.002612710749340385,0.0012245651371147947,5.138205722553826e-05,0.0032703709972512897,0.012494462961909375,0.0016610623474149144,2.26595033124544e-05,0.005793182820990703,0.01578496834846305,0.0006381103314896827,0.014080386656829707,0.011670136571253169
174,0.6407713790221069,0.003555398778006064,0.003748424427745341,0.002708520732592041,0.005707740635377317,0.0010396907379005083,0.001329503188317003,0.0027566526140605824,0.00239725723883304,0.0022772721938670373,0.002527056645166143,0.0019030619185139153,0.004462238706226051,0.010232184966741626,0.010742102409775824,0.001028207097466509,0.001952054668571463,0.003027232982182536,0.019583710142867677,0.0013060635951803877,0.003469385932431275,0.0044271239472454685,0.003268556262725724,0.0033093208130301143,0.0020437427062467406,0.005538315877899341,0.001546714308545514,0.000642574225481557,0.0016465117360352944,0.0038168975629018147,0.002293697983982486,0.001002494568011564,0.005036917186491525,0.0010665759861261748,0.002896414646351804,0.0020131390321009835,0.00317141086051934,0.0025190360831826375,0.0023867335531044167,0.001709523808803389,0.0018202495151472696,0.0010011237602268516,0.002255282576751062,0.00782680434335233,0.004662344852259446,0.004941494195292843,0.0318868595035255,0.001493459333311093,0.0028227211131687923,0.0018599129120305093,0.0015015155400752984,0.0028435571785835174,0.0015515237894396586,0.0016973546661296084,0.004927582650585029,0.0009696290277072146,0.00974242194655557,0.0009752075348984403,0.0013038897558757504,0.0012812867656063899,0.010930760664279634,0.0020083565869616496,0.0035836523189924957,0.0042637309226167125,0.009669124296348437,0.0020283149232346266,0.0012708988899492468,0.0031945144920122225,0.0007654040109021463,0.046065453467409555,0.0008706134347970107,0.0030300017565414255,0.002548343473768254,0.0006166960048713711,0.00012850953506522787,0.003608458609686915,0.01013196139252747,0.002383447001678726,0.00010328180486977386,0.004227194136859336,0.013790765372968902,0.0006519977987461242,0.0011393382940600627,0.008764120067615285
175,0.8071329165567472,0.0016418990261990569,0.0011033703248497263,0.00784200397860331,0.002359646208384856,0.0008528906512326273,0.0026509258028052014,0.006367498703012352,0.00227589813753569,0.002438376740317966,0.0031920579426733646,0.0018670120310437016,0.0032728362167372773,0.0020156192128187997,0.0020467693424544714,0.0005075077216169402,0.0006762601691977152,0.0016746556555841507,0.002392193518519135,0.0018547273399597045,0.0014457939554958462,0.00037437682627709063,0.00046730408259606696,0.002312243764325265,0.0007061548172305667,0.0024447567492490367,0.00154511707116129,0.0010501494895242443,0.0017126153426293362,0.0013033679160698924,0.001562883744461146,0.002942238747744431,0.0027817565708575694,0.002301389485671802,0.0012636374537887385,0.004160675691961919,0.001009631416928567,0.0017264841846217024,0.0009677715556741987,0.0008728051636722179,0.0014679977945042232,0.0016558411892453162,0.002399345980762679,0.0021230719407062467,0.003966072218287667,0.0010087976621889017,0.0011042638563806318,0.0011635504077887678,0.0010045454125426488,0.0009159929754826831,0.0034678674131845885,0.0037717217035628295,0.0024100871787019304,0.0014196631448407302,0.0066329958092691856,0.0011063890491321744,0.0021660812979631605,0.0017827520842885645,0.003135865937050929,0.0008667619998692254,0.0034723101151786385,0.001312962321136727,0.0009322635969007536,0.0009949615621652073,0.0029351777599485418,0.0013059659558197845,0.0036081791019300247,0.0008675711993334365,0.001967909602407067,0.012022597323878306,0.0013361777162738705,0.0021168262543129956,0.0014139074776747171,0.0011182662587621108,0.00024143221758336127,0.0031848633936651855,0.003491316025390046,0.001317404734247709,3.828454021295842e-05,0.003915486572333315,0.012377198539259691,0.001263765543271865,0.002655425859910283,0.005423861962415864
176,0.574524282079036,0.0015905432184550965,0.001696167285192821,0.0018419227813098159,0.015912754997922107,0.002391487877535557,0.004569335979091189,0.0016438810666561585,0.0013626383810570462,0.0016376426936022214,0.009542864874631055,0.011311303440492046,0.0019597938818165456,0.004476295268359665,0.003751078719844087,0.003126161788589615,0.003764012559945414,0.0030776141631780494,0.002114223917578596,0.0014274317363961962,0.0011700847819598559,0.004417106047975774,0.001101903391336046,0.0012703174658695617,0.00979682388261821,0.002088978114856503,0.004366327699545115,0.0012121364233725134,0.0015014116106536535,0.005447626785690677,0.002906781864450099,0.0009424852918221123,0.0057173014074866375,0.013612187522600364,0.0009238974347332396,0.0015142797559845747,0.004048297675551526,0.0038582319495881327,0.0010703268352141935,0.0019885106809022462,0.002319989044114983,0.004898478106515776,0.002545845228338783,0.001870233523894676,0.0020235927225132158,0.0022876341549036574,0.0013847565157678566,0.0012321291919040092,0.00480226691250941,0.007449639152544241,0.0023553548066083093,0.0019804260583036796,0.002525187471514199,0.020231471328328206,0.0025318612328818725,0.007421770978330079,0.0020657356392511025,0.0032812995942114163,0.001320922458426476,0.005347155810427845,0.0032097158480630136,0.002032170710914757,0.0031112412310663616,0.0013065623847601077,0.0018166591602473314,0.005782572362322629,0.004947284759818784,0.008423796258199787,0.002989858813858656,0.061757025098960444,0.003726559152849379,0.007235991925967111,0.00639301538481181,0.0012687726431425631,0.00026224379162288655,0.017797401678298512,0.008675517148552235,0.004552865167658135,0.00032970048142956206,0.010599612187332286,0.017359468182134002,0.002606897281224209,0.005277103411646574,0.01798576167092876
177,0.54092995601202,0.0031125553485341012,0.0025392980318518794,0.003531853529683871,0.006149660401282384,0.000804260744522094,0.0025983491782549124,0.0016582364809512454,0.0023797029513400814,0.002016524038522476,0.001251871572410542,0.006471015973387725,0.002290048097160448,0.0025588223145895715,0.0037471442439411147,0.0013022566715177237,0.005381525619286303,0.018224877031886882,0.002289421443105818,0.0008386864452604154,0.0015198967896605483,0.005405074623947643,0.0015266312274708083,0.0034782056384923656,0.0026157204517645283,0.004239116009134861,0.0022147284745194233,0.003716273982445352,0.003392560590885807,0.0027324041446611202,0.03329193686455771,0.0024064982072491527,0.0013424501109518241,0.0017790157028058965,0.005944927234869014,0.001400058882519907,0.001032904649848762,0.0013878801330831712,0.001321580184224098,0.0012325041653003987,0.0012131735889679624,0.00111877306006345,0.0012497201629350912,0.004129622247882363,0.0026756386127983695,0.0019528056963674712,0.0016771264986732606,0.007710813266435908,0.002637441833108558,0.0025801857232555757,0.0035901813074532716,0.012323624183220427,0.04159419021611813,0.0004350442884388562,0.003936031722682176,0.0031694184102218927,0.0029072647636393585,0.0018157738817259073,0.004981924949163864,0.013535150032688728,0.006236675783532292,0.001436605645783535,0.002890022621689346,0.0013682532403644547,0.028082950167073687,0.0010149421787586802,0.00400823277448113,0.0014669156228539122,0.0035492407531405815,0.05293844430793608,0.0037570737991698563,0.005011550672772546,0.004232764491307342,0.0030892338962580364,0.002295377900823739,0.005576825302838903,0.011910700152474571,0.0041174268262389405,0.00014502707928479793,0.007168274946558349,0.01591830952049697,0.0035828658288611093,0.012754122014385322,0.010157825829173303
178,0.5007096303842961,0.0023861699584458596,0.006026361198620223,0.002000677444749869,0.00469025762178772,0.0022025649535939,0.009115517904988029,0.0030709465081166375,0.003828839233035834,0.0075847658847835574,0.0056362766840268395,0.0034722849487061626,0.0013242710378887604,0.0023798854425569746,0.0020737142113679756,0.0016602563908733,0.0022821530762193666,0.002291454684445875,0.0023446768940861614,0.0011850986167692356,0.0029478731159493913,0.0049289311282379065,0.0024517427130579697,0.0049749584458902455,0.002367967608734317,0.0017164905413459297,0.001209210495792208,0.0012937570100479876,0.0019869913370842603,0.001955162724108457,0.0015865787205428625,0.005385285402878963,0.002182753974376745,0.0055730860519221425,0.01810478289480842,0.0006073282657112466,0.0016476890528157304,0.00244251830249132,0.004708784839850322,0.01069920690391016,0.028856415573346627,0.02052843627959584,0.02828954957434433,0.011527867249767959,0.005058551938913631,0.0016474071080544016,0.00815523044551774,0.004325116002959839,0.005098900612236822,0.010620711410854553,0.0036714115420676007,0.0033036673354834177,0.007331993207926399,0.001838695220632952,0.0049085114780631186,0.00359777330163531,0.002290334030321187,0.004582971259009252,0.00830565621813659,0.004782788269635924,0.0021723816456449556,0.001333773525362963,0.001991957832075032,0.007387025319473915,0.002486924782025508,0.0029896147958256127,0.0025274867409603367,0.003679304945982827,0.005476568070667025,0.04500023212641817,0.0019274705934656273,0.006104402966863365,0.004831674413402826,0.0003487188603338073,0.00016344853444759174,0.019219405755704872,0.018152940862524544,0.008438856181306164,1.2011542204095992e-05,0.013025533223965317,0.02187024131516072,0.0020589741337974582,0.002750788336103032,0.012291372828866023
179,0.5879147262491301,0.0006504109947765916,0.0006972419455209516,0.002204716694396935,0.018358346331611167,0.0010628458134212292,0.003613635220924633,0.0013080504687080223,0.0006201917248573268,0.00331945775657206,0.01426401404342149,0.0039658121291761455,0.001239845292535592,0.004132320540017205,0.003037480438002835,0.0021668091443903027,0.0024342542396789883,0.003262428581181323,0.0013013626499610439,0.0013046476588837853,0.003101108517597871,0.0013432168974318575,0.001632658870751543,0.0011493146043629315,0.001362337489416174,0.005160906272931076,0.0043155871069497165,0.0034852464403469716,0.0033519442950672535,0.0015308746825587172,0.0031986689890328014,0.001305862285086792,0.002240842550388328,0.010473855731468498,0.0028413141360998464,0.0017479510710790844,0.0010066120161624878,0.0017139042255333024,0.0003911113378244427,0.002977405080236979,0.0007910080523026487,0.0038145359830374925,0.0008341388069030809,0.012512037249510204,0.003378916705020787,0.002452579250708437,0.0013531766660387014,0.00119744025633991,0.034882523596584475,0.004497352428063471,0.0010838311598137319,0.0019158212023261208,0.004833141168345237,0.004638915345284062,0.0022817416651021044,0.0035517191298436797,0.0008449324465207695,0.0036047630851679885,0.0013495668815910926,0.0021193148478614956,0.0013555861549202255,0.002271774754103218,0.0017122720387924347,0.03445428227180037,0.005726424170614877,0.010677564610006235,0.007188154156778337,0.017259236814499593,0.005605340585553353,0.02693898222325703,0.0022470061372126173,0.005074402711555207,0.002256543028293595,0.0002319735146132596,0.0006101048314869436,0.009601981577999697,0.01275286434747275,0.002986936735996932,0.0001299381426752126,0.007638159143383891,0.016879974562071267,0.002565606848284596,0.004710461971161142,0.015997652223607425
180,0.6081527078611991,0.0018776285063111403,0.0009666801606241913,0.001418200259371615,0.0024797570470836607,0.0020658463697626334,0.014688992432801825,0.0006470927967010651,0.027022224856226733,0.004996492271943906,0.0013518604600542142,0.003986228547582972,0.0006485950705640188,0.0023826056853676622,0.0027456757947569963,0.0027068261561159204,0.0015626898624126792,0.001746160723625568,0.0008494583750373771,0.003249793148789178,0.002818657706893923,0.002605718421997283,0.0007662092078352336,0.0020396766517951975,0.0022465379153658246,0.002561372115812697,0.02467840640182501,0.002583852509053595,0.0012696628151322477,0.005593391598851649,0.016397760706345174,0.00130104962064883,0.0038285905380551527,0.008981905598111415,0.0013661763173762403,0.0007429582954398175,0.0022160161769780493,0.0038894839299583837,0.002782320546295495,0.0011635055090240805,0.0023207247619512553,0.0033567835528153043,0.0015137981856813316,0.0018688953536944,0.0023836685282643045,0.007385031682875213,0.0008142679269069544,0.003005857649491837,0.03258895175293227,0.019448692889630286,0.005099124259009322,0.002596792645663187,0.001606385555383613,0.0021157843932505904,0.00356084460857267,0.0017287259526810783,0.0009356146490479162,0.0010733762035069789,0.000801556002949352,0.0019677675432720164,0.0012982711411631924,0.006457026217981184,0.004916807306444006,0.0010810156421488287,0.0016172289917483894,0.003788730759824858,0.0012279003804921992,0.003409564659707795,0.011292686454008091,0.03302580271104237,0.002140482219570694,0.0034748538041041136,0.0017823927260801828,0.0003223539139682048,6.698494993139554e-05,0.008244661970209214,0.0044404826497543666,0.006840973383357105,1.4763985412326908e-05,0.004642004303350948,0.013521556119113308,0.0019789017574000367,0.004233790554356643,0.008629350332122943
181,0.5992927200605681,0.002851030269550247,0.0014486104750817475,0.0010380926790646986,0.010646017972457669,0.001069940322984649,0.0026500523001184335,0.04175956439285697,0.001553008352166744,0.008997775680080136,0.002151764512727204,0.0014122841739468933,0.002228769929549325,0.00128059778717705,0.0012221541023731295,0.0007642627231793771,0.002886556835893465,0.007217626588234388,0.002771398995994243,0.0013296600984179453,0.0031553447232820983,0.015563343960597505,0.0006393321206199262,0.0015670921987644194,0.0008806045553425711,0.004862753326537079,0.0015406754478895946,0.001294099637363282,0.006224113659072666,0.0011886472419878787,0.002414195672084469,0.016439455161785927,0.000827429018333999,0.0042845793005298225,0.008049220884264983,0.0006688390058370872,0.0008136895345299273,0.0010465319336015735,0.0014525735115370373,0.0019232714173328914,0.0010618955840054577,0.0010133682645970604,0.0010841581087878403,0.00269111740657009,0.005262445749778704,0.000814533246688708,0.0020042547683611907,0.0064781964153205664,0.002427051989629992,0.0015565957248938277,0.011500817198083005,0.010080281721441233,0.0007271630288442176,0.0029377399194532947,0.000967663434887999,0.0022259977675978624,0.0013920202777403174,0.002265370403733591,0.011564957790926372,0.021387850565906426,0.0012678675733877153,0.016119677896477724,0.0023978007485256866,0.0023139743144490374,0.013535052113371577,0.0007401829611182735,0.0009863674802040952,0.0008691999848653854,0.0029015106479932363,0.02469086138599968,0.0008436391964529196,0.003632810191032469,0.00159004256104373,0.0007182353170751608,6.37224241672422e-05,0.02038684987928293,0.005765777657663513,0.005771326255712183,0.00027542824707038393,0.008455584745198629,0.012531643347370775,0.001021012064478557,0.0012585817007909408,0.013011691375303076
182,0.39996133339373197,0.01540445200634291,0.013706250481213662,0.001323301739252713,0.006174416274563273,0.002036010275902766,0.0005542669298509905,0.001958919928949452,0.001553132290997703,0.0026390763140392787,0.0015798805246103745,0.0009713464502481983,0.002672493025188089,0.0022662930612733015,0.00159032233885853,0.001130262813406655,0.0027842453655256443,0.05587880057863332,0.0028559426575552817,0.0008746503608522202,0.005346742419510988,0.0035431111668264882,0.0020690280161114348,0.00935066309047925,0.0012290723688761014,0.004249906608559873,0.000530919468509323,0.0015070024168413285,0.003818724228242299,0.009618313322870718,0.003960379204174417,0.0032038002707843686,0.0009212742953386799,0.003150473135736381,0.005978516006341702,0.005225119084112344,0.0014154445705369992,0.0019340184488738077,0.0024051323573428102,0.0009142892199775081,0.0022860058176520158,0.0011776992168317582,0.000984184600511255,0.0028646377998060623,0.015805217385487666,0.0022629642764895267,0.0012723316753413972,0.00737344870924585,0.008357665907418715,0.002033761829549534,0.0015236822277372986,0.004933309022569252,0.0008725509227908742,0.0016571582478258071,0.03092214273422901,0.0013828436869228122,0.0015305249325655156,0.10445598589202604,0.0031242510151984564,0.02508449464157902,0.0024451968506731853,0.0026887956474343274,0.0016824177571414273,0.0020213799398870135,0.0028232488249899258,0.0014344161897194758,0.003264112722121201,0.0015921176195816164,0.0018179619625651343,0.05657772001022357,0.00153091907115879,0.003926427456148331,0.0037758148145089414,0.0011229757283663885,0.0002084453663916632,0.012060944992166495,0.017594289000628906,0.01738367098007363,0.00013497236965423557,0.011439308057622498,0.022944857305183475,0.0022633435099963066,0.004320179880920376,0.01675429689002202
183,0.5768761121112782,0.0009422292987412342,0.0019910888289227657,0.001033941399239008,0.009363450853584606,0.0015720444243318536,0.0013103445831572967,0.0028092532257089206,0.0008078290711415542,0.002137224484429688,0.002601477386755377,0.004240433880494906,0.002362139681648038,0.008460673917466402,0.0033805892493060023,0.0018473675498560842,0.006338198400347906,0.0590010154904427,0.01435357298799869,0.0014308992664778853,0.0031947328080299446,0.00437483741575234,0.0022299662182741153,0.0011399418221702752,0.0036098175647976587,0.002921323290907042,0.003363514918390369,0.0007807873494237615,0.001997144767894156,0.0021736079515040493,0.0011131600784887793,0.0018897378827909992,0.00107297002647371,0.001970988505833555,0.0028535672211083777,0.003462535935896007,0.0013341190259154134,0.0010992106864513111,0.0013997048560604533,0.0033767096226131024,0.0010435749383448838,0.003797053493454268,0.0032565665132446293,0.0028165553680650035,0.0018384669856278022,0.0005630117291315902,0.00829706843088365,0.0033764957431998525,0.0027302406190404895,0.0026788313894845614,0.001297572528402544,0.0031228054742039038,0.01642853662596226,0.0041184285833348565,0.0019071579922035529,0.026277543721219355,0.0013397951017792605,0.015267963005683153,0.0022765104706587236,0.025971816069543067,0.005380354874150947,0.0012217683175867267,0.0021805434290403866,0.0020615446890261805,0.0009338179074314219,0.0007380281163663659,0.0015942186331602177,0.0005841501343867912,0.0023674205647246723,0.03860445552944506,0.00105201670898246,0.0028064346593584828,0.002749336625875275,0.0015599959288171727,0.00023146812190222562,0.00298156152655688,0.01185537219220301,0.00600075778751193,6.392422448131358e-06,0.007711267335312168,0.016722668518702855,0.001268661457327515,0.0019648094381850526,0.010798696257926335
184,0.6262670604168775,0.0012544782417906136,0.0006979534236306032,0.0014857987869083685,0.00484700626210355,0.0008820838364170351,0.0050481288719485835,0.002927688735626998,0.00962254572627131,0.0011347289322182648,0.0010826665735503018,0.003777214951807568,0.00174137014675358,0.01149830557399171,0.002720496930651983,0.005494332468502787,0.014203146962575812,0.0013581483881509168,0.0018831290463036054,0.0009088285404540644,0.017298419540933273,0.0031141111456327716,0.0067285854820339774,0.0004247737675960015,0.006116828511610417,0.004408137043152593,0.0020440284108728755,0.010091659076901415,0.0014216463091119005,0.02013248210245784,0.0015647276947272895,0.0008372392673463878,0.004695361554318471,0.0080049931812893,0.0017381877291155203,0.0017250367654134732,0.0012583554216562425,0.0015039918739740996,0.0006549785443435395,0.0031274822055686684,0.0012949626234240858,0.007126480591491721,0.0018034041952778225,0.0023592744129601545,0.0010704449537654631,0.0015047102077953224,0.0012988299452633522,0.000800808622622723,0.009482410872986081,0.004905278431049929,0.014007055605435938,0.001371125667805216,0.0013306288108813438,0.0027650013050879584,0.0018635320650337815,0.004053631919182282,0.008158885695970182,0.009024754395338829,0.0007093064051488093,0.00425289141920775,0.0012160272799213014,0.0009894166165332822,0.0014454021680713534,0.0003739728910188224,0.004451697621343242,0.0016113227930691172,0.001968737830021156,0.004962517044547789,0.0032352943918191805,0.026724390143702648,0.0033384828957158945,0.0030334721904929055,0.0026539432834805712,0.001062173341183548,0.002364881367230144,0.004327762330252652,0.006617025791770005,0.01022177529344303,4.7200718253817366e-05,0.006629074833712949,0.013836543011989092,0.0034190628999554162,0.00618475255414544,0.014375514118006598
185,0.5786339784064772,0.005767809397482076,0.006695095666910362,0.0006656345190179298,0.011430292444188094,0.0015592446530570262,0.006060313612562315,0.004215447840954381,0.005424397778768111,0.0013605743028954256,0.007709509175583329,0.005665102052694105,0.016699467385073906,0.0033060942066523618,0.007645574499225243,0.0010838047180493889,0.006228524349719809,0.02672401905642024,0.008895735943870548,0.0008091733153962964,0.0030459776787501915,0.010474693615275511,0.002384063813320347,0.00564787553300915,0.002177541160189593,0.003253233627567711,0.0011379471318152484,0.001137525647909043,0.00491223967998076,0.002549798459671717,0.0014616114434837114,0.0011798385390098607,0.008575397029308924,0.005281738629042005,0.005604608865399314,0.00195811363000155,0.0004976975435031167,0.0016940207108470807,0.0009343293871751746,0.0008157970361545393,0.000992364092455611,0.0005662942924034646,0.002376980526770187,0.008414125279081466,0.0052694674574668785,0.0013701323180967404,0.013581103039374782,0.0011152522344391182,0.004861657343790518,0.0025703962294776382,0.010740227039837352,0.005953645939624353,0.0013199995064497852,0.002784601433885067,0.0013744023743987128,0.0028017679347619884,0.004075074432771899,0.0009041024998777813,0.0017089191683593637,0.008484664199034469,0.006517294346824489,0.0028293753296534134,0.007445168607257736,0.003813149997215826,0.01156074231762339,0.006439904811761518,0.004217346939268889,0.004360216539860393,0.0025011421245745152,0.024930117232706293,0.0035755149070014337,0.0030508983648565666,0.0037672446720956624,0.00027927685314416216,0.00024401704960126097,0.005009500718233818,0.007389966501997386,0.002914462692881998,7.467555741683597e-05,0.007425341253348571,0.01498623869567636,0.0025463675298789453,0.010152817452281328,0.01140019967606921
186,0.5351202704398206,0.0010798076242102472,0.0013639252175428407,0.003158407984029686,0.01592930071847345,0.001828422595602464,0.004872711745917909,0.0021493288336574944,0.0244313871290591,0.004077774676693893,0.009388660595433118,0.013787486770897143,0.0007613687106811776,0.002732383870540729,0.0017200700582881499,0.0030872530985265752,0.0025299023016091687,0.010366271021238256,0.009010290345482784,0.0022038489784768456,0.004649295406074135,0.00591762351091156,0.004150003961353707,0.0008353898065228059,0.003614551937427473,0.0029618055191862167,0.002306346873362467,0.0016464777033607548,0.0019704795705614555,0.002072976580726835,0.005436417468118501,0.0008105652775319013,0.0021990779285550838,0.005641583550020697,0.004584741559581179,0.002030921670501441,0.001488009935408401,0.000864195758423957,0.0017612206932817868,0.0014192309171934168,0.0007840913875318266,0.0003652275719297538,0.002346916870417462,0.0013092055206540157,0.0014242377802500365,0.0025462140909720387,0.0016348474125957118,0.00569394524784236,0.0314184416272267,0.0025908563516294624,0.038061421630232566,0.0025395825606202662,0.0031618856932081247,0.012085394292433091,0.005049635692250226,0.0021764631626044677,0.0010385186747075897,0.0023984227646137277,0.0019079877574323754,0.0015183757751876287,0.004152831194814962,0.0014960818513986846,0.0035858497416669877,0.008938974789668312,0.0022495437776072313,0.020799086027122295,0.0019256709981701108,0.01179618998114292,0.004429690451818954,0.030827743191530196,0.004953019292633758,0.0040648998736222824,0.003620039212696536,0.0008905839262246988,0.0005912722803569162,0.005380225595163167,0.00980988550712092,0.005697004890055158,0.000249651140952255,0.007749004936969155,0.017063355166832255,0.004580309110786589,0.0067779488541245,0.012359677998896158
187,0.8005164333211433,0.0013793007386909723,0.0009348534507659237,0.0027152164287904054,0.0013978853736296712,0.0032007763220162017,0.003807567229564667,0.0038124051881525895,0.000955229855729297,0.0011818242543363848,0.0012003702170347084,0.01058515510206302,0.0010939202549590413,0.0019214935980024688,0.0008110186169899532,0.0007209179432682566,0.0005801771424129921,0.0013328549032050796,0.004787305219485403,0.0036703621011896282,0.00774765438534729,0.0014934837144360198,0.0007968835862773636,0.0009917421454787544,0.0010083840858795467,0.004984627206975363,0.0013464400077135832,0.002577300179900242,0.001317843843804237,0.0035504140211256177,0.0011768973981391936,0.0012532403948666022,0.0011249838649044636,0.0014079239056992785,0.0005427244521312253,0.0010942973463549438,0.0014565355270242464,0.0007765384024318618,0.0011506630089186537,0.0004691979798907276,0.000748046602724937,0.0010312934454725867,0.0006910403162000135,0.005125119371623408,0.0012001027765320977,0.0041314506962816765,0.003294451384834852,0.0015677477063739545,0.004499366244461272,0.002759454603367016,0.0012632257131887574,0.0015494687941106924,0.001031251303796912,0.0012248740709669365,0.0008566963712870981,0.0015416154378506345,0.0016161622411058158,0.002165316307613273,0.0007060824244801131,0.0011736533025656093,0.004661899217355097,0.0007942648971992093,0.008927204442340528,0.0005912763563238786,0.002847532202180702,0.0006336262277831922,0.002129849453951596,0.002575372406838563,0.001655507811748021,0.015068533658420818,0.0013057465989809035,0.0022071209451102443,0.0006469333289602571,0.0003632268275154546,0.000108870337334806,0.004287176717361165,0.002854121060429495,0.002264804388362999,2.6708821760075926e-05,0.004389034423952116,0.010919685501928308,0.0010799443662176899,0.0029806870197474065,0.005631611154630533
188,0.5860626119757527,0.0021425320264094857,0.002790284827336837,0.002124272446008238,0.0029885256556064286,0.002529569569179019,0.001897595813295266,0.004364585513076933,0.002910281654032016,0.002587126657000797,0.0016894283923372898,0.0016722127499382005,0.011510592458640336,0.004702669163983455,0.010048815241278663,0.0017105257727460727,0.0017001592410200359,0.008314765228563913,0.008070210837518086,0.004961895663715817,0.002506952779856711,0.0049089891126747566,0.0014246687079258048,0.0026367789371405247,0.003031563683117223,0.01130873067595285,0.0010256022609366527,0.006449899356006377,0.0019780512691394826,0.009946084986648503,0.00401693080057398,0.006084508111349333,0.0016721909039564083,0.008682319516881221,0.003262616096762199,0.001241392099719276,0.0013008565776233274,0.0025846113024583155,0.002274157478160719,0.0025425799624186427,0.0014666785904533844,0.0027534671406174963,0.0025853697637005964,0.0012971880568525566,0.005966560433658572,0.0024159980223484477,0.003138939179724432,0.002717215273724513,0.002009195409001729,0.002996145318170157,0.0016522636462257343,0.002457539816738172,0.0014656634416820862,0.002036609129182004,0.00313981371898238,0.0016636132177236405,0.001942653350475361,0.0028537610277219265,0.003918890147421868,0.005524133560747469,0.0033591505307299582,0.002728772021481046,0.004018703733355138,0.002923014556407292,0.0038666839167722576,0.00993053717362179,0.023412867947152936,0.006206337069381005,0.003959982058242393,0.05073874867171712,0.004197430817784047,0.0036831084141924876,0.002377370798491938,0.000616159422818968,0.0001395195322769093,0.009207996035933676,0.016200220718842594,0.009826243920394818,0.00020347453340735841,0.0041631753159704485,0.012708767030125377,0.00426658207824445,0.012874856112401129,0.01073045383836047
189,0.7338780622764903,0.0012856507654430637,0.0012772839335967302,0.0014350209294195701,0.006409308039198859,0.0009440597659387083,0.0032060321499816475,0.0013617989813401708,0.001260787175785494,0.004718182792172457,0.001056207688310397,0.0010228476192574922,0.001456189134643021,0.0015104603355194964,0.002145274735508856,0.00392786270120801,0.0008321462709535471,0.0013347361934745938,0.0022277771216148946,0.0025018770487131945,0.0016109335797133899,0.0018955966000930777,0.0021841619158212413,0.0010727978080015076,0.0010422286952933325,0.004581262212152963,0.0009806735285610307,0.0016349036389414384,0.001323436967947339,0.0017682083321815885,0.0013012516547234922,0.0019528920014617367,0.004240009860521541,0.004693571074199178,0.001388525448640887,0.0004137689760999934,0.0009763876450104973,0.0014335017750890828,0.001695752167350665,0.002219862768528099,0.0019420066929430179,0.004011465262892443,0.0013146282308933127,0.004522791088327665,0.0032580025387283183,0.005848743270101789,0.0013053419133804145,0.0013442714738258724,0.005531061180511068,0.00536123725700829,0.002228688011789636,0.001517530992367286,0.0007300839269296014,0.001170913778333154,0.0033570263577435283,0.001499598649403824,0.002375841580680291,0.003828195067444517,0.0023035929725308637,0.0012635357372658626,0.015990304981822752,0.008067804200987577,0.0006968083471733637,0.0007613198511052419,0.0020626972488689854,0.0011263223436656098,0.001767964320851717,0.0027237569860712623,0.0006065730660853249,0.026089389569295303,0.003365023274829496,0.0038461876330749137,0.00398886100716951,0.00038150951136621764,0.001064466452740333,0.007666089365365198,0.006227260641429602,0.005196073328819233,0.00010731212926054148,0.006373256152458127,0.01535972210016074,0.0037227228432796986,0.007021051998211464,0.008871674353904405
190,0.6830651353857969,0.0011419959176806177,0.0014802653523700645,0.0018783104259228057,0.0061022173762240684,0.002163857958349459,0.001592742001611778,0.0021906601854487996,0.003043573650865985,0.0021040187128692584,0.007929464989779979,0.0024382850100214864,0.002480810791766965,0.002165743049208238,0.01419095707669203,0.0029297758913442297,0.0030707787596924185,0.0021065151643852986,0.0019363866005648815,0.0018220325491367028,0.0021212698270188686,0.0024382922840354253,0.0015814044497815718,0.0030192604060715372,0.0018744643731381369,0.0020788716231793874,0.0012799098377400638,0.0037592230609965432,0.0022934080056523894,0.024673980816397285,0.0056667127738597774,0.003406515386988466,0.0011104293908296328,0.008666818323570738,0.0013537801957760728,0.004725014148730997,0.002291780426922843,0.0012334102714714168,0.001135221868822836,0.001795524273731797,0.0011197745115660003,0.0013417165828377047,0.0014184012314241953,0.0009923936298689275,0.0018279455650453476,0.005990446503184862,0.0022279833752798335,0.0031579255079342743,0.0009268182841252445,0.0034183931439260616,0.013115426737765721,0.002100849471741253,0.0011216972104073379,0.00149435907393837,0.0028588252503074707,0.00344922265759575,0.004153087518597257,0.0034341154650696978,0.0007025137819042107,0.006445452681622578,0.004687045030105658,0.001956995508473714,0.0021184313631958645,0.0011798749260123172,0.004500602442788051,0.005118070599181404,0.0027426032721560335,0.001708382888265403,0.003542493490981993,0.03265430578294606,0.0019461422372961485,0.0036033041793794296,0.0037274952795962523,0.00047560080162267147,3.719946911976828e-05,0.003822837694124551,0.01051267666770825,0.0014589039395565687,4.1398474733887955e-05,0.0050245728554742805,0.01415206412789195,0.002758287362537124,0.002281004209701119,0.006313540618561775
191,0.7285775549947673,0.0018186217378054483,0.0016885562826778656,0.0012969014873360474,0.00279064810364999,0.003916405934847082,0.0011930467561726999,0.0037416075031656915,0.001328608222814533,0.0011263260889064245,0.0009462076060090984,0.0025891142851642277,0.0008390372780121265,0.0011725393550581055,0.002226102801981471,0.0014039458825782973,0.002041104526330439,0.014354458462432334,0.007817396242314655,0.006002456399810692,0.004634495492320249,0.0014916259311884164,0.0010049479199348399,0.003479305541821557,0.005628646643343356,0.0014622445198108638,0.0023614375748174186,0.000970313617882057,0.0009814596412435334,0.0104169474374088,0.0016219313537575023,0.0011924243103298875,0.00216567447319472,0.0017066590812009625,0.0010010147916522324,0.002520430265221794,0.002021694147565712,0.0009181652738293564,0.0017244357638819417,0.0014626691621832477,0.0008077039383347587,0.001080614382998702,0.001054730042549411,0.001413705392481211,0.0019537119311499903,0.0017638963803223316,0.00202828329078819,0.001879378918771056,0.0026182565960946205,0.004990648037709273,0.0022939019198084396,0.0010514120566287965,0.0017642716207990547,0.007506167061623424,0.016789988858154446,0.0005421203639445613,0.0008626489558265874,0.002680695560204477,0.0009749182331190699,0.012509656078705474,0.003329535956315977,0.0016410561462224344,0.0024031459145928366,0.0007763641973651292,0.013118672995660923,0.0008890965767420949,0.0017264431257151636,0.0016037076123961661,0.004625073906035551,0.018992711750837887,0.0008796620341101554,0.004397895945148587,0.0017522174670825015,0.000435016504488123,0.0005938781082916023,0.004039735759660816,0.006952237660511625,0.002242296071802091,7.023206385314762e-05,0.005789752878138903,0.012840504595244934,0.0006843434843156727,0.0018541396421581043,0.006158407088872857
192,0.7070246379299991,0.001874794094445412,0.0020909968937341717,0.0016708081430316015,0.004044444846195935,0.0026948560015130477,0.004197593718489594,0.005068215093461034,0.002345095720845719,0.0031497352365676863,0.0013438940903703332,0.00099307824636344,0.0009072806870042699,0.0012938101643990498,0.0018567755536442608,0.001625875050450775,0.005603104233224575,0.0011674377187976248,0.01889166770963248,0.0018504603188394305,0.001408025012688958,0.004416623684697437,0.002312037554264512,0.00200766056752301,0.0009085541859722287,0.0038711035550956295,0.0008059485853574844,0.002237285846056287,0.0019884061319121607,0.002096171207201884,0.0036590910246003068,0.0018277164097549336,0.0010913725878981366,0.0049748176127650525,0.002046304295064754,0.0008001020493164366,0.0020458400935514653,0.002323666572601008,0.0017820002964434292,0.0011610560575247824,0.002289619849657884,0.0007056234670167322,0.001613356556432102,0.002411566784835693,0.002599700541687685,0.0026269863343939873,0.0012294983185115215,0.0038058278453005157,0.0018224565447449164,0.002719897094436147,0.0017663822002883115,0.0027386809370946058,0.006822795357366926,0.001319004684958191,0.0029312658535008106,0.009583313349642707,0.002193756664217518,0.001826454441726415,0.004369537763382879,0.0033860058731568555,0.006255852756539523,0.005635990868370566,0.0065087194255633906,0.0016091763597616351,0.003251555743352388,0.001233346854004361,0.002760644941470038,0.00320259995991343,0.0015275558728352183,0.03403850364647157,0.0007211342236197043,0.003701027135638573,0.00350007478770267,0.0006436026354167485,0.0001626249351817119,0.004098452013812591,0.01506397510968842,0.0020697120248153603,7.119518946801448e-05,0.005397888648671688,0.010846789620944274,0.0007421425352771403,0.0012917481416141884,0.013445611326214984
193,0.556207043455814,0.001998528219942647,0.004629941123747314,0.0045110218538992105,0.009493174018453066,0.006267009895222783,0.005622746705981377,0.001400608771057184,0.008159391168038654,0.004929152825728762,0.003422811354307721,0.0029798981531780973,0.0010760424794655353,0.0049037295413558715,0.014997398480042556,0.003092142982880823,0.02873033264125004,0.003852044288862003,0.009258342927326751,0.0032667500216034904,0.005267825800017071,0.002224331481766829,0.00309314512040572,0.004242693737151564,0.0026444754123722907,0.0035481046334869277,0.003392261517399069,0.0021861566944007637,0.0015157931501850804,0.003909377681074782,0.0055824021436910965,0.0005646663498664273,0.0061234372585730855,0.005210154439942351,0.004087634865708376,0.0018512858567527174,0.0011550654347219254,0.0013966222816253614,0.0011741918644022806,0.0013484940934633002,0.0012339477634937506,0.0017357631407077562,0.0019391375780863785,0.00367910373200313,0.007894024236673342,0.003373998940385814,0.00439024019057926,0.007283358461181139,0.010190371321449433,0.003525938445607606,0.01389939239756243,0.0015473164267592265,0.004708557152855611,0.013559436913552634,0.006372868721961623,0.0026856343568595975,0.012201426591981132,0.0031983226491427313,0.0009996416972835778,0.002596468378906135,0.006230367607730615,0.00441873512099205,0.004614353356749962,0.004774066879513732,0.0060199166351534985,0.0038645257871094247,0.004598676492395303,0.003894291168725048,0.0018535868524432592,0.03525712732106876,0.0008901012073166464,0.004079542019883645,0.0017849333200012597,0.0007830914950167498,0.00017707353308465924,0.01957037864990841,0.005705468725717188,0.002704120742120748,5.887172030516028e-05,0.007103295487307825,0.016811557021704282,0.0007518402460853022,0.0014246679991429451,0.016298230788326377
194,0.5539950242093453,0.0034593259166837685,0.005667458486161056,0.002744438379575197,0.018815868439269422,0.0009323669487984517,0.0030781774281851025,0.002339676850569479,0.020927892555105902,0.004414181425285835,0.008866369114673747,0.010826882147393756,0.0036527294039225603,0.0029525520946504674,0.00232350278042224,0.0020853760011807507,0.0018190848687415816,0.0017734214769116602,0.02315978113661786,0.0023767692823984,0.010146026046109436,0.0024253414461215413,0.0023252729473901713,0.004395759844712736,0.0027249939534734788,0.003117808765224001,0.0010056150067314798,0.00202995373074626,0.0024659220483392815,0.0019326453627821446,0.008198159992302397,0.0005577478173521295,0.004161311064865047,0.0032844027154451286,0.022629527330795197,0.0011420182729539722,0.0015899341051971907,0.0019333322212532241,0.0019570794479796413,0.001027976655554792,0.0026268971031368125,0.0020036652331197847,0.004396369952496047,0.004821423972887443,0.004294295514766135,0.0014208710971235533,0.0014033675746010494,0.014375860102329852,0.02819002633959976,0.00221497633904387,0.024716757178311795,0.004088520977717766,0.0023133532636761575,0.0055883696731843175,0.001906911518176509,0.0020012551027090817,0.0024372735486573476,0.00763984100734886,0.0016438721513514364,0.003438583141306299,0.002123516726451596,0.0016959192069558027,0.0015805887773048472,0.0013761830838510533,0.004112641364082545,0.0026978132167955063,0.0009577044528570142,0.0034320076956226102,0.003213296622440758,0.031327415993753646,0.0024438038160824217,0.005309413733644841,0.002796305173440497,0.003945783615052645,0.0007976501336725821,0.003400940748024606,0.00870742337371153,0.004141661049993323,6.28206760480323e-05,0.008700523833951555,0.013518920816750074,0.002233258185676045,0.002546620011527545,0.01209358917954338
195,0.6267256229378734,0.001680057933145551,0.0017238226421908119,0.0017863925046698972,0.00485288985808543,0.004174268318309331,0.002009155427683678,0.009050736343285631,0.007373610774170983,0.003360870392888007,0.0035926106237659052,0.0026157838550546052,0.0015153084758310173,0.006610507527224956,0.0021561495300747593,0.000920546287641593,0.0014027445947597103,0.005095677614934973,0.003675914824069826,0.004795648837029306,0.002825280533990026,0.002420179776211492,0.003512049656450896,0.001956279186787468,0.001997072493944056,0.0029676733936164924,0.0022538279347346884,0.002951857999087776,0.0016020176223052677,0.03477871721132391,0.012554287687989689,0.00263162843456523,0.0027031169582452624,0.004082659800582567,0.0021367945590831574,0.006433260077648288,0.0028936908254435945,0.002078555848376418,0.0024288214690002313,0.003558224448080989,0.000884324393375369,0.0008253241114587963,0.002688936060747352,0.004165457047554166,0.007391420051893584,0.0014544097508547575,0.004639818093501533,0.017454086106726958,0.0023747955358670203,0.0016402538614384231,0.006070373529171942,0.004592536701777753,0.0018208552732742653,0.0020680165115760565,0.003666812981926185,0.0039219667609649705,0.004253830707400644,0.0017648310981214304,0.0036116654420655318,0.009049204311771426,0.003389511285015461,0.0027199633738333824,0.0014827238123068802,0.0006196323887788124,0.003354448444633742,0.0051158827236773225,0.0054745485498440185,0.0023763141817515023,0.003992222227291856,0.020476506127618196,0.0019632674032919067,0.003981578491745343,0.0024549375875170644,0.00035878995422619484,0.0006554345702620926,0.006465921932957051,0.012340836492669933,0.0026963494612979775,5.919261185089528e-06,0.005511282842073371,0.014833371980593974,0.0033048843302941524,0.00835226131983378,0.009850177705675887
196,0.7093213110214646,0.0034501663000786583,0.003372304351141195,0.0009656587769768126,0.006724527654288765,0.0012112057196515301,0.0010316453948259875,0.001424081846984025,0.0011415680864002454,0.019616625415560876,0.007113534587268278,0.0006369038775445299,0.0007897427831112405,0.004538364630981122,0.0022420415041394972,0.0006302985436568886,0.002600517867722365,0.0012252393481031497,0.010772824522435966,0.001246916781824211,0.010738066969157491,0.002049421405806023,0.0008175792467814237,0.0026003464136059207,0.0013590199418231405,0.0017552235368290246,0.0005714389523827768,0.0012047153105095754,0.001564532679831806,0.0031267853604203945,0.0017332255265164473,0.0018797981624072014,0.0006358483690686194,0.006600006414176539,0.001896077047548298,0.0010905732064422967,0.0014641994089235142,0.0007331761133043138,0.0009918238249861289,0.00064807015529326,0.0013268424423850715,0.0018070189598776883,0.0010936109014510343,0.0009328687770206864,0.002965662931426482,0.001954443332867303,0.002039450134211079,0.0029565282131572257,0.006406470294788753,0.003310744707573265,0.0015524520226077808,0.0016798178871211484,0.0007825609387534588,0.0020164730862844457,0.002545825573285755,0.001174807033421286,0.0009426215930782856,0.0019111969065160948,0.0011188080568104001,0.043677526917546575,0.0016047785236070868,0.0024331578501304283,0.0014398884839301716,0.0012675421733813472,0.002781056417190711,0.0012124322737795438,0.000971313370920942,0.0013728845779049693,0.0018247469557655497,0.025796414265228586,0.001554873091502268,0.0029358024554665286,0.0011990771462254235,0.0006420662129064074,0.0006036482499844703,0.009044172145215057,0.0041492402917690215,0.0037722006822767428,5.940843094117314e-05,0.006261297205494467,0.010842757039769705,0.001874235709444926,0.0023907555372871744,0.008255113139719132
197,0.6660895147900574,0.0015025403069694704,0.0023111924123426528,0.0033526863685228478,0.0023793174785281426,0.0030887658522688382,0.0032094452890107494,0.0035238674417852546,0.0016734312447618934,0.003475032647123621,0.002475533416006303,0.0010111810047394294,0.003264250039232545,0.003404104070236489,0.002227737864058535,0.002749368247052123,0.0031666569843859607,0.014136046129021442,0.002063477500492792,0.003621371166140778,0.04305192077116569,0.0037974130872406916,0.0029080312781120292,0.0010961800730316207,0.002897425146923867,0.0036796237461692227,0.0013070162220003938,0.0011038289788183435,0.0025772221423053803,0.003294019106076742,0.002574584572457214,0.0018840577705072083,0.0013197722132675571,0.008839628662665105,0.0015278965862367466,0.00434751339263775,0.001548216853244312,0.0022717112595712855,0.0009052430177032841,0.0011670192502255432,0.0013133906759107308,0.0005385967482280129,0.0020756952315796008,0.0013471619068579287,0.003217933383519555,0.004439336653919716,0.0036993831723230878,0.001845620418870075,0.004600572308382875,0.001448119496115486,0.0016791491553416317,0.005916301315493839,0.005337581299835729,0.001571365300581614,0.004229210149141686,0.002932155636801467,0.0013544559391765484,0.0018411421526059412,0.003566082053733876,0.01022203236449411,0.0035421445437894003,0.002045802457288734,0.009684217776475983,0.001688830562594899,0.001852351763826297,0.0009597814755878836,0.003027764012271683,0.0017229464249696822,0.006010877898197702,0.028372771291771667,0.0006395739307917369,0.003106578803236651,0.002761787028419822,0.00034292152008590424,0.00012952038477032332,0.006534073212881719,0.006282150755645948,0.0022993783458040767,5.456578059830324e-05,0.005243130910299578,0.017635864651552813,0.0007287833453025998,0.0011530730262030167,0.010181980351622872
198,0.7273734306621783,0.0006310318754614162,0.0006037265682740671,0.002483188223645377,0.0038467673595530606,0.006080856807921488,0.0015623279979474455,0.02788150792032347,0.0012149432729528788,0.001573952318856106,0.0008638151438025855,0.0015308070875910253,0.0013614771685170213,0.005294397153413014,0.0008936200698392862,0.002542331358259071,0.0009255086569636983,0.000382242689170802,0.0018334142149627438,0.002105083171087969,0.004588429079171558,0.0013808289362858995,0.0017838259911680458,0.0008824831137862634,0.0017304672941681244,0.004274837944439831,0.0010957264140734728,0.002230836190855697,0.0027981560359664668,0.004002635819499351,0.0022614976951740276,0.0012121723581823732,0.001835744035870255,0.0030515764524893826,0.001029057488165508,0.0028772988611172395,0.0016934246637053925,0.0021745033413358454,0.0005137186830904,0.0011546464038855837,0.0006410603265537564,0.0007566768042734633,0.0007438403067783683,0.0027127170462456374,0.0018682421931473013,0.0060191933112696975,0.008573374717670832,0.010562464353858719,0.0017092658036555956,0.0020643846442632255,0.001846063921306401,0.0010291814277180252,0.00785369134243853,0.0024789049270203187,0.0012508865722077502,0.0009826430052237805,0.007261984393213845,0.0011458425192152702,0.0010983394858457474,0.0017431060080523079,0.008674093301416557,0.0018804926249279842,0.001476102310155544,0.005223180554761823,0.0011497031974336779,0.0018911989069466408,0.0011643368039338004,0.0023311706512300313,0.003676513633615681,0.024888402893723894,0.001171334342669166,0.002917618054403649,0.0013338198951122556,0.001565702253741404,0.0004899049450980347,0.004352714036549676,0.0059048243150540206,0.00539357041186806,5.597924112694208e-05,0.005617180070374237,0.012935439568108024,0.0013765497272129018,0.0029654914631927955,0.005666517164232965
199,0.7759345995485366,0.0015103085327826766,0.0014094701201588997,0.0019881569223779,0.0010553653611774622,0.002776423900557236,0.0031558732081151107,0.007151610015807783,0.001243264917528387,0.013489402724498854,0.0007907132832678437,0.0010410082026679989,0.000658046991150675,0.006404799501460973,0.0019366774717351147,0.0012265586257495865,0.011429223286643775,0.0022596206069126603,0.0027574903391227013,0.0009037373009599324,0.018375191047683398,0.00041742117292317747,0.0011984624639342764,0.0005559026443463462,0.0019615296412751858,0.0018393748266326074,0.0007981226384274705,0.0015135145600622569,0.001964391455703777,0.002018316939062514,0.0024661160836143,0.0010914866800017101,0.0013239978478743308,0.0011989309034575446,0.001613325595200677,0.0014682131169618223,0.001229643512754137,0.0005580014399794265,0.0009063924508926737,0.0005594040494266606,0.0005567743234074996,0.0011627966970526676,0.0012534039074769815,0.0008902411887867851,0.0017817859855243168,0.0016180240131542154,0.004392293302802788,0.0017391498187641781,0.0009727667174212558,0.002282860241881324,0.0024046805182802128,0.003438651387648206,0.0005704261556848269,0.0014821888184614852,0.0008809420279845173,0.001333407625596679,0.0020394785053835284,0.000787386947170369,0.001513436429359186,0.0022348432108433634,0.001882294081317272,0.0009200757786770845,0.0015716841301245798,0.0015726227654597968,0.0029641539952887973,0.0009410430787928886,0.0007907459574570356,0.0006760202168575528,0.0023830024098199344,0.016994229120549837,0.0003599460831861962,0.006414354476014583,0.0015177987767444332,0.00010377625880595364,1.7805449877773207e-05,0.009887576673631193,0.007289179496481359,0.0009245613943995803,4.228696876858951e-05,0.004141938557948126,0.015486808135632921,0.0005924695586737807,0.0006498554398852291,0.0063601434414948255
200,0.4312320030139956,0.0008276156579910703,0.0009492876112285937,0.0015441287930007869,0.011998177524190325,0.009513476874899266,0.0021046855634134203,0.0017606620966650333,0.0017594889943486427,0.004081126317337071,0.002342241653783537,0.001397529880344439,0.0018401273215643533,0.0013568229911970775,0.025089228950936984,0.0029502708266156983,0.003917788906108301,0.00620954968480969,0.003296162772201412,0.045989397032742727,0.008838214590202816,0.002916642971954471,0.0032287396016226857,0.0008982975568216203,0.003798187664989167,0.0027316756640973256,0.0009643098503767031,0.020162180862937435,0.004837034468128629,0.0017122667037046734,0.002454133248701336,0.00248661968516162,0.004594369704648855,0.005915339855383852,0.0014610764201951328,0.001356660492714299,0.0044298128138310425,0.0010286675214312001,0.0018948388904221336,0.002139666048193048,0.000964302773281223,0.001933367724243916,0.003461971965397619,0.0014035912725810726,0.0031019664467575874,0.003714812938086121,0.003476868309522217,0.004981453124669484,0.003167895859288147,0.007176306271978389,0.005521827139775603,0.001642947770351966,0.007464591058820616,0.0024964145084718204,0.011789788352514327,0.0038510064205880506,0.017773088156559456,0.006828290766020409,0.002978595060454474,0.002936395277903582,0.00367170612677462,0.0032667876548594164,0.0016738371536443044,0.007817474406654385,0.00301564249589807,0.01563944823029071,0.0017858042056423517,0.058452247875122855,0.0012635864436281875,0.06089648220930898,0.0020700027811204683,0.005401428797380768,0.0027698727888659006,0.002660319689947372,0.002215275578372713,0.012854012537798335,0.019921111871482596,0.002751598655348042,0.00015838702584516264,0.01589874587987723,0.018013411265149493,0.0016309843194120563,0.005228674343437011,0.016269169383980608
201,0.7528273898193525,0.002041738439984457,0.003708125345538482,0.003842986757198673,0.0034496905090875664,0.0013080395864994551,0.0011894178971130665,0.00270542741010079,0.0017135469997172574,0.0035470101363928976,0.0034203283277526282,0.0012531227095444043,0.0007421170382135244,0.005546530469533029,0.003410366117797878,0.0019858689045971945,0.0018672408158349777,0.01132028283000355,0.00496464593303304,0.0004476624818273046,0.0035414723077623546,0.0012065114534397959,0.0009768260682202503,0.00467850843100516,0.0007671525512699897,0.0016103273552714689,0.0007055047527541057,0.0036078435610982862,0.0008721834514855145,0.001957282443063135,0.0014296095112705765,0.0011499574602794836,0.0010215091426881478,0.00460818626159135,0.001082205985632671,0.0017011235778727682,0.0010254635373972312,0.0015613988429714926,0.0005920840049773838,0.0013647391750396868,0.000882912769581511,0.0006820145624209891,0.0014912980116765801,0.012955754859702679,0.0028010570317579583,0.00231322796102857,0.0035350943585753768,0.0013823456131680273,0.0009170880496697964,0.002306648544457647,0.003992932044649444,0.0018906673811378853,0.008637016364704047,0.0008668028257052556,0.0010246814791201964,0.002350019784900189,0.0030423851946511323,0.002111571415663308,0.0006365029614342713,0.00276525473539215,0.001946403198315249,0.0012716769301615277,0.0019425631723304258,0.001955352106302947,0.0023261989396013813,0.0008996396386315914,0.0017358934436303073,0.0014155216071454564,0.003523663768120279,0.02077716186866331,0.0005331800030858928,0.003742091755594149,0.0018065539870433171,0.00016512430939181146,2.0658081219219234e-05,0.010642874786058616,0.008884688025525327,0.0021224384318729544,3.5017208115099156e-06,0.004792029701534788,0.011357505993752674,0.0007933725370930727,0.0024688515430387223,0.01153635009746468
202,0.7658314791284001,0.00038985020196532377,0.0006261033576502846,0.0015371011725637336,0.005917266234599656,0.0012234646816526966,0.0014746999477847963,0.0013035618215336165,0.001467539779507258,0.0014534347453714778,0.001675441116678541,0.0008980415966477777,0.0030426000839211174,0.004963200124389269,0.006169746278541251,0.004573779856885763,0.005225046752295371,0.004991231003761459,0.0013301727778009843,0.0008027640704061755,0.0038507024946422045,0.0011554316915165265,0.0012420510950472503,0.0006080076453122381,0.001007411362804636,0.007665087113091748,0.0010076508530097851,0.0022751612537933643,0.0010408290168714169,0.000826604309270899,0.0037869401665375406,0.0009172992696836098,0.0015899139726742756,0.004378625225976112,0.0006505599432990905,0.0008323714707965617,0.000868767780322481,0.0010973616782712116,0.0007900962757376403,0.0005470483728044747,0.000930528023676341,0.0005753728707168303,0.001429473593299932,0.0004474507943712819,0.0014371352249039227,0.004138279318790888,0.009231897541074289,0.0017340002735372392,0.0020384412137450067,0.002440631492756221,0.008000140706290045,0.0012236547316486683,0.003145456579977431,0.00031696153079491517,0.006388539970717893,0.006514414250548006,0.0023639231726961447,0.003254097504113194,0.0012733608371461934,0.0007779241055474921,0.009883245699414568,0.0011369687357520115,0.003331285276411687,0.002129103140932165,0.004154556120677961,0.0010109244866885836,0.0015067268642302673,0.0015830542767319318,0.005444742304999087,0.01928884309647639,0.00042784408393490425,0.0017853955062868997,0.0013495932539926174,0.0007881187914191054,4.763822362608666e-05,0.0026978022142008554,0.004698433161610374,0.0016852456550640453,5.497151116564566e-05,0.0039743019819776385,0.01480790249313887,0.00043668517146764474,0.0006850771406516438,0.008395411348977078
203,0.40434790681771204,0.006278267854315198,0.002965058039768631,0.0035754277685093438,0.0034894147451403675,0.0013420453239569535,0.0031271631573417526,0.0006556035597819909,0.0010183509658736557,0.003541460886886311,0.0014558452575153561,0.008833057391832216,0.0028319236897898885,0.006823389841894135,0.002601682126808892,0.0007885173855246998,0.003752717417059919,0.0011297624097359224,0.001035526021103888,0.0037971821559111252,0.002536603298784833,0.000775400076855068,0.004560775306160798,0.0066912981963995885,0.0013239731615547915,0.001699183555356456,0.0027509540428642303,0.002694095238063267,0.0035233108678959122,0.001651570426040034,0.0019490388998730222,0.001516503749893676,0.0014229020657286237,0.003563647363636881,0.0013303174188395422,0.001131221017102966,0.0006347578304702022,0.000946734043590845,0.00130393932768478,0.001413575370511002,0.0015611177148252802,0.002457110680093751,0.0008116084747484091,0.0009875661265848546,0.005898312823554318,0.002536603532364208,0.004484435448625393,0.003846275526409348,0.003249620769633628,0.007288811257884204,0.002445709165626985,0.00187611946664042,0.006251371017125212,0.004293117540597257,0.0010415486957236757,0.0034437165061524787,0.0012186556968047694,0.0011107407449509603,0.003912352916266022,0.00494555644479849,0.04395939806874079,0.0025345553492078766,0.00495546121630161,0.0016446012363281637,0.008802431561449078,0.0752338989718429,0.0023038013720115503,0.09587590237107152,0.001086027661705621,0.04066719491031246,0.017025872246300807,0.011718666540726405,0.006836833971153867,0.0011444255315229174,0.009130843792372187,0.010553454172136201,0.01357280711897872,0.01409510918370157,0.0003689262865259233,0.011675698930711558,0.019625212152868044,0.010509213467077418,0.0117715113893804,0.014437697874393968
204,0.48748826756633257,0.002419334114001369,0.0014603550242359216,0.0013452371193871852,0.012668669869052221,0.015792564224493006,0.001078949881808233,0.0019046496158573194,0.0023918397936335853,0.0017000344714828445,0.001687760180157211,0.017469806271717722,0.01220450306019295,0.0012325707286563645,0.0012952593357895513,0.0005977559046702263,0.0011604547882677813,0.0013870270626384024,0.0075787796705360675,0.0010843209238931852,0.005622485018397856,0.0022269543057382756,0.0012111096267609603,0.001971912374540195,0.0009999843145094857,0.02575138489426081,0.0009616128672432063,0.0008483248060171574,0.0016435364797128178,0.004417311285886033,0.0037601719619271556,0.0007556171221817874,0.0018859930771269145,0.02420971087981514,0.006813655864560209,0.0007245309422749413,0.002004142373289031,0.0015535250841036282,0.0011806944026105692,0.006040511694048156,0.0016458249078064638,0.0035239746201488295,0.0006924287362920183,0.014216250610459598,0.0028315642196934956,0.0018030436453147529,0.0009722333619143856,0.02411699737907844,0.009977000060474249,0.0023149802359640373,0.05392719772650661,0.0021290131190093405,0.0005044001474214745,0.012560897691548188,0.0007621126885468614,0.0018468704587383043,0.00156331938388334,0.0007252048245830576,0.0008310988714454369,0.0019198670344096824,0.0015971657697136316,0.001315721300633973,0.0011542983530336125,0.0006769912826569868,0.00975502948584084,0.014160974071493655,0.005570217859894546,0.023127826126971094,0.0009081122572974358,0.020829929804532934,0.013162466486742807,0.007434512251094093,0.0020916584087294758,0.0007745037942530289,0.002258816819150313,0.004038330981988948,0.007067910562077086,0.005548534831323526,0.00016941727828059415,0.008439893181302725,0.014560018213534167,0.010653746582312416,0.023731855063427953,0.013576480528667662
205,0.43522449584532114,0.002660977584757259,0.004544651164338191,0.004262064630284341,0.008813796780256353,0.0031248139641236123,0.0018914469879285497,0.03247526945824286,0.0014634106708314462,0.001990491786689446,0.0028367652812438505,0.001986940653976348,0.005161124152039039,0.0014400939390833186,0.0030623702439557185,0.004082292935796497,0.0032826805900290886,0.001636578300940448,0.010658682312577572,0.0031559488051718133,0.056693633364436107,0.0031548172335095657,0.0011811407106648432,0.005697625196530758,0.001404535912391712,0.0013197504590939655,0.0007382287192658281,0.002206753014540746,0.0018062894854969814,0.0011739649167165824,0.005278880771632871,0.0015414132768739877,0.0025748127350453845,0.00560910807388869,0.005699700054452042,0.0012298118010959337,0.0019129831112559613,0.002028076610896009,0.04784910507996654,0.0036261771689183055,0.014976561805573182,0.0027215310581829777,0.0014106712346753931,0.002111934134785028,0.008857999723581379,0.0015793948620047068,0.001658319341951471,0.004345223312570506,0.05890636883601645,0.0055699926855493935,0.003677561479277591,0.0021662098010774428,0.0007277704166646993,0.004511026668850083,0.006480944172425956,0.002323406351289931,0.0037119656904158463,0.023174955319129595,0.0017993656081659894,0.0036027293928340633,0.003253658831215017,0.0018441031754673582,0.005018980036879354,0.002807155278912981,0.002538002522978134,0.004332837931174707,0.003355513696725585,0.005254996274346391,0.00368316439457716,0.03122427158844025,0.007155112815412757,0.003980081206095861,0.0017910617824469116,0.0022376565819423083,0.0018606811194021872,0.006017195859036763,0.006650234723224317,0.006161576549358736,7.008179651132914e-05,0.01215428677511148,0.014984313604646783,0.004541209132024149,0.016144314992462813,0.012143873652325068
206,0.6461839184432718,0.0049995270995359395,0.0034754416687349655,0.009138247997260833,0.008711169944909256,0.0005892491371771122,0.0024313527345201686,0.0018850746494076965,0.0035783163698012914,0.001868262855229304,0.00611499755857337,0.0022303857958737177,0.0006203923474717949,0.0024525418912291724,0.012824035293235222,0.0008184357053179812,0.0009646022006979895,0.008215715777255944,0.0021979088040657716,0.0010188570514626093,0.008332250235413464,0.0011935361127743077,0.0018692277040443005,0.005134311679241357,0.001038628175783054,0.003137497805538581,0.001593844819405014,0.001574683667192757,0.001179373257693244,0.0018740667236626907,0.0021504156516518793,0.0022832769160455206,0.00190278753687972,0.016161738725966115,0.0063630478847254,0.0008841998180284876,0.0017058835511300154,0.002238432645557477,0.0011572010874916375,0.0005844105869924666,0.0012198764302636476,0.0015984807059347041,0.0014092269682123412,0.0024648950136433655,0.0053716544588174615,0.002563685874660681,0.0008971870080408403,0.0022064014672739363,0.0024130933458538376,0.0015247483880819284,0.003002347795147705,0.0010829497779691116,0.002691873175279583,0.003386039401971936,0.0016765891205924874,0.0010838602939002202,0.00220903569992365,0.0026453302139633718,0.02857968787905678,0.004608343615451353,0.007054059987966359,0.003151287477539039,0.010283032429821025,0.0015452841792158343,0.001270285115602213,0.011148888136088862,0.0020310458260255973,0.009780132829984745,0.003317326604932846,0.03477927196885796,0.0023999641835243633,0.004609786262638334,0.0018632427082659751,0.00031788834486500824,1.2469351823590206e-05,0.013480712678905707,0.00440739800105892,0.0032063149935032107,0.00011717210360248612,0.004983065684913012,0.011807295531479838,0.0027904452563249924,0.0028504630495911677,0.007480612749180678
207,0.6329862966476827,0.007831154888675747,0.007271587680360792,0.004356810229718226,0.004399637690226558,0.00231666685437241,0.007339008648119746,0.0028923378663015223,0.00418541706088852,0.0031828494373678457,0.005519396669955435,0.0021872827153380197,0.0016862270349114734,0.0017657615011493074,0.0070256051697314675,0.0019992868197964923,0.007230481388710881,0.0032190578108709593,0.005141242906485676,0.0013073363683074215,0.006299057658390206,0.0016658037316340736,0.007403631234915543,0.006199846076890392,0.0021137462151877458,0.0015461352061820694,0.02007330805946396,0.0015783651029550707,0.0011006721831425894,0.006101251147811729,0.0026399244114817632,0.0014745870248368195,0.0009430747004698719,0.0026083766058510316,0.00307793033251277,0.0023171178581057644,0.0018651971780115797,0.0022812956114359405,0.001053829760995202,0.0011437350509136933,0.001388589928197269,0.0010258561852723228,0.0007623094873754153,0.0041534907586452,0.0015789076612675156,0.008733507715350261,0.0035543686830970898,0.0018342905179114435,0.007847964650267063,0.000803766597680939,0.00963183796314886,0.0026658936767579807,0.014929867999299688,0.001243429175915525,0.002503328677663465,0.0027196674495574636,0.007948698826700445,0.0023713247418017504,0.0031500238892447894,0.0067546273166301405,0.002837522828340336,0.0019405342857183464,0.0021315543232639975,0.0008684565192418094,0.0012819265169556446,0.003511707010570587,0.0033863658494994006,0.004504004297903338,0.005492376183385815,0.028665596572197766,0.0018196137512220647,0.004579496815118157,0.002597337986595525,0.0013720614124705182,0.0003888862940028373,0.005578243336148617,0.0093214779748614,0.002743327011123081,3.536539466190238e-06,0.007483704729969057,0.016279557700061478,0.0016170155148831538,0.005099184680925452,0.013564429424131916
208,0.7472340202749314,0.0012039588167277197,0.001020240413585183,0.0018371371076659367,0.0017029907421464634,0.0014812212754471551,0.0007684011120658952,0.0009573149211173801,0.0017882339415361836,0.0027082936394302107,0.0006777127052665402,0.0009567082914706781,0.0023925912032322647,0.0059084071345936505,0.005312447206656936,0.0009271199326658471,0.002554457247230741,0.0013591342922030269,0.0011724107364820097,0.003033699082117231,0.001110750424812079,0.001457850206166156,0.0016986816498326504,0.0008598696154524654,0.0006184444407169533,0.012663301993515378,0.0012434288188339952,0.0021566235699195576,0.0011557269344015838,0.001481712156983043,0.0006364417850688142,0.000836729573956049,0.0013716147526363833,0.007039937427719659,0.00046132547112239045,0.000730931120959214,0.0005446328567538085,0.0013461840623914547,0.0009583385619285667,0.0005021145912604173,0.0009408005444912014,0.0003821300636153175,0.0006891738773191156,0.009240231116551556,0.0017289617467710324,0.008917355034852133,0.00798680121594386,0.024606122470285888,0.0012559449250330703,0.0009701453254204841,0.0017075467928997939,0.000857066415850286,0.000686929040462928,0.00037339635296242195,0.0063310012601810696,0.0013344615171439736,0.0023041324515573067,0.0009707732404855828,0.0010158530597436629,0.003829377662075526,0.00516637271408857,0.0013571559149491612,0.0015018401598491972,0.015988776416905198,0.0012568823911025687,0.0009658613472260345,0.001526120906641806,0.0023343738436128214,0.004509592575369364,0.01760914928934178,0.0008171443417848266,0.003391157224405822,0.0020223958065847653,0.0006051558293525482,0.00010569924119733135,0.006079642710308864,0.005824472408103021,0.0011552091195020486,1.1686721850860395e-05,0.0039464057599474115,0.013942063577273916,0.0008209869492551537,0.00162021369904501,0.0074422968476527225
209,0.4746495815913606,0.0023550216249049348,0.0019818906619723793,0.0015739965026764847,0.013917052743844522,0.003483466331054413,0.002086296211419781,0.0017225321119174533,0.001490151072081983,0.00226469207569242,0.0035646087684473764,0.0035541413413983144,0.001515282831790829,0.00424060059757399,0.010566360589671357,0.0031648945860796346,0.005035484072080659,0.0049025520866240084,0.00735466507011346,0.004252653589692459,0.13073908950144084,0.003729742509133658,0.022083199456863795,0.002248505232918411,0.0018916674783405992,0.0023068751590165125,0.0015702622944267011,0.0013771800480585263,0.008287438084402158,0.00457974572495451,0.0011394768525956243,0.0026724279572208232,0.0012322826949852281,0.0032344505900039626,0.02446807123846079,0.0021589930151208244,0.00468224932819363,0.00469777561801026,0.0012732596267004096,0.001373756578876648,0.0016504469530885363,0.0016569025021631592,0.0031366727487342704,0.0025010223631452655,0.001701294933183,0.0015493501865645578,0.001872770849719831,0.0034950530722282756,0.0038105527297806517,0.0075365056741047345,0.002882031148474944,0.0032415026233265525,0.0010753408331040046,0.0006402928550072913,0.006782323892381781,0.002569160179822307,0.003658683026650442,0.0022871980847024016,0.0011293508822239598,0.002855792356407866,0.0022316216164012803,0.0024989862833806357,0.0010971518593634018,0.0021589306604182694,0.0015973200106039432,0.002227596863361546,0.0033006822447845846,0.002847542049361515,0.0035498903048447722,0.047256338534357664,0.0021712567502693504,0.005565232559842983,0.0027284435222615366,0.00026799065645602616,0.002289362882522282,0.016738645288531057,0.010211679748063727,0.004946253691005966,5.394409935353238e-05,0.007947413580921476,0.019016659558573824,0.003208005779735803,0.00286363398391877,0.01777079612673127
210,0.7477163234501596,0.0009237971694318295,0.0025222052472382963,0.0014917594571060742,0.0072845358873151415,0.001750755848141549,0.001129278259857417,0.02114218080423475,0.001540552867618196,0.0024757615145401548,0.002738204525836508,0.0017438681817578635,0.0009123347421770933,0.002070428541867906,0.005168194285540617,0.0010029215309378993,0.0010294827702358818,0.0007485354511507314,0.004604379514482865,0.0036138454019852707,0.001586015485949575,0.0019201473727701722,0.0009283265463793182,0.003601371644472425,0.0010585673367907687,0.0034463936700141087,0.0017784588738556477,0.000612227575943467,0.0009563574212591821,0.002280331072829751,0.008048563479452625,0.0033652831943435393,0.0011598831418700084,0.003374416680308637,0.002960220677462492,0.0013964020493701444,0.001265484262408547,0.001264787898529912,0.0011680163679284913,0.0010553466561674704,0.0008213579547171893,0.001175857671202594,0.0005570605563262349,0.0024087182068755703,0.0005387516428705514,0.0015170509542835713,0.005224916697122249,0.0008291731520647643,0.0011323166813120766,0.0013917653205887063,0.0021363231406155547,0.0029685074950108904,0.0012811396286179209,0.0013331257281335672,0.0014166117276270547,0.000971939748873093,0.0028277163252442635,0.0010437386282441527,0.002424248243231436,0.0018724432513612661,0.00469697091612752,0.0027946262851247373,0.0015953536560506805,0.0038245026144132807,0.0007535216029139354,0.0016838601387810163,0.0020594811146088144,0.0024254233381347714,0.008037654233098502,0.028050149866876525,0.0016469235763180274,0.0018795289688302603,0.0016570047080383483,0.001000170715012959,0.00012520888676294454,0.0071556183609950965,0.0041639093282624245,0.0034648080447462174,9.532899080756745e-05,0.0073681864278160045,0.014849816676516641,0.000618738554056201,0.0013670213910156282,0.009977481990647274
211,0.7223200743974418,0.0022592229548929407,0.002546438390135703,0.0022881294809559433,0.00467884964543752,0.013130948426438652,0.0007817764585656617,0.0012482345359484499,0.0011685678717247249,0.0014673361012074743,0.004579115301207639,0.0006680959958104821,0.0010091383878866975,0.016881324673271563,0.00731435839162872,0.0028842588029295343,0.021138474867729348,0.004742597042411964,0.003621141262021666,0.004908373446526996,0.0009573021706927615,0.001109059950719595,0.0009284363908151793,0.001806457271825722,0.0016344799099369354,0.008709600518666911,0.0007503425815926537,0.0012326149819744195,0.0009653033269703481,0.0032339592153153487,0.002623706495092055,0.0025700696057473107,0.0019400390212777087,0.0009858120920281967,0.005341523985073359,0.0009527293298380456,0.0004284939652450993,0.0005668000059159689,0.0007010405547018766,0.0015502794286314024,0.0008688596629752856,0.000766015155530951,0.0011374785794438867,0.004040140449263977,0.0005422305191910951,0.011096516712655395,0.00631660920015614,0.00048281311034603755,0.0012194489943941579,0.0025832206065895475,0.0007127541434118121,0.0020136416866839107,0.0022381430214654585,0.0008146070878962257,0.001455591655137375,0.0018658167058004638,0.005691204104994007,0.003963340719127488,0.007555189147489061,0.00422398464729868,0.0039677626539856995,0.0038601793115857056,0.00030480438695119325,0.005597054170271261,0.0008536959814208935,0.0008121040971089336,0.009740457093596748,0.0007837002568788982,0.0007722241203144976,0.012103362955803278,0.000852313554812748,0.0014943138665205467,0.0017680967159559803,0.0006652184029867647,0.0002507458166635422,0.005428941753918093,0.004373891525926236,0.0016272897957154782,1.398243828283166e-05,0.004062814954204773,0.012172356176194176,0.0007581583790199934,0.0015748415741084019,0.007949576871687899
212,0.7725754896735505,0.0023376426140999957,0.001692132455494592,0.002468087000076117,0.000848263781112149,0.01114948059444977,0.0021178020474667716,0.0015986021070548396,0.002372734892844917,0.003047438161847884,0.0023391802239004964,0.0010465452358340908,0.0002630624197701878,0.0011186030310721326,0.0009102862569201086,0.0012306445453994486,0.0008778560939609537,0.00583793441215064,0.010106549124174417,0.0009972132928967533,0.0006927698337234879,0.000456208235086926,0.002015701911270336,0.0011949606113396294,0.0014365122255205435,0.0006678617422755452,0.001766375500761147,0.0008138491286117932,0.0034712786496265725,0.0017569624210939019,0.0059102580994046415,0.00221828042320231,0.0023421674382969083,0.005024732845429478,0.0030000918822283744,0.0019306585558531003,0.0008820022692277459,0.0013792615386598406,0.0009103756407808544,0.0012802513693737324,0.001385275466535957,0.0015225373945897196,0.0005659783541885956,0.007047834894850545,0.0021944268207308324,0.0009252257560587101,0.0011911245721756968,0.007230183726899782,0.003085033256175603,0.0006704733140866922,0.004048010778222768,0.0017201890523849492,0.00310345762005835,0.005458175425825308,0.002006634213221503,0.0007266121100571536,0.00048279178993119066,0.0008153215674628655,0.0017033061356219862,0.004036199050553326,0.002422864305914262,0.0014933770004149456,0.001269843032987863,0.001101983611958591,0.0016328366067191716,0.003454515882763575,0.00363686289384747,0.0012950211658873936,0.009361203185258989,0.019173654433715246,0.0002798708843477434,0.004766699133024083,0.0009347998800202591,0.0003792921345627521,3.8094347564581484e-05,0.006504489612424578,0.005296195536175651,0.0014467260329346229,4.19134649274188e-06,0.0037678487054274615,0.012392101874208574,0.0003556050133801654,0.0005274777559478653,0.004459546038546106
213,0.5448094019163496,0.007413063125896604,0.004569405927008273,0.001694976079966539,0.00930574480034123,0.0015791178984151718,0.0030161517143407137,0.001844536601020965,0.0008790804820996899,0.00791412447783484,0.0034844092511419895,0.0034042362649666677,0.004133843034772824,0.01887703621310699,0.0035575096833450406,0.011120507416682806,0.003779783300870696,0.0023113509500016236,0.003082711501555128,0.0017589544624016448,0.002577576401624437,0.016742424429847053,0.004015685469707751,0.006858571673436407,0.005922128070906657,0.0034619001901169785,0.005875649301913527,0.002576266846093175,0.002639601018158944,0.002520354647245509,0.006497604399911801,0.0009684301053268896,0.0029897643630476555,0.00946555697227002,0.005007437663770717,0.0019290052732694287,0.0014187844980438793,0.0009834258887239527,0.0009907824281487898,0.002799685141184039,0.0007490225156127555,0.0026524802996129096,0.001025160060649753,0.00290772675073868,0.0016891986631656145,0.001241089761797363,0.001182566212624621,0.0017890377651785055,0.028124084044289722,0.012836267770497328,0.0011601736682282171,0.00479783825194183,0.008745842310468082,0.0034459160575753063,0.009463678666830637,0.004472536051013263,0.0038252640420287933,0.009621462241713334,0.0033646278147577056,0.005231301436706777,0.0020632723613298255,0.0014817171027472166,0.005442020614236676,0.0018291036426919978,0.012681780519622508,0.0036365364855378743,0.002236090304954117,0.006835408455253404,0.0043455450255281925,0.02866829451063972,0.003741715325969601,0.008267724679285562,0.0049980294317513415,0.0010096337222530718,0.0017599633016836956,0.007316737894070516,0.011346845826381733,0.007641048701204364,4.489510659334871e-05,0.009796002852292974,0.017446134007796845,0.00465398165341125,0.005201307448925379,0.014454356755541187
214,0.7216392559583334,0.001860637677878759,0.0020850256638826974,0.002959766053909806,0.0009166658550458727,0.0019259559083302784,0.0010107975866489062,0.0013991559085340269,0.0016421633390498376,0.0024952833901481166,0.0009744961967791488,0.0018379886805224425,0.0034930452916932626,0.001610628194071175,0.0029841039563119737,0.0013044033335420466,0.0009360258879365769,0.0009758621385541919,0.002850032771233044,0.0015305640971755114,0.002376744447519943,0.0018324896185232468,0.002459218828543982,0.0010201353085171857,0.0009583678432020436,0.006925117004476549,0.0022552927207898183,0.0006974801306541272,0.0025330427578058863,0.00584353092421983,0.004094538670327756,0.0030750709504568587,0.0013582141097991537,0.028027112712152094,0.0013254953986072992,0.0008124818021170281,0.0006390696221759755,0.0010702528465449698,0.0012067867733263485,0.0014147009938924888,0.0020475889843306603,0.0019691684933116145,0.0009309803638861063,0.0007132447682842057,0.005788978459601598,0.0020559549546841673,0.004369771799242173,0.002639601454157851,0.0126193821696947,0.0017875716470707392,0.0018512435985820676,0.0027072834301902536,0.0026452089953034395,0.0015740870841667123,0.001278307681020058,0.005097119153604581,0.0033403677202225746,0.002759502688378135,0.0016632154522765632,0.0013802969150199002,0.0036814102600458243,0.001958839201096568,0.0036236233507793265,0.0012312175399528244,0.005510187215567263,0.0022292344882703765,0.0027218532431056985,0.0007020479352383241,0.0023925351903002737,0.03347864798466742,0.0005311488228887817,0.00498416025737912,0.0027743831640464818,0.0002215023349255589,0.00028591232067918273,0.002969540089515027,0.009595254140878196,0.001535374372535632,0.0001329068344727707,0.007176786631031662,0.012535529845933695,0.0006302663015219431,0.0012651076727741534,0.012256653636131964
215,0.46079979553942024,0.0018431332169586265,0.0023535545972303935,0.004033520012745553,0.002279819152324603,0.002007684684212961,0.0017758602878209533,0.0016736438486093163,0.014969467195381773,0.0022270028766683556,0.005374950858872891,0.0028989957739011785,0.004927096116585164,0.002612419543920709,0.004156859697298508,0.0015685747213979404,0.030953817498755826,0.020977210561725013,0.024580944783887677,0.006527249341037181,0.03121248829688822,0.0020259157936425498,0.0032325638266772383,0.0023643569556670682,0.0015242672303892293,0.0038089985964658794,0.002237382177417936,0.00475701032601071,0.002595072206866054,0.0013144719732448554,0.012993085424636988,0.0015640807278348376,0.002165790834677794,0.004082001560401558,0.006388659048344087,0.0010509835543186976,0.0009672559066152961,0.002822176741298632,0.001645677074832029,0.001051350598942174,0.0015920740763543453,0.002246481241197906,0.0015761604141212497,0.002146736235827517,0.002788655847913733,0.0016057538276701383,0.0019421732865601876,0.013819209698950266,0.05062911844884426,0.004525635492006461,0.005830924129143167,0.002125081255329878,0.0014632459878801823,0.00422869980490334,0.00568692561446858,0.0020700066202981714,0.003109472538887605,0.006755519044760853,0.004133710565718718,0.0060930457279015126,0.003971783430165229,0.006475283122569668,0.0013113680530117977,0.007125397332577098,0.003921302931614513,0.002114935008175291,0.003468333298196665,0.0036836717343269186,0.0013920307828303026,0.05026103157445643,0.0009078075045927845,0.00436469915167648,0.0022203593751378343,0.0015746753017711597,0.00031725741553092606,0.016918933140235643,0.014124307726590199,0.004655201606909191,1.0660691289928695e-05,0.00853749559826599,0.02854387587568467,0.0014288832939007203,0.0015019280486962931,0.01845495897912951
216,0.5927929131089756,0.00376270661008577,0.002517205356339854,0.0033060437285426323,0.007390149171775585,0.007203734605810469,0.0018122007598539414,0.006800802663802697,0.0017416733696721935,0.0016263098010702991,0.001434267356225393,0.005082543754853223,0.00564649327652421,0.0034628382232533336,0.0032095123727355597,0.0026241173508425785,0.0029429502409289814,0.005484337733531027,0.002250478099998633,0.004724216708033182,0.015366528411586674,0.018663047764767012,0.001315090576441034,0.00247427360895707,0.0028730994905923467,0.002796685098672184,0.004513600547701468,0.0026149020625503222,0.003445990004129568,0.0027993796122657588,0.0031264833065591637,0.001160428002519396,0.0008880430304314847,0.005819401812484616,0.0010509053679878383,0.03566603567225363,0.002154489355067292,0.001985092701913181,0.001750773927524263,0.00199306738075353,0.0014328233973253239,0.0015727312361990783,0.0026352858725562063,0.004573176124468002,0.0019247535621062192,0.0012644695030536572,0.0016225179055759794,0.001380656708328625,0.0032565986461025685,0.003056103436252302,0.0017774217209794872,0.0032238856992547675,0.003288627901276812,0.0018571918472365407,0.002596236356574551,0.004220653133486837,0.0019036491541988745,0.0014950461067860504,0.0005603117460114682,0.007292599607597604,0.004543761139087699,0.0020066098196879606,0.0033506488272092576,0.0016650150520768948,0.002355853565254399,0.004793728245027616,0.006761205159008185,0.0024162969526093114,0.018736473816402983,0.040314757487854735,0.0028185045225905658,0.004265481401562521,0.0019086493075234636,0.0016756166204621589,0.00017560575138391387,0.010784387408170008,0.010982621549970175,0.004789068437704727,2.3634843120519612e-05,0.006463187714183735,0.019419225572801856,0.0032199101665477117,0.007642435876989827,0.009679769069385806
217,0.4474662088424795,0.0007451638903798353,0.001032313017983971,0.0018014256317046712,0.0075439783876607045,0.0025766338349955146,0.0010249483400712408,0.0008191426627412393,0.0057730528870261165,0.0008156921977100386,0.0016455598654394616,0.014035934359016362,0.013543408546333029,0.0010777624546080434,0.0030594640232041487,0.0018416341864308586,0.001059180305056467,0.004166136320870952,0.0028542513479516206,0.0008994821804417022,0.001623059590184602,0.001917119233699241,0.007936340409127694,0.0013090615294470895,0.0016014008148707197,0.001731576143368545,0.0009836919019359802,0.0023529714086881776,0.0019050159969757677,0.0017152205586911618,0.005185914974669727,0.0006494161376918166,0.0013031070346160034,0.07403415784219862,0.0005516999281999225,0.0004673301619804176,0.0008967030633891264,0.001501898648944604,0.013488122956922073,0.025886686555561828,0.012206214467044039,0.008325628154733589,0.003026238641317999,0.001258378339506725,0.001218554801899095,0.003625054344016415,0.002747705266918282,0.010663542649805404,0.01528393739804582,0.0009884621941487353,0.04449087302557666,0.0023823970599650707,0.0007827150301728803,0.03271307374437519,0.0064075641788976685,0.0045088404753969805,0.00399938106642275,0.0013166035212539852,0.001199321216751689,0.0027818165907857796,0.0030074268537299016,0.0017005777863507462,0.001189178864391328,0.0016729867089235518,0.0007719250303267721,0.013838581186976456,0.004409566752754439,0.01878094645083847,0.003227849180460015,0.03199903486247479,0.004344749400289028,0.010257342698200313,0.004312642991797363,0.000542118446930363,0.00621708207927404,0.013316921044685683,0.008484719297664563,0.007788394700521642,8.712196797520793e-05,0.006208742413836818,0.01366887477248006,0.0056788843635730245,0.007105880481288133,0.010640281323954068
218,0.667695502153057,0.0052058040195668,0.00410136863479841,0.0018227639074123489,0.015307733156615376,0.0016894710037338868,0.001466946872911,0.003926687553333019,0.000738137297764274,0.0021697781059246534,0.0027877466706841924,0.0010762974200800152,0.007211474388991873,0.0006718049378255669,0.00132482292996498,0.0022906936226287904,0.0014689979411643488,0.0009517919893115671,0.008640365299648395,0.0018376043216913884,0.0027713755994698656,0.0022326490766881872,0.0019693059612374757,0.003617908569496513,0.0009206006345835003,0.0017636965579643498,0.000863898887800478,0.0010714102346389821,0.001151487359745992,0.006411830282927858,0.0015603561689222897,0.0019572516894835502,0.0007920858891762504,0.007959331390487,0.009976464042013999,0.005959367017198084,0.002056265317521325,0.0009424867519680487,0.0009001982912243234,0.000784566307473795,0.0002558976399448336,0.0009097650485096584,0.0009600053610505485,0.00043849777053490675,0.007864187589258146,0.0011105571849088442,0.0008735504011794345,0.01635547185526526,0.0007952526363910047,0.0026780536938435457,0.0012671569527950048,0.002305809206083054,0.0009997335528621068,0.0008980682928215918,0.00396441212165359,0.008554304652595166,0.0014382182218819562,0.005987918189184235,0.00700395379588023,0.0014160077341311978,0.0015228112867929652,0.0009383983352530966,0.0038592750180209663,0.000980333127994458,0.001646495681326201,0.00935192132435684,0.0015186164646287237,0.027771955445901397,0.003962496641432944,0.027123341662753608,0.0005601122465217587,0.0035141708428102934,0.002824088871083227,0.0005716874944564395,7.770074549567698e-05,0.004375227702192362,0.013516241478056055,0.005233261215915389,5.834147094736442e-05,0.007768236730487974,0.014590176251137853,0.0004665901162399265,0.0010720587592224979,0.01257131092906792
219,0.8269404602089788,0.0005615130303378099,0.0004627213993122634,0.0033446688035962983,0.0022550299115362852,0.0009385756812722412,0.0006754875550235482,0.0005872969256925717,0.0009672433176683859,0.001585191785565483,0.0033340660405442096,0.001117840682293281,0.0010448324100763553,0.0033405105557365077,0.014978878296359582,0.0012437809369424315,0.0012518912697666732,0.0005348615566658864,0.0013085613589859963,0.0018793585861073996,0.0009625366996931678,0.0003956620114340538,0.0004580106027649926,0.0008935877722161188,0.0005791411127914963,0.001079489051860977,0.0006796989140680969,0.0007171327948793406,0.0016355635164577917,0.0024422208180137576,0.0034092879505445185,0.0010648432120890785,0.0003166586716636893,0.001115297664005069,0.0017523650527530967,0.00038497064565419536,0.0009328263375617339,0.0006274652548940298,0.0005579086418759186,0.0005294785591995936,0.0005377910582668216,0.0007139294278598577,0.00019950146864961232,0.0006046677272145776,0.0032442792395195996,0.0015664735541668137,0.0005792231122927157,0.0019023308722198587,0.007221301091345558,0.0004126565189214879,0.002175525273325467,0.001433723866024375,0.00097300094513742,0.0009477050500340433,0.0009694477785371487,0.0008814120241352465,0.004254585948690541,0.002540989044271646,0.0011176024490683822,0.005608027845041115,0.0023272436945262205,0.0023974346374782203,0.0010445600013656358,0.004537386685122282,0.0012084735578080474,0.001180895705174974,0.0024130959189424747,0.0010030438415274423,0.0007806613385111909,0.018303421145900955,0.0008387489714489057,0.0017109144793312208,0.0009059662167469071,0.0003611242905490229,9.042680718069237e-05,0.005755555919221909,0.004388216944207482,0.0015171702527143538,4.0705453362032375e-05,0.0039054132286483662,0.009422186399972911,0.0006679002907540613,0.0012752134660201683,0.007153150861879653
220,0.4539409498480999,0.00259257838963435,0.0029947351419029947,0.0032458739696373537,0.013829539136173848,0.003474481001262368,0.007639176503179736,0.0016465220932071472,0.0031787657760753234,0.0025398416479259223,0.0033491218070697934,0.0042889256074114855,0.002591379267581361,0.0012207058771758882,0.0019283228513698601,0.03891356556095893,0.0010435480321689425,0.0016845544729978878,0.005512446638314271,0.0017327462623756406,0.016701146327925184,0.008320265339940097,0.0013315514029316488,0.002783717421789051,0.0043881201564791444,0.0034265503649017113,0.0016087247674664588,0.0034287698745991105,0.0018320882119040123,0.004880150247075023,0.00107202016410698,0.002683770145343315,0.08471398362760835,0.0033458209320840057,0.002258352513487501,0.0006477947239349376,0.0009882185076571471,0.0014156934535178986,0.0030140097145654617,0.0009028424463162431,0.0016707633165928195,0.0013853815947689218,0.0026944412420389805,0.0007624447825116052,0.0032150975519279323,0.007352978419432214,0.0018574953333066592,0.0019396069745104127,0.006932540622718096,0.0030341894364601944,0.0014752433609305049,0.0024797474046941684,0.009547441570445885,0.006275158462682747,0.005001111784368074,0.0017484819082017376,0.0014157405275941745,0.005130856168231924,0.0026209905052904203,0.007158814818540738,0.03576446504581498,0.002234437994641679,0.001139427314070573,0.0016409145988643822,0.001093904566307299,0.0028891491599718376,0.003475589347619742,0.0033343611721295173,0.002109830420681643,0.05282536739661735,0.0027562681581120513,0.007723636355130781,0.0028155601314931167,0.0026944024936434783,0.0003717084259911351,0.027593769815798013,0.008450016482175577,0.004103064751743194,9.995517135042404e-05,0.014547956406421326,0.015352227394927231,0.002806912126187332,0.0036476497437058085,0.0197395295131971
221,0.5214444157410102,0.013082094286770598,0.009995011513102078,0.0031537440621672574,0.0020357455881006813,0.018509299667135472,0.008214986987121276,0.009925461454890176,0.0007974667205291787,0.001866570822992932,0.0020144615921626296,0.011517580040253852,0.04949478970228274,0.006190912597851766,0.0035439246703093895,0.0012462430135601462,0.003693128131777151,0.005051001265701222,0.003263607712708781,0.00968200733182223,0.0033673023870745195,0.0023901838224982498,0.0020324708320907723,0.006705779000557509,0.0018661621672041422,0.003827031874852385,0.0017771957499549437,0.0017677775863500398,0.004145722979442202,0.007099777556068229,0.0060563599880459965,0.001012415043051944,0.0018250939736645503,0.00287019614944601,0.0011829337245646905,0.0010874754550225906,0.00098324086353256,0.0011596666529517425,0.0009003875282027783,0.0007092520467354571,0.001658580312456556,0.001193405321675671,0.0008854216649437913,0.004356968340673608,0.008896878234840963,0.0019393364441980365,0.005391771115321828,0.009557384204170481,0.0020857064797820133,0.002945898161501065,0.0010866393959441726,0.0022605301544536653,0.0008828204971469955,0.011154901322040982,0.002085446245266589,0.011655674985437658,0.0016984307754615096,0.002125267687602875,0.0011814166176652026,0.006416488336835186,0.002908260584300595,0.005050671019469548,0.0008493650588173067,0.001483344181901303,0.0016434374572057559,0.0019877136946560518,0.001673747930095307,0.0013953905836939476,0.0022973595849541907,0.039981167113093484,0.013907123389799103,0.0028794132878196964,0.0017210750499516924,0.0018182352190958433,0.000559427937201991,0.008859534160219434,0.00995640260201918,0.009763525288850527,8.323794647222582e-05,0.008859622618472257,0.016776672375933215,0.014640037564152325,0.01509416719527133,0.01886322357557376
222,0.5973679407210235,0.001944384374160553,0.001654787791291917,0.0011585584097342845,0.0018626936191826937,0.000938856371917748,0.005951728232464098,0.001360134004931009,0.0016134002787231737,0.0036469778999645708,0.003611200069669981,0.001432544557553081,0.0008669414808709512,0.0016523121372066956,0.0010242811915432228,0.00894290958725659,0.005367428347191883,0.002336801869280454,0.0015209347940246254,0.0019348551696842758,0.0112509949385033,0.004592813713726262,0.0015538038009445235,0.0016707307312116867,0.0009665548101416842,0.0014900244710181047,0.006886495018179838,0.00835803114438207,0.0021173297763166636,0.022078114041089544,0.0016389249521425355,0.0014126505545803663,0.002244726247612141,0.001487724542437335,0.001162369878842505,0.0009110354726913439,0.0024384687309199266,0.0016354404520476195,0.0017663435074629003,0.0024199291589421124,0.001236042598151562,0.0030904205953168674,0.001503087763697944,0.001794119466927199,0.0010998850023700689,0.0012684756321807876,0.0035535192538896747,0.08027086749396817,0.007464909156034374,0.0036460076699788018,0.002993901609977691,0.0016644284765157788,0.01581265055080212,0.002054936946666962,0.0027298021915793027,0.0030859026975694048,0.0038424874407843807,0.001121877888789394,0.0036904039238506536,0.008258125481902297,0.0017563892509401546,0.0135438772307862,0.0034862270634982272,0.0007490931453601219,0.0012455804422221045,0.0007396164981250733,0.0019553969863615865,0.001161411418999325,0.007751930201773583,0.015642103069656726,0.0029801208565994847,0.004386812273796319,0.0015748568401916562,0.0008396143216010404,0.0013670724582119944,0.01880164031047035,0.003550466754915392,0.0028529652516761724,2.798809410088363e-05,0.007069615559256503,0.013374344543096469,0.003118025428991412,0.0063824482757368,0.011188375031811257
223,0.6387230210412675,0.0011218953204331149,0.0012596513202752346,0.0007354632865666577,0.01616654069249107,0.014364601442618906,0.002571928689217714,0.000794728761035974,0.001332345361350765,0.0022624020033887174,0.00818917425754104,0.0011045561826941342,0.0006997530857061231,0.001686815033627423,0.008359495096987333,0.0009307425992631306,0.0012042059471814243,0.0015520446094296895,0.001756409341669507,0.0003154510350839188,0.0009369348546659826,0.0011148222127452018,0.0012175595757821015,0.0019260209022638152,0.0013113296715872801,0.014075566525467584,0.0005803217291695709,0.0017030327404278498,0.0009204103014365555,0.0015146580823952917,0.007339024973465678,0.00965231620369335,0.001997503901280624,0.023168914109800588,0.001678070618430024,0.000501529156750663,0.0006209893155106506,0.0008423727247651118,0.0004581485069864767,0.0004007192682400613,0.00021039115905490164,0.0009939241196419031,0.001442248291282184,0.010217497550567636,0.0008020318656704053,0.0015542501638422957,0.006986157543683853,0.0021467060334261698,0.0031940493621107685,0.0005429018849238467,0.0009088610197559435,0.0014056440595809452,0.0019854866280915556,0.0013473655963183741,0.002331529115925596,0.0009700253078546506,0.011641621360305594,0.0009019587912999794,0.00123097547264888,0.0018624123134105845,0.0030206284744289324,0.001523775189795335,0.0015594467914213995,0.01743379754627116,0.009131804426637,0.012613905227833243,0.004209972437721472,0.01061355392912671,0.001008621002491323,0.017448138177105846,0.002024577151652552,0.005466910462439677,0.0014009518423324604,0.0002335539708087413,0.0015817753944866772,0.027009730232845353,0.007878389687148489,0.0030700172378617676,7.5162033272648266e-06,0.00665393759844157,0.013020454530877936,0.0014653308515571487,0.005863964343586308,0.01599173916771184
224,0.4585276668636457,0.0035656268349182627,0.006741690916429366,0.0016196096416731009,0.0031269540343692075,0.003581075541283917,0.00418713691042716,0.0014600843223326332,0.0026273989504427475,0.0008270545545276981,0.001561983377490593,0.0024583538774543795,0.002257005731648991,0.027095678208534327,0.0031511331016593693,0.005860460708343183,0.0022134778538843796,0.02929005068732774,0.0015850613384400343,0.049498032656587566,0.015240073575551957,0.0015491526442512574,0.00175135215982042,0.0026696036647686217,0.0028718915233770675,0.005213433997823135,0.0018290633732476577,0.0021061952220751998,0.012410277943856324,0.010983861577220633,0.003717945852858855,0.001012368723297617,0.0022437271816079787,0.007084436965683179,0.001881055988676946,0.0011079138391460548,0.0019294482272030151,0.0023610470342329826,0.017899128417990056,0.006364083537600055,0.006087860636060846,0.005228146974594791,0.0017422967904349097,0.005982493452878421,0.001850544432205338,0.003520173887054106,0.0017371398201305303,0.013160900549885321,0.04680359356288972,0.0029185558869729384,0.004745085318327621,0.0010248865124818174,0.006508469142362277,0.001178470618795012,0.001928321644217159,0.0010568261491949301,0.004568878576674514,0.0042678106928133045,0.0019049970603594486,0.00480178648795362,0.0014701568466505709,0.0019177055625646125,0.01349997593590591,0.0018432759598660147,0.003258472538595265,0.010782710742612877,0.0020380750503597262,0.008554601636251626,0.007231686786921517,0.030714861933110706,0.0032515795088163698,0.007590834916647964,0.0023903048558710695,0.0013897949390752893,0.0003286509189153117,0.007919001136083821,0.01705902401214879,0.0027007858879116798,1.2778886052734549e-05,0.008176643289211884,0.015594685936475896,0.003275637128022886,0.00399001865633431,0.01052990117759706
225,0.7375182665415929,0.002936464178279024,0.0012916474432925233,0.0004560908384765006,0.0033516930642381484,0.0014906204841433131,0.0014636132594969596,0.0009406266085725339,0.0006667471646984143,0.005473909177786141,0.002100003094452951,0.0017746312630796002,0.0052777441758762025,0.008342015566424596,0.0031314984927906914,0.0011954551029997832,0.0020586372523738535,0.002093630969251182,0.00486271817222045,0.0035552562779837694,0.0011368419205640022,0.0019980031555099317,0.0018174141506819407,0.002487402640145167,0.0006003852402690871,0.0010676486250933632,0.0010628132105734605,0.002102766673777507,0.0020745150560972114,0.003595772237840813,0.0005836334953940607,0.0014583271637768405,0.001894351802606348,0.0011677275177014545,0.0030024682624392647,0.0008788325808294689,0.000628917799338706,0.001790497438824977,0.0008309277649826097,0.0009751605120722806,0.0020858931640737035,0.0016892188276870375,0.001583818091163351,0.00132267623333187,0.0018048264169265686,0.001143351456893522,0.003065543722108562,0.0010885638625111212,0.0031993298619795506,0.004417722250151485,0.0024278865128430473,0.0012767017732627892,0.0007592140438137166,0.0008254915052963852,0.002343285846971268,0.0029038122590357004,0.002347532118598418,0.0021077727393407574,0.0007395008100435881,0.005666205391491166,0.0011448719864316937,0.004306182490694417,0.005733794607920062,0.006541858729796317,0.025486174015098353,0.001909309631263949,0.003907613264097152,0.0013962619526373674,0.001546113500966778,0.02906546858703997,0.0004125757862997672,0.0025771785467365994,0.001896695670737186,0.011280197551823403,8.042769517231612e-05,0.0023422043126199695,0.004933054637976078,0.0020125477524335976,1.669247423998207e-05,0.003465785009539378,0.01481671559952803,0.0008745504196954463,0.0010126294154997647,0.009307073097680923
226,0.8294038416445593,0.002131304230239111,0.0018999818392387477,0.0018790148740259376,0.010612939080451047,0.0027552271737076614,0.0017468235218405747,0.003044949325222438,0.0012377796222199366,0.0018201509735471851,0.0026041866911941315,0.00121703995728313,0.0007750864385919564,0.0018811960377474036,0.000567798487576772,0.0004700671321717018,0.0030134327844076373,0.006403761695036605,0.0014107632891178488,0.0013352209763896762,0.001604335043666308,0.00048214570474127766,0.0012689445908757755,0.0012891936365905332,0.0018160440808561934,0.0008584010837723025,0.0009871405796795117,0.0006405351726113284,0.0010596696794960944,0.0009304310017428943,0.001306890595442581,0.000941368575701968,0.0006474488350734077,0.0011321895055763326,0.0011743067804779377,0.0007244959568785819,0.0016062652960064931,0.001917837179149347,0.0006388645776151246,0.0009970912135144438,0.0008350395049988489,0.0021042360323099765,0.0011507420831770017,0.0004852810003935017,0.002117420150377411,0.001851387644596343,0.0014639254834249139,0.0009570906077963474,0.0025980170509816002,0.0002713822159804181,0.0033256057779517696,0.0007799590872248351,0.0008471348614070437,0.006035285100666789,0.0016353574102369285,0.0006738776948654988,0.0005166759092712155,0.00046118188115841844,0.005419208933510619,0.0009547902185527928,0.001497662624932159,0.0019009463840899438,0.0020527370020458433,0.0004844373922770267,0.00047554562374302366,0.0014555298117551751,0.002565178959645453,0.001340053699164112,0.003173958526363201,0.013192669516583705,0.0014683828711071864,0.0026147218647647108,0.0012026805303939363,0.0003714439960767436,0.00011926927348931851,0.006037509553892638,0.0035645580938068314,0.001237275713155135,4.2473740241791866e-05,0.002775637005792843,0.010740650884772444,0.001365430176649202,0.0014248552959489848,0.006178627946388798
227,0.5036967794203853,0.0021724058332422387,0.0022073118088921824,0.009106013249386802,0.01142471980698305,0.001007869646308948,0.009216304344751718,0.1056751874782889,0.0025810342269227183,0.0022111333270520726,0.000933558771601278,0.0025465591417169323,0.04778971896704472,0.0024669404378389872,0.0031840248626389734,0.00349537259710261,0.0015984004896152882,0.002836594907044265,0.0008085599562145494,0.0023881770200206757,0.002843929160448884,0.0023388294954165274,0.0036591848290910894,0.0028215445503387156,0.004066589499406147,0.001835368588316889,0.0007820002610242063,0.0010717766056739793,0.0010856118894416221,0.004088050396574586,0.001757313827830626,0.005558363318067464,0.0008343121009415094,0.010007252551880154,0.010020784443357973,0.0036421407627988144,0.0022735932583630948,0.0020882244563041716,0.0006461267238828572,0.0015366068621119491,0.000853844873146948,0.0005113007091065734,0.0010169655998064355,0.001362725024346153,0.0033721939040926,0.0032857732737369516,0.0010830887292437449,0.002039080852204381,0.0026859405060871964,0.002453866897001302,0.002595732128976854,0.0033682267733082883,0.0020127608752012406,0.0018154185344430138,0.0031349652002856335,0.0034894251637952183,0.014032097123083717,0.0016142524454870633,0.0019347923170916978,0.0019979362957102164,0.003757662967617118,0.0015096989522623613,0.004787246316229067,0.0015694647558656411,0.0039159104389789225,0.0007416048481050598,0.00341155403818765,0.003437874456007541,0.0021651924432255333,0.03687408336097408,0.0021354039008546536,0.007103515539951996,0.003946462848640886,0.0008564560058198416,0.0020470562417427146,0.003999611969557577,0.018656615068662428,0.010362695749123898,0.0003507862094727548,0.010634950355633976,0.019562263981740425,0.00242224850946825,0.0040204774033344185,0.0167665065380645
228,0.4442354771769043,0.000672237509699109,0.0010552527683987108,0.005567477443818431,0.0019565638919687794,0.003181761405728405,0.002015545703220633,0.035434891928543544,0.00331222792613488,0.0007606280083108924,0.010202665313301653,0.014373113978945397,0.0047014071626850775,0.004962873460459272,0.008390604528660063,0.002607608220021812,0.004904342106808391,0.000833485991121262,0.005839346097232743,0.0031536038165355857,0.002128707829932487,0.0036986082407833875,0.001690197189910344,0.000911869752475402,0.0023104485258347712,0.0018425670145207137,0.002921181635811906,0.0010402585060289658,0.009243474024862093,0.02243094288496743,0.001158874847440883,0.0011043627661098498,0.0015226290847899905,0.0033396687863145274,0.0012740261207603984,0.003422998520504411,0.0010304134360163086,0.000810024403933222,0.0006707778210175779,0.001477002382442549,0.0011870610173798572,0.000809758946644107,0.0026442611216157797,0.0024598274393251825,0.0023650006179430382,0.0019647025747189972,0.004056172706425418,0.021107329186639396,0.016713983955351272,0.0019469191532885011,0.10239621697567637,0.00206004364815199,0.001174784936352126,0.02338746961020006,0.0012982636718421934,0.006649192439528039,0.006053766964545076,0.00237439781209225,0.0013169416238093426,0.0014442686150097316,0.0010157650076122132,0.0026579301808302177,0.0009521197740727717,0.0010202141449618342,0.0013989099154431927,0.002303415010367232,0.02439569140735905,0.006716272290047851,0.0009043094353842962,0.035173647024914434,0.004995513559774052,0.004976391066245654,0.0033203313991337956,0.003241248758415518,0.0008220090197534484,0.003923338849794513,0.013717906102436554,0.010619955767786099,0.00014497112130359383,0.005811489732939801,0.016836579777854,0.006982839812989551,0.008632768814302234,0.013835870796783289
229,0.6780594851673959,0.0008811466064402537,0.0011995868387634837,0.002071262640768379,0.0023403868336078566,0.0009330250397230741,0.01633238285520897,0.011286832001571698,0.0007522647762867673,0.002053777875216137,0.001012653219426364,0.0017811704219061664,0.001624602086984757,0.0022412529847237613,0.0015607235702724286,0.00899851168259197,0.0011806944930824684,0.005670895330814806,0.0029757351114747034,0.0014001463979795906,0.003550359911057245,0.006400529219919271,0.0015394484212835778,0.0012541488924048218,0.000747595974943855,0.0017928174641784964,0.0007979750892096032,0.0052967109971691914,0.0019254793960240195,0.007232438421137878,0.0018277091726595417,0.0007063305135526005,0.0011431070130682932,0.002697910135509666,0.0053033158107436305,0.0013730041442891288,0.0017926060069041046,0.0010471255559479852,0.0017380227604427481,0.000943792832766682,0.002723150532603757,0.0009793316051477674,0.0017226981972321886,0.0020317876726472805,0.0014712027044533479,0.002238095991919964,0.03691969637707351,0.0019422322385640835,0.0011956514529045937,0.0017890287222029815,0.0017613989775134033,0.001577454112249894,0.002850692251511677,0.0020711628390041393,0.002489979912464778,0.003848779655383534,0.0017575387974258733,0.00319885260229841,0.002072639301783806,0.0036728827414846785,0.007435783962586034,0.0024670211183498267,0.0022065750182946966,0.001951624975459428,0.0020735300023936184,0.004014416357056861,0.0019079402738300776,0.0044178564984166824,0.00207441223771372,0.03559268446016456,0.0008113800098923014,0.002936125703979201,0.001641805214411528,0.0007258196052108626,0.00012259302237423733,0.00946276629039584,0.0028055745831083194,0.0038798629952393857,5.3613079126341374e-05,0.007861530794008479,0.015975393447895562,0.0008289598464580263,0.0023137196613185213,0.01465779048899434
230,0.609934018048861,0.0011918847389842892,0.0013178139876022731,0.001668635883303469,0.025895450298681646,0.014157983180243824,0.001139099488167924,0.002027218449487415,0.012207310489342635,0.0019620223139431145,0.007835607616347941,0.009061093027459801,0.0015327861003633038,0.0015677745298903548,0.007149164475477636,0.0013486387710817736,0.0020631349068579905,0.020465990864764964,0.01047669320137716,0.002369116001625207,0.01115792021024343,0.003174045761466899,0.0011873187495792105,0.001001356941024369,0.001250640623838982,0.0011868970312100312,0.0006475003653596982,0.0013172475067029486,0.0030493754126629767,0.0015542417574295113,0.0012957626285471716,0.010165743754314279,0.0009910424860762144,0.0012924673635997007,0.002068134803797177,0.004269533806570392,0.0009708064616524075,0.0014430537458800608,0.0013839524079593043,0.0008274896884760138,0.002699808487245292,0.0008997144903975479,0.00064965337699812,0.001576357448284576,0.0019226555556686178,0.0012381388535497129,0.001742248401047042,0.004417642399861245,0.010604049390959627,0.0019720806281622507,0.011056516351845465,0.0033987467711051405,0.002002605065675288,0.004266320541709196,0.0008124747497975527,0.010612406928507274,0.0071293937557422,0.0012932846465059892,0.0008718742050349415,0.003133241346938906,0.015680579808916486,0.0035071160775605346,0.0008873564236978794,0.006840850403109659,0.0015745441909772832,0.0008836298965938324,0.002058015383047479,0.0007756216561285713,0.004864715824462034,0.0272793933293806,0.001209106669321131,0.004609392468369641,0.0021886941799086194,0.0008575015919505633,0.0020099372043273786,0.015396172787904458,0.004749239444523966,0.003699209317685458,0.00011052571033365944,0.00764044438317213,0.016809788864318886,0.0019607074507939056,0.00687165726305099,0.009630618395174633
231,0.7529083589452547,0.0034511486025005826,0.0019979424528206806,0.0016527832020112856,0.003207626343168293,0.0023435380752843877,0.0013156696482589188,0.0018587635922512355,0.001334494257697747,0.0036640145181028655,0.0012178615765912305,0.000994726000910245,0.0010462848240993725,0.0017292421262024783,0.001963123167463865,0.0006464890237751226,0.012257513968348946,0.0015348190260424902,0.0018559209712209162,0.0011478735227851437,0.0010762404726697135,0.0028229044364127495,0.001073716498502706,0.0019239588303726148,0.0013700895974735085,0.003102894158984047,0.0007844561322857071,0.0025455921087275423,0.0016655894435235723,0.007759265347481144,0.001085128946464388,0.0018604197411236935,0.000999892420970036,0.005232577504564145,0.006272983184301488,0.0009462985789496867,0.0016075257021993543,0.0007425644101401899,0.002004659683737086,0.0015402344127117714,0.0012970083609730894,0.0014452187221048528,0.0010185642892009989,0.002947558563070586,0.0015585019324375537,0.0021848342770416002,0.007022389846585875,0.004790871406567314,0.0019044003842325912,0.003632835924782958,0.004941101421975723,0.0016546531857199,0.0015513236855818143,0.0012814844228742441,0.004673170062655831,0.0015510471896338824,0.003598010092622058,0.002179979292355252,0.001720632879698795,0.007349648807791879,0.0018493086951109985,0.001007477328426965,0.001169515484032374,0.0021086743785802774,0.002420897269750793,0.0017657295968873795,0.0011118596793016863,0.0024926552650956758,0.0044863870354785815,0.021865608703260993,0.0008411277347153676,0.0039052015079880696,0.0025590531892744554,0.000980250763278582,0.00016772004577045497,0.0036585374689052023,0.005878017101766863,0.001862101091117768,7.711430721736555e-06,0.00659251870198256,0.015390649691386423,0.0005895545440526786,0.001171790124999444,0.01326923296382244
232,0.4436362906928874,0.0021978348719027124,0.0035358936691976847,0.004811879668522766,0.005532556999765584,0.010360396434115253,0.0017682038479787303,0.026423863923207724,0.00186295695045904,0.001589763628389591,0.0010187468014069274,0.016329875090905405,0.002156030608444551,0.0014971751685237346,0.001630213935674665,0.0013110451064020918,0.0018959739494464891,0.0006758838710100081,0.004563895661303177,0.0016718378549012971,0.004460953352631618,0.005705189141161546,0.001614137768606544,0.0030817329965584866,0.00129186107780225,0.0021420149753171923,0.0022840544905513623,0.0013798191748977309,0.006080787980529526,0.002666526549520487,0.0013156072213789784,0.0010437986322857755,0.0013479247467630697,0.0017700619640816065,0.005138825859515622,0.0015264781043682872,0.0016466247784256026,0.0023802003899584313,0.0008768111326642015,0.0012933200329403695,0.0015661330249882761,0.0017253159202760434,0.0007993621204819921,0.0038505680716974353,0.002708702804157262,0.002731586068141376,0.0017125667842126959,0.017436678357620278,0.06240445733617485,0.003413670881047037,0.11283609098451293,0.0019418782181102156,0.0029740985573747836,0.01713500517313849,0.0012949477026998845,0.005947785593417927,0.006674443364116182,0.005877644298668044,0.0007624449892784992,0.0023954906928533226,0.008693557665341856,0.002256270539934807,0.0007599405375453135,0.0035923581086752007,0.002642044980453647,0.0015044066506777064,0.002286836751065382,0.0020785072105997636,0.0022410903949941887,0.03498144789486097,0.001129985313623503,0.008495737030374954,0.0023464273342966593,0.0003446541037552711,0.00020934649809737225,0.01401882202359452,0.010854574581948629,0.008843223429956061,0.00037274962322537004,0.01061420018690218,0.020956922925901747,0.001053387279589954,0.005656674572284863,0.01436091431492903
233,0.6494734250010082,0.0017446376750317452,0.0017692375001744944,0.0009963428604152942,0.0012508107321791237,0.005198342718898123,0.0022505588873750143,0.005001125234336325,0.002251657110850928,0.0013205051534622278,0.005507089528095273,0.0028794906783698527,0.0010687798356622431,0.0028520459568474816,0.0015339165306753845,0.0007044614828503985,0.0024400265425869954,0.003271047661699041,0.0008319384477765201,0.001309488486450439,0.0035866331004011103,0.0013425275885802237,0.001428907952869099,0.0022967388425642085,0.0006325357452472166,0.0012409971721764046,0.002935409776458253,0.003337394044826819,0.0012624205070289156,0.0014544890449389267,0.004263767807764038,0.0007925913739272545,0.001928158239036534,0.0014196363825385704,0.0012038579840695275,0.0006143467200704549,0.0013143503703257578,0.0010939858399294118,0.0004903936968240057,0.001576524252487759,0.001444832949869212,0.0023202749446926125,0.0006106984644679468,0.0029056922225920026,0.001732929212963982,0.001529557976655205,0.0023201254773757177,0.012027037624964413,0.002440279165902898,0.0009438117177050054,0.0021626627416966764,0.0012566931340167247,0.0012631065600063214,0.00510941640687836,0.00034578821268096635,0.0015143586010209662,0.0012531269331554126,0.0004622382716868688,0.00087815337415112,0.0031431037250594118,0.00419885625136563,0.008712419784465044,0.0813138775065543,0.00019334115376718733,0.001057295059209756,0.0032890102351573556,0.033683976480954926,0.0020519727232874234,0.001083547993151336,0.028140224411957696,0.0006991577090531394,0.0030939581126317485,0.001169439745331244,0.0023285728989514806,0.00010684881339290571,0.013969662457524276,0.007494157728796744,0.004241884380823667,6.213297868303751e-06,0.004314541278535196,0.013925158495815625,0.0009076200549540698,0.0011105823298841477,0.0093731989122152
234,0.6592249924340722,0.001542046727205917,0.0025595790565012956,0.006964853957758394,0.005025696162217039,0.0008836819387059028,0.020984382824405116,0.0006852107243873394,0.008231414034872906,0.0016476813085138692,0.0044407634017684244,0.004406192517171265,0.0008246163265331285,0.004191263530714739,0.006840978041343031,0.0013272523712739074,0.0019481381532730547,0.0031745233767123617,0.01803016695297707,0.000814434123825643,0.0006324212427287119,0.0007783266328178008,0.0025016002311141973,0.0024805713275360716,0.0011006989586128725,0.010296025846963562,0.0015718696986259306,0.000682769921939875,0.0007020362035464568,0.0035422722604296604,0.00029509793639750736,0.0008074998115415639,0.008423261553114552,0.006375903374058661,0.000948760852014168,0.0007448729714977527,0.0008342396788224292,0.0014174131760501093,0.0005759737651207107,0.00040911147306204465,0.000785494585615122,0.0005854108477078572,0.000823994192774221,0.011921258723181338,0.0010206207592896462,0.007663083374166415,0.0021476679007619544,0.0018903209599957997,0.0048712539331310055,0.0017218917906448791,0.012413203663599527,0.0013952883374393874,0.000938505633157079,0.005221287501244245,0.001025379315292551,0.000670918391387321,0.0038982013609997683,0.001268313964865546,0.002139855689170935,0.000412178171604544,0.011734001079676313,0.001279524889514219,0.001209929680916642,0.00652065853785634,0.0033073473949287923,0.01392387833017581,0.009118202548867168,0.004436541335263592,0.0016176252128105367,0.02579964216508595,0.002178783902153253,0.0029335657772157618,0.001054574990066104,0.0013068654901494696,9.902659832995967e-05,0.007238561426392762,0.004287246417311329,0.002324203422938121,8.473714014016337e-05,0.008347391791011665,0.012826396414931747,0.0018434033492388474,0.004180922241854,0.01066424588691516
235,0.7089849216492258,0.004643843435613481,0.00135707034376466,0.0017966080315475522,0.004659461004145,0.0010064686499042267,0.002580241312720825,0.02870511585600575,0.0008877198349010268,0.0008301492317201838,0.0016442318841409672,0.0015761231085953578,0.00039998154341972365,0.0014800881720046096,0.0029214352683150815,0.0008993664597979924,0.0008143366922412578,0.002290156684019273,0.0026671145728695564,0.001731364627847477,0.002085043306877403,0.001393276520268168,0.0006796803613809059,0.002698855618718883,0.0014039907493551664,0.0032542863567204066,0.0008551183089614043,0.0016754693651454828,0.00113465803767451,0.0044578410577389834,0.001282179263489269,0.0018687051808675503,0.00044512274403449184,0.001279625520014263,0.0009441276044180729,0.0020776806532604203,0.0015278008502789746,0.0017172571763184991,0.001418162195723831,0.002204032348832237,0.0014110244902745216,0.0022843565855457226,0.0007713489744823337,0.002045819923251321,0.00209722930766118,0.002076902840360564,0.0012227234379347585,0.004652099421252982,0.00254851198501528,0.0014856131010307996,0.007305104149629985,0.0020204044781147947,0.001616641616080415,0.001627084177362949,0.004422283775774751,0.0040433179746824765,0.005066608357887552,0.0019122569023172433,0.0005204961943493696,0.043267076354895594,0.0034323988639745695,0.003820847814936322,0.0019243947502742837,0.0005730535624384736,0.00254170665803169,0.0024095260977283367,0.0006631511116153077,0.001202311840026175,0.0026886156816458215,0.02328886545930804,0.00035162267796513445,0.004150681228185582,0.0016022285753667397,0.0002267127354339726,0.00010760360729134419,0.011185723104844536,0.003347315498267014,0.001224614462043519,3.084234768385765e-06,0.006887926835718426,0.01905773423363345,0.0003881637675654613,0.0006501524649413659,0.009595949103212873
236,0.5987123928514214,0.0025620049477323727,0.0012840982154133074,0.0010348732422971194,0.013748101786621674,0.0006607878995865495,0.002892709935933104,0.0010088109167584504,0.03535791374657689,0.0026898789729848083,0.010098351401793422,0.0041287431610192325,0.0010652582921936349,0.0026063176709001973,0.0033633529930874257,0.0009756383177638125,0.0010286082788791356,0.0008773345656508448,0.02466823547709191,0.0022425170916963704,0.0042590460761166215,0.00973817151946587,0.00615655145944879,0.0013931354408748622,0.0009046316371277873,0.004619864514516622,0.0005783345840391112,0.0013712589144472484,0.012451685832760072,0.0015915949927844072,0.0023984444359654426,0.0004974826058281282,0.0015607847031527452,0.006364353583054188,0.010201008136700277,0.0009588080906235924,0.001202285600923397,0.0018806418203235523,0.0008990422983456702,0.0007191862849493712,0.0007990264292742117,0.0011798696871481928,0.0011380712027469304,0.0015574595834090248,0.0023998562248834735,0.0009076907628277146,0.001341143480192816,0.011465316110348643,0.024539839918789677,0.01399374383548691,0.023330677155058318,0.0026441168529506673,0.0017683688561388152,0.004880129262431806,0.0008449904868179741,0.0008788458136252878,0.0035144573113106356,0.0008739589433426448,0.0009042290567003962,0.007917376804801843,0.0007732005887190735,0.0018837716174060993,0.0007636344567839245,0.0003718754593775452,0.0018847911068529243,0.0012482270100511346,0.001016089342770978,0.0016084770650921449,0.001425634847622826,0.026741333512800728,0.00881243848548214,0.0023218987088860065,0.0018766995846384738,0.001299712346062576,0.002534039242087251,0.0048610926191317355,0.007376282824056821,0.00685813646998712,1.0566300862840866e-05,0.00438768477249271,0.011323615202783329,0.008303794568645087,0.004388476980809774,0.010297116811461254
237,0.722337397963068,0.001393658071394235,0.0011552605991341826,0.004181930540231764,0.00228894318003565,0.0019081745472620023,0.0024930913416764977,0.0025052525158736003,0.0022657806772209505,0.00292407713592472,0.0030430149291027367,0.0016971622728752863,0.0018158056727800586,0.004431598280462541,0.0024026923945663675,0.0008865913041267294,0.0009692371046934235,0.02020528380668554,0.004298011955031534,0.005971990666631602,0.006137343756325241,0.0009346566152879125,0.0020299204962600063,0.0009988911579379598,0.002364261204322101,0.002462430960767157,0.002542850975557415,0.002664934179628078,0.0019147768639126237,0.003386999581687004,0.00249011853425439,0.0022038471865809196,0.0016347494251755092,0.005705650502095727,0.007281969837040007,0.002745422770757839,0.0020183904502395545,0.002638510382143496,0.0006720046121703035,0.0031201018875846196,0.000945704456096366,0.0010257261820374908,0.0012927647124897012,0.0025084621267010476,0.0022016556076730623,0.001086079967506,0.0035887176223218216,0.002575998416735946,0.0028739523283664156,0.0012987755953316029,0.022014849512904035,0.00633631735772734,0.001970830803766809,0.0037371865562245217,0.0032166785195713622,0.0015393106844067363,0.002182859028862966,0.0019013670126312736,0.0019925235810083724,0.009913630942471918,0.003387614687963198,0.0008033714747294663,0.0025594817625702055,0.003342508297051372,0.002894690404162812,0.0020425146052412773,0.0020086135739080823,0.0020959953658451587,0.0018526736159534148,0.019059137062244765,0.0008363512873799464,0.002637387288103503,0.0014801564474232524,0.0013153458246694535,0.0003691682946828849,0.002169023492309126,0.005539326050364457,0.0016509143355462668,7.004662351308647e-05,0.003995126595434099,0.01217731051120783,0.000921434453386646,0.001564044327536682,0.005901586265433131
238,0.4670686638537826,0.0017985407711418,0.0014005070059294746,0.0026156102126725154,0.004720846841854483,0.002349518328678099,0.0026208029923855485,0.0071227741755420385,0.0016673200391426773,0.002829494160528062,0.0014211576536554613,0.003341659065463495,0.0022606957920213353,0.012036149186210354,0.01910541008990923,0.002163648609770034,0.027640146701083203,0.05456569045064499,0.0028504605238406804,0.001983444855474981,0.002330676816992493,0.011807046579819316,0.0013372598701013208,0.0020208095710293156,0.00116296703789854,0.0020661498380653413,0.0035203151277256365,0.0013548367090047081,0.0027455521241082723,0.004752497933284786,0.0030301684852235364,0.006004459018164936,0.0015460028254671583,0.003301570454227781,0.004278411585427603,0.0425483823956229,0.0017743282954567942,0.0011786929030426388,0.0016253694161094418,0.0013736077165767751,0.002210280032900705,0.0013333577887621791,0.0009267698723684382,0.0018424194807609832,0.0031832646962361238,0.0031851252000885386,0.0024427448887710465,0.0024588103343880976,0.0028919076968245924,0.0025121065394705417,0.002419701311441763,0.00594253656456162,0.0036058214819086657,0.0031613745521003813,0.0035805357571767546,0.001490714688847727,0.025583699139835308,0.008506099371702183,0.0020861050408241275,0.006741846732049097,0.012465675183934594,0.006930041469313103,0.0019387302666445535,0.0017942997186642339,0.0033651670273442814,0.0011715979748374526,0.001881971600968394,0.002320799053200374,0.002317035141946763,0.04083436313245924,0.003578763914122731,0.004969955918965265,0.005047682105076804,0.001544700711680331,0.0006888907179238356,0.01645876017392906,0.017949376874183805,0.008652882499104696,0.0003343396588433982,0.008463848084346677,0.019151807821084395,0.004106873235801276,0.006300803101195391,0.020304767430330297
239,0.5466370717315003,0.002661092945075827,0.003053420797461741,0.0017062061309686398,0.010279144048379726,0.005413906242881505,0.007172128688172589,0.004734873299058621,0.013828155643568043,0.0021907251346722956,0.006980612956714588,0.016794521013462425,0.00458928729594794,0.001113991569323943,0.01056148389035663,0.000896228386126281,0.010375369730303837,0.0058286941260167376,0.009533408346992055,0.006842093281618707,0.023513467745376646,0.005908078257379958,0.0014287286798364907,0.0030291492777434485,0.0007116320489778688,0.0025318052417497455,0.010417046639371322,0.001446236973351085,0.0019281715393291612,0.004025731781433746,0.004400916044874973,0.007156600398889067,0.005991932246792684,0.005215456456008823,0.0037869095225569506,0.008528860622609597,0.003198314045295776,0.003449029806335146,0.007819038948970437,0.00921403685279346,0.006092492295976968,0.003314151612953581,0.0021934862299578506,0.0022449467800892534,0.0026378753093843316,0.0014474814899856341,0.0033022800077156466,0.0033433939456650073,0.008542266593155096,0.003070191974442339,0.020938886535189164,0.01386658137508496,0.0006123953160328396,0.002024016200205197,0.001809657377501156,0.0016333503191415081,0.011984210731747718,0.0011318512701398405,0.0037044194362306202,0.0014352145255549398,0.005391760901452829,0.0008962806215565825,0.006247618175943774,0.0030901212664122615,0.002634171341452645,0.004667627799378297,0.002632351679826123,0.0021764430450066474,0.0017420334575938602,0.027292705391530052,0.0009807001287282962,0.0037805026391673578,0.001976991611911596,0.0007869251362122822,0.0002544101173520326,0.008941651333485937,0.0059925782044780405,0.0028438502530392837,3.2650928998675625e-06,0.006925944395746558,0.016087890005566804,0.0010699066351361653,0.0013091647368340769,0.012052398314856386
240,0.7030637674972301,0.0027610845028038854,0.0035896279606715004,0.0035847600439313752,0.0027141267218514153,0.0025533484959098874,0.0027323531897273617,0.012704968434325914,0.00355385186170959,0.002753349261235462,0.0009249800741528529,0.0019553816690860855,0.0016565533388622066,0.006313599357611477,0.01233296026595916,0.0011915408736517027,0.0014242478347065652,0.0030564004721120755,0.0018112843333249712,0.004708627095951673,0.0038758296404754265,0.0012918960700712531,0.001670893175646182,0.005294779135733733,0.001281777317558078,0.0012577288451445685,0.0011832480759450237,0.0022583756217555546,0.0010792286870681554,0.0023632205321459585,0.003572225242098487,0.001798405309210002,0.0028657293224760615,0.006018396595306625,0.01184336243243684,0.0034564226089129984,0.0011928330302567178,0.0010965011101323658,0.002032852172974313,0.0023440095908489134,0.0012474352113798597,0.0012651827935628154,0.0019437345145187888,0.0022126658468537563,0.005857767261934502,0.0050448441039154645,0.0026357588114085968,0.003181644221913715,0.0032802511019587124,0.0016069788050161364,0.0021689008517250044,0.0009231055008846733,0.0017740547869672756,0.0037943205243311825,0.006492126920501315,0.004342992511729141,0.0020474757543663116,0.004977689998451681,0.002702523504419166,0.0044250892398709,0.004195064309899636,0.0024743649381607454,0.0006420229833756236,0.0015048964250928688,0.000482420179527283,0.005948715535602017,0.001523555186205763,0.005240196696732362,0.0022510507192689184,0.02333290108408428,0.0009448203427351806,0.0038132499767970385,0.0011863282470089306,0.0012828430600053467,5.19038127138296e-05,0.006804396219679226,0.008192016480075498,0.001714012126424625,8.03905763706135e-05,0.0074664808281559745,0.011928103183002414,0.00130835040981664,0.0020199545839692202,0.01052289202857449
241,0.37724591737196334,0.001688766747999262,0.001153386421769886,0.0008881166622882407,0.004581977721003051,0.0011331519059263435,0.0036189770818267812,0.001245389833828865,0.0005760625210239984,0.0009640231908813621,0.002061431508736041,0.0017756227762624173,0.0009615050220650441,0.0044319581812762915,0.001930374619516751,0.0005654399699494702,0.008543757265215767,0.01025977024023764,0.0007618943852554451,0.00030381223880934533,0.0006404993514938715,0.0013288590273151995,0.0004156410018381828,0.0011525654282433977,0.0005489182785701972,0.0013924545579639767,0.000568591721704141,0.0016643164430377596,0.0004896094394532145,0.002323870866895557,0.00040656737927765896,0.0011301184478254222,0.0006974836303853568,0.0015009186362053986,0.0034795802190961803,0.0005351768200963052,0.0002842298162547137,0.0006556587426912037,0.000756467495702962,0.00032561827611465345,0.0006310103531655462,0.0006484880170665179,0.00026397832893656993,0.005467533342952428,0.0012857725769805076,0.0006252056553045227,0.00187031759966742,0.0008853493596810049,0.002289913718806244,0.0007251033231782974,0.4564758202446526,0.001294136648492964,0.0010703505449784067,0.0007197530581805971,0.0008368192848462582,0.0005616387320486053,0.0013028876191943928,0.0016304175582687657,0.0009898661984053497,0.00879086054846904,0.0010339992602780273,0.0009076350897086376,0.0003132883792938719,0.0014141751581766382,0.0006419106901598509,0.00035636814857382883,0.0013221483668954858,0.0007566136802255998,0.0011501959003087153,0.017147008566638085,0.001473982070999781,0.0018579526989109937,0.0011870562118577767,0.001544265964619329,0.00021738024765658413,0.003220549012430801,0.0034454291039012954,0.0019362770071690155,6.0892126686382284e-05,0.0037872113335204686,0.010474368905235586,0.001773617626906737,0.003076748777731853,0.007547221712838027
242,0.717949283549747,0.0012451691191905302,0.00194904537558854,0.0025761634213030834,0.009147950963593426,0.0012866242681096268,0.0023829210793884386,0.00048366508296930654,0.0006718349124506495,0.000937834499872733,0.01348257082648555,0.001990810794834286,0.0009660905796778852,0.0014799959075447943,0.005071518158693249,0.0031589614593233325,0.009495552757513147,0.002174664507423044,0.00265136333947088,0.00641938237227874,0.004840007421852581,0.0010986861394909567,0.0020348249778754414,0.000754298158853659,0.0005955798498140535,0.0030385029482834546,0.005532092130974964,0.0026889731536744997,0.005417058572265467,0.0009491607649606778,0.0009715776961548578,0.0068567188611418604,0.0014713043503180481,0.004018319671734794,0.000979240059915953,0.0012278312129046349,0.0033518665027979034,0.0029073911784963636,0.0008645647210283472,0.002668598776823761,0.0022420814441121194,0.0006360166921533254,0.0038527834930993463,0.0011101411650504482,0.00045846592806949297,0.0013302136806804465,0.0011323006626557228,0.0010872340242530482,0.005604921194830359,0.002552741660352588,0.0019244513745359424,0.0012403022855650141,0.007338431659521899,0.0033822433057604556,0.0016119889976211554,0.004106760310590131,0.002078379912194901,0.0017721142509797409,0.001157498490159398,0.0018445903957188662,0.004492019731221994,0.0017508241296272477,0.004210205466858553,0.002346687297341069,0.006459389104937367,0.005065647685440006,0.0010269396500063859,0.004424122746726394,0.006161419383701238,0.026583988338792067,0.0013240749317761406,0.0020637024446092662,0.001978638791758515,0.0014718027455406539,0.0002699060773468606,0.0032291344378299063,0.006566055251552624,0.00173403894855782,8.810302640491434e-06,0.0055330103155382185,0.016180963841364165,0.002333259125660316,0.0016441845119591297,0.008889513686488814
243,0.5971869096018704,0.003215437595319419,0.002547235147056262,0.0018537417460171527,0.0060399829160457195,0.0024277899298673854,0.0012383862299566461,0.06758153103335214,0.0018681106537271242,0.0030499693083764615,0.001144664331128655,0.0012364003972549834,0.0010378621262015944,0.0027875306049232247,0.002784104518397667,0.002652082529744369,0.002582384405456209,0.0029942474149615224,0.021651486888560445,0.0009835350562805067,0.0010225138414327328,0.0013030350862091977,0.0025145542666720616,0.0022352632807477297,0.0014459305530277753,0.0022788147994758793,0.0012094882634086919,0.0011976526789319963,0.004650675335444758,0.005222687867064493,0.003355617829011858,0.0027187304796778616,0.0035207497687765087,0.002064868994935419,0.002450818166178585,0.0017075191509489933,0.0017010187926712978,0.0029884686180400378,0.0011777169849996867,0.0008527439206083721,0.0011705394511285227,0.0016452235258127747,0.0008451095674876865,0.004996227136229994,0.0030096794253380073,0.002208763973872524,0.009571138779595848,0.00268884424841155,0.00285551272374162,0.0038340066369082987,0.008971092607416261,0.0017033605070970379,0.001290270125359414,0.003703143733359612,0.004315036722757202,0.003345332997953007,0.0028006945585851346,0.0029481707870014874,0.0056894172446799165,0.0025614499588894634,0.006891110859850965,0.005614451026840428,0.0028910318779633366,0.004251475120382383,0.0020816525198086343,0.0022286157319317784,0.001070320747240398,0.0011281661457775926,0.000915262084121201,0.0388027722079486,0.002951081676805273,0.00427676341649129,0.0026836428082908865,0.0016046029441988136,0.0003318215755790725,0.013850504378646525,0.006947176663797709,0.005370753520974161,0.0003373801866904318,0.011184764840285407,0.01606298022813704,0.0034252358354705612,0.005901967068356442,0.016561190710023807
244,0.4967042005033508,0.0020303128723642145,0.0025139003316694236,0.002190301800311794,0.007320451786866059,0.0017916559635893184,0.0032722511446056307,0.0060877319803806325,0.0009111818192275808,0.023867705433813537,0.000798075063196221,0.0032840417495378117,0.0011978826204287845,0.01670075953205038,0.0013237062766094788,0.0016916489044446652,0.0041006678977869564,0.01276292368299947,0.0008189819157850254,0.001022776868052063,0.001865430157451607,0.01161920909373997,0.0015644024287003579,0.0025728458714386446,0.001384476585507067,0.0007962855181801134,0.0014729883290522138,0.0014448984097110435,0.0009540308052321199,0.004680656048230627,0.001233044761863204,0.0008249782445956534,0.0015381245525194931,0.0018810041564607674,0.005332396544669842,0.0011458377741214798,0.0010472353944960134,0.0015119487905813616,0.0007540331919466501,0.0007342848068293403,0.0011981129050965972,0.0006433138110334,0.0017009262809139318,0.0034967107966140556,0.005410320555944793,0.0013637116602099393,0.0028156330309682138,0.11503595207533081,0.002140224749562541,0.0022392272062659257,0.0014859319244718166,0.0017087888278614176,0.010203003993657134,0.0007478997352650269,0.001999644968833819,0.0011592081356469773,0.001494271767960374,0.0010541195890442585,0.0023048369950621783,0.002178974619494673,0.0020346896379523,0.0036337677005296816,0.0017309915391687726,0.0015675414818449305,0.013546225779281494,0.0007981677789523004,0.018134519196968752,0.0018728133961955083,0.002648231649237643,0.03536620823263085,0.002807414878671897,0.003692612667789539,0.0022262043742098158,0.0014961927520196429,0.0001120665563303647,0.03561997144554151,0.016294011163456978,0.007918198562490918,1.3223153630845074e-05,0.008491551036344478,0.01564619726671951,0.0033938051169541896,0.007077111456994804,0.018748199934447773
245,0.6388339114372799,0.0014235675241763203,0.0009342978190737322,0.0010476534933494446,0.02691262042542768,0.0014271287862856628,0.0008427661963976,0.004839475415197043,0.026486217423308922,0.0029838007386740815,0.004721866149823224,0.018659506000829162,0.0007095918064829137,0.003678323435671032,0.005743018580434309,0.0008206438949879519,0.003952640731414041,0.0012877930297742445,0.022797369791672985,0.0007299611845478069,0.002582688236168648,0.0027234033641308658,0.0022675096049698897,0.0010195114772866647,0.0013932441982763804,0.00427882605922951,0.0008269825470555282,0.0010679713423355195,0.0035573268274926313,0.0017848020350478416,0.001407386648804023,0.0006081774632941846,0.0007192827502075758,0.005587177056557406,0.01253638206940455,0.0014139689066312855,0.0004859082965644817,0.0009692865681261349,0.0012098674398201305,0.0009560429262896609,0.0010843118096307107,0.0005303677946804091,0.0006411691511665792,0.000712914900852203,0.0018078923306560685,0.0013781410958851315,0.0007431417189657292,0.008656139809823039,0.027738231197038856,0.004265174403090409,0.010874492761432123,0.0016582748839858194,0.0022300053582585376,0.013002645248822973,0.002578413653761296,0.0009143692941326625,0.002026804909856802,0.0014886106068706295,0.0010223992144642474,0.001646889301329481,0.0010206687530370795,0.0011468178716473208,0.0004704389022721575,0.0013323052913682815,0.0010121816283736082,0.003213805293901614,0.002789005254570656,0.004537619273173944,0.0017761901341726712,0.03096504743730915,0.0010251725135789326,0.002522610696967519,0.0012328747997417567,0.00047087145050013246,0.00013529101504529612,0.011183485994157678,0.002487745635183794,0.0019698088205411224,3.5337529389953956e-05,0.005416960539344333,0.012582862568761894,0.001041893439520948,0.0025667249585827174,0.00783599107165292
246,0.6314523793639555,0.003036001504580834,0.0028696059009538704,0.017701522039462365,0.02577610842417544,0.0026330126298300103,0.0007267058495519829,0.003626220699544638,0.002564195198768841,0.001656254451878861,0.01252504685673144,0.0010984336338271292,0.0006898177046689741,0.000909438058551316,0.0006691362336795834,0.008700712832459306,0.0017962476905581005,0.00120852662353949,0.001630614626340206,0.002677556537530841,0.0007242278747639577,0.00378960501320175,0.0009302126495169247,0.005086899432276659,0.0012074857358846426,0.0014629625574112198,0.0004983235748361099,0.010934173957226168,0.0011259023933824172,0.0010484984262969853,0.0061822719654467196,0.0015049040593464688,0.0016674712987606352,0.008215955668891687,0.0019494179531795441,0.0004933290769306318,0.00111020514211909,0.000737491945484067,0.0011900299967229065,0.0006897374365071014,0.001350718596057241,0.0008271546411383512,0.0002610290950549109,0.0015080901187111127,0.005592147453499613,0.0024088113238340206,0.0035396939072437376,0.00258052062307003,0.0010844912316175532,0.0016669252026680532,0.0015766191202567009,0.001442745938196217,0.0013926317571218796,0.0006528883154133156,0.003003361526231605,0.061720632478975676,0.0009615252047932057,0.012859152200395544,0.0019087717151879142,0.0020805896534869467,0.0012183117325999773,0.0019873592782586914,0.0006504542592135169,0.0024700234348065927,0.000994891610671931,0.004958196623061248,0.0012270920368238668,0.008101595410653995,0.01689349104495989,0.019455538664830335,0.0009652780138730159,0.003074888495598503,0.0013925508537117092,0.00024302916496767894,0.0009825628810259492,0.008852102548578612,0.004362088024708402,0.00208267507736204,3.828097425112105e-06,0.0049250820519870404,0.016386454086719533,0.0012614731002241954,0.005146247864814449,0.009449642521395464
247,0.6237119457800059,0.0007698901760145718,0.0018077795716196444,0.001448535809349421,0.001747256937286418,0.016962052145530027,0.0012784587772797578,0.0017145694841729528,0.001337659706274659,0.002326964542097343,0.004276700403378466,0.002471710319554131,0.0006993290292709259,0.0041367149266670275,0.006896204189229177,0.0031768989577478654,0.005270991106726152,0.0039052300758729095,0.001117200572365218,0.0014976365152429383,0.003635259199178894,0.0072621049693451884,0.0038050752966792617,0.0012647586188335182,0.0005017900284960098,0.00341673480931065,0.0029782153707179336,0.0019760436035424138,0.002922028937521614,0.002970469686975779,0.003490651900197027,0.0010515671558245837,0.0016424134190149019,0.016558938252182916,0.0054625114904721045,0.0013617253204433657,0.0013502421714837952,0.0013672657567375516,0.0006125576657142215,0.0010412822449054288,0.0010032580270120611,0.0007518741268557646,0.000568323050350425,0.004288100386858831,0.0014993876541819378,0.002722762146509803,0.007614752441116876,0.012215815880694623,0.0023498338297230736,0.0022977854733429804,0.009648230043345366,0.0029007292694240142,0.002962179134109017,0.0006245290995106064,0.0011401187079733476,0.01883925957794015,0.002239955645273469,0.0017026669363276162,0.0037949859742625164,0.002474906386011322,0.0022704297707629045,0.0018698595122605096,0.005307135070682593,0.0012782249386523489,0.02741191031195383,0.017561183237969433,0.0017600507073507019,0.015832134761754463,0.001960084996987044,0.02842925570552202,0.0010050604965350794,0.004972768504864058,0.0017724793292862025,0.0003034336472225541,0.0014369612373288676,0.003763017098153115,0.011075477721825095,0.0016884933497590484,8.138614920251323e-05,0.006017090653196552,0.015115745870644043,0.0015727468468042728,0.003981531433896822,0.010668719933299613
248,0.5744176794424608,0.003158497910800972,0.002657079363163429,0.0013806928417442303,0.0028725175608973366,0.002003356133364931,0.0017119742588035665,0.0016463082761948961,0.0015523569276015758,0.0008657142431537564,0.002925502724001113,0.008512906290723854,0.005837976721244746,0.0466422134456939,0.002310443834393268,0.0034385772069105125,0.0014655073887779697,0.00459602008236104,0.003087801362435152,0.0027248873255427985,0.004785594589414667,0.0034286748511671663,0.002074145344556829,0.001483550938302365,0.006821936980011182,0.003010605776355346,0.0021546529648643854,0.00160741922230692,0.0012537469820931239,0.007776835956162375,0.0037171943438140107,0.001073640803984494,0.000731110724829984,0.010384894186560654,0.017291229365405673,0.0023148605296123186,0.0007964282935182112,0.0014437995037018092,0.0004395570035873621,0.008262665092528938,0.0022478684270466195,0.005316712254574084,0.0016292914565245984,0.002321715233415652,0.0016397735357366536,0.0009477597750266326,0.0026335229286380455,0.005428481605729521,0.007953922037172644,0.0007995563320052755,0.001730841257038765,0.0041047668203550965,0.0024701573120723807,0.009311674748061681,0.001443786474637015,0.011731309148953567,0.0021629269225189674,0.011481467547142882,0.0014447740039905978,0.0032423130525315756,0.0036071985021906058,0.0036753946006839017,0.012541425472689076,0.0006774008922590535,0.0024894122984738597,0.0008356837734835011,0.005179550891384776,0.002844596664370375,0.007825895696675836,0.04086530838091135,0.004132501676429524,0.0038308340389651176,0.0031453403242146924,0.0023196953643335023,0.0006087630051848532,0.00740620168868328,0.013396387521117567,0.004745004256963736,0.0001482246465228947,0.008133527091799578,0.015278256528313423,0.003495304153650314,0.005124412240101453,0.01299050262437798
249,0.6336233254994708,0.0022712979483733376,0.004363427012182454,0.0010511437696670602,0.015486907205912203,0.0010832337808189462,0.0038929673463589786,0.0032013551284267804,0.0018013700907507871,0.0020074613776446346,0.003493020604579862,0.0115360239519131,0.0014278205389208556,0.009643812562404049,0.002843493830330841,0.00211865113716238,0.003900195107506675,0.020028845939075418,0.002103693294248939,0.0010870842878340414,0.008734324250963538,0.003692067073832049,0.002454576719792777,0.001318417193921155,0.0010560940922373211,0.002850187587467283,0.0034374830080425426,0.0009052000652880666,0.006079810434706628,0.0024519793830273208,0.004418309430575002,0.000433243154384475,0.0016788548757757666,0.0027174933826360427,0.0024766608065713135,0.0037647867788807928,0.0012639158841090377,0.001815370302109392,0.0015025434922914767,0.0011962481862960186,0.0011954205087314751,0.002870729063064854,0.0005422630063353027,0.002559877224834266,0.0009336832965811388,0.004081755061061667,0.005788417921593196,0.0007150681763129099,0.0077266542238871305,0.012064576170867376,0.005319095791039984,0.0015664038670553807,0.004353231083056848,0.0047533939769181435,0.0008736206039088574,0.009982434933925059,0.003281688573002055,0.005026785527398175,0.0019473276711697851,0.01950650631467359,0.0003994973069632865,0.002747991780564264,0.003086779600719829,0.002010080606904915,0.0010329238781702469,0.0014713973228855431,0.0008606706327607802,0.005612723765496066,0.006769660543317468,0.030984143262786888,0.0006176095078758453,0.0043623678482076055,0.0036702155245530357,7.17895701408191e-05,5.427841682735924e-05,0.010390086418055855,0.0048496922003378575,0.002524510839947011,2.2804024027175656e-05,0.00582423389769616,0.019386627165603278,0.0015093840592957904,0.0022321218917258677,0.01320678042322986
250,0.5072203970740261,0.00125580812530442,0.0028436413981043807,0.00688358292718266,0.004891110530195927,0.0016040816991638581,0.0031960259951225737,0.005239888550087078,0.007718142273889535,0.0037685061950697932,0.0015303508528289008,0.012932527977274094,0.005424883958902051,0.004806946995522193,0.0027783508237013226,0.0013250760346276654,0.005711540372666719,0.009337700141776168,0.003147023612221849,0.0011461140293858448,0.006652836296264007,0.002660988448064079,0.0011711184532494539,0.001146053795327576,0.0024982497424783884,0.006041916816891525,0.0035651836823420457,0.0031301934396494578,0.0042401425937005285,0.0039931866665339774,0.0015580107429010322,0.0021036315434002553,0.0006383202760920975,0.006881485207021996,0.002622290077799866,0.0016590586093612424,0.0010464763585184627,0.001485711747401051,0.004025821931914421,0.006702105679254032,0.0033976342276927445,0.007128639267400038,0.0045542119141324024,0.0008818847775142722,0.0028096397559242855,0.0033081516190843446,0.0012203360111059372,0.010399709000158831,0.0075255528005773896,0.0011165000525911464,0.00763230001923887,0.0030509827119435656,0.0028505737118371607,0.009584526093712725,0.001419212589777071,0.0014273751430233374,0.007457610924209287,0.003791587470714047,0.0029896670642736473,0.004870014367919192,0.0015222487657711155,0.0025893653197342353,0.01021558832662257,0.0018289568845420267,0.006473750333449083,0.036792476837917684,0.00949238745932023,0.060256873345448464,0.0030753731671852268,0.02566310679115158,0.00796130034307838,0.00703078624437276,0.004381456036055097,0.0002975194243038749,0.0015381857617069305,0.003819718806897524,0.012146578911713234,0.004665859038664288,6.78118955857017e-05,0.00598692437145445,0.012570790138513985,0.007952492646069285,0.017658206564758423,0.01201165138763464
251,0.35671355593537835,0.003338891942201272,0.0014870226624598274,0.0038948625430775975,0.005430869444381664,0.002938941197000158,0.0011832026021656478,0.001743464976920701,0.0012695535016662045,0.018037896904517764,0.006390119241049927,0.0023305706644494145,0.0016810700971255687,0.002162721021296415,0.0016432130324411196,0.0010551002570013345,0.012919783270794426,0.0011495159983179028,0.007895132933970641,0.0016942768479337456,0.004637181658710365,0.002023305931850865,0.0007169554565012394,0.0006457687662164702,0.0016427577430233363,0.0024233546171885116,0.0031656870523630483,0.004118254734928675,0.0030861750766457753,0.0017907650785433712,0.0019214332658682842,0.0006880395306848303,0.002107017354019765,0.00410275405755533,0.0030153617055902965,0.0007460666252643687,0.001369608229620674,0.001519743276033318,0.0013951280575861256,0.0007908278408324145,0.0007877840619472867,0.0009417405177194869,0.0005031072044008202,0.0009284338557282906,0.002514270693060772,0.006031240965953402,0.0024164672123524623,0.052068611539270365,0.004234266678748499,0.01200453494953268,0.2479118083112222,0.0058886253483950435,0.0029090057506882634,0.003974399726938813,0.0043326084018904705,0.0010208685760143253,0.005418756506723742,0.000687671469427731,0.0037262985582852694,0.009941039966088368,0.0038350132178539553,0.0017957079115302615,0.0018767878375300622,0.0016038011484774098,0.003033442576790959,0.003811122973333115,0.001026656004923459,0.0045817800341795,0.012214925628450342,0.0267787635420152,0.0016999413419801254,0.010845737324460819,0.002270689214726176,0.0005303059750108665,0.00025761922555966725,0.023755934989886707,0.006700347139547993,0.002348650318974337,2.0854879453873987e-05,0.008975574623509536,0.01849225633478234,0.002325282168957223,0.0031857875596374642,0.012925526600863636
252,0.48476064088078424,0.002705863452715719,0.0020979668617762833,0.0043335422817802486,0.007130824958713734,0.004758338091065246,0.0020971051481988904,0.07197571095994933,0.0011608121333259883,0.0009922493391501125,0.0018569135032366771,0.0014811042105805953,0.04939807443049082,0.002435681985289273,0.0021539748619080956,0.0011794554270239737,0.0018262556595835032,0.0023723346388735598,0.0023390592698566658,0.0029052838012653083,0.0026541922614463196,0.0018355041607289024,0.0016791025811812008,0.0018830347361311953,0.0012978327130751183,0.017303755301567542,0.001060040776207213,0.0022838883672420323,0.0027702889387714365,0.007841220520085384,0.0022762007636857977,0.0020154041475261265,0.0005903849558550451,0.0231294531951056,0.002272085521771914,0.0011081150146716426,0.0010806207770086482,0.0021615075732401103,0.0008405876541168743,0.0016173327854060561,0.0015440777112375038,0.0014979118948765602,0.0009812289784696866,0.0011974173648600843,0.0015150394788344098,0.007016385987161568,0.003212605258222408,0.004842930977472347,0.004694473632358868,0.016604692315312558,0.002472051913998954,0.006399769351586956,0.002638055193287261,0.0013224192700928526,0.003049446527974137,0.0019085500524334107,0.0024580838114814474,0.0027907852663587823,0.0025485127545691213,0.001858302817599617,0.0013640571790744154,0.01211630203548084,0.002134562995638749,0.0007827569762224262,0.000607598297469897,0.0011796138338058537,0.0022273667857482075,0.008624506057382055,0.0056296716826456095,0.027410603490842515,0.005687217850146222,0.013809584052766053,0.0034567247040897205,0.0011700620874366466,0.0011857396488274556,0.017443414708274818,0.007153119637680479,0.010469385283388696,0.0001525467232115643,0.016401184509891482,0.020554924681339223,0.00407178375413227,0.019493936528344784,0.018658851297578962
253,0.6094776263043298,0.0031063746411501884,0.0019123798501258973,0.0018668514602182657,0.01515321532337079,0.00380601215499946,0.002784015504164246,0.0012354110001833113,0.008238346546423707,0.0028831626277448356,0.0026266470095855496,0.03385484857866979,0.003144406238951541,0.002430050913889571,0.001310329027587481,0.002468330085326995,0.0009513833153011798,0.004003494604050138,0.008466928749796708,0.0008772209889662444,0.004495501749968089,0.000896733743772489,0.0019766730044011123,0.0028958610451064073,0.004053539616538192,0.0020661940081660645,0.008910636131328234,0.0027008031853062347,0.0022090832657800322,0.002361670272099806,0.007082502116563809,0.012435289337906576,0.0018845194765473316,0.0028881934581100944,0.0021756605319720648,0.0017651973064304423,0.002550163972259466,0.0020943861977227615,0.007002334657555478,0.006990292214174613,0.002267911892501867,0.004476036400527518,0.007776313687271891,0.0017022321825525201,0.0027450864173118165,0.0016115758161724032,0.002936922722654052,0.004276692562458524,0.010766417116840496,0.003282970437062149,0.010149777629611122,0.005081499735756183,0.002742194374357914,0.006222850970250881,0.002420136974379473,0.0024945814413002846,0.001809622555805063,0.003323120200022244,0.0058702269044056095,0.004071157881979948,0.0014893196799820262,0.003858219414102643,0.002330980823512924,0.003028755814552641,0.0012757489624212206,0.0013246955380588012,0.0033645257980974234,0.0032596174939609744,0.004441795920109301,0.031094740286333716,0.0004976631895768918,0.004530923147798619,0.00552288303255125,0.000542929753218144,0.00040635068900510106,0.009079941087342024,0.006498925763352895,0.002325223383423106,4.673339909123559e-05,0.007324995058727033,0.01810541853336812,0.0007336158130575512,0.0022170149590924728,0.010639384339496922
254,0.7107078395978069,0.0003738715694716151,0.004053937668980747,0.001033244656618992,0.006461516672908353,0.014491498071785604,0.0012129985618678084,9.88718876562619e-05,0.00742250593567928,0.0009927436411408805,0.0012220708453362203,0.01767985731395627,0.0007020788425194491,0.0015331166266485635,0.0007215961137730182,0.0005831094263548677,0.0009526096866945582,0.0019425780733861708,0.0055373117334541885,0.0042572463888049675,0.0028556446432999733,0.0006961524158779786,0.0019894089679356997,0.00492970613473667,0.0027204002183411186,0.0013897170891919693,0.0007909162241436862,0.0006228548497314916,0.00036103457557825963,0.0010215864395647172,0.001206351156732246,0.00847192391941694,0.00047291123527097757,0.0036557378810803142,0.025021271063152654,0.0004951713521166735,0.0015481600301972419,0.003292183858144221,0.0012902165949795021,0.003208776794951833,0.006674601651198788,0.003423442378314987,0.005884083987641518,0.0009595283690516288,0.0005610560513950433,0.0016424620711288445,0.0005872401804538265,0.015061209286508075,0.004695188338256713,0.0009339427835188208,0.0031402967230558343,0.0003121383824621616,0.0012024110177283668,0.003183362290919849,0.0004964216474653388,0.0022092789431722745,0.0005939017239580903,0.000663876412930065,0.0030194883314104775,0.003883106803141576,0.004079666742816341,0.003701533626873058,0.0015350956336407928,0.0015488101552477067,0.013120474504309424,0.0013356310401093844,0.000930631721609057,0.00035438248313389756,0.0008652267315622278,0.02287162416717242,0.0019926811068960173,0.0018600648415631462,0.0009087937632240695,0.0007519118050130829,0.0004564149378379964,0.002168750881051322,0.002395383083369478,0.0025587479861402954,6.333459077690071e-06,0.004419831659592469,0.012288473352114134,0.001423858835509097,0.002439661448211273,0.008838249900924685
255,0.6007748192282081,0.0015551143444827845,0.00222307757456787,0.00100602217366383,0.009732820529689884,0.004254577692612809,0.0010509902628083076,0.0009992742491050169,0.013060898885460043,0.0025849016133562314,0.003019289559636407,0.0016946895864997525,0.0015373574758746412,0.0014901818517259312,0.0008160548074397973,0.0005282913125173028,0.001859395576883842,0.01835311417557031,0.0111593820599474,0.0009168578387220532,0.0012324424611410624,0.0024126155776695436,0.0011481113528509586,0.002338488291527307,0.006235806421422725,0.002829698154086675,0.001995364783603231,0.0009346121021299958,0.0018258953008065948,0.0018950440101472429,0.0013067459036387617,0.022264985768964865,0.001464482608373332,0.006582820218713926,0.002218949957415542,0.0008863137035481822,0.002453443001111594,0.007436534692673628,0.020909597141407256,0.007329591564712504,0.005533650349550928,0.004516575530938504,0.001990137361281969,0.0007532695377603296,0.0013888123090238457,0.0011041440544623672,0.0005290204157760861,0.004590177086219031,0.009112700917910286,0.0012237674480853854,0.006416717507021035,0.0016861774423648024,0.020708470029361412,0.002569252680464342,0.00183272417035115,0.0013005378028270907,0.002386308320485803,0.000721422682291377,0.018497270068965135,0.014646983760479354,0.00046442330088678705,0.0009232195692720953,0.002710277011141817,0.0010465656509908146,0.024805254837275106,0.0015387648158090603,0.0008942288617257627,0.0008005734149921398,0.002080953042595697,0.02376611680741338,0.0010801392307089425,0.00558784203025794,0.0016127886192190389,0.001314802570798657,0.0001476757597187815,0.009999849072175583,0.004402557927833933,0.0026743445934475944,1.024670682201236e-05,0.007152765837240309,0.015810462832027295,0.0011357755292046778,0.0013028215729754588,0.012910777115129928
256,0.42040066364426976,0.007303354923352201,0.0036671290409157403,0.006546220553109232,0.007603771210307237,0.0020386459991466547,0.0200356738564804,0.005009846224125105,0.0021020777842764254,0.007564847878404847,0.002958844196424944,0.013902482567076078,0.001394549817470379,0.0033970500152946358,0.0019193360680186493,0.0028495112504370924,0.003238530203197338,0.0027306242256609735,0.00886547299246268,0.006730086832219026,0.002653076036226315,0.002782273794212412,0.0015038948788925794,0.0061833620691310615,0.002227629881810539,0.003433694236613896,0.0014923959691262602,0.0036672287292183144,0.003600427539222232,0.018511458424564173,0.003907701873244111,0.005658265785745781,0.002575518515338041,0.0055531410224029425,0.0027738167474838987,0.0020032093318381313,0.00363562319186914,0.0043071268481536485,0.0009890745709135744,0.0033694368524187154,0.0020512587585019577,0.003091139697237197,0.0038682323063132583,0.00708775550286466,0.002129560311854242,0.0013820636956151597,0.0024699006727761826,0.0028238552145715945,0.003433069318773944,0.009388921635671505,0.0028591206077752465,0.0014027704558000355,0.0021122966098461793,0.000638219204788127,0.01924509353870767,0.008825768782431256,0.004141980093836063,0.02487560237365182,0.0022714431656890156,0.0016320729176609163,0.0018402393007079345,0.0027283297743975355,0.0014580851016244552,0.0015745407163609139,0.0032771737839001704,0.0035489508145245697,0.10522960547691411,0.008469199194159867,0.0019260188893119752,0.04385322783916574,0.004066728618105642,0.005152923097201607,0.004203660234154367,0.0006029969382237593,0.0034185718424824987,0.008758509648115016,0.02281589100574433,0.006249041690604876,0.00011042948086651608,0.009664550925907227,0.016135295554217558,0.004368599038715841,0.011460030583710609,0.012270200005441668
257,0.6802785142068967,0.0004395063003793364,0.0019049357017477445,0.0009676382132674528,0.010593576671868889,0.0009157964340540392,0.002101504342090037,0.004199922002776202,0.0012132306543400125,0.0016564613060734556,0.0036270694000150637,0.0003223505917324258,0.0008945694250409095,0.04178272464265362,0.0052188004686090925,0.001571283966923092,0.002343606254743355,0.014595435499211256,0.002042180237480598,0.002503802023511765,0.0019688331902448816,0.0019740497656087303,0.0004610328995630013,0.0013055966365883905,0.001190513125560596,0.006684006361969875,0.0020730393456733524,0.0020195524499561105,0.0017423828445605363,0.0028950385465859045,0.001424834312315602,0.0014638941785703415,0.0022319201069739675,0.014207479115075996,0.0006107955818544145,0.0007640950076491808,0.0007008091346465521,0.0007751644572371092,0.0013871956452711808,0.0012740846701289358,0.0011497838301707914,0.0010863344609704532,0.0016751627351405116,0.006008099138482742,0.002198411774021915,0.006745443366045925,0.0024334447189998244,0.006493634393827708,0.0027520384162474966,0.008659026001318772,0.0007758502936687164,0.001984565599165091,0.0017344784824763274,0.0005420128567719433,0.0016946751035545515,0.0023885079720368466,0.007509114457442309,0.0012468835659761993,0.0012532205796603301,0.003539404027311353,0.0009685042787162171,0.002646190498213205,0.001457808016771918,0.004021349711828558,0.004499493312377184,0.0030630375228148064,0.006127934207909681,0.0029235572754565393,0.00391003241438156,0.026384348757014498,0.0021373717989669723,0.0033789023436523067,0.001315559182855077,0.0007626611454409923,0.0005364765187583746,0.006434503623065535,0.0039014160253583187,0.002875745050427766,8.514918564340213e-05,0.005017459771420246,0.01221236040860871,0.0016266679992994499,0.006177935528789428,0.009338217929489738
258,0.4759186188389694,0.0022916300623494006,0.0008746582538166713,0.0011446430186552586,0.019074204757929876,0.0005324661416435158,0.0010991795707168837,0.007641799789383344,0.00815613875354873,0.0017135230788547498,0.006145547643381507,0.007832890169138872,0.0007391640549991934,0.0012666038544910554,0.0005845600845437527,0.0007601624655261156,0.001448157404087897,0.000801963748715431,0.03857253910641553,0.001965311993542138,0.0024004108009417955,0.0018113048709184618,0.0007326852398229466,0.0014242571089981353,0.002849673160830761,0.0030172338117998242,0.0004645521417901868,0.0011355114298705485,0.0014261448536137672,0.0013632304532455544,0.0007500623819381595,0.0003711522382757716,0.0005056009133483062,0.0015140353848661135,0.010342767721263505,0.0006218444978107919,0.000960258010260957,0.0012101848115313933,0.0005440260627548896,0.0006245137410945118,0.000908060362015817,0.0008037345228375171,0.0011343075430149847,0.0008517745127834086,0.002712249908799724,0.0012197507421241633,0.0007349873706274091,0.0029098143111570274,0.009620720724185102,0.003049053722994023,0.26288632561951436,0.0013508068434102526,0.0009493084525998013,0.0005626400395019035,0.0006771481590140239,0.0017175296111937256,0.000896630811503786,0.0005940745102702439,0.0034607518849772644,0.0031977015233531658,0.0007778874891668559,0.0007643070976169053,0.0004778833675469724,0.0006264421091696464,0.0004945826445559537,0.0015253751950218832,0.0018823229663792874,0.0008404113798421695,0.0005822392708090478,0.018350259498267813,0.0015254757137425907,0.00277623153492614,0.00236704115258085,0.0008707200994441141,0.00035218741489925374,0.008399630774639084,0.003665482923126841,0.003954175656423218,3.889399125919277e-05,0.005071800353406242,0.01585584399089905,0.0016086545018668488,0.0032987125552170413,0.011022854717629784
259,0.6115002428997967,0.0069571867878741225,0.004694775402787458,0.0014918896697778486,0.022618725994708617,0.004792911131833586,0.010616994183660503,0.002161277721836438,0.00342030939975937,0.003510236106306522,0.003918590975473664,0.0029137257587914752,0.0032815034073164764,0.001964523263475138,0.0029795734717110614,0.0019464973756786377,0.0017260252399856411,0.007980054220926649,0.0064171869923160905,0.0026354336046495847,0.004190483990694349,0.0022768835139850823,0.002447804449954623,0.004296197860850105,0.000838855505262649,0.00244392563539884,0.0026110918941874488,0.0029474279617399623,0.005053493972202903,0.0017068516602778204,0.002167913331463235,0.003661208821900295,0.0025583502869465755,0.0032167041411427792,0.0023343879402379477,0.001088437070946624,0.003438630431875806,0.0016740438003598492,0.0031225321282644415,0.0056525903025557754,0.00043269766993248656,0.0005786016097419843,0.0022317804527948776,0.004043941851652712,0.005845855474847034,0.005351683218073868,0.0018922953622167035,0.0025709434547622626,0.011032634256975593,0.0010591911058747572,0.007090638591500059,0.003754532416865492,0.002717601492677605,0.0007000454403604707,0.004914849020655973,0.002867814159439587,0.0007368640752827578,0.002723798014771641,0.0026439338060647464,0.014404776707052671,0.0017079858441465946,0.002542728623644173,0.002622074300973703,0.006359300309354117,0.0050292279591493995,0.014935542993955692,0.003936330738030559,0.020297271176319555,0.003531689694974804,0.03275660828716042,0.0017971646733842552,0.0045780417891747435,0.001925525411998701,0.0009215344533545244,3.699666538030187e-05,0.009912254110551001,0.008248972277624654,0.004315696625152331,4.0862554913445e-05,0.006001044469769197,0.01293555787007369,0.0012993045972664638,0.0032080811726892615,0.00821024691050253
260,0.7891653909622462,0.00032491060000004355,0.0008661995476966627,0.010928971635314814,0.0040798484189236445,0.0007228973259938604,0.0054923708104072265,0.001609737051702106,0.0005899127777734023,0.0026853580093599092,0.0025328329545376295,0.006131565728145548,0.0013863849559858593,0.0010034381718972496,0.0012540390645191552,0.0022168853687891915,0.001228078422966053,0.002078968711789235,0.0014529029672519954,0.0011116762811316059,0.0012999974068573518,0.0011837758834147808,0.0009151180642190004,0.0012055557146850064,0.0007994886288765927,0.0017933216237381033,0.0008452557802110604,0.0013863600076999155,0.0018383853740218678,0.002666986879013951,0.0007025831299052752,0.0019257995584472322,0.0020047688179622323,0.0009798174506003737,0.0012162366574507168,0.0016698567755822227,0.0017664372099328416,0.0018207187105626999,0.0004943083950529753,0.0007798127509138774,0.0009251497203022713,0.0006128671018028718,0.0006953625382849531,0.0013673827370745842,0.0015880769068558243,0.0019014035839840845,0.0008831444084040874,0.0012887237820634002,0.007231474174681004,0.0009076239760312215,0.0004895634558317738,0.0009245945799891247,0.0022983563478600477,0.0005326390055773858,0.0011273723592111111,0.0035185546697745268,0.00046778768183211556,0.00161614429639096,0.0012254468858087795,0.0020926895074396047,0.002911738151155201,0.00134699412955255,0.0007897256755841418,0.0047763807063191666,0.002160733067508289,0.0007978045100736004,0.001283362608733848,0.002414650899520498,0.0019776763471834793,0.018625632588339748,0.0012350721694160448,0.004384203130934202,0.0014399888684400533,0.0004588324285699003,9.319760688554258e-05,0.010779301898538816,0.006443885902657506,0.005692109346907095,7.524603063685051e-05,0.007129739973905141,0.016970101548271117,0.0008458830011637384,0.0015232057224172078,0.009993221382507324
261,0.5016077988205003,0.0021113974134603793,0.004939285435298081,0.004242271165976466,0.004256365612468317,0.0017594927420379,0.0034394755488861713,0.029906910582984704,0.0013433762031618626,0.004435589909501586,0.0011169281557170834,0.002388070503683362,0.014527758554011717,0.0073825410519408755,0.0026800286758524717,0.0018966267385343732,0.002635844705481426,0.008064454533706586,0.004325133420420589,0.004780306282837818,0.008993631585636678,0.005678477772262416,0.0017820369040991858,0.004779490494715335,0.00220401771169571,0.0038169331160931197,0.00543714737936509,0.002379408280606632,0.006443741075147617,0.005160878337047724,0.002197510233544459,0.0019616363909749804,0.0012157461781348675,0.002482687831571588,0.006189892489868633,0.0019220198248431374,0.0034392927445426246,0.00560429078015472,0.0046205153107303715,0.005651940931742167,0.001514830730486027,0.0006803060944922698,0.0036523581200477223,0.0035240293061378943,0.009905194167474408,0.0032623236700542986,0.004276239499669095,0.004352590489586558,0.006520068524504763,0.0034649950737528066,0.002745642957419262,0.0021572041282877856,0.0032222273254494177,0.010124133676882714,0.00698343663590533,0.0038907010523667406,0.004281468452909838,0.002558663220992916,0.0021931424388392726,0.045334681444178494,0.011130273163997749,0.006054479658754944,0.00379850833349404,0.004147020469862504,0.0015120973075401123,0.0014927228154060681,0.00853280484585098,0.004563753846495937,0.0015773952911272637,0.034544788190317664,0.0023128728700949216,0.01232197802340651,0.0031143173802757936,0.0008441965229005616,0.0006170175785703089,0.014186758995269368,0.006944668247416201,0.0037729853594191637,0.00016065586588414157,0.011776173325133945,0.02163365522769753,0.003753934353167579,0.0038802963933503103,0.022881457495889577
262,0.6977597704738369,0.0008952254009130503,0.0007568589887317499,0.0016379998123672312,0.001975168148312501,0.00197920200538969,0.0012932087992426253,0.0007298255766807907,0.0012105861185188766,0.0010626748372999256,0.00439708301127913,0.0017587268731586417,0.000980350352487964,0.004654363115419913,0.00357366142765265,0.001197407232540383,0.0007882704164970326,0.0024938604398509977,0.0017268591367406597,0.0008437036740300403,0.0014752384986466804,0.001491875743932318,0.001080575760529048,0.0009745908580998477,0.001129990049386322,0.001445312873083314,0.0012579304616970007,0.0014934862368198149,0.0023533811626022757,0.0021945940486220545,0.003173317181543557,0.0006624009478190473,0.0004297505597562395,0.0007375973530533902,0.0030011541362908885,0.0006447182930588016,0.0008230802729886473,0.0005474153196503665,0.0012987104127054339,0.0007792070334212776,0.0017895453935024485,0.0013543248464254346,0.0006869770599046263,0.0013241828962513996,0.004600603081397991,0.0010012014735821205,0.0012468980523882456,0.0021812930614146394,0.001608469190307902,0.002276071064832937,0.005384599493840658,0.0010738940107205164,0.0012337023549591865,0.0009781728917192826,0.003061170691829479,0.07906844966181222,0.0028301699531001236,0.0014660713998728002,0.00083909642828653,0.002852794849721182,0.0022660460025769676,0.0014294119176409795,0.0017924290936240479,0.005234664142103874,0.006718231347133346,0.0013186385669461435,0.0024372419680323814,0.0022885364394809797,0.001971484814213146,0.028140088756037712,0.0018876754451093414,0.0035889980082205427,0.0031306507555709595,0.001405361282219786,0.0038348219265127255,0.003540247173322435,0.00897346398139915,0.004878838090860907,0.00012764152456224375,0.003949990900885675,0.014058284391104528,0.002429487068123275,0.01043325865950387,0.008597686844288268
263,0.6784549672613226,0.002650637441091872,0.0026901646666966468,0.0029967774547971214,0.011408785070448154,0.003200899420024874,0.0013567961182909365,0.0023032669665042174,0.0023880648019259897,0.0030028390962822506,0.0018248160013490994,0.0026155136104882705,0.012571487673380897,0.005421960386583355,0.002981506394701916,0.0007142946256797702,0.004275651239643381,0.0027887818658280336,0.00300128774956315,0.0016793444887440452,0.04128334120463547,0.001757831174803645,0.0010616417093317512,0.002413496268525326,0.001277216777244948,0.009713807375638178,0.0016028418871126921,0.0013820807387689095,0.001851135029336587,0.0018207216989338383,0.0007733051155184217,0.0012658121693346481,0.0010334512063120437,0.004951568650982838,0.0010696612860104473,0.0006739024381876338,0.0010465911213904436,0.0011300689125786853,0.0009029660499127346,0.001095097454573377,0.0009104038819044994,0.001562224009542087,0.0008793316084275722,0.002877336206451205,0.002790812785523465,0.006328131540138129,0.004480333353948196,0.0018149424737823328,0.0036593154703315096,0.0019002540267974695,0.0025210232342302327,0.0013613195306840444,0.01428858473829226,0.0010866966466282163,0.0022523207854983573,0.001874078995606291,0.0023514313687024676,0.0029468030318809653,0.0021433523004106402,0.003468950183712484,0.006328919076644736,0.0013521252410767532,0.00217350818829313,0.002249324074344737,0.0025162657300073174,0.001633594678620507,0.0035509573430813637,0.001309200322313745,0.0012489384764761183,0.024088119668680016,0.0012499154618242356,0.007069362306711962,0.004343459453698201,0.00042186757873238,0.00018241298186528644,0.005684630066433437,0.00880698218864235,0.003090702069057172,0.00015771939879957768,0.005507978634032126,0.014821201056041143,0.0013691390186078322,0.0022923284329885965,0.010619321778055874
264,0.4709881634512804,0.004053048079961111,0.004930277315742183,0.009566763206670555,0.009388061683632643,0.0032701976840693986,0.00177131279909507,0.005980773785932991,0.003261536566061693,0.005240015674265651,0.004313785270215052,0.0016757566741156247,0.0019201769907558205,0.0015037204394886807,0.004569905482389208,0.0013005907924883728,0.045542462654797194,0.013917164227109913,0.003849526871395135,0.0016284600005832945,0.019086928894057914,0.0013322180724786926,0.0025770019497918656,0.00576408851655731,0.0024272080679052896,0.011510621592874202,0.008734896049965957,0.013189340367544369,0.0018574414095305248,0.0015493182277806035,0.0035374437304030327,0.002063017435707915,0.0015491530128972422,0.002826951966112655,0.0025151875046769416,0.0022956360876611116,0.0024424749330056116,0.002279780073071275,0.003070990922422952,0.001089369143559064,0.0018137685042531255,0.0012548691180138897,0.001026263342787675,0.0009091219027250754,0.005771117602017911,0.003080983133684959,0.006033590692931126,0.0032165431109054715,0.002745440227036499,0.0014831641216924351,0.003048306402450884,0.0055080389017098715,0.0022934223131262314,0.002370631722600749,0.005851302666801665,0.005191283939199724,0.002673813406008182,0.02245712832983772,0.00374973048747363,0.0032101420530995083,0.014743639477239367,0.0021190639509296285,0.002037755065874412,0.002717173863867868,0.0023712847684562266,0.0014305270127835646,0.0013873276540234871,0.0024114637589858377,0.03729320187633715,0.054744036918852414,0.0017553250524911252,0.00884942631893817,0.004280508442499469,0.0007083547603507109,0.0006722544216989799,0.013368082391046629,0.014280946968595477,0.0038959267020658222,0.0001506493277388324,0.010391505618225178,0.020369445528018577,0.002062743503262866,0.005601042292125642,0.01829888473918157
265,0.8125921522525186,0.004416066387678691,0.0033125959521993075,0.0014867906869415618,0.002679182939805103,0.0005699707232979457,0.0006927712058391779,0.0010036910256033024,0.0007460948889484822,0.0012699152494133248,0.00330013211071051,0.0010168471731666607,0.0006893041148169013,0.0005673764143436227,0.001236442640355758,0.0003772357612098942,0.0012141638616248141,0.004580774136399082,0.0014707063174008662,0.0029397528758317373,0.0018036452397170591,0.0005902034129482038,0.0002077272321616109,0.004682867537263341,0.0006809355924741084,0.0004597554861623435,0.0003815572118287726,0.0022820310574229296,0.0021023147677096893,0.004503514202088281,0.0008653139881401856,0.0006163258282519121,0.0005196527245170609,0.0008802675603997304,0.0008823990189968194,0.0006837980073237793,0.0008439540447008301,0.0005616764019683942,0.0009657700348762201,0.0007436964273962963,0.0007181477683684786,0.0006973390259934504,0.0012060850943659675,0.0012404142180304715,0.001048016513658402,0.0005221300315804607,0.0014358974026643162,0.0017248422841835169,0.009704872782492617,0.001398224736424872,0.0012078017038022152,0.0016250051701120938,0.0006957020321838779,0.00044886487739577863,0.0012489269937458142,0.0010424353994211999,0.004002105141253974,0.0014470286570459324,0.0008045779109760016,0.004584709278248803,0.0009412294639159914,0.0012749084943457995,0.0010161588076388448,0.001854564439581236,0.0009475734839955226,0.007698952402288929,0.009684968141125716,0.0038820010786144964,0.004372192420263536,0.013796117590820457,0.0006806957042569071,0.002079956265994262,0.0014340989445078554,0.0005244383238484222,0.00016823657955123612,0.009368368228117934,0.005602217725261092,0.0009699142997664477,2.0255686646629656e-05,0.003389913976598238,0.010940056425770454,0.0011718584089608997,0.0010756012144844103,0.008883222377243668
266,0.7414854275932905,0.0020929343627317143,0.0024213398633581087,0.001184644984539754,0.0020013745416453815,0.0009907210564733431,0.0013184786294158962,0.0024049269685190453,0.0006557455992785295,0.001050186352236953,0.00387077513808279,0.0005650367803229676,0.000907122202328089,0.001417555420658004,0.0007515777700297907,0.0032810771107953936,0.01327924052554888,0.021692405349002623,0.0007041504740026049,0.0034427005806474927,0.013513490530185386,0.0017154184837802732,0.001812216862201974,0.0014179962858308455,0.00197626035236554,0.0016198768864104395,0.001495195437251576,0.0008744724109327923,0.004123825295883329,0.0004524267530290896,0.005305885449556287,0.0020616505268495813,0.0010399528288530457,0.004011313203890756,0.0012284131976045254,0.001177163959305446,0.0007453736180256541,0.0009080132006720529,0.0007089057654964312,0.0007383312271759511,0.0013428484414135368,0.0009333388337776048,0.0014117286919734762,0.001487254339498863,0.006802267519981643,0.0017039049091640771,0.0007041668120737737,0.003759517061425289,0.0011523151626823486,0.007928031250787167,0.0026799719298109793,0.001076880049062843,0.0008839764131745792,0.0012174882422556804,0.0014734949540893074,0.0026274738664952713,0.0010627193620701776,0.00186621438969165,0.0022140646212163444,0.0025353491734289887,0.001507888154140378,0.0066736653848621435,0.0023638545953555304,0.0036707353272925356,0.0011214353067197675,0.0046209600201460145,0.0010369040808937784,0.008760938534862414,0.0012224207659407185,0.025412290006351108,0.0004871737721809361,0.00263737422174828,0.0017304838998572123,0.0013371848059907103,0.0001120328840515403,0.0032778698519887756,0.009626919415311241,0.0015042728064068426,1.896240848927825e-05,0.0038698318411202887,0.01002530682553964,0.0007769534511895726,0.0015734434710205582,0.009324488566258546
267,0.7637324062264365,0.0009532188094453289,0.0025558510201115887,0.0021723885112925356,0.012827223389937666,0.002152478344348182,0.0038102229476452668,0.009295839815327507,0.000626314428352647,0.0011322792025591842,0.004088060370108915,0.0008158577789644563,0.0016988466547824784,0.0012389739853034766,0.0011613819453638202,0.0011909074591366284,0.0017348226016018556,0.0007123353088601915,0.0007464665802786711,0.0006439364093437271,0.0011880069249113683,0.0029598786434227495,0.0005895164835862738,0.001425635726423979,0.0007514004521158965,0.0014005278485282036,0.001770107797699954,0.003246959495658139,0.0008361595675701973,0.002841960608153662,0.0012959994126482974,0.0004968556772405795,0.0014023277891528194,0.0010825465406321825,0.0018759803802149686,0.00037118555885866004,0.000693641171300472,0.0006274187892108943,0.000893023051123611,0.0011237602152110832,0.000554940665497621,0.0008717072535749339,0.00029400491396557217,0.0023121791430007303,0.002152123204929243,0.002554845211299568,0.0006815591449044244,0.000917605055221074,0.03859652824884421,0.0031479826043234248,0.0010306058442873251,0.0013244533976673326,0.0009556344846009103,0.0011231208342541174,0.0008264906763804305,0.000831402688383614,0.00016990905659880246,0.005275892016558825,0.0013247671244217343,0.0010654571207700193,0.003111350284209189,0.0016818164644840262,0.0003983979312596591,0.0026240087853386758,0.0039696042987619525,0.0009585180457066871,0.001221924202649555,0.0011509031538215484,0.0018304872098160137,0.030028249447530617,0.0015914889780023242,0.0016092108904607683,0.0011336537292566892,0.000522618523201932,0.0003010667249191891,0.002937299887033963,0.004495623758750905,0.0050185032280693235,8.451615029117458e-05,0.004402166806614043,0.012108409314794228,0.001297777231508575,0.002607874484954663,0.00874061785621606
268,0.6649779077285676,0.0011897043855575039,0.0012734668052838158,0.0059837029261023515,0.008538150082723649,0.0012034967443961724,0.0011088931634758538,0.001303470634008268,0.026884471070052717,0.002715714907167361,0.003132641759962152,0.012340541951605466,0.0008973516016932118,0.0015886865039956622,0.0009822442552685825,0.0006759049260076814,0.0008380263067377062,0.0018174715617516244,0.01792975780195123,0.0007699653521839837,0.0028222293227536683,0.002520878319523876,0.005206325754855631,0.0010940874318846176,0.003422262792084774,0.0032215828842897276,0.000993357048550243,0.0013105949280171338,0.0009617707575187231,0.00042040654575441894,0.02528638514512366,0.0007956020638901231,0.0006525034232442884,0.0009651721770158184,0.012044946049371745,0.0011332515848807288,0.0015508041974325148,0.0015660073803198773,0.00041495508975064377,0.0006922444846520559,0.0009136495125391307,0.0011938240430448964,0.0006068354888960376,0.0012822736569912039,0.003056665709046409,0.0008641077699731692,0.0007795711321261521,0.01135695557031187,0.011530546252569718,0.0026963554420941353,0.03031781820038836,0.001479040115080229,0.0011043101391761017,0.003606572886308341,0.0032812726668221192,0.002571046429744025,0.0026712377280410098,0.0013288472431108428,0.001481024298751088,0.013001317839677116,0.0007653051728003661,0.0007873651365658482,0.0004389725901763663,0.0006065843286474351,0.0006507410111586559,0.0012627566548562156,0.0007856870101024746,0.0017976508924453483,0.0015784132703788617,0.019567126634885926,0.0015453718791655043,0.001515038772468835,0.0012762344975729514,0.0007338512721187061,0.00015630561405787145,0.0036763693505807425,0.00525235476071413,0.0027350890173326505,0.00010249732441445517,0.006268983020640807,0.012939384059134963,0.002681278643251852,0.004577691478764363,0.00994873763366573
269,0.5399705900545326,0.0026445745854529546,0.003199723610259048,0.004645399268934904,0.0015789927925447312,0.00207218629834151,0.001093882681494371,0.012625454522397732,0.002409234233567851,0.0011725472639480216,0.0025324864033678665,0.019099831247378633,0.0016855555197975226,0.0017737855028950207,0.0020378642095261936,0.0023482102650770878,0.016399731093890865,0.005832513585878768,0.005722977431553091,0.0012445203826395045,0.019977783697063337,0.0024551033274902456,0.0027307168131625046,0.004479729747851675,0.003898183664591716,0.002998309480512073,0.0005085895073561974,0.0014190551060547327,0.003395542375465584,0.03340208865076529,0.0020800344067035516,0.0012956910302786258,0.0015638550243482312,0.0013171932235323542,0.0005197108825575446,0.00048443325057733486,0.0007969315307731904,0.0006846169347432005,0.0012009495806471241,0.0009348859089236327,0.0025536377183037113,0.0003406235755175993,0.0018137138978981844,0.001439161418128212,0.0013708648047690828,0.001669657161964393,0.01402950562680347,0.048352335768855774,0.017996882972168837,0.0024773950703225554,0.037923045596022685,0.002157740453468539,0.0016217100815932698,0.01086177614932242,0.010957533401225234,0.0013152450437454834,0.005025428777258097,0.002419573147712401,0.001691487502722104,0.002592218026208885,0.00423800735492583,0.0012132482287005837,0.0009482051661062125,0.0033818272668156148,0.0019011321626960943,0.001574356200613879,0.001577171886124888,0.0014772959934543513,0.004870080172817864,0.02678561450086472,0.002825939510920242,0.0032301918072308584,0.0016745063639865396,0.0017507040533683558,0.0007044514077107969,0.0027175125634087663,0.010182606578883162,0.002358129779471772,1.2018881030258333e-05,0.008141083653203061,0.014393533789092184,0.0024501416822340118,0.0073072684891474764,0.009441971216305333
270,0.7477340446952265,0.0016721607763128445,0.0011049001378235352,0.0021972034806331912,0.0032564436414248524,0.0007587885063392366,0.002062321229691374,0.008726984783031497,0.0009729738261862569,0.001596458097562273,0.0039894844626398585,0.0007369896751706066,0.0014559249807394772,0.0014634661742887424,0.0022454977483630173,0.00224808457336553,0.0035434186416662132,0.003125434018646725,0.0010637798004842893,0.0022564862066886343,0.0034295903509156626,0.006677020795057449,0.0014182328976633425,0.0016938104393731215,0.0003821383581177602,0.001960486176561462,0.0009114909691961412,0.0011586688178514672,0.004155171776175336,0.0013742557404904673,0.001123675048625169,0.0006581566684499739,0.0007181379257030816,0.00510087941295008,0.002495921837456509,0.0008847872570179196,0.0014316126663898648,0.001002071492441898,0.0009160585362768764,0.0006116808834427076,0.0008251769346199423,0.0012839949170471879,0.001124348028589963,0.0009118599217479784,0.003891536140226127,0.0037496211158473173,0.0010705981028965856,0.0009837583323991307,0.007912004623666986,0.0013772497261856666,0.005952807672858545,0.0022811545737285296,0.0012703048182074776,0.0004524529468611413,0.0008947441791276576,0.0029659305920441063,0.0008994051737601969,0.0018154777162571957,0.0010470881167191028,0.02835690177796942,0.0008482492229134453,0.0006600377807303269,0.000561181264326597,0.0008302985512797905,0.013230025308626242,0.0013843042776232528,0.002783830075654809,0.001906028456716031,0.001572333425449201,0.018943499642040704,0.0010892483780709655,0.00481819142485492,0.0031648940151573564,0.00027307686834605405,0.00019615444489334212,0.00764650315636326,0.006078457087602107,0.0013201708749852102,7.873451156890503e-06,0.005827516142195974,0.013132073156577438,0.0006144271645284863,0.0016587648923077215,0.01207175202039864
271,0.574489817747221,0.0029272650474836126,0.003975119581863199,0.0045804919535992064,0.009338572097887531,0.003643634960858338,0.0016331223252266625,0.002264172238120184,0.013290807067265036,0.0017185389321750111,0.008556163984047927,0.007961545568210097,0.0065722513816205246,0.0022944867364663494,0.002456537223309827,0.004350230933087281,0.0008683575480240347,0.0025949423528439856,0.0246291335051544,0.024186818679439663,0.00539553194034773,0.0021895882732451415,0.009463289455621714,0.003265405051032533,0.004312627122902636,0.0026578742347369995,0.0016272818291259662,0.005462368922104765,0.0025098507147585125,0.0023151622118604822,0.0018951422302413946,0.000743482696036195,0.0017909232157717146,0.002731754851340444,0.0062856305830425,0.0006477258474108029,0.0009719678756574049,0.001955686637833741,0.0010700160463991027,0.0008442548667645342,0.0019208055131790327,0.0007358296292402337,0.0013917019968252425,0.0012521699993008777,0.002224828178515713,0.003427415695781797,0.0024553158618371243,0.005707514352799617,0.014513958926651513,0.014075854165176363,0.018673548979410145,0.0031730403319227677,0.003465698758702657,0.007009883230281344,0.0020191492432456797,0.014967235408979858,0.004444348881355415,0.00356172868794002,0.0009803151889223834,0.0037069745021428256,0.004497540045451124,0.004766483119822706,0.002786668107869335,0.0012294840159892463,0.004705198198965195,0.013927784632027249,0.0008022327259604172,0.00920091290553648,0.0015939516548938337,0.026447530015221144,0.002347148092294352,0.0030576757364052746,0.0018318363479883663,0.0005361041850755917,0.0002565236183757903,0.00359220223095316,0.011889222133667004,0.0034666506542138627,2.600934095136202e-05,0.0060959589849991615,0.013255441746447837,0.0017518977290141991,0.002033281100096374,0.0097273706754322
272,0.8236294617199637,0.0017142462682759856,0.0017713069291423595,0.002945336233711575,0.0033770456124419053,0.0007272987581559804,0.0015186607771112816,0.0012242023191387475,0.0013647629308151839,0.0020189133014211387,0.0022014686986168,0.0009205390078720165,0.00041460302820078723,0.0036325801309024723,0.002348454446215828,0.001754986973066368,0.0012043699424745978,0.0014091214880243333,0.0009202894258152954,0.0007100628627388054,0.000989882178855635,0.0012925123877280578,0.0010786910248153203,0.001541164418168404,0.0010839566072194259,0.001626656177162375,0.001462588577877048,0.0023907611559691477,0.0012363008816021794,0.001990031698244489,0.0013082541015904516,0.0007872837010568261,0.0008093055067352618,0.0018101224871367536,0.0003535016601882858,0.0012153071808873438,0.0008745020710024707,0.0009146718806926648,0.0009472759789672038,0.001131523278808832,0.0005863978326697527,0.0010609538866572152,0.001102078312870045,0.0011828477161769646,0.0006175237382028962,0.0019981346891536494,0.001597929219197057,0.0012683172355307901,0.0052822015080755975,0.003996805151034932,0.0017797726127605344,0.0012845515739052342,0.005776867389501409,0.0012513962575986376,0.002415853761881318,0.001297818562946685,0.00206500956106798,0.001332239647094925,0.000831513679091112,0.004824062208641215,0.005180376799163476,0.0008865367284948608,0.0009869578109316366,0.0009489632148984037,0.0013117012149505866,0.0007519437806055721,0.0008556191457988826,0.0009928818551001493,0.0009426844710357388,0.018116019370609724,0.0011462037547292283,0.0019058596571090867,0.0021363632511292425,0.0006007106976024325,0.00014973403909383185,0.008396648845626744,0.00394130786195079,0.002131788111357345,2.2277966320479086e-05,0.0053093306926279065,0.012638296774359353,0.001054630234473442,0.0015870218793545146,0.00580186348980503
273,0.5366469574756412,0.002038914328672744,0.0011352026315862304,0.0011925878030401953,0.005088984090254137,0.004149493785595034,0.0024112776502574025,0.033873598279590855,0.040801443580099746,0.00480978742922714,0.0014863758042887312,0.0023832214121699575,0.0012436284724294678,0.004008847539472884,0.0011753599650234916,0.0015585989803021372,0.006120115628032983,0.0009656773098409378,0.003844235687044579,0.001352054338992854,0.0022720894869355437,0.0020703691236759647,0.0017161148379642324,0.001356919743773988,0.002210510903225464,0.0036680347980626656,0.0013481456533224426,0.0026942136449088637,0.0014852331993757762,0.020415379967444473,0.006792063967971364,0.001380026028267362,0.0012736140223591473,0.0016531659762334778,0.0010878851872832055,0.0032510885408577168,0.0017303612703399901,0.0008781851929026316,0.0010306437380804675,0.0016386934476419655,0.0018270383911246904,0.0015086835991213556,0.0014848823309738864,0.00253115012606183,0.0021112334500508027,0.0009574546385644993,0.002892657933635095,0.06555820990490754,0.0013725388204924823,0.0026940628065849678,0.00690215466299826,0.0028877912570873165,0.0036561234420855637,0.0031540726307022534,0.0023942067854922176,0.0027094309212186748,0.0018183812267175117,0.0012917687465753946,0.0029774471371703326,0.0033094290074705975,0.012450618378340408,0.0012972234099959004,0.0018803658508401014,0.0011805766573229912,0.0015319046526842458,0.0012168566783940158,0.008113346106886297,0.0012675002941596252,0.00800671493449178,0.032042429500788255,0.0012516272977641941,0.00867201339736457,0.001954809370517725,0.0017087604405552378,0.0009174618047802025,0.018868791550896043,0.009979264069102694,0.007809578967114018,7.109238036321218e-05,0.007457096198193592,0.022354086095257072,0.001487973639616858,0.005180149827950325,0.013021939755396141
274,0.7795854508592659,0.0009083608666974434,0.000664175055001946,0.0023808493631539756,0.00322856848442262,0.004126049350890552,0.020315970390001336,0.0006587039133108014,0.000393442623458381,0.004658981730153781,0.0011505883713473894,0.0016999373704030458,0.001628518987618442,0.003341968608379538,0.0028947917404295725,0.0008766666671033865,0.0017765834389656203,0.0032008220130351024,0.0036991481688962036,0.002154458164307102,0.0008797681217316744,0.0020607589566347066,0.0007296499697544308,0.0005539737131394194,0.0005781988141510323,0.0023349787540766385,0.0019144547203848667,0.0009988030098005468,0.0013192129260120493,0.001863774210819982,0.0004307130779417927,0.0024010955671974464,0.0017442350138743728,0.0007542274721826692,0.0022341168743848444,0.00029379614520740435,0.0015798809416545604,0.0014143144106625405,0.00159938716228904,0.001673319610464822,0.0017617326161271155,0.0011148009057685786,0.0012871999156737546,0.002977165865660101,0.0013348638960950152,0.0027706229490381835,0.0014345396974472522,0.0008206171739143627,0.0037151448034299438,0.0012095590578145492,0.0008295149356809827,0.0038317946285872564,0.0021713055387384537,0.0012584380871577213,0.0009577920181063829,0.00498612371296919,0.0012511550527230023,0.0011108760578787608,0.003904059074056251,0.0030795430562557103,0.0009668354963195982,0.0007860582305166065,0.0015532863470041672,0.0018071346935596413,0.007755075225486028,0.001564053843965389,0.007081328449302873,0.0006783493608202286,0.002663053747807933,0.021869236170182677,0.0012959306204017701,0.0017052968375162823,0.0007088072021135292,0.001299714591923264,6.58662952715743e-05,0.004984712504462025,0.0037982551424493526,0.0024141245801534966,2.223148536671821e-05,0.00427910852025272,0.015554823575307004,0.0011511453681843085,0.00133772564658175,0.0061483013827217095
275,0.3173654367824452,0.0005992131225101527,0.0005608116920533006,0.004038264081825413,0.004377293967056733,0.0011838444240296175,0.0003486399106411377,0.0006324121635980348,0.0023899147634047144,0.0008381257998040558,0.0004724934541761511,0.0015403615388330653,0.010771110890972085,0.0011443926237571977,0.003137061646119465,0.0007058479105537577,0.0010488499489462535,0.0005304235859042387,0.0016002286275148018,0.000641914440836551,0.0007961653321033486,0.000562006012317623,0.0011317809520106162,0.000649118730337938,0.0032178689667435624,0.0006275873760795571,0.0003507016104245164,0.0013809333178607286,0.0006172739985207243,0.0008902450232975472,0.0017218407110728274,0.0004674720453954316,0.0003586434891858662,0.002658575532298435,0.008732685420201518,0.0009226404015857092,0.0006832080803879412,0.0011334583874558248,0.0004306059809852851,0.0005387521649792964,0.0006388814735852265,0.0007428995602884506,0.00035607810820696294,0.0006075893820033631,0.0040447785736561015,0.004305473383916887,0.00127772661745742,0.0014704983186232732,0.001279772590414386,0.0005287589116452863,0.43899804837649437,0.0008216196972503539,0.0018075355417275067,0.0006274274071632066,0.0006026639823634754,0.00165768140840691,0.00037425615328566373,0.000551380936557151,0.0013368278940446064,0.0009729296496051529,0.0004303130055141097,0.001912621067198327,0.001841530658070642,0.0006862640146804627,0.0005395100456361071,0.021701445236547406,0.000627110981276897,0.028210769518075305,0.001553527915742094,0.017951343901040112,0.006502770593866021,0.007134084990974869,0.00463587463305173,6.67740198215642e-05,4.9132717871604714e-05,0.002439712141502437,0.008869920726299354,0.0032020887992837634,3.275667706049705e-06,0.006355328580560902,0.01091037967551244,0.009520672755660714,0.006458768430549773,0.013595747048635216
276,0.7859760040733924,0.0005672458177237281,0.0011860296032851986,0.0035731388119954253,0.009482056611793903,0.001759379455341082,0.0009333812492300796,0.001533400684756296,0.0006921403138810475,0.001000500073525432,0.0002562102684693544,0.0009356751865264737,0.0015281315834873943,0.0013618246756187196,0.0010300452374166697,0.0015108757391769532,0.0011337220433169813,0.0017780752237717494,0.0010931137465606748,0.00040357365050617075,0.017452346260350315,0.0011973873083164605,0.0008310912317000333,0.0005958273690405557,0.0007740379739927979,0.0010681004670857488,0.0007814966308665647,0.0009265835714477166,0.0007302023761796839,0.004629723340594998,0.002327198520939983,0.006889683964029737,0.0011417252341480164,0.007925953864085664,0.0006989199254840678,0.0011595004433798237,0.0008858112748945697,0.0009814725986883105,0.0007619883669176755,0.001048812470320855,0.0010464435096846228,0.0008782066599549197,0.0004744903164131696,0.0012401536145319426,0.006784147814844466,0.002105508957334908,0.0020054028912223705,0.0017578229145072605,0.002756902052665473,0.001359320895883499,0.0011701323255871113,0.0013918721266473965,0.0009711703384018437,0.0004232910146966555,0.01629636522090066,0.0010138208716672433,0.000999903686590615,0.0005929592971428643,0.000898582947683061,0.0016002350387395474,0.0016172600995046078,0.002101581827894708,0.0016045912349403827,0.0008517714017041104,0.0019435578353181916,0.0006390198474479017,0.005259494457472508,0.0015436645176455026,0.002870998335556329,0.014169534439329516,0.0015126452038294806,0.003360988024218143,0.0017003813356170222,5.176555016616062e-05,0.000148716002502724,0.00796333153990935,0.004513063760136138,0.001649733877550522,5.4791329010522615e-06,0.004916591256116721,0.011454801399114534,0.0011480562510265352,0.003332966099635773,0.00933088683312301
277,0.6476515020320589,0.0031687128674955357,0.001430135292982685,0.0014204031628281739,0.0042110433014647805,0.0022530807550921223,0.0027521930825482456,0.0036997315218856653,0.003580251101681505,0.006337976374900331,0.002713447244599683,0.002917295573659599,0.0011605830125023561,0.004100918387477174,0.00999973380347131,0.0015871370647753311,0.003985659205433486,0.004301495652967386,0.0013899632621083566,0.00103182429080937,0.0025247719599838982,0.0016761247732705214,0.0014523366981790537,0.001399767223987623,0.0018833229078400778,0.03271700977798351,0.0015349367046034222,0.0011987382148053445,0.0032298638970247656,0.002820056915802419,0.001977968589123445,0.001221774996964444,0.0011293772932879321,0.0023257650331480945,0.0009967307600265256,0.0014492392942570594,0.0023485329319941155,0.0014754123758161555,0.0009189869716927382,0.001102005036822205,0.0012432125475530973,0.0015134564761487646,0.0018371888714835713,0.02231218836491148,0.0025021917237740277,0.0019073524010166467,0.0025518049397577763,0.004789157415217236,0.003240084420897139,0.0009587672977687619,0.00807210092744658,0.0025180620290242415,0.004795435173537785,0.0031127695197676014,0.0028975619444748485,0.004893181362140552,0.011706567230360813,0.002516110742538584,0.002011857932582109,0.005562439934156121,0.0035750703742893192,0.002809808095465918,0.001875097409303379,0.02000835563926036,0.0050206139642231026,0.0013427414980322478,0.0027029878887965264,0.001308320378849296,0.0021968889538659998,0.030487381882919457,0.002001269721004346,0.004008243024276955,0.0022591160679302684,0.0013793449710744672,7.101597749611524e-05,0.007245437600899371,0.005303489529583801,0.0027645579129959917,9.78414598341444e-05,0.007057270615334986,0.01655946917259769,0.0018352224834216765,0.0028805074288197874,0.009192647347811748
278,0.7384529415777207,0.0005904533092731219,0.0007090360813243651,0.0014747582464384509,0.003478545237470045,0.0015905374396982532,0.005714346913197593,0.00453829960360768,0.008054141972632371,0.0013789531215869155,0.0010891044501366678,0.008015188331134694,0.003558612900243233,0.00043961018550955206,0.0011201258977065489,0.0010025881764198926,0.0032637152561733975,0.0016943302645194233,0.013759623114354573,0.0003582007037647179,0.003467610887629561,0.005351977854548048,0.000552179191810653,0.00038543408551646846,0.000631278319900051,0.00033364742988427646,0.00036553767747679383,0.0006896301495425328,0.0005950523391169173,0.0006668404961826996,0.0016406433115177942,0.0007474085202810035,0.00613983138119688,0.0024344356626973427,0.0073809899178208975,0.0010752506526419006,0.001217706745458844,0.0008736773326518459,0.0006630355189763992,0.0005644645491343089,0.00045037012516884085,0.0010659241047138598,0.0003340583857442668,0.008564657744564238,0.0012750142674736458,0.0006180449679438128,0.00143149871557755,0.002717273269282621,0.007132339299351119,0.004143455102568791,0.01265798856646381,0.0008363946581832762,0.0010612134697877914,0.005959711713961263,0.0013534652601113744,0.0038954586526789015,0.0008107691780355064,0.0033704777321164436,0.0019496414798488844,0.00865787093688934,0.002136316775474176,0.0007765360893887856,0.0006234446129899515,0.0018763289690584028,0.01256109295597449,0.0036320432630734035,0.0005629872605272504,0.003260066111179866,0.0012529230245614843,0.019425285985901097,0.0008034476381989605,0.0026463268132512047,0.001435630172982632,0.00012867438382157411,0.00017478298983594407,0.004392315822349155,0.006990722751790695,0.0035711783119900856,1.7984152915221087e-05,0.0049310020258664855,0.013173019050333698,0.000558773755187787,0.0013859996953008054,0.00933774495068404
279,0.5909809961637374,0.0010663323600476331,0.0020965609423085397,0.001728376773668694,0.005512279761917772,0.0010293750320534963,0.017371507299504818,0.0024397965763784716,0.00171293579868927,0.001613222658821941,0.001963005279925872,0.007308657630786036,0.001180021108988921,0.006156670342485097,0.0021619787865783057,0.003270652993004058,0.0017614346059968537,0.004215913809505742,0.02929347025939296,0.001665317140335836,0.003187564067085272,0.006723050218569702,0.001368856928199235,0.001201375660276281,0.002110148118714413,0.0020230005580710417,0.004296867971689846,0.0017823105758320453,0.003238000207057808,0.002317687754634498,0.0029935497049140953,0.0035648364519053053,0.0027893577408363034,0.0023284003679368316,0.0043443023792813186,0.002645182094718711,0.0013597585830191939,0.001903142443758327,0.0007640595174323937,0.0007772442038819902,0.001462012014345228,0.0005134810538871536,0.0013938061913035043,0.003223449098863291,0.002246836153130344,0.004252898981081979,0.0014081904411927702,0.0020522940092091374,0.0029688965474804476,0.005327330257531412,0.0015850688551227428,0.003367096467608641,0.005293110984288533,0.007616385497420268,0.009174123764989672,0.006241736350475619,0.0012789568276134304,0.0019222452375479277,0.002624112761428414,0.010540741046975471,0.0060708891955212375,0.002967766982372955,0.0038645302826448642,0.0012299743777566773,0.01709876204363958,0.007298292751027461,0.0012825805354205256,0.001809193582754998,0.007790814065980512,0.04177223759101171,0.001557818437648045,0.00497452707740674,0.002546413002398006,0.0013625016101666164,0.0003546435813258641,0.013503760904942673,0.015600792428918746,0.00630787253263146,2.740905683468071e-05,0.008617604154675822,0.021925418520830957,0.0013327526722434198,0.0028528128279180828,0.01711065837048992
280,0.7164692398892457,0.0007522618571682719,0.0006057343598837668,0.0034439271366507643,0.005594055429630622,0.0017482699267960709,0.0013077821965940398,0.001384284434829069,0.0019708555559857493,0.004290052634782133,0.0062023383587087744,0.0014187297056184548,0.0010627248672051024,0.009552271703487783,0.00480986065859051,0.0014265776488957174,0.01438904620863137,0.0019530163335358334,0.001480544774787133,0.004422327819798177,0.003829665968770307,0.0031335354279499726,0.0025431317685410027,0.0011378317891090647,0.0020457802215044876,0.006429421113396349,0.0012337153864243548,0.0015209716215344045,0.0022356251165699475,0.001493355361003098,0.002457542391562688,0.0011626767881906537,0.0007375435239315529,0.017385208980257593,0.0008758627336008596,0.001391124095955963,0.000547980126820126,0.0014529793214400333,0.0009429756781286488,0.0010067687852806718,0.0010774883582213093,0.0008904310385558587,0.0010726046582032324,0.002392064968448752,0.0018714203951845363,0.0039004206483854754,0.004430140095907969,0.0016975489701182445,0.0030951480355082103,0.0018245971336347496,0.003567395450777642,0.0017590755224576738,0.0017435436479096276,0.003696650068942878,0.00441972910955856,0.0028408400709300833,0.002277389150656278,0.0009362024374928435,0.0008551485062963276,0.0015678733887691144,0.007418970278020399,0.004009595790917321,0.0025835800452890367,0.003220200197682213,0.004167046476571404,0.0016897413976231217,0.0021092332323716587,0.0013173884850120148,0.0021302362384249245,0.02503165058711538,0.0015041488506475614,0.0021212791376323944,0.0017560019285221507,0.0009425584020757649,0.0001612701236001765,0.008580303303372455,0.00987465114294537,0.0029379378244940397,8.316502726292447e-06,0.00455482376112025,0.016935995436669165,0.0014249052654099052,0.0017369656153135191,0.010019890619687418
281,0.5311483264968362,0.0024328645307983565,0.0024120918858388787,0.002132203400109856,0.016870838874807517,0.002529977045565232,0.0009752073384383976,0.004287055951289913,0.008611489641770052,0.003927458302390684,0.0016254476328455055,0.02774512604666216,0.0035816938934779617,0.0008933932859734844,0.0015079108656051866,0.0018848317623848087,0.0014156586491831582,0.002312097764734171,0.011122937127922495,0.0012303174517787742,0.005430934457326201,0.009348553404280171,0.0024535331493045908,0.001872932513350313,0.004592945212554201,0.00448010392255902,0.0006648233718548982,0.001996765867752174,0.001970116472574423,0.0022977463234028286,0.000676305427668844,0.0011110658170788426,0.002519690971548433,0.012020986832853674,0.010368331023988745,0.004686407805162285,0.002380183754898261,0.00122533055311794,0.002392694440474996,0.0009841414987228543,0.003438091724333822,0.0006891389228557049,0.00102395584463473,0.0009731355969688633,0.0026594063081074528,0.0019454751802301833,0.001204873242400032,0.008419889816172135,0.016296596485189874,0.003996390827872855,0.024956359170760986,0.0005962954078605629,0.0014179290690919523,0.018573457028214207,0.0033703616887751277,0.001926693002875393,0.001720236119334665,0.0014444173422909416,0.0008844626728120806,0.0015541836376435918,0.01785393104905574,0.000798514678833579,0.002342432248882335,0.0014902564200875142,0.007597728395967576,0.016629361936828672,0.002406399598007019,0.01528220971256436,0.002136234597694532,0.03168217249498968,0.0017027051511904335,0.007203097911130305,0.003078052852390579,0.0006281039816427083,0.0054294836466504,0.008658784519459499,0.011596316013382216,0.004530655432902951,0.000292297239867653,0.010841110448936053,0.015067561254923081,0.002036777148732606,0.01184763014423821,0.019656313264330493
282,0.6125606709395782,0.0012593502271527916,0.0014142515474489191,0.0020830766195205092,0.0034095370353580245,0.0015928389755183923,0.0037479833025329786,0.0044372030082942635,0.002638361868534431,0.012325285183758066,0.002287971015607141,0.007741093845268329,0.0076262322328077906,0.005846289496554153,0.0015976417058306484,0.0010421560407233373,0.0032308450390205246,0.06519042158965663,0.009340177782391075,0.003731588067861622,0.0008962082125190565,0.0027489405103273213,0.001091789089556599,0.000763142769906807,0.0006535926554969033,0.002558861716585089,0.0015283825990792198,0.0008778989795735241,0.0008943295276840723,0.0016628661055287585,0.0007829719121398211,0.003122329558202343,0.0007674399873674441,0.002073246830920754,0.0022384467926919076,0.00210505125917248,0.0016661546683836212,0.0016725629799359918,0.0023670067641804182,0.0026066639290530606,0.0017185263228100605,0.0015599270220321166,0.0034983743126097877,0.0016524788674707263,0.001794922570449895,0.0009909779309998411,0.0040836502892296015,0.0016394690015683838,0.00918198146979383,0.0016607688405013718,0.03513077069794243,0.0027402288920374803,0.000966785551667797,0.014290871212594107,0.0017991018379550309,0.0029444167188510707,0.0014446760736988831,0.0017504288158681598,0.001508720810377018,0.005455416768077366,0.0014393945676084,0.004782940921187609,0.0008841849168773609,0.0013992242663949158,0.0008930650788969767,0.00182847840408807,0.009643589074520753,0.0018418584532662278,0.0035469435104867808,0.03046838533164486,0.002345475175053949,0.0038396949949903287,0.003714352754202044,0.0013379572957160331,0.00031313008900367786,0.0025303437144427957,0.007228153284303277,0.003962126688379597,7.464497773457504e-05,0.006203005670637038,0.012418391921136522,0.0019613632557368417,0.0053256981842546205,0.010024241091178781
283,0.4206838715706847,0.00232396712110614,0.0024618353294516776,0.0016757340072856908,0.0017823569240442603,0.003230543682478511,0.0003137294025983255,0.0008580647730468363,0.0011408959208498968,0.002864530336813844,0.0025207543200204594,0.015155034299841531,0.0005694316183915624,0.013219010685054109,0.001647391518987842,0.0012205309360763072,0.002294096663550466,0.00199113663953461,0.001585119820092266,0.0011614139996280516,0.004104687930428065,0.003348257084590783,0.0015993928761553363,0.002015126294573515,0.0006648129804032162,0.002108562813575358,0.0011550522178175985,0.005478172662927368,0.0027482295632702625,0.046727092898120944,0.0033439809507592125,0.0018995906884254953,0.001706834102249911,0.0006103788932954136,0.005308661051861969,0.000857212611778272,0.0006375074884390342,0.0008858290865359127,0.0013546081419995254,0.024760344355497937,0.0017032628020362327,0.007488264898774132,0.0010355595924670376,0.001460579869810329,0.005502535343831666,0.001156698207939155,0.0015705817189417364,0.0009628879760158813,0.017316966517867752,0.0016765981566333689,0.1721379148602099,0.0046152633873757275,0.00035772959215525375,0.0046695991364686185,0.0018602694271269262,0.0027321038134096873,0.0017184586520644042,0.0007647094158924107,0.0010706281658143441,0.001525550563525061,0.0013758584110561824,0.0018418060036196062,0.0033432816930650316,0.001845421842965887,0.0013909899652030913,0.0015309874577425601,0.04331753422207143,0.00391380689448932,0.003807704568171079,0.03252454916099531,0.0045992806450503125,0.0053260022184201195,0.0026371456958066766,0.002470089509054878,0.0002756935955139208,0.006064259904205514,0.009289138877385318,0.005305097854732711,0.00010574152484233279,0.01042579593680753,0.013655227957741886,0.0028037352182678603,0.005012540338998323,0.01579836414319124
284,0.8188195997268011,0.0015013093207903205,0.0006157723867392767,0.001172292388002879,0.0036138946752292365,0.001344197243747564,0.0012857503901984974,0.0011275647814304535,0.0008063216338423211,0.002275288751119131,0.003472620082710136,0.001247875067271163,0.000710395892232644,0.0016434952453630522,0.0009173724533616178,0.0010987351237882518,0.0012915886202767963,0.0018439832664980118,0.0015522126213802527,0.004052827895232618,0.004845455290035512,0.0011024912295943643,0.0006202959333810865,0.0010175953419960574,0.001021672923384027,0.004297002563722637,0.0022339493209534603,0.0007642556264285097,0.0008115789953030248,0.0020424285132389286,0.004573303104711734,0.0013915090728707717,0.0005024368616238998,0.00242055866962765,0.0007879180310948469,0.0012802048143746095,0.0007292558241841058,0.0010347274843252518,0.0012571988885657125,0.0008982354850759287,0.0004621296808337697,0.000605294416187715,0.0008398346777091795,0.0010961108094054497,0.0016825834895453076,0.0022116753913966796,0.004772694179677659,0.002145962872983108,0.0051479177392904805,0.002574983692389151,0.002394522610441242,0.0005768353353569577,0.0015750576005279062,0.0005500739485174075,0.0011906694811304025,0.0007910864748324947,0.0006255171061845289,0.0008632774025678602,0.0022771624363847366,0.00288546178608908,0.0016440499423268618,0.000597114495385144,0.001170783156093268,0.0029128047729488314,0.011063587337363331,0.001318001199823869,0.001513059726398413,0.0017303225185751466,0.0020328909284471745,0.01263534857538922,0.00044432402859175983,0.003433761820898579,0.001029942376717259,0.00045796713670512393,4.527510929249902e-05,0.00593484044635593,0.003587886063729429,0.001522216652316542,2.3708420868160114e-06,0.004793119814982275,0.014425819109298736,0.0004119264585010706,0.0009836584930015208,0.007014906322812641
285,0.6184351573881911,0.002168665841203853,0.00620001153211723,0.0032246942425539038,0.004009814716558336,0.023123498708917833,0.004019620315413222,0.004104302252176641,0.0029340185621345573,0.0011930353805724033,0.007368347310535956,0.007602924622070877,0.0019916228195725567,0.003030321442381022,0.0041514502036552525,0.002784427642104701,0.0008231001786215247,0.0007448784088542003,0.0058861170639840366,0.0005007525731206728,0.008912023889982195,0.0009365737483318911,0.002046902785484135,0.006026578381001065,0.0017935051975811241,0.0008629294906990775,0.002163528045048461,0.0025763734071802013,0.0018191135085252586,0.002608372627886256,0.001128833077934585,0.007125969385700847,0.0017428332908645725,0.006377425987680424,0.007694519045948637,0.0031593608156672117,0.0012136226604719043,0.0020717113697119884,0.0024556336968885235,0.009617818501078774,0.0024122289644921795,0.003496517606172404,0.002126694736642485,0.0026567200058859263,0.0019348321245819847,0.00570331535742568,0.01698472383711496,0.00466247343456301,0.0144894790635982,0.000815836380971399,0.0066800844226743185,0.0010440566701687048,0.0051161972549048996,0.003440449593219005,0.0024303265598558514,0.002419213299933916,0.0029785679899201715,0.001725527681669546,0.00136398691871155,0.002288295095133947,0.0016590727027677738,0.0013620944062878568,0.0014261361929746477,0.00036526031256820565,0.0013818840746020076,0.011243244617415517,0.0060904007939504064,0.007268045255595557,0.010651557155108233,0.025189102611144917,0.0025773588395487743,0.0032185408109365056,0.001158791880156019,0.0010107237335511522,0.0018227362104692542,0.0057739279796896106,0.0040096490320658245,0.0032435827319336795,5.226215422684415e-05,0.005529804891630507,0.014754108617272232,0.003457712659437381,0.010812027313466326,0.014542057907153651
286,0.7183281866661015,0.001934654427981144,0.0025315826135180754,0.0008586139285257878,0.004718383210483182,0.0034052951369332955,0.0038183696294338417,0.003697446890205652,0.0023387240331635764,0.0010142617715748748,0.00503201321117442,0.0023171748523581615,0.001246854018746215,0.002082196838209758,0.0066976606352672705,0.002621852558133895,0.0015840162900734019,0.004002008374075993,0.004126872909867688,0.003043460337906281,0.002222305523258769,0.0019174163647818691,0.0015027976765633626,0.002018903385350162,0.0007703943511609629,0.0010148306499492888,0.0013022122286575392,0.0019937568302430117,0.002244335803837359,0.0037212196177547887,0.0017153016422907378,0.003023683638351455,0.0005227012774617753,0.003483601152040523,0.014492055151030376,0.0012862920256238254,0.001452452286493183,0.0023688310291736267,0.0017975214208853423,0.0015593563013804664,0.00237636170495191,0.002807466747368128,0.001311108208499259,0.0027900837875037094,0.004559104096130986,0.0010673603833506536,0.0029976681562370756,0.003035894941740285,0.006677570579659215,0.0026268308822749967,0.002126072888603532,0.00213739385066107,0.003694951418433176,0.00308652925113953,0.001130366975520935,0.0009891372115783087,0.0012988566699759225,0.0021872790495553016,0.001975756995952148,0.0013498631389922886,0.0035160097144699316,0.002784250768269925,0.0019505962214988444,0.0004215299069550232,0.0013256788717853495,0.02407631441203357,0.0046951440672544685,0.013874431348553307,0.0037163629642977506,0.016609229615896025,0.0027063674140631808,0.003365920757910642,0.0010966081625987639,0.0002252828895996222,0.00029701503880057547,0.005127223474102224,0.003415727459220153,0.003129128451295224,2.0584656118950798e-05,0.004820894393952451,0.013333313292666545,0.0024883722702916575,0.004024534101741777,0.00694422611847329
287,0.6382429097931003,0.0015526206540763085,0.0017277922050228974,0.001819190272563852,0.005930953675478676,0.0009947470015527614,0.0013876791778978043,0.0027429596330111232,0.002357246257070353,0.002437522454917056,0.005294750748348915,0.0020662633143640773,0.0031224874486980936,0.013447097112637117,0.0016128514189653633,0.0016928221459916461,0.0011371211508511578,0.0032304158100901637,0.0022023466920773377,0.0021029842294724103,0.0038036641712031038,0.004889703082273346,0.0012223270680417593,0.0011826664455456754,0.003215663898009663,0.0012777767604357157,0.0012138358247044856,0.004566878892650493,0.0039782613011444595,0.03934735745342187,0.005148624861837518,0.0028533277533516746,0.0008048868529557846,0.013731815097160682,0.002226876383360238,0.0017529246065496784,0.001144963375418697,0.001289700928730411,0.0007685492324493799,0.005305931193974981,0.0009968689077340593,0.0038560367729880006,0.0009993711089497724,0.000580770930237139,0.0015144140781435894,0.008677252926546164,0.0009515570643932828,0.001388535784384779,0.020883527984649927,0.002999508599491793,0.002238075681108814,0.002632033676233306,0.0023120165416590068,0.0038513747237714827,0.0019500299677955575,0.0025342477170518228,0.0012477769199522866,0.004823253800753907,0.0033492158878962773,0.001580599036901753,0.002500273795193033,0.000716359031454278,0.004888471372032062,0.0006259108376290469,0.002008325802511617,0.006329265073082692,0.0013012764076834004,0.006092707702469999,0.0023436323249311254,0.02866502498506185,0.0047693468062635375,0.004681164728678169,0.0022889473098929103,0.0013694045810831081,0.0011083231749546146,0.0034774777114551995,0.005443460206808572,0.0033390406646567707,0.00012298457723334497,0.00799244381415344,0.016733742026639804,0.0029533554230069645,0.014219997082141946,0.01183410007093278
288,0.7210415971494102,0.0019210072538731553,0.0020919071340370155,0.002049837960683143,0.0034044612856200277,0.0010415188800996882,0.001147248890696536,0.0019100029401714256,0.0008683595425085035,0.0019411214298991472,0.002305347941079632,0.002187886493916842,0.001063202774788054,0.003286820256810559,0.0017274929683623878,0.0010631450759338778,0.012226326299588459,0.0018395057530983855,0.002390671751264636,0.0052984213465450325,0.003849283747804555,0.002173715863998279,0.0009134581213880004,0.003613318586836745,0.0020549779723401146,0.004296422957782248,0.0009136669875333533,0.0014588739678209743,0.0014198654771566063,0.00538249820415426,0.010824012100266475,0.0016734726820214776,0.0004785491934061286,0.006593180224262024,0.001764813848367455,0.0016454462058085697,0.0008004530638288631,0.0009547206314528167,0.0007312261667602926,0.000607400531488196,0.0009853748641616305,0.0006715054289380433,0.0008665652947725088,0.0007571838214086813,0.0024994924291602445,0.0035834409995484963,0.0009838036071390262,0.00291488292327964,0.004166842061575174,0.006262081924090154,0.0016638009099139725,0.0032897054806805344,0.0028812816225433193,0.0007588737975349497,0.0015292977412765278,0.0017887187755651684,0.0009259099510343116,0.0010879368253059014,0.010020709542379528,0.003322850705231573,0.0014214366863660776,0.0026575245505913456,0.0034517447498865978,0.010998656492952548,0.004078131509835149,0.0011215220744653612,0.0015707704909244551,0.002262871350738984,0.009138839700017535,0.02666333081109732,0.001840256086664295,0.004378900260766308,0.002413424412325259,0.00026317062974311114,0.0011182702854940607,0.0066123398801110084,0.004821643256698311,0.003168226633069521,2.4787490332360762e-05,0.0054700778656054435,0.014905041048936488,0.0017812752569629786,0.005250907960451684,0.010671352147560006
289,0.6316711174776791,0.0013071315775488512,0.0012295401151117397,0.0019553081009629977,0.027941106225932412,0.005316511032500087,0.00191235130726002,0.0025751073278101133,0.0017635979079903563,0.0014921543809722237,0.0015206753623034466,0.0014070299011132857,0.0019191852637205104,0.0024656564599139998,0.002259356538236851,0.03088972815597218,0.01662636572548403,0.005337722053586148,0.0025373130817399575,0.0011550451475476878,0.002206676925052456,0.0015021242904035253,0.001651057700519146,0.0013126616716632583,0.001060056889236194,0.0033504447261998114,0.001787681417899056,0.002330974389227945,0.0013062262276730438,0.005109706260290107,0.00408202459180641,0.0033659502431147253,0.0012733439005447854,0.01062892822911744,0.0018921664087910392,0.0030664864165966116,0.0014517511278442031,0.0016175387855190029,0.0009410391303318057,0.001850673600624483,0.001230156496236961,0.0019026623356804193,0.0019836324267810982,0.0008756495964745114,0.0017514292050456717,0.0017227012531821067,0.003102552616434734,0.001003900325480948,0.0029659843451008976,0.0035519958483363006,0.002470902750385325,0.003960398323557855,0.001631234213611161,0.002878815618815761,0.001475666164252432,0.03610036608023212,0.0011025056590718526,0.001095422847307663,0.0013370739453449254,0.0032584894617618283,0.003694348159716778,0.0013195379265996331,0.0020354916246139603,0.0018567759492824007,0.0030988834000722693,0.007788946979540002,0.0012346752045157715,0.005908787394693534,0.002849906016007055,0.028162667050799225,0.0028169010376508856,0.0022301025530816533,0.0016320509997911697,0.00030771938618149675,0.0006221615822431672,0.012345322799445052,0.008011090008888134,0.005399647887389246,1.4193075581952993e-05,0.0043574893932977615,0.014233146645373519,0.0031582819088549706,0.00836319096842032,0.008087626459024546
290,0.648358596543187,0.0013938198197099875,0.0013632029136930927,0.0022664354176759353,0.010775292719415392,0.0018215169161836246,0.001462041891387042,0.0022267388102833498,0.0008817543100520203,0.004338436664989395,0.002715766607869553,0.001395373584102702,0.0016021101542146637,0.0009185798311234089,0.0010778114540254402,0.0010904070536543382,0.0019852578895870132,0.03792106029223292,0.0014038929005866596,0.002766058531967343,0.0028116438863632566,0.002593031035101241,0.0017562028122428564,0.0018635594662151321,0.0018413973169907917,0.0016250519257640257,0.0016345374352026139,0.0008885171383241175,0.0025573918977325077,0.007251398837654099,0.014864557750330978,0.002401372821218329,0.0008257653421748826,0.004193704790688364,0.000839066941120436,0.0014440659312849444,0.0011158117152218388,0.0017211068906449515,0.0028995555739067006,0.0011651474584062351,0.0011854204209761122,0.0013461588946903056,0.0013767813987859176,0.0010288631285334062,0.0021300832073559172,0.0013645851661906996,0.003165548899505034,0.005092184033754219,0.0012022319680453158,0.0007938650558475084,0.0026608284051618893,0.005502983567050824,0.0012271763459203325,0.002348955584022306,0.005117069097463884,0.006981237016065285,0.0014863050125546971,0.0004890126806684749,0.00308396407292771,0.006085703084965733,0.0019771251881399183,0.0013298296330757644,0.0011336326870110835,0.0010687182213260154,0.0028477320364233612,0.0016550951625349415,0.006079643505564039,0.007388651734439561,0.03561340734661664,0.04734618238125289,0.0011376096979188513,0.0029257753557218854,0.0022810537193783727,0.0006696941745737522,8.075185200424852e-05,0.0034551170243239133,0.006036358732855213,0.002442814648716504,0.000167311319341082,0.0061591796703106124,0.015511963600371765,0.001192399414819629,0.003931210554026178,0.009842744026238796
291,0.6655819646397302,0.00485138363123694,0.005610294634739286,0.00118725025134526,0.011549567417146347,0.0031197211693057463,0.002277027202525557,0.001344379563865064,0.0007092956057958628,0.001736314270483452,0.010182972901140399,0.0008004946404579944,0.0012979087552338307,0.004115953807941933,0.0037722165754117574,0.0010752079766351383,0.0015300005174217412,0.0023965876920531482,0.004583593719570349,0.039692027329414896,0.001504244244558949,0.0017718809772746653,0.0021805865486773843,0.0037055017004247242,0.0016361981468783569,0.0021011930974948684,0.0004017829117765095,0.0008692618114285749,0.001866321545526539,0.0021548293289271503,0.0013183505550173915,0.0013212255857870693,0.0008801135620410947,0.0008615849090668689,0.002806948616305631,0.0007551120481791679,0.000998528545334555,0.0014070977629940455,0.0010049467212035665,0.0009537616887556647,0.0009674756225630753,0.0018261330786393621,0.0013584257436081051,0.007735403671713445,0.009239296428918785,0.012721664335001074,0.005461828982861064,0.001502211671024983,0.002291766987992326,0.0023231258307906274,0.0023547484738731684,0.0011537484749927687,0.0007246460205366294,0.0011540999355180515,0.00421347453374758,0.0017985289240164226,0.004015648629355296,0.0007211406342345431,0.01938658337880313,0.006317468239593186,0.0021160768093415705,0.0013620648370355085,0.0010589826719132715,0.0052127373663519725,0.0017865782698834602,0.010573502196507108,0.0037342919476530487,0.011361241791942813,0.0007109037310583618,0.019393833940739402,0.002089262683255227,0.004347104346552153,0.0011106398613482185,0.00015698212538824748,0.00023050970515583083,0.006562851948976988,0.00906568606532195,0.002047562342307368,2.233865378959856e-05,0.006726911976369834,0.011681161762217585,0.0009948148182267673,0.0027753567147777805,0.009697551226994838
292,0.4001669819975659,0.0034648388549339136,0.0055687083675322845,0.0035271062756521174,0.0056406405783178655,0.004381671652502978,0.003192223212959261,0.003665733758509042,0.0030826973190690443,0.007768487672272189,0.002124161774879777,0.0037190878893335,0.018199072908752462,0.003125651212398901,0.0059153663645834294,0.006381267730694464,0.022494577662000446,0.006634562742376765,0.0015554014766113833,0.0025856679076072067,0.055598182232736236,0.004843797904663653,0.008428894902074971,0.004722783465971767,0.008741572486920637,0.0033680677775398903,0.0032760512659148933,0.004653960291534483,0.0054452300675494015,0.0037946493480388414,0.0022252550461009895,0.002879478054220215,0.004688807637755593,0.004038636352543504,0.002731725109250043,0.002269660096857443,0.002789367844256608,0.002780086027379876,0.002265468086826645,0.0037015288693136566,0.0012729881378550575,0.0015993937181213282,0.004654562964573951,0.0036872394801465086,0.00348570013831507,0.0032123869802953447,0.004655665944661115,0.04791467062338193,0.007668411477468615,0.0038354959964616536,0.004475037682270263,0.007617574932116611,0.0023974585933899235,0.0026620377734443202,0.003350840864513705,0.0034365942772022055,0.005459930397600226,0.004221755324037699,0.004854393704585864,0.014570001056856569,0.0032398342839712485,0.002633808702170216,0.00905922025404844,0.007561797052143641,0.0054874702572220045,0.004484849609299619,0.006293282900838424,0.0019379527415772518,0.005854084125535993,0.050988987969819086,0.003168469654324635,0.007668856829799997,0.004221538279881932,0.001211576853175081,0.00023715012201631948,0.021168424193654563,0.018449005336149175,0.005725369399799468,0.00010324647222717905,0.013438261087900078,0.021732362568547863,0.0020055797430950204,0.006091526172218548,0.015768095097284152
293,0.5779378311654435,0.0013197861022385068,0.0021219022430520513,0.0015125804803490781,0.009674393610389636,0.002133941657405289,0.0006991656825253888,0.009826126134648894,0.013301546135142481,0.003716668916514038,0.03309193434407235,0.009924461582287748,0.010032521254321422,0.001511715212715593,0.0028699159353886474,0.0013647734011737018,0.003724121466576349,0.002710977212795633,0.015159026298271587,0.0006815194873115833,0.006072035247311751,0.0013524787213476702,0.007309832538797083,0.0028986561624316396,0.0042036390920998515,0.006369929291024558,0.0007835368242739797,0.0011594015923476527,0.001222527941371594,0.0008006303921118417,0.001384731243410985,0.000881223706766323,0.004766260964094728,0.0047620277787421405,0.011192991393641483,0.0024161436874661087,0.0015435069774297158,0.002718063414628916,0.0005379140468927727,0.0005891260359903204,0.0005731770123134064,0.0006857919309693875,0.000915026684088166,0.002601998749679465,0.0016101873778409548,0.00982428594804998,0.001961995874597757,0.008458019137581383,0.00927978596143696,0.0019776819706912277,0.015312867750697987,0.00277867692366656,0.0014345842239899386,0.007596237440128113,0.004002906559929077,0.0016720019805059939,0.0010301914121105247,0.0022091689123581878,0.00502708381551161,0.0034828832922675014,0.002798595033092568,0.000824489021017743,0.0023288835121983743,0.0017197278800154846,0.0010768738008788857,0.020840646097459878,0.00409379503485225,0.02040597051163268,0.007161285012363266,0.02382768789780609,0.004799061304045493,0.002686682238059125,0.002614320141128569,0.0011209614272112663,0.00030961958518055816,0.004575486555365015,0.006705819460765894,0.0022935985985821834,5.7503438247464314e-05,0.006492978972992055,0.01494287326195161,0.003827586530532311,0.005194814128220885,0.010586622223181637
294,0.5732506767115437,0.0020189744336554425,0.0017061118081736885,0.00040027898285274483,0.0026725405744985062,0.0020612832222511534,0.0037870633429735704,0.00098868292931344,0.004691232586504033,0.0035626268524182937,0.0037316428368990577,0.004500090415055542,0.0013336906125877475,0.0060282831926386565,0.0059217439758142,0.002803459443515845,0.00317457812543327,0.03483460770921417,0.0019575166997527044,0.0018536086484056754,0.030225376344225268,0.0028068600627671665,0.009973822639533305,0.0013599683305495712,0.005524822664447899,0.002957265487220887,0.005456016738754001,0.007598886046851611,0.0034040874763564054,0.0013069650997203125,0.005799059802729369,0.0017122688632795829,0.0030635998358695825,0.0007342508750275914,0.002008817604286501,0.0037791294292570535,0.0016979744364259573,0.0008003440865238833,0.001394663734961868,0.005066630317327066,0.0031624701121777715,0.0028658311389157297,0.0010139266833905356,0.003151704277827547,0.0014831772327394872,0.0011452675432464408,0.0013345059146366136,0.006674947047761917,0.00485726444805904,0.00966029015826527,0.009267827211943918,0.0027086236340209202,0.0018016286368636707,0.0011106170441596561,0.004559437329762326,0.0031298077304161703,0.003967816694619031,0.0044523585594299945,0.0009267237148093194,0.003909744069627634,0.003602764052701657,0.000808792380633583,0.014247922628589,0.006725660064839997,0.002796501692824588,0.0069040677505372815,0.005714096040246038,0.00874026807427479,0.0051350552963935,0.037054540382226955,0.0015799324391956404,0.0024203062403915137,0.003754420513143047,0.0007240666318799448,2.7746412473829894e-05,0.0107800073024077,0.013401185239728322,0.00911514716295864,0.00013024536510276592,0.006480286174686295,0.01574152582574885,0.0017042871718328115,0.002388443410766282,0.010889259584127701
295,0.6949531223287969,0.00236212624950334,0.004748606328198614,0.0017802567365851995,0.003512575600841361,0.0031193163649033623,0.004670372157504017,0.0023081140204831074,0.002078303461490427,0.0076473602035706635,0.0017187635694116135,0.0029103178527986207,0.0007956661943081799,0.0077828746347211285,0.004377796525135779,0.0007561916677128046,0.004118951942237199,0.001599790466560527,0.004164657130904126,0.0019264444608873951,0.01841887207095107,0.002357025953311351,0.0021213679491948675,0.003978505616897598,0.0011007664859759834,0.0037332853358313586,0.0011731499386717786,0.0012313945721980047,0.004461240750439127,0.0022034730358341773,0.001673015808210581,0.001812550582886833,0.0008846368879228535,0.004403789610652918,0.0010288179817064843,0.001015756645540229,0.0012167430048206833,0.0018979985182724706,0.0008645939205405049,0.0009438112536836796,0.0021581137535660985,0.0013488964231891608,0.0008956773788323021,0.003194751219987392,0.004511495792623069,0.001851600856824615,0.003308086525277276,0.0013329953623812077,0.0041507412397612875,0.0021020335685650367,0.002586367772776219,0.005259805247908028,0.004212064503832576,0.0028786301162399136,0.0015640832484766739,0.0012451664524183662,0.0009952810050636036,0.0012406703958593543,0.0033923448512580916,0.0012401874574874752,0.009118220570862957,0.0032621839597593376,0.0013566190189544505,0.0041934561620732246,0.0016888835618242945,0.0032684386340433636,0.02256070426868427,0.003929200635690292,0.002510232555090074,0.021583860745222977,0.001964399650439144,0.004207214544481806,0.001418258624864454,0.001510725537610971,5.436464286978036e-05,0.004641575540847675,0.0032645836203586847,0.008358202751371507,2.327718603206074e-05,0.006251873538947505,0.014449069500219975,0.0015891966097789036,0.005139838735592676,0.010334222411955071
296,0.7036827125056979,0.001737050637562284,0.0016871846254643507,0.0018259343326775094,0.003816586775677901,0.0014326205548273613,0.0014578222293320229,0.0013697091590583665,0.000798122769365587,0.00547161595917396,0.005477149989135633,0.001021836186419333,0.001662172356250212,0.0064284693285166375,0.01621846093201537,0.001239837987378197,0.009243687081517356,0.0018542191973615178,0.0010796263726885677,0.0008840621252433015,0.0036220045131957683,0.003048386829280392,0.0024281062508093184,0.0014835883535282183,0.0018797788239330378,0.004539335082673758,0.010858538217343255,0.001091032092102502,0.0018175209968026163,0.0012995946402517534,0.0016209214882420076,0.0015646784355253158,0.001103674325808117,0.0035372016949612567,0.0003851611441978251,0.002070052380993873,0.0007962917273163894,0.0006282040248086603,0.0008270312112631333,0.0007397046859839928,0.0007637639377537423,0.0010908369083934492,0.0009813066062625633,0.0008424740091638492,0.0012618950087512632,0.001644686354001818,0.001334223475320243,0.0012294698936741154,0.005776220976266394,0.005494621911557753,0.0019195299813990986,0.0014517743307400203,0.012205997211873078,0.0005924755261318713,0.002843728911142863,0.005707595592129735,0.0012601560675060241,0.00036209503909376696,0.001209111870440925,0.011688699625126161,0.0015769846012948564,0.0015357794814505408,0.0008662335648277801,0.002113318584932643,0.006608631114719533,0.0010409964759279361,0.0037056598433225594,0.0017892457497161811,0.022118698785116218,0.02305327452188112,0.001221336741997135,0.0030314893234924803,0.0027126457133975638,0.0005274751282524748,0.00023667617412294318,0.004788073030177242,0.007529232842559778,0.0038932550565580924,0.0003346778243641575,0.005806504864131821,0.017228894091082303,0.0011368026930053796,0.0020823307377647346,0.011671431794790953
297,0.6874106731032542,0.0033192803374712636,0.003810701673178012,0.0033394652915521945,0.006667534579710309,0.0010822191274123191,0.0007379407973876116,0.0030884271331968046,0.017402868747361175,0.0033520233793518737,0.0030666745393131646,0.00933094687344496,0.0016330536220976678,0.002493809881200972,0.0005341752145976532,0.00040573971242330027,0.0017012393679032931,0.009219559883158828,0.01438448274627675,0.0018117942328287032,0.0078099719184033705,0.018535524885895317,0.0011522991075670506,0.0034630916165502494,0.00426070037566718,0.0011178781838489882,0.00033395240538067585,0.0012366182054109078,0.0025434454324175727,0.001192227447412502,0.0019347474631608728,0.0007250177801537569,0.0008092453401171227,0.0030096763082145895,0.004045893876305666,0.0005050031403948019,0.0010560212839187495,0.000540264470401399,0.0012798534851021584,0.0005076926995766467,0.0006199524111353814,0.0007331609781921968,0.0005088435514529708,0.0004703350631659181,0.0011853703478219505,0.0018263650526730766,0.0014078606963438484,0.004123230272235909,0.005261197367993095,0.0014353996683718457,0.009684163865540907,0.011435803837667865,0.0009223774428624607,0.006140606810125264,0.0012778013915353817,0.002645561605291636,0.00047881815876244936,0.0005185143116519249,0.0020314485978524576,0.01980598828484585,0.001120294158705218,0.001060352039951654,0.003237518295189192,0.0009430063946011123,0.003079037731845465,0.005951700617807648,0.0013149297165013407,0.0056478513319949825,0.0009789041000737477,0.015809489681342912,0.0008452988542109357,0.006141399084949839,0.0013610784205436266,0.0001696286252817909,7.825195600909675e-05,0.012986991852487246,0.005102131275938377,0.001969580059553826,8.307834688332888e-07,0.005609567936555227,0.011764517709437962,0.0007287639930155212,0.0009682541027906992,0.009766085893200624
298,0.8389587223399976,0.0012262968588784258,0.0026450564522223752,0.0009531622977788383,0.00594570317008334,0.0008273143353311529,0.0005559173592339576,0.0005646126406311004,0.0007049150607282294,0.000340956325065819,0.001096956647041016,0.0005058123984107928,0.0004649964294287914,0.0018521828607314847,0.002855511793298132,0.002468200649232777,0.0011353862244037282,0.0005340974754018871,0.01045553988131217,0.0009259263427904745,0.0004196389642510964,0.0009079475856039401,0.0008750387657706236,0.0016365747971475273,0.00032115533579387664,0.0007274759044073869,0.000801855791285389,0.000767527586618361,0.0010594614366149493,0.0006692357014070833,0.002346109529539982,0.00027042377442415165,0.00024392443850330449,0.005980695934195335,0.0005545532433534442,0.000633712314189931,0.0007528122321000227,0.0004295330400997667,0.0004992693897933005,0.00045371590301803555,0.00037077266731550505,0.00021391393658503198,0.0002844547054532903,0.0003215407018056199,0.0023502246843885616,0.00043715475702422665,0.0021796795421899517,0.0006103244834378867,0.001124324235366814,0.0015003343660245946,0.0010038226051383113,0.0005048667562016526,0.00046828474201277904,0.0027652954135517303,0.001352893145669102,0.006480244133779999,0.0017084201080903966,0.006276505692178,0.001104002064340283,0.001987530660612476,0.012363197945109553,0.0006845978778274388,0.0007566782060856506,0.0003968246477970385,0.0005762332050387805,0.00035868123117819276,0.0005708121340724415,0.0005003470003937477,0.0005574529941073422,0.017743182896169152,0.0011714883118639939,0.002085598317546864,0.0017856622796478714,0.0005826212502381175,9.969662027314883e-05,0.0024184553850414192,0.0018699761188883208,0.003794626839506745,4.529080967083001e-05,0.0040681961460646695,0.009799395468355464,0.0006953701155195549,0.001336925237539933,0.007326170350777945
299,0.3890245548033296,0.0010962051028965446,0.002089344559580781,0.0020439082593875038,0.0018276975903703118,0.002216162873967126,0.0026415538342860383,0.0012772798785293698,0.0010648537667233757,0.006274825694993667,0.0035139010465470174,0.003974738251388067,0.0018139140034032213,0.0024116282457116184,0.004369552692899268,0.010434204636082292,0.011892820830444536,0.12620771851824114,0.0028030345123183226,0.001755091562329047,0.003386792938440606,0.0019633180140746723,0.002554104901924253,0.0009324743165514069,0.002941997346584087,0.0023177984331532865,0.0027573656646406658,0.0025716566738707572,0.001560281786036273,0.005631916764626166,0.0026046136549844716,0.003222143499866913,0.013119792125679305,0.0014669725553471365,0.0018453786699409737,0.0014831184363949972,0.005510043071141718,0.005115064026838601,0.005089078293490614,0.001489143710649872,0.008010687908000226,0.0009168347991709042,0.0016630158562133046,0.002880532712560102,0.00173604506193881,0.0006753937389738586,0.004444060009184717,0.002357515000767443,0.011573483368184818,0.030446095489174693,0.0033094307511104433,0.0045857923054410795,0.0016407995823438067,0.010309773741540617,0.010367184255762397,0.002451264738867151,0.004052831152118149,0.003370876037323743,0.0017492131640125573,0.008316153177081299,0.003822473077371092,0.0063413755446570415,0.0026324003864555794,0.04038760203827206,0.0031512771656483675,0.00300651624876089,0.0017276519763567452,0.0025875306235502633,0.007127155784873766,0.06865941647769641,0.0012394313783987536,0.0048914041102775686,0.004507960640994454,0.0016759683479350097,0.0002782078566108739,0.020090468261280366,0.0094050478557843,0.0057933901833735445,0.0003635516841272041,0.009325334581801438,0.019028812069047725,0.0014073648947850702,0.001806240147763699,0.019590390266742048
300,0.772772366619624,0.0007168949092322226,0.0019835184093600585,0.0031834837160300855,0.00143381621242716,0.002078675250405149,0.0008488854585814946,0.021840565996490882,0.0008027953569370003,0.0017958702055035402,0.0036457740323212594,0.0016469016255577541,0.0011528638663597791,0.002325954437245181,0.000840760157093327,0.0004513722281345485,0.003004027078479582,0.002605934853195398,0.0010390234917301803,0.0019313882305846339,0.04162102479057149,0.0028572513335190946,0.004979568909855825,0.0011368209290938223,0.0015455379115298037,0.001547614238657316,0.0005856191197517411,0.0005999052587720034,0.010135874211073799,0.0016771627745391152,0.0014511048975369442,0.0006818511466638198,0.0012031302736621055,0.0018745127393663202,0.0013581606647632043,0.0009441208561917377,0.0009471108959704516,0.0002978307936932891,0.0010863773360892542,0.0006242252670002613,0.00039260315450105685,0.0005144142791057111,0.001355684392406993,0.001852940461130103,0.001047554480111874,0.0036292984792575533,0.003886936820491841,0.0016120454593357711,0.0006823357703745703,0.0012717803286317435,0.0009049824872622353,0.0037873611906626948,0.0006598316349937779,0.0014402280956451938,0.0007517949479176331,0.0031589263652077163,0.0009031022852265203,0.0013433749551024438,0.0019708979914783925,0.0013210889355583274,0.0019732216001436573,0.0005752630242054042,0.0006292455057939234,0.0006394728667432894,0.0026485009130671954,0.0014773259380350115,0.001276383022997446,0.0011959561351245008,0.0014979809333808146,0.015008440409123493,0.0008694108403079548,0.0018085221402658548,0.0013180952889022646,0.0005470134233239591,0.00025580387385922736,0.0010371802815334313,0.0020479367809741363,0.0062095622991290645,1.3110906319091226e-05,0.002766738659940567,0.009351157113725148,0.0013766372592627636,0.0017252702253946863,0.008008911560450334
301,0.45023101111809877,0.0005865316348551306,0.0010764721074838827,0.0006522206400337126,0.01132310774559024,0.006376107280566401,0.004072634892702811,0.0006873788042218339,0.0008450974583879215,0.0007406796026864498,0.0006764667883294724,0.0020421946938404467,0.0025513869947238303,0.009355473765643397,0.002479727316986592,0.00037397063193129646,0.006368307265313613,0.0036212187717519955,0.0010033412619770655,0.0011884963155164166,0.08526475971547091,0.001859051486461881,0.0004346494993325326,0.0011863403298097714,0.002019421298073345,0.0025554293199275425,0.0005767569879100756,0.0012854051176909337,0.002190026385695749,0.004071776745759787,0.002233393308807049,0.0022359371367931136,0.0023154990850678737,0.002103872456389824,0.002494994629410468,0.00046628794116279507,0.0029960153199969065,0.0016008013561603048,0.00915550402147421,0.015754116701310248,0.004992459121183567,0.004794789603921046,0.004906461631820065,0.002063666397067171,0.002173014245797096,0.0003386619447392845,0.004826238650591428,0.041581196307779233,0.03735670871879949,0.0015391979028207782,0.000650625713432882,0.0008728657883976367,0.01709305143885296,0.005342663735479035,0.0010542078789285577,0.002550212400161261,0.0011410973434030206,0.0036272997326685574,0.0028488118246777785,0.02590586391154668,0.000583743237263357,0.0012373709444164335,0.0341436705424078,0.002682323910303931,0.0006376646858181026,0.006829816566591815,0.01146626227612557,0.0017178759594779186,0.0054523750915502775,0.03216327158406261,0.004611330281162779,0.006279728948437268,0.0029430394775523767,0.001287274529749089,0.0004788963127954591,0.009195510501314123,0.011521331647423645,0.002498423356100265,1.1514131843955663e-05,0.007436012110573376,0.019612252643530337,0.0018350588162631381,0.005608962075721036,0.015055332144101262
302,0.6524486330588944,0.0019178971699369554,0.0013526190334504592,0.0015724523539909824,0.022488667082792357,0.0011798144385983076,0.0010457345623897428,0.0011575860938225608,0.0012147470544195918,0.006032244526693071,0.011263808006463231,0.00147334477223582,0.005444241317832309,0.0019586630768759486,0.001601671913281523,0.004131107551279717,0.0022119456965945545,0.0015329163331270247,0.0017185819545956905,0.0007978132878992982,0.0028743013570936777,0.0031834971001843235,0.0013966159364402514,0.0011554448869312392,0.0012839526093555824,0.0021561781287739406,0.0007448461168252296,0.001308921537748163,0.0014907582601006626,0.008409049316329424,0.0025235237120726068,0.0009401910021220377,0.0008198122214959823,0.006293523467974553,0.0073649986565490115,0.0014225965481840866,0.0019580973193894387,0.0017388316708806372,0.002042949012104508,0.0013156141461047747,0.0015726357024654285,0.0008964440479984261,0.0013196951266095157,0.0007614333927892763,0.005165791561022741,0.0019480368861266172,0.0023318357642510895,0.000974738202327836,0.0024296251101921717,0.0015564318035349702,0.0008877706940017271,0.0019329812101189611,0.0004847285379639036,0.0005253384883747027,0.0012340182886490152,0.012278653191617903,0.0021511395248228473,0.005504261865157348,0.005848896348412969,0.0029019362408777864,0.00121239137508137,0.0010824058101989986,0.01715383912000326,0.0016723720848273993,0.0035883952640994995,0.024221832764195237,0.0014586749693205308,0.02037157211174293,0.003694353534207913,0.025065359412108364,0.006081055738389189,0.002510879470519391,0.003253369866701639,0.0004631377882172152,0.0013909338238450588,0.0026258668263905807,0.00807230627201327,0.004293719847383141,0.00010046078409590487,0.004758987325907462,0.013283110060529239,0.004466831555752654,0.011974752958010785,0.011528806957310084
303,0.7014554446178989,0.0008729225335153767,0.00269164138033413,0.0014490603579265843,0.003780352628460236,0.002175534615522578,0.0009714326209145853,0.0019504671416938739,0.0006438548323174236,0.0021114914225214853,0.0021370931520379136,0.0014764109799405665,0.0033636132530247037,0.0004495608672970639,0.0028840948148130857,0.00044927680483597605,0.003484759577154248,0.024128221555326148,0.0011198116405521231,0.002658944683438616,0.04545546160967058,0.004233987856728381,0.0017342940437077836,0.0010358185003557134,0.0008669201968601778,0.000545127756077517,0.0012607158616344345,0.0008189116512357481,0.007732731696037294,0.0027472742042627145,0.0012250011984529206,0.003258335639905767,0.0017409129053340315,0.002686044547525542,0.002396941998133715,0.002020931553709798,0.0008659183852364807,0.001775596800764121,0.0016262011909972851,0.0014031225825611923,0.0015457721770119894,0.0018698224124859052,0.0023046134160426292,0.002241341630533764,0.0014390584189776312,0.0017499830895631012,0.003369036961106678,0.0037193032744966496,0.0019574931271459472,0.0013199682808787744,0.0022799067968007044,0.0012663593643765592,0.0007644386650682418,0.0013036853181333404,0.0029204511622755364,0.0011486792749452336,0.005779996979268083,0.005844469621535905,0.0038677062738979038,0.0027742977068760176,0.0018909421960311317,0.0013984116091102603,0.006765321570169669,0.004413981459192406,0.006000355697332848,0.002263644345946162,0.0015475615618000082,0.002011943414899768,0.002383870223607947,0.018542634692283254,0.0007779912187830858,0.002645892781045635,0.0016866047499347894,0.00025101450768790824,0.0007300222965414328,0.011219527170949714,0.004785354217633647,0.0037247436090149287,0.00012152230094956572,0.0051731065729319825,0.01324121909020617,0.0009793981810729431,0.0022955112024079117,0.009998801720329558
304,0.64652541998974,0.0013670721481734553,0.001048501353559486,0.001147721778929115,0.003986832924953914,0.0021413580176285287,0.0020137231048182906,0.001433814341566711,0.001228983841731214,0.0015449763675659007,0.001492647982973934,0.003106401099878292,0.01015491970961208,0.0052594309803282125,0.0019412367692964744,0.009431051933114444,0.0015723445090053637,0.013680847041072825,0.007205475634384636,0.003332252821033627,0.005844578854054981,0.009054203035987831,0.0003860264529283188,0.0015918447573970286,0.001812695547295318,0.0014355915353942528,0.010099096316900025,0.0022278720206659747,0.0040763805641235926,0.0022122956559041777,0.003991860398097266,0.00436685726049251,0.0022426891210494005,0.006929114733455293,0.0010456579500157056,0.0016246610202617316,0.0012675358749339063,0.0012521625700280695,0.0007423976787407437,0.003178034587549596,0.0011060347786778454,0.001890432703203872,0.0016262149260713808,0.001486653680557916,0.001569494900647846,0.0007928321950233106,0.000841430689790144,0.002444900300165795,0.005701830704824474,0.003204809506903097,0.00204319559174418,0.0016411427207244757,0.011439081696585097,0.005191612872040821,0.0010124084760858442,0.0016404701210214147,0.0018522128060064606,0.0032208760046449282,0.0014253183896463359,0.005260946544505786,0.004372323213714262,0.0016290295561933303,0.01138442698993629,0.0015713591884687194,0.011608326383442133,0.0031459954263044244,0.00470300305857176,0.006214093732629145,0.012473443470430211,0.033191050750235894,0.00626427332314078,0.001975697733755576,0.0013624533661107945,0.0007666853842234874,0.0005466444024390055,0.005878736749802745,0.00781611987475686,0.005256156732315647,0.000154666608258838,0.005746984733977439,0.014465897841183023,0.005642529283474496,0.0029951424120940747,0.010446491891027759
305,0.797026901504939,0.0010040548001658443,0.0010326722657461956,0.0031683595560408405,0.0030963251504864107,0.0024031998212742144,0.0005716590688446091,0.0007347474128263393,0.0006615922658405229,0.0009656708932049448,0.0011317547606704344,0.007090451342595633,0.0006311487137635866,0.0008171958101431875,0.000979630029371788,0.0040961860538101195,0.001725477595654376,0.0013073651636474931,0.00042948217156992127,0.00034094703513908026,0.028566578787961698,0.002378841188705327,0.0006785599620315431,0.0023830526907305614,0.0013699870709094925,0.0014892528328952859,0.0005535870819600885,0.00036345754015889187,0.0007314534093014484,0.0015545170445300132,0.0069054130884719555,0.0007891197517791938,0.0009175203985329299,0.001430234790855211,0.0010716409122488466,0.0010435852039650606,0.0012190737635919039,0.0023051924167822933,0.00045411930145462673,0.00104134557383919,0.0006897747579420809,0.0006225465261554513,0.0007260307847892485,0.0008258865852085163,0.003122301011373553,0.0015991875187295378,0.0007225999011160577,0.0007412901116225575,0.004884438298820736,0.0005099992142197192,0.001152831166669693,0.0015299155736660185,0.006882364723034078,0.0004799498012400285,0.0010101880612245185,0.0014538116904313269,0.0010869512631598848,0.0024765506673079603,0.0008206624236094697,0.008148092182815272,0.00047296078429363635,0.0010022067379689352,0.0005642060463129918,0.002063001153081677,0.0011462860334377528,0.002542151045279098,0.0030442777186671954,0.0007197405619027772,0.0063432369995682705,0.01992547372181888,0.0008820906169356052,0.0014666860101465163,0.0007997439225549013,0.00064235256990544,0.0003646814428513001,0.0039119288285344835,0.0018263631408589514,0.002317788173491951,1.102698035955967e-05,0.00433884746827666,0.010920042719810341,0.001042503558568146,0.0015317765445514609,0.006173900731247667
306,0.5942748425240801,0.0006736085153596044,0.0014018837305353334,0.0023307751234118938,0.015678674622113458,0.0017145509253141667,0.0015388787028411002,0.00041830125717546717,0.01008046928811722,0.002410430977774147,0.0012968163911624107,0.004177221970496519,0.0015315845431469282,0.015391513838828157,0.029529205976191564,0.0009546851463257386,0.006819655106020855,0.010910274952123253,0.014150220234477111,0.0023931399058767845,0.0018170048735314933,0.0011567279595641258,0.013669533095394626,0.0013783146929672438,0.0024894419485883687,0.0024009628184735645,0.0013489401419150384,0.0016360481521724122,0.0022272010942466186,0.0008943931284466778,0.0003563736272616414,0.012535408991645224,0.0006577256949711932,0.0007499418720384454,0.0009424029145888772,0.00048185680356978793,0.0022326616409877207,0.002461687298499149,0.007566139143444958,0.010547325814746832,0.007431108231973837,0.007858873742930116,0.0025335055609010415,0.0030540032055681406,0.0011397020456309147,0.0025642296303906445,0.0010439685437487163,0.007697375627026271,0.008429348681895944,0.003918796088001975,0.013215818376420404,0.0019574935560501125,0.0016338436459956101,0.002614593654580054,0.002135032129698834,0.0036018007759761723,0.0014889912258777198,0.0014000264628920064,0.013234014265208713,0.010030251462280473,0.00165681977589774,0.004715360169007512,0.003107180102127371,0.00042500080915570227,0.0017986675982850386,0.01104525948707289,0.0029575613571508463,0.0014984992585862593,0.0021929052766737037,0.022621682723565895,0.003716688518506976,0.0017500729632419086,0.0025836479871206492,0.000550521437443761,0.0004915380606843519,0.011570390931479192,0.007756050028273909,0.004873078566897008,0.00012077391971352488,0.004934243271062234,0.01064133196712791,0.003800922676619117,0.004877493701178556,0.008104707061654415
307,0.7498791384731399,0.0017923802608271133,0.0016491330903793753,0.0008251850137690341,0.005949685957739813,0.004589468598597685,0.0047412218806214615,0.003338952649323174,0.0035511930330254086,0.0015723848271063446,0.0025662667627345476,0.0027950546297294365,0.0030521706617978963,0.0036568913864653465,0.002979399372586882,0.0011176460501571375,0.011542553324768303,0.0034079380061672053,0.0004137621660678782,0.0016220031686573527,0.005368910481274206,0.0003576898226856518,0.0015053586898277108,0.002252854354112935,0.004452729658599227,0.005639335014873489,0.0016759822648005256,0.0018836824209880402,0.007216188349604475,0.0007349305650804489,0.0015025753227374521,0.0013126626080496014,0.00043581843970819594,0.0030103837080124964,0.0037630452154083153,0.002301130616604925,0.002385008331460444,0.005550092909018881,0.004607039530017903,0.0019073408493881867,0.0018343866878891542,0.005269842989480622,0.0016881492481101085,0.0006451467073671063,0.0023338612168517544,0.0038322554320610472,0.002546805139967502,0.003528533183902565,0.0032981015673618744,0.006160220790749975,0.0017670098476141945,0.0016142400019467933,0.0021473785111055525,0.0015516295765270354,0.00044056609483433156,0.0014720036407334803,0.0039276112768816375,0.002907723482204428,0.001923585092142719,0.0049130394799296595,0.002820948420250149,0.0031994036004600055,0.00041698817694649416,0.002598279412304091,0.0009080411774856151,0.001373222841794905,0.0016918474386112632,0.003309630926735493,0.005378502458819315,0.014074014659554353,0.0004261467986598411,0.003885760126023057,0.0033554413808918734,0.00013002185486972305,0.00012001790281804327,0.0032296727395911243,0.006193541568715384,0.0015870965357724952,3.896564204489798e-05,0.0028875875017682923,0.011317932862930931,0.0005343325320033109,0.000770147578808425,0.0070451774285650885
308,0.6351761426183969,0.0006885308076588524,0.0007605058735738336,0.0009380303153120198,0.0018094427669998394,0.0015274601184517406,0.00314208682915076,0.0009060336666219751,0.001883241898537714,0.0024941029064015534,0.012354965381503541,0.000600391214218494,0.0010783271269507355,0.004894488970075529,0.02046868593189568,0.0016109009384354881,0.005611458520656453,0.01027732012215654,0.002572501516800831,0.0008849669950005808,0.0010885464891416115,0.001060949034462963,0.000871313868790733,0.000534382740409679,0.0016544984806197516,0.009905534514391202,0.0017903866554934093,0.0014694881052586765,0.006052304025100907,0.018642496470864307,0.001167817986509217,0.0007355619598181417,0.0012616498370277287,0.0030130635310759513,0.0009427108417528152,0.0013784586233006673,0.0011649116013867685,0.00137439381056789,0.0007932198204584688,0.001211599326608009,0.001541792023240238,0.0008074466680652187,0.0006820382054652781,0.010677783961013461,0.0013660012126356417,0.01083496237667911,0.007743051376638654,0.0019495986414309991,0.006346435652823343,0.0017674602603040468,0.0010264845825318006,0.0018358453571535706,0.0013709742834947176,0.001255580452876328,0.002352662332303511,0.0012759006155846114,0.021080582760133044,0.0012778948519808506,0.0019376907363734105,0.026366967042257442,0.009389440552379037,0.001562128357393243,0.00232127159802263,0.006603560591396019,0.0008144264407552652,0.013507346094745448,0.002321495919546601,0.004963834905271222,0.00236443575936804,0.021897188115858356,0.00375996465142875,0.0022861330073286573,0.0010250019694118284,0.001142042281437873,0.00010872055105452982,0.013319849326195185,0.006802619882114863,0.001984989802440026,5.111201772337982e-05,0.003996981060255415,0.013670237960115785,0.002816530829599388,0.004112447227489525,0.009888215463845705
309,0.5257984857339575,0.0012883293763046766,0.001325602376390966,0.0014734243869376949,0.01689165320972826,0.014155725115677071,0.0018429801258987256,0.0004955017150905471,0.018903666466158226,0.0006976622901936313,0.0026207433692124107,0.01899246914579798,0.01785160123304653,0.0021000374988173896,0.0023887694530352207,0.0015022944551908158,0.018869694954746902,0.0009427125314608963,0.010929919806856233,0.000968059806428512,0.005681841081994723,0.0018440497650205638,0.0009720902533269814,0.0015455161432033626,0.0004475231266548306,0.002178639442834792,0.0018165471066384038,0.0020304957333364894,0.002252271054252059,0.0016852830276321029,0.001823187953097184,0.005068965166931185,0.0009045842108366825,0.008035032486465752,0.008705277740730934,0.000804571084148221,0.0015537145469097639,0.002224190907161321,0.002564730908582859,0.007040221619350581,0.0004942240396034737,0.008202523088822255,0.0011724619376764374,0.0012893675402927348,0.0020458849730106937,0.0014220388813195879,0.001210480243696638,0.011658604740123592,0.045152564608450005,0.0034615823091851705,0.015035185718403206,0.0008501465362211723,0.001040617404510441,0.01217818893041215,0.0015664953728739225,0.0075450649752950025,0.0012373326700418474,0.0016619204389788677,0.015109301594029312,0.002124783084017741,0.0032693059764411694,0.001231436927438193,0.0035705005506743927,0.0006041186945536761,0.0027401173123964046,0.0015744085048867635,0.0016638363299932883,0.001748888644242837,0.009796386735737107,0.05146556075673681,0.0023988039230250766,0.004422905498089931,0.0036880940363406252,0.0007752422354834294,0.0005774426493670682,0.005535232860317193,0.00660729685798227,0.004175397442915425,4.312133341726956e-05,0.006553392613398088,0.015479604095441251,0.0029212775435286205,0.0031413917407462806,0.012339401239843539
310,0.7384913604231457,0.002499011614140701,0.002975369460125024,0.0016819297426689563,0.003544646217023526,0.0018022956950276784,0.0010905525079979129,0.0012157816406562836,0.002671853600137132,0.0017815813990204527,0.0034154002834514596,0.0029107836785086756,0.000770520343958325,0.0014555567911300913,0.005345989642403014,0.0029158968293257126,0.0017694564609341697,0.0034576737162344212,0.0015790358450668107,0.0002812940959053189,0.0011276765291407856,0.003882669419259889,0.001966281294608562,0.002478725399722543,0.001723181602447423,0.002112597402860409,0.0009658546899149356,0.0012552795607524419,0.003594211412488113,0.000979483213495098,0.0006757196869045338,0.0017556098210145864,0.0026872527293401653,0.02495663789523938,0.004350215540302649,0.0022358386698119194,0.0018393879014011792,0.0025756419361888153,0.0015854229512479816,0.0015500200344203817,0.001516805994341217,0.0019688751553117727,0.0014950399791122202,0.0015279029894705743,0.007505966916650836,0.0013837648281190217,0.0018114699767462928,0.0010580839887380457,0.003473241680883573,0.004145459387288975,0.0015446475127656165,0.0012921853586714818,0.0014797974377176882,0.0019078851636144915,0.0015024807131168534,0.0029167444003530825,0.006107099330774188,0.0009196761589999832,0.002252344862889162,0.0030943693151961856,0.0031855531360541266,0.0012651371958567739,0.0012843749270054618,0.001864110507284817,0.0024427652313905243,0.001772516472660317,0.002613429382575546,0.0019817698566871413,0.0026528189623901267,0.03296737440635013,0.001793084898417172,0.003233830378961705,0.0017590697446910725,0.0006688298251903065,0.00019942791326273474,0.00384661155278535,0.004408740725170282,0.0019516669336544401,2.2692005092268725e-05,0.004813767636862266,0.016890111515657946,0.0016012954401177055,0.0023141502482398424,0.0096093322754577
311,0.6636077880053619,0.002371251535508498,0.001839347256567912,0.0016853110097414987,0.004897448763894774,0.002814946428382128,0.011717513631133245,0.002481153969018674,0.0012276630807448526,0.009273483438710699,0.0036941885721588834,0.001148308946917268,0.0024174714224994374,0.0009659958978595143,0.002765747727575584,0.002628768124692721,0.002008627887660175,0.002321940309943283,0.0012207872318921106,0.0008935258653249089,0.0015926694282906125,0.004596900027788312,0.001633134132189811,0.0030797219236813156,0.0025263871736546906,0.003485783959695437,0.0019934369422619394,0.004639144353735937,0.003542729213813521,0.007162284490256339,0.0015748351285680287,0.004227055216634868,0.0012641787775351744,0.0022533051356304415,0.011413880587738503,0.0010404166408096377,0.0019164510287714787,0.002019860343944385,0.0013427950065246189,0.0009245290452872147,0.0009790055317368067,0.0009090285155322911,0.0016154736350845753,0.005371047453798403,0.004106038599820095,0.0026365560279703686,0.007851493235436883,0.001219403826723777,0.002480505081401344,0.0020151106421460053,0.001988650573371262,0.002976663995868991,0.012952864800199415,0.00133783826006527,0.0029192970678439067,0.004246066583842212,0.0023740717429325147,0.0019161066992104646,0.001758028054878068,0.005880933180628501,0.0026947409508800303,0.001908147127900756,0.0020034738473087964,0.003326911981527968,0.00754949849205004,0.0010745649335077115,0.001193045958650901,0.0016446984263101393,0.0045822413746313745,0.03512366113561689,0.002008399461032839,0.004354989185301833,0.0033738921794931854,0.0017932330357889367,0.00025524973378194854,0.01243802672356735,0.005889440302811406,0.00380228840051992,2.1560521053099532e-05,0.007960700081873258,0.020372107059721912,0.0026288802993174867,0.005005186815609281,0.01725011080085171
312,0.6578188006120692,0.007004126405382219,0.0033627532583030643,0.0012428012363349774,0.002017061007803817,0.0010985385199715186,0.0025936678082906324,0.0012950571278982628,0.0020262427477476864,0.0012652658318268715,0.0029815185252965374,0.0015045166489557871,0.003155697596822112,0.002260707188069036,0.005709185330542361,0.0013391630996630063,0.019963393753725397,0.007333003080804292,0.0036674030204657837,0.0031778475239257987,0.0029256045431130476,0.012311431987291576,0.001045486853796494,0.006200007382329458,0.0033001762326957075,0.004451724094569929,0.004203410280266147,0.002967024994834469,0.0018137544557979748,0.022887235690721527,0.003734539344405846,0.0018588690942158035,0.001591457004903676,0.005216846102102273,0.0009692194842168192,0.0002860662930260855,0.0006129217560674204,0.0005593681405645295,0.00092310801077347,0.009515221490557677,0.0012597115509740478,0.002097395529344352,0.001069910794419038,0.0012232507608500437,0.0015017268062898347,0.0014622591253737598,0.0009665157336606139,0.00265876879626708,0.006123486944505631,0.007811792046483745,0.0020844600411933432,0.0011819616401437772,0.005171465166417187,0.005136536759588231,0.0026073580369700665,0.0021241046508056775,0.0014394798657051614,0.004450193069543984,0.0019495825693097684,0.0011496089978580196,0.0029912626645172374,0.001513448759268952,0.0065687383042037925,0.0010989293113754712,0.0029818291756765814,0.0031590209168510484,0.004416669246339773,0.005622186572313439,0.010055708477977177,0.023938855119506563,0.00268030678346423,0.0049822816788124115,0.0023225755186059498,0.0019203001207554113,0.000229021561825338,0.0054595074119320845,0.00759833253734615,0.002715190410666912,6.680621416798239e-05,0.006571764992369641,0.015583694615845366,0.0020351124657931583,0.003569388534595363,0.010259276159938347
313,0.5657570172110762,0.003969489543615273,0.0043754623239831225,0.005283242162913365,0.004313486627344392,0.00209702488285465,0.004768437035549677,0.002023960251830458,0.0031615723320552896,0.001067899763725523,0.002392798925025135,0.0018261792694357932,0.0008230741213233584,0.002584056590631675,0.005494799605436855,0.0024994238181252054,0.004065799774154047,0.030043522590121993,0.0023120137152243003,0.0006818154995474247,0.010236207945836672,0.002788313763960553,0.0031714015040037414,0.004310376858670667,0.0031619110423935625,0.003128652421281021,0.004093771775652738,0.012264746474394858,0.003756688695504059,0.0021045623902817855,0.0037089720364099563,0.0011078146839749142,0.001649398171820433,0.002984178502229598,0.003051303037094191,0.0038642616715223303,0.001851704249625168,0.001709039290261151,0.0010737927641461934,0.006262716422137545,0.0012124585361998996,0.0012004149187051026,0.005670870840312836,0.0018444531917169741,0.003224308783668694,0.006895099096957944,0.0018714730786960055,0.0017667444757402647,0.008577547001978481,0.004838248627533891,0.003283402549877169,0.0012091883673390022,0.004121593851360821,0.011368235911770344,0.003832950752013514,0.003245363222927469,0.002815204293426659,0.0035473590758602425,0.0018240507830645462,0.005319963384128241,0.0025315330962151585,0.008167391448682188,0.005814250573448578,0.0023271357731665995,0.001933890690298202,0.0020688190357245105,0.03460499490760851,0.012091036801199318,0.006005818423828342,0.03924360542050297,0.0011904244209027539,0.0056327151186878616,0.002647993203078776,0.0006632715728797374,0.0001924975490696266,0.011186873730904358,0.008864248405599648,0.007151891378786178,6.975809226039208e-05,0.008645684450901865,0.01732587148528869,0.002171326607283391,0.0038556789149075386,0.012123468410322115
314,0.6409820488740667,0.005383451509409496,0.004428958989376469,0.001493642256039656,0.013917689574651665,0.0033653297291862134,0.001285276644089219,0.004796069134217464,0.0016346827938411052,0.0067213449061041776,0.00348249392686551,0.0022311638186448407,0.0015605489313056243,0.0028019116254445428,0.0017662076048271715,0.009886565282489953,0.0009562864306548863,0.012720261138346905,0.00386073327634165,0.0031230996492619353,0.010755111180842332,0.002158665094837059,0.01150100433002011,0.0035952450194991323,0.00358862714278097,0.0027077047670684014,0.0050307883987829455,0.001548817486313475,0.001311557964852554,0.0027184999970904867,0.004571763016904874,0.0008909566639955555,0.003167078245851895,0.0028827493625125833,0.001673774005912714,0.002633694026206952,0.0030631082815586377,0.0016526030162938713,0.0013483144850443775,0.004639750825243921,0.0011406439947321179,0.0015273941016969877,0.0016202764562944611,0.001475756954109626,0.0025363436903344007,0.007972426914537482,0.0007973800372118521,0.001624489953266266,0.004964934079134621,0.0017115287627020666,0.03824663894404106,0.0033338862418282526,0.011196348837376656,0.0015779069616829685,0.0014314066614351622,0.0018274740045428912,0.0009691967735522257,0.006067417950832138,0.0008295291062712712,0.003989168596637211,0.002702730955300684,0.004470436758592556,0.003199723250288978,0.0053415426861240616,0.00177436874389805,0.001048394549571129,0.000884185728829666,0.0019480820788123872,0.0015885540064630044,0.02207397497945904,0.0015334222517452618,0.0030264401503944716,0.0015286300484171377,0.0014633978667620037,0.003717942417724758,0.0029838562862951304,0.0049301320405814465,0.002386604194659534,1.4012395590136216e-06,0.006556436799367001,0.012667738120019562,0.0016041172080241452,0.00844036374637604,0.011449795463737065
315,0.5054642778299249,0.0016711861645461654,0.001154459217579322,0.0060403172392220475,0.005673141877798404,0.0015438211491949688,0.0007251195315061823,0.0011793356909078933,0.002893243688195884,0.004250090953320605,0.010742891149042519,0.016055371147441457,0.0012610659217985236,0.009571439819512126,0.00817084171906193,0.0009344042310933679,0.027834140796588143,0.0026363733943326187,0.0030156510562894608,0.00407732954734576,0.004508874869696398,0.0015101459935325417,0.015153106140920868,0.001761466881816351,0.002245520172965573,0.004349801860515624,0.0012995065042210683,0.009134862759192817,0.0016152264411536995,0.003838874210646103,0.0025417161680487102,0.0017703565892744464,0.0019187319254368655,0.011303019591296993,0.00133654990860927,0.0010855295176180892,0.0023658620861657913,0.001567213681920761,0.0013384764693310932,0.0017245041302245633,0.001572217153598321,0.0019145365414193498,0.0010908019507132143,0.005380901533258801,0.0020624064869616283,0.0025221236978961335,0.004020271464889798,0.0022562573960689656,0.020253777846248433,0.007459692213393921,0.06331050591275075,0.003806116083235505,0.0032810093761246554,0.021221963840092388,0.003927122462351745,0.004429174635819346,0.00550371166156905,0.008258553506801955,0.0007734279768671331,0.0030397068567942316,0.003266334412600191,0.007240109452124963,0.003660911666804096,0.0012028054762376113,0.0022232824001584893,0.007877060473501899,0.0007521317138678995,0.006747160665997273,0.0017806597824440156,0.03744116362618463,0.0006552721246046859,0.00448798400807911,0.00471442845648986,0.0007284475253167882,0.0005174341059964424,0.002163357971657109,0.018099804988975777,0.0020056989444101887,3.637096481276806e-06,0.009440205563847878,0.014752546095815777,0.0005688782813098504,0.0014245006315583202,0.014898057911391023
316,0.7759271784774248,0.007167207113036649,0.004791069744436296,0.001848776868268488,0.0013679940916307284,0.0009747413509880275,0.002597579595872446,0.0027988555056270735,0.0012179231678524779,0.0017474009672497081,0.005190076595471687,0.000357568103478905,0.0009404316836490089,0.001464388040806655,0.0007996782795967323,0.0007175780805364614,0.0007616752611186661,0.011558525969116914,0.0013861089663154034,0.002601334461450522,0.002055847573260648,0.001009305863929786,0.0011417875360633257,0.004754611655671312,0.0014866396257887152,0.0020649681856744363,0.000547787172126933,0.0008281420363055237,0.00179650439126274,0.0012290550371602178,0.001724860821598652,0.0009648974361305893,0.0008171887615284354,0.0010049073472787912,0.0008092451590814936,0.0007551286987725039,0.0015263466835426709,0.0008020144835397315,0.001173986043955008,0.0009982997094243231,0.0005612134271877299,0.0011134617082098795,0.0014027909572033276,0.0008958491506587372,0.0031785813485682123,0.0038470629090564044,0.0010315113708486987,0.006963388702183363,0.002819102658662525,0.0010125823452090642,0.015364400278185584,0.002673273987590199,0.002982795338265726,0.000584093438450866,0.006924186678584671,0.0004222235285607582,0.0024415079165440844,0.0010601169410036982,0.0007021825989273843,0.02420700950597629,0.0007537611924993186,0.0013406521627272272,0.0004725068602072856,0.0013401893091409159,0.0007486961717610917,0.0009999765059827506,0.000888704182347351,0.00119820566844593,0.0019064795225813367,0.01517762797396714,0.0008016923379991763,0.0024502139402052484,0.0016142113805498232,0.00023318588659732267,6.903068202609553e-05,0.0069155309279723695,0.004245538748192906,0.0012450026260828239,3.106878045008992e-05,0.0040886442303411825,0.011803881739419169,0.0009130548822243893,0.0007195981164032736,0.006147594835975038
317,0.72101087959254,0.0005296005561337682,0.0012207869368918703,0.0007411838282173247,0.03016696738437387,0.0013767523366544885,0.001245502020269504,0.0004557258154338524,0.0006957993714815697,0.0013216081762732063,0.0014178976117975135,0.0005532712308781264,0.0010878505004680594,0.0010132209598414466,0.0012989936881162786,0.0011076250597011445,0.0011215954753750399,0.001233083107319521,0.0007228019568731962,0.0007267854699992127,0.002483036813225588,0.0012766135101802897,0.0014281329869990048,0.001573860101446753,0.000741615376652403,0.0018412556397257925,0.000404128544330376,0.0012252499312642082,0.0024280944277422995,0.0013163953462034899,0.0007315930926888834,0.0012224193530792633,0.001308355589641599,0.001199153241075847,0.001355504780187055,0.0008428410817602189,0.0009229443944265091,0.000831288047041752,0.00042870861648800206,0.0013858535242934043,0.0007102524698059766,0.0011635283233926157,0.0017252901417350202,0.0005858181328274041,0.0013039617247993377,0.0006023302393195788,0.002675632514302845,0.0007952305567996527,0.0036066036887775223,0.005787310928225683,0.0021347033641622736,0.002479674418228012,0.0011701669669889625,0.0005358460936373114,0.001645678580853311,0.0009256101783845175,0.001307728470603898,0.0008446335399486174,0.0009054236403485962,0.0021856973977991095,0.0020005149876954572,0.0008981931237560073,0.0009064376512765929,0.008272945183623048,0.0025321666238924847,0.010631238801934124,0.036963326408454095,0.016724666451639066,0.0024442986401286655,0.023521438367985953,0.0013712321885898252,0.003540095888432348,0.0015620394216703235,0.0002636966433664861,0.003910954538689926,0.011883713319049806,0.00860431876474286,0.0026831341956425015,0.00011090662527591198,0.0047484130427590966,0.012347030075780495,0.0007647018279516577,0.00402759507582929,0.012200845303802223
318,0.5845305875555786,0.0013690388122780796,0.0031268200796009025,0.0053280724500446705,0.005122390991578137,0.0009217377058447611,0.007517566054829383,0.006305386729522407,0.01094170966458817,0.0129353675674606,0.0013985305708126168,0.0023479513190487675,0.002105153749423119,0.027077902817047174,0.0012271591165501949,0.005270918609098277,0.0015816576145491323,0.0005975672023473709,0.01164304162189918,0.002181424619423349,0.0024940024989069183,0.007937028547685179,0.0016290006592499587,0.0022200967259016426,0.008335496106990881,0.0026845283605814916,0.001284302254875878,0.000917842004342965,0.001705957495028444,0.0018494494055895639,0.0025742053180839958,0.001007525470203601,0.008581982462552281,0.0014678080569009982,0.005440593567513074,0.0021453531836393615,0.001034889753767391,0.001167277337945302,0.0015665871452727846,0.002879831493788762,0.000768734205588841,0.0009801695947409365,0.0022942337585026076,0.0018330179777502164,0.001434434252946226,0.0074503736100116685,0.0020407066546649674,0.008991590412657135,0.005770805559972297,0.005271957220637234,0.007804870531177183,0.00946846978298041,0.001320792469800799,0.004687822855688351,0.002209427444366482,0.009900611273551256,0.0038251623749871117,0.0017641314197896268,0.0015643279075632085,0.0013721652382464396,0.018120240505871046,0.008067000176721352,0.0018727552031165494,0.002194080444130337,0.003610580655421302,0.002181351681666705,0.0007664945524109304,0.001409876612199842,0.0011632899950950618,0.031037877848400862,0.001401035016856809,0.006757810115304509,0.0012268093071364497,0.0008687000308103699,0.004922629429091447,0.015403797803777078,0.00859564789705203,0.002763723066157276,6.534742499834783e-05,0.00600937932958297,0.012241995708365412,0.003104966472879989,0.0170697795186092,0.01593728395837576
319,0.44523133168458806,0.0009729322672635263,0.0013057486505640033,0.003360207353015685,0.00234911819261307,0.001666108916850099,0.0032751856625967907,0.02864623946083734,0.0037025983634239247,0.005709718916839801,0.0016144377099606697,0.010780905919648006,0.001934730430839133,0.0006176310043020485,0.0024199014115224757,0.003564104595154595,0.04047672862188709,0.005640215547114342,0.0023619493284312877,0.0017439708254606127,0.006792451407508522,0.002303325401687055,0.002132530384907434,0.0016774857634667723,0.001754939046960996,0.002579381953520621,0.0076072432254167275,0.0038802650549009557,0.0018550487835619239,0.0049839882800765106,0.004653746581206213,0.005692854400580729,0.002662572087792509,0.0011487781025624596,0.004014416183229578,0.0008982015664510534,0.0010386380871540437,0.00249525987792384,0.0006006425440856193,0.0017901492995186475,0.0023102584208709058,0.001639225382609847,0.0009913641892062284,0.005322685557671666,0.0009376031136409137,0.002091276471330088,0.004652528342779582,0.0010204461418297645,0.016045357720180127,0.0033689939283956063,0.09076152143006466,0.005118487825967034,0.0017203142188053826,0.039932869244758376,0.0015767216505804948,0.0032567388602261294,0.006952577420934651,0.005278808299100994,0.0020088340846018313,0.006589132303195545,0.003291289077996792,0.0037320546660583953,0.0020173040438122166,0.0021090518724620885,0.003088110347444869,0.002819224316545584,0.0016501531220799413,0.0033674586610591053,0.02364179430750183,0.030654856870128522,0.0028739486066128644,0.007358838127563401,0.004773992622952403,0.0018499319651912244,0.0003141931725939091,0.014318202894026723,0.006166493976720296,0.004032336594485124,0.00015081215729653192,0.009507061113932526,0.017827554751098266,0.003008147223328412,0.0056306781105186264,0.01630508389641548
320,0.33727001831578574,0.0011065340091283304,0.0007770928507837175,0.00339715811104356,0.002450299636332886,0.005075468450276019,0.001888620230777354,0.00905697880633053,0.003792951550169304,0.0031915913995931217,0.0122050505903574,0.0013048207503366547,0.003854364760035657,0.0030467058255471855,0.003326354492142898,0.0016917335885146016,0.011784925525778034,0.0019043916894385404,0.0036548640313317426,0.0012481488622002657,0.0018030137881934858,0.001483013625344003,0.0012962837560043842,0.000997869046315408,0.0008058072479107894,0.0034792204239751,0.0015176912649813516,0.003818329846584996,0.0019230633824651572,0.008443811100018002,0.0023211167410265993,0.004510133967086176,0.003039892053251567,0.0018509215278781322,0.0045984130829712444,0.0006377567653384691,0.0012301604379611113,0.0014331321491034776,0.002642950702927887,0.0015138491800008316,0.0019263960902606977,0.0022800186836456054,0.0008645783893877662,0.002891990204915198,0.002947730127636358,0.005323863087391724,0.003080701140025509,0.0012531982671951628,0.017612089946835312,0.002805288552460523,0.23640932457255473,0.0019918010440946113,0.0010969571154484667,0.003648494856890439,0.00260196709143258,0.0027025089115084683,0.0024681375179542646,0.006299807155232041,0.002306658447582298,0.03680106372707425,0.00416367661229697,0.011618050078114284,0.0023367672121588174,0.0037651032666683494,0.004134937446812994,0.016401781741869133,0.002370607914468755,0.008608765071375014,0.013832798921776341,0.04808867677601671,0.002934134217993523,0.007888341377733732,0.004599942161913506,0.0006706648765062661,0.00031712002161525326,0.008552721394970382,0.010612683534017309,0.00368090674134541,3.655832601402416e-05,0.008149406048577864,0.016987588556104896,0.0020678140135041378,0.004165341291981761,0.01532853390139689
321,0.5281929238232265,0.0020090045626400227,0.001309171462214906,0.0037654495909603264,0.002968548197960072,0.0007797693621606573,0.002590378697868299,0.0022213867545602508,0.0013393398673487238,0.006474662312574388,0.0006899935032566153,0.001794501990899308,0.002293570928034809,0.005120022228315756,0.0021495595040450315,0.0008980875354061614,0.02439284106553734,0.0034943537773058763,0.0036329708959661772,0.0025799466051867237,0.0038467683230396597,0.005173667625790983,0.002214244949884067,0.0015558010969834368,0.005601242130257671,0.006280136622388657,0.001378275656071173,0.002796795088681674,0.009490952664929444,0.005332715014642648,0.015992095278745896,0.009563204967827057,0.0014486605736197702,0.008482665818603677,0.0028442248569046924,0.002287989232263359,0.0024320085838029615,0.0013101094341431531,0.0014231270547208563,0.001080363902114997,0.001303281039321706,0.0017242237768900683,0.0028815137885273593,0.0011908557549330054,0.0022516309737850497,0.004402395898830865,0.002228326112451952,0.004312309300968266,0.0027336788102518906,0.011773735001522748,0.004158844051671656,0.0025337592477879716,0.04069587730857269,0.005451094468585778,0.016940887639945515,0.0026720080934532486,0.0018717970460181616,0.005412416401828621,0.003702187917223278,0.005373829063820668,0.0019346453911376035,0.00956139130020315,0.011917805363731335,0.0021340487873645394,0.0014896419438364507,0.002028826214496561,0.006366710332285096,0.0007845859438355537,0.002799175926266021,0.05339686452541108,0.00234187319152638,0.0039122119265552376,0.002013135500680916,0.002160356951646308,5.0690246055909444e-05,0.017395974744175435,0.007084815908370184,0.007766246298254617,5.014934747331499e-06,0.007764596514508122,0.020728626260770287,0.0025514847284594934,0.002412996194669869,0.018552097633738197
322,0.6323108694594382,0.001117858629354992,0.0022814897693001985,0.0013667413452820945,0.007952324524414236,0.0067522380753590105,0.00924989500151566,0.002920069040883009,0.001132529656994624,0.004825698571545297,0.009923774696212488,0.0020331220231751008,0.0012363089240216567,0.01073146542555972,0.009721405841883388,0.0020170267966170556,0.0017146216943482186,0.012301049407967021,0.01538186422941972,0.0076607754455857826,0.0023413628480694793,0.005010374186787974,0.0007911615409277278,0.002737262579275622,0.0011815020172899343,0.007190829239417555,0.00320796855703523,0.0008750488059633838,0.0016965856360243198,0.0021942367243882512,0.0012020202187521993,0.01089403860452257,0.001999267102799046,0.001857229206390157,0.000743560946246734,0.0019037033790149178,0.0027548306826175543,0.002893703539372822,0.000664546842673329,0.0009310762645448875,0.0014173114297935999,0.0015925840117535085,0.001172573871359435,0.010302478967519579,0.0026168161799818,0.003581004323137341,0.006028620924507542,0.0013375736946502656,0.02424010981047835,0.0021260713009599815,0.0015934002288855314,0.0028858852255776567,0.002473697740770734,0.003913162164226321,0.0031036533341285005,0.0016805826129549797,0.006801933254155496,0.001469443944777147,0.006232353972362904,0.001548808160489935,0.006953894131909811,0.002233595096553002,0.0011031914485424424,0.0035997422577058722,0.00158107022383643,0.0015202490199707854,0.004693533742339167,0.0020588044072802148,0.0014525107199879002,0.023912198474132212,0.0013056329833100804,0.0034081078763942233,0.0017083143388520613,0.000400281980130586,0.00021553984237286108,0.010034828832988289,0.007896252207900674,0.005172468338392027,3.0606901981316085e-05,0.006499801707962525,0.01746180432301847,0.0006180001604276406,0.0021957066952444457,0.0121243616553053
323,0.673731058723671,0.004803081838819453,0.004155016623439869,0.0033681005002642664,0.004740649445017057,0.0010022904546432014,0.0008227780833032986,0.001118287550608939,0.0007292972515868729,0.001555739857247661,0.0007353753405324342,0.0023666698918517557,0.0015210958666992457,0.005407457315422377,0.017279570672353126,0.0010195351335863477,0.0012036078659843753,0.001528774113146695,0.0013002294686075757,0.0006546863735552058,0.0022169422079531486,0.0011635399612386938,0.0015881412829821533,0.0029415377709687295,0.0019562281658541967,0.0069006833459696725,0.0011674929003513794,0.001714492363999392,0.0020246057550710713,0.0018893155278236053,0.003040514489929356,0.0008917057282557569,0.001198505374957645,0.00195477182849887,0.0019171093909574595,0.0011793103947579698,0.0010924921512875537,0.0013775421373094729,0.000710775622854551,0.0015753271440014356,0.0010941494527331012,0.0008220261869468298,0.001048380612782518,0.014688662838911492,0.006186966131304321,0.015532805930295825,0.011926315084351189,0.0028066467948111213,0.0012702586029370768,0.004451008126194475,0.0024112033741089923,0.002027104240252687,0.000803246283133223,0.02110961993058218,0.0008428539805006005,0.0029818923591055607,0.009083328343596011,0.0009648862048247729,0.0008182924166794041,0.0019845717350204686,0.0072229399910404835,0.0014181347696320947,0.0019899282384670284,0.014979444800277868,0.0019742004294597887,0.0021539357825698883,0.026387430734775112,0.0013413751383299394,0.002165541594266507,0.025371958087970853,0.001360084956819455,0.0032810571174133815,0.0015723267267014765,0.00016971502022067425,0.00015960061183189044,0.0029049639403571537,0.007397862398497177,0.0016098098856994435,6.497781022355491e-05,0.0038136210352272097,0.014106332163812069,0.0013797647278938274,0.002726282571801328,0.004050156922277112
324,0.7217929624720124,0.0011058636974058203,0.0017278398000487051,0.0020727371969129467,0.010560740284013631,0.0006449184830462873,0.00291188687901151,0.0014314264788115765,0.0010574663526118529,0.002904281670422536,0.0006685603286908542,0.0010896271116697524,0.0007837128055876596,0.004654860160312498,0.003409140354614794,0.0013440217871892204,0.003428759611790337,0.0025944464350757842,0.001413379360344593,0.0010256666055024968,0.018615638172611144,0.0016386591319445915,0.0011490771356521274,0.002170343272481519,0.0013670791786880591,0.0023682294335982145,0.0011359654347666925,0.0015666701563856543,0.0015341739120208545,0.009923813713665944,0.001104174458449123,0.0030944216834614922,0.0009990956208514225,0.0017031306315625663,0.0016292502936488913,0.0006796639185403841,0.0007453889226486848,0.0008565873668190053,0.0007006706833417028,0.0007073560011447793,0.0006200565148115691,0.0004120505341072168,0.0009791343066273273,0.007501747242862758,0.0013657885707269244,0.001909766674195063,0.003570239118767408,0.0009051158461848912,0.00099259998664345,0.0004763264856692718,0.002849118334441953,0.003153981068706172,0.0011266574282586344,0.006531168286707639,0.00481750710325811,0.0023840138838803894,0.008688718064948652,0.001048546951350953,0.0007775221537066797,0.007865983921821753,0.0034998052195647582,0.0029926109798259918,0.0006928469189766098,0.00402196913131199,0.0015702409697480949,0.001174608748063187,0.006817556024042933,0.002154819054997532,0.013263008470119483,0.021000893380433025,0.0015674745769507746,0.0026749983159130336,0.0013396143225027168,0.0001785059036927798,0.00044314791789664483,0.014427456912149701,0.008172403995916788,0.0037938443133538114,1.4394386958312128e-05,0.006097321605995332,0.010105124660830574,0.0018875800334393772,0.004813945441794477,0.009008099240486957
325,0.5615875708480075,0.0020249334300523115,0.006410724390429442,0.006448991613850368,0.004787441824040625,0.0016283706852473904,0.001021626141027772,0.0016289155167228146,0.002062560386853407,0.003207050627326674,0.0028985601032338274,0.009217687872140107,0.009286728227391152,0.004467665846635371,0.004156378164501299,0.0025785534722677786,0.003454721147576426,0.004713764789458739,0.0012718482148996778,0.0026966583476853616,0.002633806146533802,0.005186085696523161,0.0020121937163677067,0.007296930697715431,0.0008939193797863806,0.005023057852348068,0.001045162903455716,0.022644121190628315,0.004276804310506557,0.004427590795967821,0.01577526963192511,0.0013730965390847873,0.0030476154397234274,0.009598592290155944,0.0017575820646534624,0.0014336675527484026,0.001407442338017397,0.0019416871250923632,0.0014826097196310702,0.0011986442201312745,0.0013051510074004328,0.0011959179538757762,0.001104793633255182,0.0020558592695308167,0.007783876415074639,0.012983522841456475,0.001996122056427072,0.0030052358169919196,0.003059025825338608,0.002556593924851258,0.002996468995573436,0.0037236109414696466,0.0028260891087068915,0.003907278004196904,0.002822476744067084,0.0026181770750339766,0.005645248287306077,0.00243224775333932,0.001139113419865422,0.003910961716445433,0.002807029929418975,0.002478404098427706,0.0031383927242031023,0.0005623452955143794,0.005286765858105887,0.014319109295931247,0.0021303422616463044,0.00852630666805718,0.003245892820056929,0.029567885995239837,0.00828388185334713,0.006753555644612039,0.003486924512846899,0.0006985244167215358,0.002022330683372512,0.012448401354838429,0.009466050172133882,0.007982064658269334,7.989186059935019e-05,0.010299425103010566,0.020165939402863167,0.013476914496512317,0.012060119050346808,0.021639099793374007
326,0.5404023869856025,0.005714089484224832,0.006348962898368164,0.0029465092441020367,0.005270778886752139,0.008267359073565366,0.0020485065919339574,0.016884393829526237,0.0031864934409847386,0.08281782316060982,0.0007899601176394117,0.0024028842309209014,0.0013396242195818325,0.003546955373070496,0.006803745801405132,0.002673503174353376,0.005175855948715671,0.0013582568184443695,0.0015547971784509495,0.0011609632818541684,0.007886805285384872,0.002430903492501182,0.0019616233346228195,0.007264872229802165,0.0038435343718047294,0.003059215819969587,0.0019738010011388775,0.002388031981743092,0.0037156340650052553,0.0035619806749323103,0.006275050383993015,0.0011093874792622658,0.0018208137570274207,0.006951245797582485,0.002260467814242586,0.006907399320434554,0.0010032418912434744,0.0013866301213162353,0.0014140251185226092,0.0017067281049556165,0.0011313529131889975,0.0017147234108043983,0.0017104601610904153,0.001663950435153392,0.00848504833789326,0.0019361466923331512,0.00223125778423441,0.005405097597504058,0.0021087905083868107,0.0042460783585382515,0.008624726739147532,0.0021706140062517833,0.0027790976615970245,0.002696946426141023,0.004176249695900973,0.0065168553101123,0.0010796178360281904,0.001728355953367735,0.0007605399283506542,0.014196631654830151,0.0018012803718797372,0.0019095571992030801,0.004767191418465431,0.001262972221921585,0.0013495013798010785,0.0024078300558367243,0.001511193543585265,0.0019397117972439638,0.01873168379922188,0.033167759173949186,0.0016269987739809797,0.006116102977080042,0.001807755998135067,0.000644374821918957,0.000556803964165536,0.020009918005939653,0.0077371157321570174,0.0029509685493530726,7.207288740961944e-05,0.007639498813738145,0.014168694951757634,0.0015179371900635964,0.010024619303344596,0.011300673873402256
327,0.6627808364822702,0.0011778681140841465,0.0011421356734982368,0.0006349272998515249,0.00593752180356258,0.0011676246839114304,0.001217271031438456,0.010629155205893531,0.002221846672824084,0.0014388632309550176,0.003315681557016703,0.0022762228095342743,0.000634438469119246,0.0005899746266063091,0.002703385654847896,0.0023443218936891725,0.000891512956125181,0.0024886510863138347,0.004681091106329504,0.0014364240792604816,0.004009164450925269,0.010905634137740459,0.0016134356247920127,0.0015529271264108839,0.003487698856559637,0.0018632785524432584,0.00424313613050992,0.002206150174551899,0.04435567870435004,0.004226651603539309,0.0022940585190265785,0.0029001402459600417,0.0010306390656996663,0.0008419903902509065,0.0036251984280371444,0.000682539373123181,0.0013083188450086665,0.0009120774528060899,0.0011437642002257414,0.0009747561708233563,0.001634839104062044,0.0021261831261521627,0.0007458652802526757,0.0008736425150273752,0.0018654689494801014,0.0010432143686969664,0.0026827976825849215,0.0017672706910053999,0.002512445129699533,0.004417066121361253,0.0012989686359664535,0.002902311230762594,0.001269044707605904,0.0006183556604310012,0.0011097678136014917,0.003285657796388742,0.002245997500767035,0.006121610644177325,0.0009868193879012457,0.002229144740715089,0.006184062536067834,0.001296233384579111,0.0010720543620272476,0.001287108539721307,0.0012245728314964994,0.002768873754586305,0.001970049174890109,0.0015432522702559408,0.004658888861617972,0.037012178871840384,0.0030997796724855976,0.00291840391128427,0.002426414588213916,0.0023069184054565076,0.000108293632337726,0.00922388665234733,0.007542216275338656,0.005791452491234555,0.0008937146987900363,0.008812665726957127,0.01970021008457797,0.003061973896157301,0.012192129322377095,0.017281202478804172
328,0.40413721299589284,0.010884865941417044,0.007339156304383432,0.0028173769992804816,0.0021655272762453864,0.0036744391659448788,0.0028149362752944436,0.003004424092548608,0.0028145873751967247,0.007538082373911229,0.002700400455340441,0.028954286675264163,0.0018223257851484951,0.001321707428801243,0.0050959240769074396,0.001804692220038132,0.0016651906825872018,0.0033120132106015687,0.0014402715729432312,0.00141314211563715,0.0007488480949605959,0.0008754487460860971,0.001138165561873147,0.0064224969224147025,0.0019604508486163854,0.0008929807406504481,0.0009408997591202336,0.0010896055672547998,0.0022504199388459017,0.0029072488757555625,0.022933490783366543,0.000815692923010157,0.0010378811421071217,0.007200636965707275,0.0022113757011304907,0.0015079637412120693,0.0005495747842691848,0.0010844716918156493,0.0006388164288273897,0.0006819801722957562,0.001366110343857968,0.0004009796129850461,0.0008379722165016844,0.0006753392325970494,0.0073288486052860225,0.0062330312852401995,0.0009467445420781005,0.004668953339505628,0.04110244932660425,0.001080331017726203,0.06542343602495722,0.005138170440751465,0.001021447915885256,0.038132529077481055,0.005145641926910059,0.0022378988057264325,0.010030965205705575,0.021717561942584375,0.0016740726239085919,0.0030088408201807888,0.004378959877114685,0.0024453146089614226,0.0007318581791257929,0.004369542220245131,0.006898760269252572,0.032032229995219326,0.0042111955524293,0.03909567957056962,0.002380392324547552,0.04241155290638009,0.0007867767958961688,0.0075331412123581035,0.002305028263736739,0.0003525764206273299,0.001240902613161479,0.00737276568587599,0.01644183480695194,0.0025414595641768396,0.00010637106489777532,0.011683772799062147,0.016860655949471493,0.00070792720312343,0.0024517432353953644,0.017879222162243157
329,0.4391557074744306,0.0034016546466244485,0.002740849743252143,0.008388853868605254,0.004767776695636648,0.05116128160674592,0.0016498488430133544,0.0035314851940274794,0.0011296361604919822,0.001616111675372277,0.001866579284296349,0.0032884394587458015,0.0321681667581864,0.003520960998023039,0.00164571247613547,0.0018482513117210062,0.004788063026867209,0.0063072745874309995,0.004100549048002606,0.017427793557148064,0.00195677657470265,0.027401267235228607,0.004222168399586436,0.0034277115404516504,0.0009146194445953944,0.015103784757710724,0.0012283981083537352,0.0022100694466988383,0.0018962200553987757,0.012663897336850687,0.014550310558986276,0.003198460551603729,0.001412336516214815,0.009025503427109812,0.004489932380018529,0.000932360851988782,0.0014215858686584502,0.0018928464151439675,0.001208765543821255,0.000953150734229744,0.0012346908122307302,0.0007399142303601237,0.0009096205073435985,0.0018061886288443542,0.009302210476706096,0.0027358754456516727,0.001537945690917424,0.0037137004062392136,0.0011458539641878577,0.04441565851381403,0.0014026700683288714,0.005081919730422936,0.0012332332663046524,0.01482886968939776,0.006476442369304769,0.0012515973928727514,0.002993830545277646,0.009111338861577905,0.0020939198872444225,0.01163687370940268,0.004127416956592158,0.004113080084564953,0.002042273418965077,0.002339224839826353,0.01304460487955108,0.002376784174801722,0.0007816242579129987,0.00500158873627147,0.004593360944774989,0.05064732543682314,0.002211491833843739,0.0037090457623931367,0.00244336511215908,0.0016432802472192145,0.0008552329178965491,0.0040762572620343775,0.012057107337347321,0.006041377185235232,2.4443507712658326e-05,0.007862766754994345,0.01691414143125092,0.0034137626209077535,0.008017474274110065,0.01339545366427245
330,0.6127910652355546,0.0012488103093340028,0.0025207530812200655,0.0014490173157291938,0.005154950632917523,0.00328544847977912,0.0018332763211287378,0.0073344834640782395,0.0027405146445936323,0.0011915554814720957,0.00337632561884472,0.0077601861459968,0.00099502337541217,0.003950282416595795,0.0019917423559965308,0.01281907101177803,0.007363027899696384,0.0005872356368856926,0.0007790454881088759,0.0014570965393082994,0.004253399826585317,0.03096822458315927,0.001841010116229312,0.0029392648922088324,0.0017642148554993938,0.0026815077027392293,0.004231461391415494,0.0020061665613365248,0.011844724622931704,0.0037130003516156244,0.0030000914545947927,0.0016976839632384289,0.0009581835435220646,0.00246671056496419,0.009742002486576714,0.0013419012433369126,0.000761224489239439,0.0010924650079185442,0.0015297628201867905,0.0012248083782539568,0.0009349793139164152,0.0009336611337663892,0.0008202875927160921,0.001060572456001485,0.00257601604920401,0.0021165208140850452,0.0030645329477184996,0.003335659507027059,0.0019881983777294146,0.001563875566922527,0.0018354112641193626,0.004782782463603705,0.0027288962304335388,0.0043379129089855485,0.002414899545708795,0.021779777348083965,0.0011515017478879249,0.008234387067312825,0.002423621378802403,0.018079710214096854,0.0063753252880690454,0.0016310697789509226,0.0016762699538532119,0.00195102001656116,0.0037904590394385288,0.0010878852227208201,0.00906617060516097,0.010230262461643356,0.0023820794449923555,0.03437620375121667,0.0024549865126649974,0.003048111836106211,0.0026285547628041683,0.0011923561718838504,7.772545580495878e-05,0.0036968203982770324,0.009410549475650854,0.00478306982251606,8.714668291050286e-05,0.006607754090686932,0.02016094992944525,0.002791354475995246,0.002103096929958004,0.01154085365458388
331,0.6814545120463011,0.0025844316698435963,0.001721098990202865,0.001711710137210912,0.0039744585515832445,0.00141964214925749,0.0013210149485958949,0.005165457150788134,0.0018114786460198004,0.0020969598493116256,0.002798554178238238,0.0009657300862337247,0.001586060477117127,0.0012432965753029395,0.0030089583271810626,0.0010962347093500253,0.0005267969208319881,0.001325687268261488,0.0009423919272875203,0.0015116726756507748,0.003607376814792903,0.0017776833947754534,0.001769617093943568,0.0017874555911201052,0.0014421384186878285,0.0013566866893632008,0.0015085668991487089,0.0014849995432188899,0.002030640773615357,0.005696723802047381,0.0036093507424596618,0.005351747646434312,0.0006758056077657052,0.009972249345640838,0.007587496232120399,0.0029482690302893434,0.0028124049423390567,0.0014492211195668166,0.0024711258450721323,0.0022099387971302466,0.002114069341932391,0.001993313207093338,0.0011399049369602836,0.0031805482207073075,0.0020087836814039234,0.001512843987883936,0.002641815233606131,0.001615772832856944,0.002381401340025897,0.011935655751250015,0.002564968540250949,0.003915707585510747,0.0022232609610362427,0.0026230422582581457,0.0026913607995747864,0.006024641738506827,0.0014660035451317891,0.0029755919983160493,0.005977596295837446,0.0020941123031797443,0.0029720983132090497,0.001994872130709553,0.002152225873868699,0.0014883931716193504,0.013893641092202076,0.001403670339262881,0.0443199929017804,0.0026156270384676493,0.003127388981851159,0.020533006518087992,0.001112912332887273,0.003322956104537638,0.001633428635949668,0.0008798790776298348,4.4833694171438683e-05,0.006361040846296296,0.008645048998081611,0.0022919555776432,1.088550397973194e-05,0.00435157344591699,0.018413409661729895,0.000692491100970878,0.0041950779471451784,0.010647550538577398
332,0.7665089199605924,0.0042504157692455505,0.004320318346169638,0.0006777400449905513,0.0006055838449757801,0.0012119148023685465,0.0012177213154194225,0.0009712809332313473,0.0011240568418270631,0.003973193262922131,0.0006953716969767125,0.0009890826428598086,0.0005699074523890733,0.002297211669936136,0.003531427445913025,0.0012343799540438516,0.0024361941595433,0.002310068191850548,0.002705418558736225,0.0028217127927747557,0.001629344940619062,0.0023469994739655623,0.0007067758768332221,0.003067779933560326,0.0012386454258908684,0.0017568169414862605,0.0013547595463119521,0.0008315550529931129,0.0012086900651834711,0.005286257017231312,0.001567153603526205,0.0010949962967614951,0.0009384257800517089,0.0019369398448627348,0.0013947791945482667,0.001170189919184,0.0019255950452382166,0.0005991430400903087,0.0016511546687048313,0.0016051082842894963,0.001047700439933543,0.001009591612851864,0.0020616667843610832,0.0007104891940008897,0.0015207885913904107,0.0011722706527308175,0.01265138096987015,0.0020494059636125294,0.0010282539416081756,0.0005810491113651353,0.0018183149435968373,0.0022388995023108335,0.0018852508900830019,0.0008091248207401095,0.003856197228622892,0.0008979567125263294,0.0024417213465475047,0.001514596032798015,0.0011186499809928486,0.001747254241605239,0.002765867602683628,0.0022005276856679437,0.005446217710094175,0.0013286747289071336,0.003042264727221275,0.001899540831292689,0.0015801658124935621,0.015346019534572977,0.009102447260960045,0.026215678570532617,0.0006832917085247705,0.002445255764847398,0.0027228764077404277,0.00018767076315794778,0.00025878263075992264,0.003814562520481094,0.010039007696288578,0.001602692879300141,7.218899684937001e-05,0.006349903011708666,0.0111828791140915,0.0007411778305141775,0.001148344564469848,0.009900369047193285
333,0.7463646482371833,0.0012647179174036373,0.0011373567627798052,0.001802514732375042,0.009864748913797563,0.0018075696513955451,0.00114893085362345,0.0029133514370149943,0.0009095687691216057,0.014158592341470707,0.0037168477453742425,0.0008059339925289532,0.007600751773195772,0.0024646594787464888,0.0005356097866824244,0.0032005404612400782,0.0012205831807870961,0.00580080874177741,0.0017648550280042405,0.0005253806714797752,0.0016098879644934662,0.01273154944707564,0.001038440822032691,0.0012094919215571386,0.0009596873183295436,0.0015059730038894325,0.000707988550378218,0.0011531787515074701,0.002987849177770455,0.00218549315363087,0.0015008472864922351,0.0015110852236325846,0.0009840017823853865,0.008807281840191666,0.000421116964150323,0.0010248064157592327,0.0008143615632174801,0.0009715751673393473,0.0007558887379463284,0.0007884206600594062,0.000538374347985521,0.0007200326617567938,0.0005108116631593778,0.0009529070427540398,0.0015103271936470855,0.00419619238220167,0.0011174700342662662,0.0018356374825783406,0.0011248627940352355,0.0021761850284082876,0.0013933418350426875,0.011032111084207022,0.0007427098157883438,0.0006911396564385692,0.002684568767207435,0.0016607227004869635,0.0014383866337153554,0.002681117532981571,0.0032362358545240254,0.016101095348953536,0.004436326688217355,0.001167091874053116,0.0013743122550019036,0.0026566358488862643,0.001705395794505608,0.002232011141105398,0.0005948515137364646,0.002382296221295686,0.0010925658487697502,0.014594011653571274,0.0009561307154360514,0.006248124862753366,0.0017033646148772424,0.00046057259425442217,0.00015361934036524602,0.007410044635588638,0.0055357715618559854,0.0026692763031846167,3.886594318483481e-05,0.007342283622811086,0.011050860765461412,0.0009642789987013906,0.0015247378058287316,0.01268544330859514
334,0.4380474647988509,0.0020001775181033537,0.0036809728603738015,0.0015337977539797215,0.01013221747745292,0.010306453343238268,0.010523708205814315,0.0009090941289470835,0.003014352385217346,0.0019090927143042412,0.003996930303020734,0.0359417535885606,0.0023461880894948195,0.007780916138402467,0.003796985184653048,0.0018846682660001043,0.04439962450921832,0.004895155754339339,0.0020803459446420204,0.002939907947189152,0.0021538616106918282,0.01931599701623181,0.003427245168766712,0.006052152639278706,0.003075089662729046,0.007534918401686834,0.0013842242667426302,0.002614521569003781,0.0028408583076952997,0.031375632444767314,0.006614172808605296,0.002099649548138033,0.0036598772384290553,0.0033074754870398393,0.020037941207332967,0.0008629101188463207,0.0013356063514955853,0.0025555380942481457,0.002092263537538421,0.0007531998738883975,0.0014296756972448637,0.003084194811890645,0.0018349563416593228,0.0030335405434882405,0.0024767092942227825,0.0039217431968491725,0.002135920866482615,0.004818378666194603,0.006146303979955559,0.001874836062981186,0.005491158498457547,0.0028360267062754858,0.004842037304599329,0.0028180467197277672,0.0030055256124597815,0.00314364790327567,0.0024048246164655165,0.02084809510892472,0.001548449779067227,0.012556977302443508,0.007598527768756281,0.002460454922480715,0.0017126098717717077,0.0019542055123044247,0.005214144481771473,0.004098933404447243,0.0032395255241891912,0.002955892963115117,0.0018727456470318481,0.061596274984372,0.002031334152403296,0.005005752005844245,0.0037315114002445127,0.0017717340613703715,0.0002985417568183949,0.015060247640673442,0.018038610370641653,0.006618225056135226,7.923812041230288e-05,0.00834879837277136,0.021533550624859867,0.001655290494515874,0.0034066672091165495,0.014253192376328815
335,0.634540131727325,0.0020790808945894013,0.0034969607889901587,0.003147152966576236,0.0038120416876348934,0.0037884853877133556,0.0031799871187172257,0.0011941732487924903,0.0016437716977447563,0.0034530601191079184,0.010223362732049887,0.0017341680990888505,0.0014376396746147325,0.0075712228243367775,0.0074570322172351775,0.0011515219002706718,0.003611745188448403,0.0018929252346114023,0.0026433655286308977,0.008596404106501976,0.00226187802756156,0.0006399271471757345,0.0022811907099164882,0.0024072524892709657,0.0019021949817924553,0.0016171741564559943,0.002779793201955142,0.002405476805277294,0.0011517929134916365,0.005921622828395076,0.0008647767002850595,0.002882835244708557,0.0012354420405623133,0.0026027681953340437,0.002876004651902546,0.001562917002973428,0.002545721633467548,0.0013475168996384293,0.0017516571306319553,0.0014804993121766232,0.000928308633094149,0.0016940201275965371,0.0014688086265629767,0.0023480199498776577,0.0019524886711763726,0.006104383839089832,0.01488964497800994,0.0020856239189712307,0.0007328131503895361,0.0048607579280037444,0.002629946975792725,0.002607044715108618,0.0013773297271178317,0.0008403264366341812,0.005946952613860765,0.0026646544473912454,0.008121352853133859,0.0015179272387579315,0.003314320650901864,0.002407411638932058,0.002158304654141494,0.013844785877738179,0.0028609403503271113,0.0031667028690398453,0.00621504969455696,0.02246127633438375,0.0027332380951574048,0.013153232117458438,0.0024843706887567128,0.0437919647051998,0.0019988182803311236,0.003691933067779285,0.0020345434941797863,0.0006484870602399703,8.690545990311923e-05,0.003380050574032752,0.011252373464910675,0.0032957057129467927,2.0317911534203616e-05,0.006671549769682279,0.015737350122065667,0.002337562224303041,0.0011288970685082035,0.017180828066467358
336,0.8830876044078279,0.0003239423533801268,0.00013748804032011076,0.0003335678345742468,0.0006810072524078085,0.0006623307296588679,0.0007809711752060234,0.0006037795445032006,0.0009701893375826106,0.0011975294939437669,0.0004064582855759513,0.0006430590042669266,0.0015765327245458559,0.002287983120417295,0.0007642239481650106,0.0006009928765743224,0.0006927613294921484,0.0009534988515009156,0.0006120360861134247,0.0008832246077472112,0.0004307767919228385,0.001042787923681826,0.0007482146443412835,0.0002909461843424288,0.0006618494432068312,0.0009963108584541403,0.0006718008146440156,0.0006459623111373147,0.0008480279484210931,0.0006656473993550163,0.001705302645781787,0.00041218129349926457,0.001515704857797167,0.000706341935800821,0.00046048240490232365,0.000546107462558732,0.00047587417521755617,0.0004321591471509447,0.0004129249656889662,0.0003644232660589782,0.0004113943514203944,0.0006120753758443101,0.00043202471499176586,0.0005146271522269098,0.0004785131344775249,0.0012233641904860872,0.0014564828520321454,0.007188013697666569,0.0024161382003718233,0.0006269661208691706,0.002367015749754086,0.0004748634245415533,0.000600150869711005,0.00044891187204968255,0.0013110699297103018,0.0009673811304614556,0.0006079893810661903,0.00042354624143207053,0.0005699039859114222,0.0014795801279225776,0.00031879651843157316,0.0006786910130170931,0.0005720447856271647,0.0030572439416790094,0.0003296762719848565,0.000679279817148873,0.0004749931711329372,0.0007367635552661242,0.0066950920587926415,0.009911642732779025,0.0018717783122857042,0.0019379044474499838,0.0010380537050622112,0.000783247285880745,0.0008748954028502299,0.003521728724039962,0.0020288887747221588,0.00104639584594722,3.056336305433564e-05,0.0036510835815134765,0.011327080068462185,0.0013217522119142579,0.002647542482600278,0.007621841947643998
337,0.5386910326662161,0.0028994711487904867,0.004649161469588947,0.0040814325051119925,0.004353885221783827,0.003789788253838,0.0024727991376022897,0.0038046294104230154,0.0020931834516253233,0.003710949270599779,0.0022023846499036287,0.005989101132091451,0.003612793809676192,0.00221796094154031,0.008200086638641049,0.0010461302492397113,0.0024111575375374322,0.010725485501431573,0.001386539737896515,0.0024206326202203445,0.012205958597771406,0.00514496278234469,0.002045561082542122,0.004149082475384893,0.0018446027347485286,0.0073559367249378125,0.0031833588528283586,0.0015019483801343922,0.002880389883860813,0.012550899098220417,0.0016204496220202905,0.004702434700066284,0.008136747588274837,0.0030362545035871364,0.0011243101210993962,0.005746015304493535,0.002240747724537246,0.0030755787657132253,0.001438440161023114,0.0009142758916774003,0.0014236306903562803,0.00183878728264243,0.00227147570307773,0.01760356669976581,0.005445202533486376,0.0024368137348590372,0.0015146242082804584,0.0034441560638556077,0.012051014501915258,0.0015778028422577745,0.010140828064710417,0.0025050801726367393,0.0051681190176419995,0.0030656601566833117,0.0025288441000731418,0.0028377112752080934,0.0030095167851739257,0.0022019315780919873,0.003329231146410471,0.007503518726747672,0.006350961220015455,0.003309642193604971,0.020182148276982222,0.004886495573755127,0.0029921376299642533,0.003129887885723241,0.009504203840584348,0.003119919804689521,0.009683922716367206,0.05251276688336395,0.001111356311266299,0.004426086392798885,0.003477724863714448,0.0008637120541707102,0.0001283907293232108,0.026636494433105316,0.004386790194699119,0.007726278575020123,0.00016579711294337332,0.010435739258316182,0.018112223129041965,0.001183729503086295,0.0023737948156690126,0.015745720968896572
338,0.4675311035353462,0.007957674945637839,0.009243654142743765,0.007597175445575088,0.007615070024586022,0.003407490431776568,0.0020208528785004166,0.0051495272207066935,0.0016859745593846788,0.002769291676279088,0.0032274184966907603,0.007647956362956555,0.012827507539320247,0.0029451084164144265,0.0024746071590174656,0.002124630410244409,0.005664823721493519,0.004682229268396107,0.01094313998781404,0.005701267688550427,0.04327136324546828,0.007453537961094313,0.0017186686026794934,0.00682335348778157,0.0013608269139748896,0.003074484407538787,0.0015478513563827907,0.004453236566880339,0.0032106335517156385,0.003141172091308353,0.00337572520148764,0.004163084295968557,0.0016736857753740085,0.004415692744416206,0.0057307979845973335,0.002944677246763415,0.002815310551538134,0.0015380380225723973,0.0057648434801705305,0.004608669273825928,0.006284351598210203,0.005743692466841352,0.0014785219084124063,0.008025676308973767,0.00327282460026161,0.0021275396805558807,0.0014113441803736684,0.004846073046386861,0.061539583196816974,0.0022069981272945663,0.0024125450436830688,0.001996409919297382,0.0009377660760877092,0.0017124860621391595,0.008641219648531194,0.007017891219215019,0.0029743194366128422,0.0022392480169463763,0.004893644797155905,0.0015988428936746573,0.0036970133917004293,0.002354702327745869,0.013188599466476525,0.0025103695132114292,0.011278840850500044,0.007592581094685482,0.0026123507646327376,0.002051371688618474,0.009677743001462727,0.033501412676045526,0.0037839779184025138,0.004811014997261551,0.0035857997609532594,0.000458632430862751,0.00046657560854594193,0.0029180630179547256,0.01415749444726688,0.00524050153723815,7.056002056852623e-05,0.011151011810194638,0.01872948026247649,0.0031684626035333677,0.009003834336364274,0.016326471572854242
339,0.6325611924092055,0.0010361422828810644,0.0008209050262179458,0.000781819101327774,0.01761957889710756,0.0009939469706712056,0.0019499454399997263,0.002061599782362832,0.000989403372144982,0.004520014790882839,0.011528978388382601,0.0009411468922579677,0.0013274178121243788,0.002737531921065817,0.009048651296940711,0.0029947683250482276,0.0013053506988000465,0.008667812759955406,0.0013889133126326835,0.0014445295907839167,0.003358316307894771,0.0038180747469651584,0.0016007378216299848,0.0011479185532827997,0.0016251877063175157,0.006208120976176969,0.000579546922526063,0.0015225512466298914,0.0013436403626448524,0.0029165890267268037,0.0010491186799103521,0.002029813617048867,0.0025650693084844833,0.005912809464709024,0.002215812468354833,0.001315813968737878,0.001220588624814292,0.0008760304131143512,0.0015186495365475054,0.0014772227972122427,0.0018450364707982714,0.001326185598283045,0.0008896976314754504,0.003071254520323774,0.0015460292401474212,0.0010389182362692075,0.0016365621083637405,0.002490492894734244,0.0020994597049217136,0.0022464192574773753,0.003959051977179387,0.0051961428185233645,0.001978921192968007,0.0014482622200155738,0.006015867481971411,0.0017680354173508534,0.001930997874917717,0.001980216954554253,0.04838441382301093,0.009222215300348953,0.010652131596835791,0.0016643158508825324,0.0011798162976811388,0.002020584982447558,0.0017281956881528022,0.02338750139792117,0.0020794689889709964,0.011153938326143371,0.0012816391885003748,0.022532167996284255,0.0015131924798082313,0.004430162733723438,0.001926309156423182,0.00024069455674873117,0.0003088901675920798,0.013106195299185575,0.012277928884190914,0.003578794051325876,9.848340854559033e-05,0.005754717031434017,0.010790948106662333,0.0009768104875283678,0.004713745063948722,0.01350792591490644
340,0.688026559220944,0.0016200313264096739,0.0030954592537973612,0.0022032762427234994,0.003986091204556807,0.001164170639504525,0.003407201893862294,0.0046092113176053095,0.0008461100767461241,0.0005679172264332036,0.0015408428536891371,0.002692057726097999,0.012943650134953896,0.0030128946359850675,0.0016086798516295627,0.0022894437454939434,0.02192953230830227,0.003405396328313299,0.0029291587958987634,0.0012986547525883187,0.0013782892136570421,0.003595786060806167,0.0008763983671193875,0.004390260220309695,0.0024013580269079387,0.002465372080746949,0.002282884447997394,0.0008854556135732396,0.002592821958997712,0.002524253226871358,0.0025728958838671435,0.0010968067116742862,0.00331324211715781,0.002008091104762527,0.006182959795903138,0.0008680527761389539,0.000524495186156392,0.000975865038571566,0.0004948241882371328,0.0020737592777944117,0.000991013263932416,0.0020947351329733003,0.0013964845354625273,0.0007027697003396037,0.004665302282491048,0.002821999608716369,0.0027683641049756824,0.0008063159093217786,0.014953716857573815,0.0018681176779159377,0.0006927873165908439,0.002137049235925637,0.008330398812614714,0.0010635728814158243,0.001592665170111437,0.0033398979259328335,0.0009402473992924245,0.005883410613401395,0.002608990411284215,0.006661803751842433,0.0040579046771749205,0.0014794518667875804,0.00145904700149315,0.001835058189337542,0.0013342593411901445,0.004950012334300019,0.003711398524842032,0.0027037494942694223,0.005321351611097822,0.03137932762396856,0.0023823297540829297,0.004988655408392596,0.0027636186718900456,0.0015875542392301382,0.00036373668657582265,0.007923189776465231,0.0059474042153720005,0.001653264897633843,5.147121402304451e-05,0.00870208372326152,0.015730751209196536,0.002952401183798516,0.002723454625198346,0.01099867030551884
341,0.6570538196728684,0.0036930964653719128,0.003751194216682847,0.001896052004345361,0.001394215611272306,0.0010342787425728368,0.0015411202992483396,0.020568388304454545,0.00153474116248446,0.002757137430164951,0.0014365498088465055,0.004468857207583968,0.0010343435706649771,0.0054121594441022955,0.003789785384948338,0.006393462139379761,0.0014605236005664048,0.008340316380672395,0.0016892901269435605,0.0035007247826472085,0.009541247917767712,0.002044713678498274,0.002429060787837464,0.003088960115926279,0.00043789693595444964,0.00223003169350441,0.0024384161207198106,0.0017384598643917248,0.002378085597611426,0.003051380573048423,0.0031646162655933883,0.0019269236669152098,0.0019927449539098303,0.0016778422950798793,0.0030019324798697808,0.005544145663959548,0.002294288833284292,0.0017569426707219275,0.0012737874099664496,0.0009992884768543768,0.0008374807936017872,0.002433944330609184,0.0008269933309274188,0.001992885436862393,0.0011824015830660727,0.0005346795491539125,0.0011092305651533318,0.0010089914937140214,0.004371151363334974,0.00413008070194958,0.0024567758874737074,0.010277393433342654,0.021995512079864166,0.0023839703663886685,0.002214020389324957,0.004901069413736848,0.0014515094873317391,0.0026213264227056663,0.0019773092380610505,0.011252501989789011,0.0008348327688150235,0.0016647802196534719,0.005827510973123038,0.0014344224622995139,0.010162342925855158,0.00283386493238625,0.0002677282537343445,0.006037644543229639,0.009323394337521277,0.02354622818620676,0.0021430368149994534,0.0029252856696126467,0.002392135789234883,0.0010020310396698434,0.001155658038885915,0.0035510650174958723,0.01289496143466102,0.001977845546583058,2.3967473369364174e-06,0.009126461345163279,0.017639713271217897,0.002217554590167069,0.0049936170474817135,0.010325437831038843
342,0.5628743771195864,0.002142171382802029,0.0013227535720733731,0.00213996559216311,0.01004182307525095,0.0014640786582992863,0.0009619905988773787,0.004795749307278416,0.00564948270939089,0.003187857733542864,0.0032948521475510413,0.0077985340984597,0.03508981709377485,0.0012691161534522748,0.0015349512093504318,0.0009753410003768591,0.002836498104604869,0.030471175733798504,0.004846910752518789,0.0013018259456110623,0.0033323673141661776,0.0012593358961919352,0.005831725391333594,0.0017150039722433632,0.008742774783070074,0.0018993540181360465,0.0007366872210265499,0.0014122300810677066,0.0015354723593120655,0.004656669389046668,0.0012908635762033042,0.0033821377122384556,0.0009184143940838013,0.003952155626318297,0.0034192214116943206,0.0006425376074836021,0.002171119318335794,0.0032642387235222955,0.0075540538818782655,0.005455973998407191,0.003758319761478474,0.005373280820065434,0.001960170581015043,0.0022736391857542415,0.0009386758192275974,0.001524572426835831,0.0017368204927878073,0.0032545834858683812,0.019538570818995765,0.0036596322129362154,0.03545488145762617,0.00541497489150014,0.002102432709308722,0.014582068821962378,0.0015409158624246635,0.0026610713801080593,0.006525929450439786,0.0013507390159024427,0.0017291049294739238,0.0012778033858620425,0.0012061421956197072,0.0015440863366696545,0.0016076220311774263,0.001553547541345546,0.004339037133420602,0.003507354345928075,0.001706503426533373,0.005682149110723891,0.002870559128129488,0.02773512557337174,0.00404877204018207,0.0030718588864002906,0.0021494434559159183,0.0006755138865716241,0.003194004092275898,0.005800480896815395,0.009907966914324459,0.005227314065080069,0.00018295095079385118,0.005557088362224454,0.011650176849780541,0.004484567611902954,0.01689775645320603,0.011570182537511145
343,0.5067265626807873,0.001271411471024267,0.0012826623728574027,0.006174816745131784,0.00159637740321659,0.004874635480216301,0.003813305035406159,0.02490121190308833,0.0010751640466683682,0.0017422267470362095,0.001391421226448829,0.0027462390970316337,0.011116550138204086,0.006220463443915137,0.0011060921698903341,0.004260156332317794,0.0045966057295123595,0.04601137505052977,0.003927681855846968,0.0033358112344836722,0.014312577727121389,0.003998395328490747,0.0039213381257928465,0.0016075805070143682,0.0011154011896510403,0.003190567378847869,0.0035531988115339386,0.00184459321887647,0.004820857129819472,0.003996505584610939,0.00409780189628212,0.008102922833219556,0.0011562699554061595,0.005352123180707036,0.0034027045773756107,0.013228892015879772,0.0007973070382355892,0.0021226642733141593,0.007314609408228459,0.013067075347796903,0.0010640505286154927,0.006065792898486598,0.0002938743008384615,0.0036798328894018257,0.0011658708535822104,0.002944529160012026,0.003000452287338337,0.0015628609596709613,0.010686510368665691,0.0031268890777635017,0.0010997027451398094,0.0020243315383954353,0.0010792815621184942,0.0014607549183474375,0.005305982169491231,0.0030905583683833093,0.0017670756261798472,0.004026316578176127,0.004070105929372903,0.00978767798182467,0.0010983494048787909,0.002291415371846486,0.05816973975509185,0.0018498214816260363,0.003872630665385037,0.0013623777770194754,0.0037823010645582915,0.0027745089446599386,0.0012701969343165253,0.032384474825674595,0.0010950350459487065,0.0038399009617867165,0.0035264692147313043,0.0007124999015702292,0.0003500913246193877,0.010160370584865418,0.007930492755546218,0.005656853503722902,7.605070599489425e-05,0.011385518386818753,0.020874650784585,0.0011057006282127603,0.003268989577074093,0.014684953965844419
344,0.758195715808116,0.0016413463289729063,0.0013910688714124243,0.0020767834967602332,0.00232943126980588,0.006572972447740783,0.001264774997436993,0.0011592675818359627,0.0007887917636484039,0.01145038546590549,0.0028328239206328195,0.0029385295602236045,0.0017630566332276893,0.0013596796836154472,0.00047512933708647497,0.0009159921906651172,0.00043594899530659855,0.0008655406341720432,0.00774817085238885,0.0014895129058516293,0.00080597970890666,0.0030109904479664554,0.0012709531702651258,0.00126440016349295,0.0012348910881680184,0.0012948719315042728,0.0013879669840233318,0.0008155467315151081,0.002189461747855714,0.007904533859192387,0.002774430529901092,0.002840446698061565,0.0007197790257833081,0.003399987538355872,0.0025576340337745054,0.0008004681829702121,0.0012807990100205965,0.0011382808367536136,0.00032503146949139784,0.0004721398244749197,0.00043665314374161595,0.0017835147292841527,0.0008254791701728905,0.0009729035521355472,0.0028198106280109885,0.003918238107658791,0.0012747695995466326,0.0006128877554458193,0.0013522340293814802,0.0011095169932083344,0.00078772340972525,0.0012247913515743586,0.000854294945531768,0.0016189778129236014,0.0007948245844187725,0.011320034979600838,0.0007257850438350697,0.01782832600418882,0.0010621671510874999,0.011871768791057911,0.0036053931389572907,0.0011435012543177623,0.0011748630184750574,0.0009661415715417254,0.0010283002824841968,0.0011943526752490922,0.006641861986433613,0.0013723068993471408,0.001432620722451767,0.015492955470493609,0.0014008567525923541,0.006489521247573924,0.0015544026205059488,0.0006652031028741383,0.0003525390564072479,0.008005896846154832,0.006099783809125515,0.002705094568130331,4.165010885335843e-05,0.004450587238658828,0.013223130167810007,0.001357340875642413,0.002833940999357707,0.008389538076749529
345,0.6504583181787398,0.0007568558073920921,0.001156047143324293,0.001092294587109194,0.019743775804282285,0.002044076316619387,0.002385710786671808,0.0012935155626800363,0.0010442064404401802,0.0030494755516691087,0.03157397234513239,0.0015593059948072288,0.001148100326787997,0.001853259205488928,0.0010461671707142856,0.0010866250353468998,0.0024281329224164427,0.0010293209993919525,0.0009427664268204166,0.001368040846819224,0.0011553294775010212,0.006515157253758204,0.0020227136061313367,0.0010911954143877406,0.003406030611638239,0.014975155372623707,0.007365366359780284,0.0009326896739659869,0.0028592914136892273,0.0016021861304313044,0.004277682062620195,0.0015668683592141165,0.0011715586844964299,0.0032107194025707817,0.0026655500012663963,0.0019074910716856313,0.0012368696696736813,0.0005116403836664083,0.0009307680861600393,0.0033070043493404547,0.0005671783938351538,0.003321341720697936,0.0005991813226937093,0.001389131651583808,0.0013295352246590984,0.002112600614364787,0.0010780423556372948,0.0016779505684229939,0.004466968763612548,0.010674508960025364,0.005936280558416467,0.0022351327056381837,0.0028399349069372893,0.002218869250487739,0.004478098638936933,0.005757713169561281,0.0046281269130437125,0.001914547558641974,0.0012677254753915117,0.0016622897110973236,0.0007157845392986449,0.00581419259025745,0.0018979285784266181,0.00037625703009613046,0.004338164058951946,0.010629494370969043,0.0011963115758653845,0.01662510563977838,0.0024351118002110986,0.03747188461089956,0.0023168012355972534,0.003918891526092644,0.003119843225609529,0.00021182755489005577,0.00042676684544623383,0.002381432534068422,0.01528589792054075,0.0038033464214932565,2.721026320362185e-05,0.006618990795764424,0.012807859768857684,0.002136213082330635,0.005437171245909065,0.01008111948450197
346,0.45329552774951665,0.00545898870734512,0.005226012428172405,0.0008894372870174341,0.003965889724782144,0.0010022968839792526,0.03098393194617556,0.0026151000566439282,0.001469470997700612,0.0038061110749199167,0.00108444637686685,0.008435691703921581,0.005069140070787187,0.0010244616283967489,0.004570731989183377,0.0005819371050260423,0.0005962386977685532,0.0019883362450827257,0.0013536877524421695,0.0010818901366946305,0.0012595455166300707,0.0018320747134971211,0.0032681343973136622,0.008180062983038887,0.0016132745822868345,0.15094109547614498,0.0014453979111126,0.0032726528180845376,0.0012135428305871702,0.0023371070625415346,0.002133776875959417,0.0009929434054953238,0.0008447030048881886,0.0007527165273477856,0.004229362045080801,0.0008772675433168683,0.0018861118259691529,0.0024978354679451985,0.0008549681011890242,0.0007512386065582198,0.0008871410027794673,0.0012993672891719902,0.0007176490837380474,0.0012178905895500382,0.0114727011620138,0.0042298316986475225,0.0036035334442150397,0.001436817485992198,0.00497026353842577,0.004464439494589522,0.0020989032725007755,0.0011229023220226794,0.0006573484333561516,0.024674368434644524,0.0032967489602573475,0.0012942660302690096,0.0030304486601265084,0.002190316599809926,0.0025056944776612566,0.0017669987492981917,0.03740030356648618,0.0020910548184530273,0.0007625436715127099,0.0006506760928830993,0.0018497520994149455,0.0007166018519000916,0.012947450018491862,0.0012240146868525328,0.000932620045713462,0.05431551704089471,0.003547462691262996,0.003081420838167147,0.0018186910638721592,0.0008384503920403739,0.001829020278585049,0.0051783598332321434,0.0048817182760508265,0.00634148785924958,0.0005755028505962374,0.008376979194659868,0.014207471742032352,0.0024527813669142314,0.020069510293864754,0.011289838440389648
347,0.6127586503248845,0.0022440795060545216,0.0016651369284084634,0.015462136777733358,0.006036016618230263,0.001734610530972109,0.0015620838694454188,0.0026133948217004566,0.019055755535078413,0.003501229361448267,0.0025946263839912707,0.005998625233357101,0.0008780393753694801,0.004315532964670027,0.0008903469401565545,0.0008771782162071392,0.015165127855671208,0.008447914050629895,0.02189192778603522,0.0010344146620474496,0.0013815441207026878,0.0012650225862325915,0.0015507020520852208,0.002184374025014014,0.0037099225333003458,0.001610413251068433,0.001659523067393273,0.0027846460297589895,0.002605374926062561,0.0033431758454981644,0.0019181079801847908,0.0013535032437922473,0.0004887598482706491,0.00315806404424278,0.006982534010080742,0.0011924717156980712,0.0008217243727595922,0.0006529260035359517,0.0005982189319350603,0.0007311347284433248,0.0005955554970418458,0.0007539853389532161,0.000506136262951352,0.0039051395574176994,0.0021092451183423173,0.001521437659261158,0.0009032466490031332,0.002002745970822207,0.008378042748390277,0.0025274550220174543,0.02575146962759902,0.0021206352279661144,0.001835554435228645,0.00476290542861679,0.000979785577674126,0.02536784622850498,0.0015391414031006826,0.0011639944472859852,0.0018268593077536402,0.01620764242755305,0.0013361287705369678,0.006946138072359628,0.000576764058139125,0.0008791095727481327,0.0033877500826855447,0.005117502970391275,0.0010810070538762226,0.007484743750009196,0.0014047730829650482,0.028107161631053788,0.0025656136172357547,0.004914067447987258,0.002323544236126143,0.0006249732961731112,0.0001908980849753173,0.009196005624198356,0.0066404121365096925,0.004101279104600767,4.451366318195261e-05,0.006477236857088812,0.015392654124897443,0.0017323614522502554,0.00340950171888347,0.012588064597492569
348,0.6842844881102754,0.0013312936061533095,0.00090035592555504,0.0007036383607522734,0.004925138842669753,0.003654975523141949,0.0015331551843582967,0.0005981492203212463,0.0012216293249349085,0.003565345743956914,0.0009250737606180578,0.0024624145665211915,0.0010888188708811461,0.0027916518986851606,0.05522507274232521,0.0010103443037949961,0.005262330104783427,0.016850243561313868,0.0014123244017599957,0.004619751077679479,0.0013879650731677036,0.0011438593468951273,0.002480025546987118,0.0009968636703886482,0.0005669233898232209,0.0011423356382503568,0.0012410186570886868,0.0009485845430634122,0.0009798662665453839,0.003229905987576457,0.002062743945076533,0.0008960168071925137,0.0008651650736273572,0.0007035820048322991,0.008360349341349731,0.008178228608567354,0.0013383549827305629,0.0012877666108293867,0.0005984173360335789,0.000433130523451472,0.0006301131454741306,0.000502351901777852,0.000890610905690951,0.002484087810036962,0.0013613187901664408,0.0012919186181767637,0.0011422873331814194,0.0019010463890178388,0.0006716131561250876,0.000374223139787528,0.006722260574336964,0.004918868861535812,0.0010029191711189206,0.0019863061181395222,0.015169178451018905,0.00295326637062518,0.00701116393026038,0.0007433335555727426,0.0015652848562887156,0.005745911012581933,0.0008254014007682311,0.0048617010645107366,0.006462083241789713,0.0009743630732855613,0.001652032254283954,0.0030259723134802344,0.001327528367112349,0.0006207243998952812,0.0029076378314076405,0.024623872181739646,0.0007262769706557628,0.00449036439508697,0.0015125064967663054,0.0002461389511969742,0.0001264193254057687,0.01086821239993602,0.007038828439476008,0.0030300547966599692,9.15755381718833e-06,0.006602105875997167,0.01492853387222728,0.0007428522161094966,0.001178589312067316,0.008943280691452218
349,0.7348827996840714,0.0028697295241591736,0.0025217637954633365,0.001632456986962269,0.015951101340455163,0.002592773569023552,0.0011617492527497746,0.0027433636294323625,0.0010130391588459185,0.0023069411025315777,0.0021527025621229227,0.00047115516550588315,0.0038306119581446307,0.001157842175353012,0.0012340686807753944,0.0011654161155321345,0.0010103603760993145,0.002639100559549446,0.001157161172474746,0.0007735445332810527,0.008154500835367699,0.02749194834281443,0.0020088422269392446,0.0015519418802081683,0.0009328129984352944,0.003075525978175615,0.0006002395011743203,0.007162281041966683,0.0015494309891751943,0.002045584380986161,0.003118438742336663,0.0007412607518262398,0.0007195501229754362,0.003187389559711873,0.0014828791192503254,0.0007174202336830419,0.0007693873832174045,0.0009532483367651356,0.0013152317948389785,0.0012993649372959844,0.001129096125872483,0.0010582272047403609,0.0008034647015505124,0.0034650958014046905,0.002743545012668111,0.0009526823362270768,0.001307337698820634,0.0016659764425387162,0.002264365439892872,0.002097906928544653,0.0007140850081758754,0.001212784708847972,0.002322833577001118,0.0016313071230378005,0.0029155244066587354,0.001522801975672492,0.001954259745739807,0.0012535223446652436,0.0009345489071361328,0.01586335223655177,0.0008057222697203117,0.0023895687313482427,0.0016999044521391821,0.0027956139623625488,0.001770188622813859,0.0016856459095031138,0.0010234855717674543,0.001643216173835317,0.006370740569190646,0.020078078351585676,0.0018628043425854292,0.005270407238459617,0.0015995548723609036,0.00018869492142756784,0.0006300486742397106,0.007152246782549157,0.006624256082167711,0.002241267986620103,1.598871514431047e-05,0.0059753843140555665,0.013491353886066221,0.0017341587555976977,0.00459816894039099,0.008395821648644717
350,0.6295045630933951,0.0017388154178126722,0.003027595229595722,0.0031938697641753873,0.008859925530937,0.0018284051828779287,0.0016819102070103574,0.0026986632741215744,0.005568597912373596,0.001938177114281209,0.004481577832414979,0.010814011015094672,0.002248837960725009,0.0017186922851991017,0.0014356029493288504,0.0026892371169398607,0.0012255588517823008,0.0016570199539021546,0.004646891354528346,0.0012879506458360116,0.0033135008034532966,0.0042756651355614515,0.0008810604889358998,0.0020361370950219473,0.0015797559696646545,0.00385482447462259,0.0008101278640307396,0.0011108163310944998,0.0096646634420114,0.004621269695323895,0.0008225840914479208,0.001299395831020743,0.001119783356316716,0.0029575933421287083,0.007232147335558689,0.0010681164084445924,0.0013153314723413935,0.002032865606863902,0.0009720968903399321,0.0013580478777683468,0.0011093005468360945,0.0006298160929222282,0.0019821579524423477,0.002462304558676319,0.0032854393176296962,0.0037430220779186914,0.0037248700354922904,0.01885191250390543,0.029469284016754468,0.005113197911045317,0.021092248378203813,0.001073704862045571,0.0013159869496126024,0.02193914593216611,0.0017941715651468098,0.002077806161865379,0.002204085420864236,0.0009789388199503276,0.0012413469663245921,0.002655438938063589,0.0018894186235415104,0.002683778223103942,0.0011276154227761901,0.0037609807390973104,0.0012404223928906247,0.002577981822023653,0.003309423876961012,0.0015533662820960488,0.0007900559332920286,0.028480189478565007,0.0038385039121354805,0.0038371831158404827,0.00201425025546337,0.0013801434622723757,0.004454283202387834,0.008567160170564487,0.003566811641116694,0.005266427627570518,0.00011091851226207172,0.006134144674328048,0.01868855754806748,0.004420524209103743,0.006264814831450168,0.012727178830940915
351,0.7776578655048714,0.0019818920884614125,0.0011811419323734553,0.0008580079911016942,0.0031985937545799814,0.00108934228420485,0.0008898570903205673,0.0017083881213966637,0.0006722306376596037,0.0012959180312861363,0.0005893560339078034,0.0019188541059390102,0.0011440717210611216,0.0038385423825351207,0.002313773764790976,0.0007659152575872409,0.0024123011562589953,0.018137243473689273,0.001988863507643939,0.0026908342619079624,0.001415136233059935,0.0038371586260355405,0.0016922018875816177,0.0012602942124702394,0.0010329278306636083,0.0019183818109812971,0.001160942009136077,0.0039628106693225746,0.0012618942903576404,0.0021805504004945263,0.003464451431577856,0.0010700453443751193,0.000984181168664336,0.0024999560392114898,0.002274161177727183,0.0009531799253373199,0.0011961206117372782,0.0010733851549024466,0.001436024626877859,0.0006443735024849666,0.0010408961029968712,0.0007800332225229409,0.001046229534433001,0.0013017076675559413,0.0017949964664446193,0.0025923496527552412,0.0032494529577453534,0.002223274053883483,0.0007262572419348244,0.0012944073763689148,0.0016922521060815307,0.0010428817066677127,0.0004035681734135708,0.000884620705394827,0.005257088565971909,0.002247503310810397,0.0017817823311197314,0.0010054537233602165,0.001368630953050334,0.001133977812900017,0.0010097793139175672,0.0030420442992446207,0.0022613190508812063,0.0014962118955606115,0.020554138185052542,0.0009679216457109635,0.002629204121139174,0.0022948150054130363,0.0038876392583719814,0.025909648438481474,0.000681103204511783,0.0016870400133034288,0.0009488241311576076,0.00035293011430871196,1.9487055063383406e-05,0.007218508428936545,0.0031706281163591914,0.0025935673529264157,5.06203623222044e-06,0.0035214190001332506,0.011847300997572386,0.0007885565583875445,0.00113784294053714,0.007456475116809783
352,0.45845693717719915,0.0031206344447709416,0.002821198841148833,0.0007848216900934914,0.01286411624394281,0.0036946833866548733,0.002156005329863376,0.0009349534236253615,0.010792365251723234,0.0008074282980388536,0.006790649567267684,0.011807750483334573,0.0019519859486926466,0.0012302076082692944,0.003344305251503883,0.000573322774774777,0.0036684056734854484,0.014115447009978901,0.01108640377271725,0.0011976826255292138,0.0026157510340053744,0.0016222061851517903,0.003184264154534313,0.004434287350561226,0.0004537369521581124,0.0012920134095563824,0.004588344491548495,0.010136748302755036,0.012115580092266574,0.003601934154709422,0.004633137860690263,0.033264735931310054,0.014460169381512329,0.010332875643837346,0.00324011588518731,0.0074506375816528565,0.0011927024709397483,0.0015071096255875151,0.009699319357180597,0.006672623564719878,0.007226471498692772,0.003674051558789853,0.010249843699162998,0.002826533515333368,0.0019765281697100637,0.0028162853485998404,0.0016126601038077204,0.007655141435918847,0.004098296142146282,0.0006665198178466501,0.015818086168119774,0.0010616982571714877,0.001659960905658499,0.010541145205180727,0.0008458608874845605,0.004044467832674554,0.004638023055361418,0.0006913986249172844,0.0031496100293686405,0.002537840463683978,0.0018815240051258016,0.005993409282154844,0.0028589928388113623,0.0011919854047188745,0.004526564964609076,0.014558507317429909,0.004398627528004027,0.028114176108231116,0.003754032981596513,0.04650866899641734,0.005903568561532431,0.0029217718708775212,0.0020757923327197727,0.0011858935148884656,0.004511349501367311,0.005946952174044737,0.010124765032380913,0.008354684677969284,0.00019662980197584156,0.005554168337894612,0.013353766603261027,0.006289206269553702,0.023206391565356345,0.020100549376970575
353,0.6329266139854587,0.011503066790954437,0.00582773388723706,0.0018269894063998036,0.004313709192476859,0.002875642684253202,0.0010386949415950087,0.001889949565499228,0.002500882168471735,0.006158770728011901,0.002642310055847631,0.0015691929961389704,0.0008160308818614191,0.004277359106691263,0.0030973396800216837,0.001132186938797169,0.0016208703703030508,0.00543264234880378,0.0041149937720304595,0.002011777678448679,0.0050832439033361414,0.002670601205411541,0.0017354115206153684,0.008267423801453172,0.0013928567215592796,0.003818634478154388,0.0007242255400777859,0.002279413683606362,0.00376028780910069,0.007053796916950907,0.0027859861703411104,0.003707231569379035,0.004343701847275333,0.0022098846619386897,0.002562365754315364,0.0013061341198089883,0.0011117192435814594,0.0026648279800212636,0.0013159820402582395,0.0009497751278255112,0.0024336726902044812,0.0014409588448678172,0.002156063682941429,0.0036348713128341896,0.007268379368193065,0.0032178313983086517,0.003444973722565891,0.0010311878840882096,0.0033181483241833784,0.0013040944999497524,0.002751744758318605,0.005823245996347982,0.0008640057943518841,0.0015239081465683224,0.0018745779415051324,0.0028207934390851704,0.0018980145372546752,0.0039188379728604655,0.006720993269398318,0.006149485412676659,0.0027086108531471664,0.0013463104830734403,0.005152273062772971,0.017137985091917635,0.0025292461625590033,0.000772205512627815,0.034309385937411924,0.0019187020488887407,0.0015678576199952806,0.03600485435766013,0.0016985855732938276,0.003510751681815031,0.0017883757665523605,0.00219363507782173,0.0006689600702323192,0.00555045960232036,0.010714294981212222,0.006777521373533642,0.0002980766659900283,0.009244042168759587,0.016790241094268167,0.0014591922272064527,0.002655803166025723,0.012286579150097694
354,0.6955266894144478,0.0005984852285035025,0.0008193785604502103,0.001138952019468306,0.007382457188960835,0.002979677407281357,0.0010288088265511834,0.0005429533335696691,0.0010470895292677448,0.00259158436662002,0.007378491982270163,0.0013470630215026865,0.0010756740623062105,0.004793673956016155,0.00464739513558753,0.0017310728915121364,0.0014370880716273258,0.002873680942535552,0.006796987219738956,0.0014813342453005181,0.001142339905735031,0.001079507512278298,0.0008048446592911701,0.0009659036966554017,0.0011441810210705938,0.0048377192467401455,0.0005159120297318473,0.0012606279042082715,0.003305481510823943,0.0016201727159462233,0.0010083984014631255,0.005198539423882287,0.0007573758260518691,0.008616147602707696,0.006066620075996772,0.001335829442423207,0.0009777196997716035,0.001959096155361063,0.0012295714050302988,0.0016972829554878473,0.001228172218586267,0.0012452866813388388,0.0011964360075338426,0.002167174763218265,0.0011684590593190108,0.002688144435999836,0.002918270023600435,0.0019494837773732527,0.006293907588772333,0.001964947423411704,0.0008306312815353422,0.0015510002685750783,0.0008378167865655395,0.0007424230209890222,0.0030851190582977177,0.0014822288615778194,0.004146167302628979,0.0014574313616122568,0.012177712404992781,0.0036199202450196487,0.007292642835308891,0.0009047715861447199,0.0010291938093966275,0.015589774637611412,0.0007228665173323378,0.008136718442668051,0.040167578950088254,0.010997519525292137,0.0007409397617817648,0.018689376236969476,0.0024804551501584745,0.0019373145837425843,0.0010169600161092065,0.0004843311869662861,0.0005007564048143049,0.0029011300940012066,0.005151804313000049,0.0029834068121694763,2.5789629395971352e-05,0.004011934696791197,0.01168555170006118,0.002636203703826696,0.006930040871130531,0.00749039737011653
355,0.691587445771307,0.003903332642209045,0.002504166514404759,0.004438033102077176,0.004872382772445205,0.0011279152576402613,0.0007980862311074364,0.006007711049865905,0.0016590445107553425,0.0011903281324080505,0.0020393486977405718,0.0014212793566009175,0.006092458666948517,0.007051178104527996,0.01108489454063082,0.0018890416098532462,0.0014766908977265913,0.0016760820412067725,0.0017551421036162366,0.0008516792211331532,0.001604324649809557,0.0038762575779833614,0.0030683306174758107,0.002336816127078376,0.0021205853350956595,0.007265618838689666,0.001135301971490497,0.001569262718739363,0.002616074660384061,0.003080872769547673,0.006925010180100568,0.00103287134079372,0.0017411899262488278,0.016261052709890114,0.0037806484098883825,0.0008825363471821746,0.0018186416561333156,0.0008588142343661186,0.001239012123750864,0.0005615017298354798,0.0008738011278275648,0.0006159960084436982,0.0008636228412849411,0.009881206665030914,0.0030119392332403046,0.011346327754988839,0.007918164088015326,0.0013302216470000756,0.0024735085861959487,0.0027228985181739014,0.0022760200930835297,0.0024986211465974077,0.001961134340956851,0.0022549333949794114,0.002868704760301739,0.0010641298045252269,0.006013512958514973,0.0005339508343666642,0.0008479485954621531,0.0011920083819997869,0.013123397641212972,0.0018626001490381432,0.0010308116097964418,0.008086979868118847,0.0006003913357911683,0.0021400007561943476,0.002575939467391377,0.0040602039848154255,0.005054085599458118,0.027449684937874138,0.0017279806552771095,0.002267729764945901,0.0011943190183838018,0.0006508511070037367,7.541102764659209e-05,0.006404110705182126,0.004365653926631032,0.0023213640957824824,5.3961620746296386e-05,0.00507522156968865,0.013877647137791107,0.0034642328578153043,0.007034445640510462,0.00575335959322635
356,0.6422394410893327,0.0031018000323483627,0.003109855013856066,0.0034638724656783676,0.003057067375503487,0.0023940349310459406,0.0016794160779020093,0.0015232516236993508,0.0016660793008609457,0.003740577681200052,0.0010266367404019724,0.006963317954206766,0.002284233447885977,0.0016119022419253514,0.01217491355652579,0.0013456323651146792,0.01716167555212181,0.0017168591867139662,0.0015006955283260002,0.0013799850554376152,0.004888163753830752,0.004761808686536846,0.002293712543717836,0.0025355944717172724,0.0014461912715613484,0.0022314949404150554,0.0016542090990096568,0.010605359574096711,0.002602268451606152,0.008124611035708532,0.0012099488074231912,0.0012659615176132662,0.0010882105225361142,0.001835351754771563,0.007334134605511665,0.0020890012495713376,0.002774012243872334,0.003998632626720933,0.0007598653948307933,0.0020146532458502056,0.0019203025600517394,0.0015614184680321404,0.0008793053049863339,0.0015371846736689956,0.0020444738191575614,0.0035271689900958658,0.006281729253633751,0.001602791809953331,0.003023547019985826,0.00423256856963382,0.0017039683156693458,0.0029445412527736143,0.00172518333080903,0.0032794037991563567,0.0034448761678027144,0.001809017819327113,0.01645411673460223,0.0024997188689035864,0.004182058873537177,0.0019338906847362327,0.0035368261813217036,0.002333812454180225,0.0008036798298244896,0.0011854206716197101,0.0012560821027009263,0.0010058393939622464,0.0016325307411183558,0.003147800715975111,0.012117797864604445,0.055898004925025994,0.0008575648125887896,0.0028650555363568535,0.0019231483172869384,0.00034651154493007587,0.00010672890686113137,0.016376736109015966,0.005548708550614879,0.0038960368098882683,4.434372616127804e-05,0.007273054781637058,0.014904291980836655,0.001616690487776463,0.001093240312460991,0.014988393909746149
357,0.6430180898594697,0.0014411066479656674,0.0055054991247627735,0.0024399420988669733,0.007475742761301616,0.0019271040799190484,0.0027632655986397857,0.001887878510467399,0.0010497888161157588,0.0015503237799894304,0.0034677682804578258,0.0012859683888424597,0.00923094170749043,0.0058106003433206046,0.001668160008193379,0.007336024428222546,0.0007836236506305497,0.035102448764505904,0.0008831907450047968,0.013658818744668115,0.0017535093127532542,0.00403821160230727,0.001586667512505771,0.005649098435741859,0.001210083590610913,0.0037313815425915435,0.0008445919242667759,0.0017494117799575959,0.0032494445437893965,0.011012258668414448,0.002200701659061643,0.03418686776301223,0.001532340208114301,0.006210154013300887,0.004304119487804888,0.003196702714719118,0.001973256445423134,0.0021108921199867823,0.0015159311226543104,0.0016576802042029793,0.0007606623147451475,0.002655028076587377,0.0011246045740034851,0.0027882755460358817,0.004575302512382631,0.005470864035753484,0.002315458051831431,0.002550130905770409,0.0016803265215473754,0.0010729066174689117,0.0021101489865597073,0.0026287475548933247,0.001037761950384802,0.0008803290680121825,0.0017133205713551062,0.007383213204725576,0.0015092377540946156,0.003832071067505484,0.00380819692185152,0.0028705013575995326,0.001452732360742989,0.0030382038382710487,0.0013890585263753221,0.001386394565914906,0.0017099769453509128,0.0024656223378476116,0.008022036164195797,0.0023107934266602724,0.001564127095886358,0.02444223147041767,0.001641745345291763,0.0019626635762762614,0.0013536016140038682,0.0006275036105240346,0.0003715758010606894,0.007373050675715832,0.007687047951825788,0.0028851234991115475,0.00014459156155551727,0.006226136971095127,0.011691496199497865,0.001496051310086732,0.0034642938559861954,0.010527262713143923
358,0.4166138296874761,0.005103433988942833,0.007083768285330819,0.00210953199611769,0.006611534197883124,0.0020389759208044858,0.002726637648643256,0.002965678109789228,0.008482922997755419,0.008825700076066404,0.003159318833683681,0.00468177915685592,0.000938298928021481,0.019135316914605256,0.008152763732827334,0.0008973913506568963,0.003216812611758335,0.0023204294022690125,0.009083735684849875,0.001827173857034647,0.002221359970090864,0.0035569706894272033,0.005124675595329603,0.006244679026718855,0.0034137756156589886,0.0035792895916296717,0.0010953814346377926,0.0026852486457662693,0.001544952225814159,0.003309698750149653,0.0019182195808096585,0.002040197967851504,0.002506950106006382,0.004136344682669745,0.0030045733131638915,0.001233120958279705,0.0016201225537970242,0.001214414596783696,0.0010101457403631261,0.0016737173048712015,0.002500795336784304,0.0006342792494946516,0.0014275295672053017,0.0036197174926517065,0.0032948933226757435,0.0017463151163464809,0.0017817406069647237,0.0036855907181749135,0.0081912969487552,0.0025716012233208147,0.12259276094352127,0.007864352271200165,0.0050930950813106,0.012091326108292057,0.01149089414512903,0.0053781517063816375,0.0019542392947220553,0.003838990369811327,0.0013386155716375104,0.01053009803576137,0.0163340220432848,0.001870027601165846,0.001400466188672578,0.0019530258096446033,0.0010263218174166157,0.0015841540080734173,0.001827956984013675,0.004826800780581206,0.06515733308809481,0.038506522337818386,0.0023224874261860004,0.0061757481961913045,0.0032205117734242865,0.001031919405864636,0.00023507687075122787,0.021837069248375463,0.00573380689262974,0.0041376794527023435,0.0001416267690149431,0.0066291013574061,0.013623145862931327,0.002416010679112728,0.0032523878109440617,0.01402164275436828
359,0.6125522778853296,0.0015277003128003367,0.0022197813205499647,0.005344479288927156,0.0015500147511993611,0.0023019183450025803,0.0022524270748881985,0.00278683523973777,0.004301444794182587,0.002855184601181905,0.0021133334843169895,0.012642145705947943,0.002991636795935098,0.05359091790781866,0.001446631942265215,0.0024020750259013644,0.001124994905768605,0.00390678323942446,0.0013711495745015606,0.0015952011932788574,0.0023966508891134926,0.0026766336864086564,0.0010081257455786656,0.0023900713468722524,0.0014189004414715872,0.0027702881501419758,0.00784629141219994,0.0020662281964557057,0.002261958784927939,0.03014028848329818,0.0008267849547900655,0.0010190857495919298,0.0017289641290856462,0.004375015944598688,0.001989795405809016,0.0012367125995078228,0.0017640971241255734,0.001867675558311294,0.0007824674738195443,0.0027018830376688446,0.001009994613242257,0.0016083913621225228,0.0005605831440771724,0.0017548540925597681,0.0014380677664815578,0.0017260915925490356,0.0008715758512486708,0.0012120136082336217,0.00351298622069261,0.0051259561841020315,0.0021178598384879567,0.002684121016789496,0.007234404562267932,0.004379445137404906,0.001448642230557049,0.006225622425310658,0.00080591168684653,0.002972381242137594,0.0006787714885820159,0.002663204742323973,0.0012732421015563286,0.006139016027041255,0.0052242780437869625,0.0005330087886913312,0.0015837933962082795,0.0014565978568199366,0.0036986319346301345,0.002093927188687043,0.003599898012296346,0.03734112980044797,0.003543206875323987,0.004624286772891624,0.002106010065869415,0.003985884478672043,0.00040682632966809615,0.008684707665618921,0.01155891704602035,0.0071611434087795345,6.56855611227787e-05,0.008767924350993432,0.020621374675970403,0.002326226326285422,0.003944983750918758,0.015083568232947271
360,0.6260067002849082,0.0035964532973850926,0.002938749587875853,0.0016563651861795014,0.0036665770579369815,0.0007024159689320244,0.0013117743431724635,0.0017703626852948492,0.0016153381540962026,0.003093817831998551,0.0014258378426858648,0.0021458018915944664,0.0012388112566209344,0.001957924789534205,0.002830465476079625,0.015318594182410225,0.009522162511895516,0.0022485489259089432,0.0016157635889238256,0.002609760044689193,0.02612537582885851,0.0011133843671387287,0.0015459340557719798,0.002669870628090097,0.0006770174622781713,0.0018128911777906972,0.001080645762663555,0.0015630002345209243,0.0017299307586553358,0.002769786655619688,0.005353557754584486,0.001019552193670707,0.0012579882095016025,0.0037672693878921266,0.0008358333074729987,0.0026596687725578606,0.0010517713559286502,0.0020562442186873625,0.0010452792738052067,0.0013533591062996255,0.0018206609178794484,0.000930091776134995,0.0012826641537071616,0.0014628974179345397,0.0036933979936824898,0.005936396611778488,0.0012770602693017558,0.0018556581417657246,0.002207004873202449,0.00267830086724524,0.0034120252099831528,0.0018023373705194886,0.0012496148829774856,0.001794095590714709,0.010675615059869793,0.07183370551655419,0.0015000787940612143,0.007574560936281252,0.0016083116668558265,0.001633027536244656,0.0020027173126219307,0.0036401702449347425,0.0023670175432002043,0.002776425446684404,0.0011859457997325932,0.0015981268754898842,0.0026665228378560516,0.0021634943486429255,0.007569599891151784,0.030370076559048647,0.0018227900421446007,0.005093337147151727,0.0021157144763986877,0.0021239439236495792,0.0003261396822630233,0.008364793000476827,0.004068088584228679,0.0030284098214246797,1.4020489983087319e-05,0.007297760874071575,0.013806769543938493,0.002054918351803978,0.0053173676265348335,0.01323775856996221
361,0.6864842032868176,0.0011214775399001787,0.005429399102544796,0.0016793428041052775,0.007595931942671577,0.0013816419547560484,0.001079577081187864,0.0009195169287322206,0.002126091706654109,0.0014817887391260333,0.005200792205962901,0.0010023239500034707,0.0020000410274441634,0.00140846946010544,0.004351607641667177,0.014846891301853947,0.007587235668926663,0.001859808502904809,0.00139992458363497,0.001282263018136327,0.0013424247467774145,0.0015507573407539362,0.0009647631254918275,0.00555607146962074,0.0017794212128669433,0.0019965278131481635,0.0007931448763632511,0.0012773826803093643,0.0030251007978670157,0.0013021506510981797,0.015377119465148848,0.001102840387574386,0.0004721755645946271,0.002199470208407129,0.0022206617672207336,0.001343150512089954,0.001270892142183488,0.0010206224649027163,0.0008098619687908465,0.0006921061694532962,0.0007963198904857817,0.0012007320335907625,0.0009207297798396712,0.0011507144584929063,0.0012906184074095918,0.0011068957483410424,0.0016660929749767479,0.0036214212324646787,0.0019061696268673702,0.001451994578311942,0.0028141082475492863,0.002879723013445791,0.0013031817123119959,0.0019260632152390328,0.006109406069763335,0.006013903173095629,0.003966355237137327,0.0041558732308744385,0.0011430344406902191,0.00340754833109671,0.005456304883255688,0.0018701553735084322,0.0008077217285812885,0.002869040924813237,0.006394886764979501,0.010764410380539229,0.0008887145397520321,0.01979835316786379,0.0024584704269199277,0.030371438496477998,0.0023402049277030093,0.005180538838366806,0.0041204226903008515,0.0005498934930937826,0.00036040620009325123,0.007703746793969729,0.01145917114072268,0.0025765641775054005,5.537578626142853e-05,0.00500521806419817,0.014723493815936005,0.0029963595478132952,0.0021199682469972858,0.013963280376564437
362,0.7517630684414685,0.002206465496235856,0.002885605362643302,0.002831930148322588,0.0009543593182544674,0.0017054394917370105,0.002981771760325937,0.006868335624438537,0.0012370858106969251,0.0010441685287761663,0.0011376251975989983,0.0016394142918371927,0.0010358510324169053,0.0022088222474212446,0.013485768299188915,0.0015765654012970555,0.0006219181766273054,0.0004198597640210929,0.0011248472447307402,0.0036588978237546885,0.002208707467831705,0.0010794018712256593,0.0010796817989893938,0.0009951435413398022,0.0005702495754943138,0.0071615661839531065,0.0003589728498542555,0.0011758772166248978,0.00107021984375513,0.0036576538495861916,0.017192536029029728,0.0006696345104241279,0.0006829028165393603,0.005616992789480582,0.009327486076145081,0.0012772864424526608,0.0005634714645287513,0.0017761819475191729,0.00034339581185579096,0.00027629335454251925,0.000947125211029533,0.0007764742754700317,0.00035441748038391135,0.0066225106658060725,0.00445865477750042,0.0011246552512559772,0.0022772643035275627,0.0008503398197612561,0.0022930747069417703,0.004566528799016824,0.0028743577468909195,0.0010818612434681455,0.010410980958582802,0.0009215179293351539,0.0010496418037452618,0.0018026131777897467,0.0006505140775064526,0.002188855770294562,0.001557506922027873,0.0029376090847258955,0.0011105319172825907,0.0021788711535468577,0.0017567712566698343,0.0019346442073842627,0.002427498833973498,0.0009085690347985065,0.0008746389707448236,0.0014374751046160534,0.0013340105870897382,0.017486122247818255,0.001110872931155612,0.0035936705908058927,0.002093000330728714,0.00020762458085802534,5.076192782602329e-06,0.00831128774942012,0.0064766343802726695,0.002080157202062906,1.4333699400338742e-05,0.007112573455390886,0.013464973744146564,0.0006256110594491586,0.0017695988958492427,0.01346749296572699
363,0.7037957502059247,0.0009739977232085233,0.002437233890762422,0.0016155974979093007,0.0016267982181140572,0.004389903763036022,0.00109670858555457,0.02321547996870127,0.001731184389176471,0.0016786860312874576,0.0031762183831549337,0.00107806151414254,0.0009514738501709897,0.006915535019900278,0.004476373567807017,0.0013296027696256256,0.0024951233992922717,0.0007913307915096426,0.00096916002688882,0.0008923920025344722,0.01072723358486753,0.0019319001883732858,0.0009078907523484457,0.0013235629691610376,0.0011267437760981243,0.009413944106742587,0.0005807561812494884,0.001204058145568899,0.0029604144682984545,0.00591450223427452,0.0015927707870710905,0.001822730770790917,0.0012912997109230412,0.0013403539461325986,0.0011802781748222108,0.003164593872769864,0.0013366745579192726,0.001147749930467173,0.001241882052972045,0.0012039344255503888,0.0006339125707878437,0.0006741019621534867,0.0014377692998954008,0.006290781309135408,0.006998848855336689,0.00693539303088871,0.00726590441083329,0.001909227345447885,0.0033401844991695056,0.005071569382926403,0.0072884547664441735,0.0016363674100080333,0.0013625427312810889,0.000680413974415313,0.002606020104512222,0.0012058509819853195,0.005852993269859215,0.0027043115532202405,0.019683162297989894,0.0009772715934297936,0.006173390057947555,0.0034990246399245737,0.0007656646471113052,0.004962236022024416,0.0034047119524877483,0.0017397639851544624,0.0021939550513790777,0.0006647565589651591,0.00195580189698229,0.022060548785206708,0.00046163425784995525,0.004302556746586143,0.001407209352813679,0.0010286723334355945,9.213425698746597e-05,0.004135053367014851,0.00708892667107009,0.0022195631144647193,2.3826583077494177e-05,0.0054492156659444145,0.01371327809618739,0.0010709159835072723,0.0016156180965988022,0.008366574292456621
364,0.5732014183890213,0.004621872929481085,0.0022785987244804944,0.0025551562260442678,0.003502632066021508,0.0019033053417182966,0.0015201071427532453,0.0015665313181718024,0.001407298988333942,0.002376964926216113,0.0020014206205903043,0.003530326680318644,0.0030471744016221923,0.005405206055376019,0.003324562682709559,0.012150048790395928,0.0053691602924602596,0.0013595443348748168,0.0011002987494338563,0.0022328943588400003,0.014131067083320788,0.005779398846164869,0.00258247375533294,0.0025127373956044586,0.0018245866332516393,0.0025610235781561405,0.002943884163393803,0.004190193633754078,0.002019139241727529,0.0024909296063637554,0.004551879062540133,0.0028703075612458986,0.0013627553252198304,0.039562341859063745,0.001782335351157975,0.0028391089109711274,0.0009569812927350772,0.001230522491288868,0.0013654625811810124,0.0018598782266324347,0.0012016249884913407,0.0015373882863654895,0.0004278339820864657,0.0026647387113250412,0.0052921882496640435,0.0035283037255158024,0.03200665770007914,0.0030307397653253332,0.0030379049857679283,0.0016516036776816657,0.0007287206873763971,0.0018334593501044267,0.0008410170327343903,0.0007163629044833356,0.0011993761954460875,0.0028475799206797445,0.008743616420959848,0.0015726999166132038,0.0018185378925741197,0.0016575546267021078,0.0012030518288828234,0.002236509463524396,0.0011931991237867517,0.0014999280441590937,0.0013483371385000437,0.00472266391327356,0.004441226222240555,0.0038518962772321036,0.016711730369381138,0.06349501664225635,0.002514808449621941,0.004330174935122013,0.0027888989128901326,0.0005793343049019255,0.0006232989739615816,0.006054927092167485,0.011077268221290244,0.0045980571179487706,0.00012082602168321062,0.008176578207409413,0.02168121385765482,0.0014791717989013607,0.0050249702010211755,0.020037474244243545
365,0.808124729374602,0.0025699960447495562,0.001109217467810237,0.001965723274797738,0.006195138629334286,0.0014677922223019066,0.0024018169641469396,0.002167434946939625,0.0007953416525150593,0.0015804018338013352,0.001363791636207658,0.0007875277679238961,0.0004789498954994075,0.00295264540286065,0.0009877368972361223,0.0011723474406027258,0.012478672931804807,0.0006357581853216706,0.0020836600953547274,0.0005782631015582953,0.01124282288595066,0.001618418496530225,0.0008281935682848072,0.0012444816015931225,0.0005013242423308228,0.001370346235845015,0.001080372876594065,0.000693429810820582,0.0013017993868861101,0.004066653477232525,0.0009980288400862766,0.000788789383286072,0.0012763494527641614,0.0018555539693466553,0.0011504122371494426,0.0005912067090004762,0.0011802900836876279,0.0006115379124098024,0.0005466740333600979,0.000851531572793215,0.0009323251134824757,0.000276939239274119,0.00043655311487913453,0.0024415611019221687,0.0034007684013201015,0.0007122320349455674,0.0016818597814691728,0.0004902701711893509,0.0019645356341740287,0.0013593955463359446,0.008898457140245649,0.0011313268181102286,0.0009228992870792172,0.000482312557464249,0.0011323944230041438,0.008955680171133119,0.0015267466722366483,0.0005569935961379647,0.0011377651501484288,0.0015806709896519586,0.0008075730621091464,0.006293051014215823,0.0013400216698752944,0.0012340056821078906,0.0009481639237900032,0.0012071764461674928,0.001362539988767027,0.0017653018908847956,0.0011590510123293894,0.015245265749781514,0.0006142044844541216,0.0017881680712263745,0.001550883987810906,0.0007174217394062738,0.00011801835737778705,0.004352279567745221,0.0049090442762279776,0.0031485417922126296,9.15361693735677e-06,0.0035560527227207895,0.01390276381093335,0.0006560382799751141,0.0010846512472144523,0.006513778120205153
366,0.6718628093315491,0.003262919249424678,0.0019466508152084477,0.0007960082222151941,0.0017706180343382233,0.0015368312969040586,0.0016170610966603515,0.003224823363243707,0.0013191952735239604,0.0017688769415104182,0.001683041691434971,0.0009055193664230849,0.0015043809298685075,0.0013365592554300996,0.00127050398028858,0.001017188135416401,0.0010553065640452382,0.020636392133913502,0.015567255571690189,0.0010733111723241061,0.001227493367717692,0.0012938822411144974,0.0008366551619264544,0.0030089500774962683,0.0010402750709374005,0.0007356163194933935,0.0012029164000498553,0.0026033653979094067,0.002685752356690002,0.0036033103796932965,0.003260109564452751,0.0005468699656940242,0.0007895918210883712,0.006476966148514809,0.0015075273127556866,0.0006408398443005925,0.0005272159653881608,0.0012397896277462279,0.0006267055624266871,0.0005670788480830522,0.0008882142456121399,0.0009187730260871471,0.001129546422099047,0.005016585599782024,0.004514942328224428,0.003213404984696026,0.010061133509218325,0.003942852511138174,0.0014743806999338554,0.007434555243856051,0.0009653026765094291,0.0020648070962729498,0.0009810838822186779,0.002404500165889157,0.0017653199373074593,0.0013668859843849975,0.0008706001899690463,0.0006447999941515517,0.002970745833968338,0.002494164510205217,0.002347064913697047,0.0019980137383683026,0.0010592170647973625,0.0016049508037354746,0.0013730357747931466,0.0015353891882140024,0.006093423665980737,0.0008042836906310052,0.05208083210383977,0.023613465498873366,0.001446788659707575,0.0025210845307368566,0.001347896824810001,0.0006363115260024727,0.0001520211579901507,0.02689678383096642,0.004432703528939145,0.0051954236239199585,0.00021074368689250728,0.008580695986639115,0.013871104600560413,0.0008482495202847109,0.001997390010196477,0.01465436336900833
367,0.7320940572759792,0.002587894275949692,0.0021086431295817202,0.002441540322261805,0.02235103765345741,0.0004951261035721197,0.0024835068213399374,0.000644563670797461,0.0006281719184552633,0.0020889280890615276,0.0005932680685048583,0.00093775175678961,0.0034518360061839607,0.00190178949813835,0.0013882008343803086,0.0018018679483477037,0.001450120348256548,0.005329230469191995,0.0023984413230881416,0.0006675901816808571,0.0010046269554875884,0.0017227821718844745,0.003398482241120976,0.001645004479219926,0.001290942907968974,0.0007460919767617679,0.002213946094742244,0.0013565283627240778,0.0014139988101720398,0.003257920952813106,0.0005138695723654614,0.0013884670941363075,0.0004578618512465635,0.019229518192841712,0.004120446281587654,0.0015538057467491238,0.0011553160125942178,0.0007468407066601599,0.0010269207269880422,0.0008413131737005043,0.0017260713561850227,0.000628547091092327,0.0010172665058816072,0.008617272247256474,0.0015631269492256878,0.002163014779973827,0.005924756293671786,0.0010514298999838314,0.003842601504358479,0.0014421937597223562,0.0016677081794611642,0.001004458805577923,0.0015819973105263157,0.000913355231009071,0.0013365379232141998,0.0011203623038081622,0.0020411354873549367,0.0015073225704367178,0.0007659534864330658,0.0026035201417173664,0.0018326640468361226,0.0016608741249122762,0.0012940463328344712,0.0019554437115515914,0.002413810014609987,0.00481189770773459,0.0014434563992551097,0.014118568487527716,0.0026677748523945997,0.026194046885553608,0.0004237859769076917,0.003972142081547481,0.0022283387903621926,0.0002729052433355071,0.001360270943323418,0.004661875780799654,0.016039552001438452,0.0024993216517113534,7.812402868463269e-05,0.004070104726876895,0.012814605283139298,0.0008732617323321347,0.0018851815677725287,0.010981065794885014
368,0.5593338837808135,0.0012833292408819222,0.0013891011725548016,0.0034603559692652124,0.002488938007099794,0.0006762064312508744,0.00245733692944228,0.006711878912402717,0.001486711450201228,0.0053363447022963615,0.002365362050606,0.008899903204227164,0.025916814728159498,0.0034613366536449123,0.0035158378045618156,0.004401900705864227,0.0012881218318166038,0.0017092955776777023,0.010461679536451688,0.001371303831859121,0.0014008157951336047,0.002136696221658547,0.004834577810998435,0.0011538227445093553,0.001149753032796948,0.0023707022763274676,0.0008057467568013589,0.0014736110553649935,0.0020230888476686602,0.009627120966040327,0.0016402557080397717,0.0013983648792544442,0.002243810618138826,0.0032901572414081163,0.002819961786322787,0.005456372485751198,0.0026525155401950556,0.0037511646504723548,0.000593796289599751,0.0028403117279884632,0.0016093062036148743,0.00349973012596697,0.0024248256557777193,0.019913393193231908,0.002143406440411891,0.0007385133514594559,0.0005814754183144932,0.0013835105515832018,0.006696068209040772,0.0027966367205560145,0.007060169421587006,0.0033147329056349636,0.008810454779767935,0.005478575607010231,0.0023343216721638275,0.0066942472278273745,0.000891637530555447,0.010862243646103279,0.0007914416268790668,0.0014425872357599423,0.009812826090062315,0.0012403402197618209,0.0012901137467213055,0.0035356841591909563,0.04824096688070417,0.0012210076945115447,0.001010728672715908,0.002350057755371187,0.0037372241806923946,0.05784114586930204,0.0007069780583714773,0.007374096090966737,0.006848813309912357,0.0003303578969935751,9.166905737415177e-05,0.004822793700047607,0.023508295422938134,0.001484748268300615,5.419642015507273e-06,0.005408536345022567,0.011120138599132131,0.0006733299881801532,0.0008945693412363302,0.01530459253168092
369,0.46993244795633926,0.001641359257034737,0.003093094599682123,0.004026202810887129,0.0055606378492537014,0.001870680544947124,0.0042357549157277215,0.0014634389393377745,0.00043945705583698085,0.003869050485682528,0.003007063653865705,0.09804345346648108,0.013239193691666455,0.009071443033408498,0.0076053334371121665,0.002920999830992943,0.003548097744012881,0.001837223482982178,0.004572264392961759,0.009014660355509753,0.0016153177030221511,0.001441094151824515,0.0025025314983560345,0.003138815725355962,0.0016271657673642748,0.003098841477818366,0.003744172721065831,0.0030791907427841483,0.015082680320925152,0.006813881653507375,0.001576685079458368,0.0014855648908378277,0.0008635312208816008,0.003775145369979888,0.010151905462905982,0.001962395200637197,0.0013859065663072334,0.0013300027191408066,0.001323950505541668,0.0011413532937171035,0.0014552149956260283,0.0014077173492482936,0.0017926089878074832,0.005362870588381056,0.004440835534113539,0.0016718017488942395,0.0014837293018079485,0.004323489673266885,0.002709398640869296,0.004921916907977562,0.0033447263311113993,0.0022516842144341552,0.0029430977495409007,0.004676095820652113,0.0038539885335113523,0.006630325714016162,0.02396897462843915,0.014966688695888453,0.001042414518225486,0.002369552515711104,0.001576532976337759,0.0013247737740788629,0.002066338536122815,0.0024600536033678295,0.011639549854173181,0.0009434365896295197,0.0032096542259964925,0.0032227276097685623,0.0025896056644956595,0.05801922531182319,0.0024596292739793254,0.007003819588127496,0.009278304406462316,0.001485028832767626,0.0006955763569829752,0.007743517464870944,0.023549533661294312,0.0018073945055404916,4.384368085117648e-06,0.008869822649482013,0.018631023141955774,0.002163659621172804,0.003667581031237098,0.013839704927571313
370,0.6959040558909534,0.0024729362894733275,0.002513747070069544,0.0013466974027627728,0.004394012896712034,0.02509486127777552,0.003210863736191499,0.008721588650366714,0.0009591525730373169,0.0015415441903200977,0.0008132649178611062,0.0007852099550405476,0.0013236488739131606,0.005250330775539024,0.000975262626465326,0.0007270913176658012,0.0027347304785778335,0.0017110065650615324,0.01402478791218336,0.0009431846412631982,0.00230737258393028,0.001276128758994892,0.0005364323653365358,0.002064605213528157,0.0017372157745559726,0.0033202868672988018,0.0014861799339951215,0.0009404093976096853,0.0011261698597017928,0.0014910057685207276,0.0019889941168257518,0.0008584049117142999,0.0018604144898325377,0.005278683011828478,0.01044082228632065,0.0011563910209476107,0.0015509025940510064,0.0022823906886375402,0.0009266394243468479,0.0005389557595373403,0.0009934818253599159,0.0005904781137083846,0.0009649361808703248,0.0014971497640953407,0.0017951695345607037,0.0007232438653308232,0.004935295064452834,0.004498221381203743,0.0043690035639433146,0.0007816992152704848,0.0014358461457920466,0.0016514549233154876,0.0017773260228808882,0.0020615159180339114,0.00875510870769895,0.003964766441742837,0.0014919999353601625,0.004284874007972517,0.0010652661509023328,0.008025076393157575,0.001982176529301103,0.004430671727306589,0.002750674563943474,0.002300433843295266,0.0008601846248495431,0.0011517773822601056,0.001478435633169363,0.0016900968611787783,0.006327083588861926,0.02949155892598833,0.0019941302032574592,0.005386446613743005,0.00182163695011716,0.0018536177783316959,0.00021992846325803725,0.00545940259980033,0.009806249100258504,0.003754269932560883,4.60026345882364e-05,0.007835656609715818,0.016055416580086513,0.0010754970322210912,0.0029633633596800797,0.014986992437827014
371,0.47155250176366076,0.0014569396454671018,0.0011500188525180725,0.0025917414703652696,0.006981048382086956,0.0017821317868427949,0.0015301050775339525,0.0045173913591556505,0.0009289739087079497,0.007216122923184941,0.0030193248939511257,0.1293276390842742,0.0065164636408510095,0.0024894881449243,0.011174807844558982,0.006530038924359781,0.0024518278813334803,0.007352284376322619,0.0006630672991212383,0.0023442360815018985,0.003072615426979822,0.001202743145577229,0.002752589112223511,0.0027187012532768192,0.0022207895838104045,0.003081238611540436,0.0010333505103851733,0.0032341405445498322,0.003025311806544628,0.0027826565426171917,0.0022987644987078172,0.002106688093094781,0.001269895007250483,0.0022130789272876285,0.0019421547840316486,0.00249440689909682,0.001233951427863029,0.0005419684609700977,0.0013088828888854717,0.0010969611044921194,0.0014393936346674165,0.0010079812350049224,0.004227201024384237,0.013719268167496487,0.0016536042110015577,0.003951561603533219,0.0072143402597274085,0.0065287863045983595,0.005640459697537562,0.0028691154423158504,0.0018110380850382447,0.0019699434781770284,0.0008332855171594875,0.001823535139635039,0.000953486085372941,0.003420007691268962,0.006833159416011239,0.004170282710010903,0.0013755156331284376,0.0015075991759837435,0.005172252379428295,0.01780905969416618,0.004319130643986461,0.0010904932737871346,0.010239893590685953,0.004619857260794665,0.005074315634817751,0.003961350901211784,0.0008015024372323863,0.04214289700051214,0.011238486573490256,0.004707973645938152,0.00520259283266561,0.001674270472782896,0.002724218252411774,0.0064518822412926525,0.022120907139125328,0.00647991381556034,6.64220437217213e-05,0.007081248971796561,0.014243999642427773,0.010355223939356943,0.009529009366106685,0.01673649176474036
372,0.5006933656163672,0.0013525497339292546,0.001733891197100372,0.0012841411583065935,0.009415915932700197,0.000824646654530106,0.004113127953540344,0.0018972754652407048,0.004588013517589651,0.012141932805641291,0.013930822165445375,0.00524038602403023,0.002882702529449935,0.0033355761509437937,0.002752560358186585,0.001091102888542493,0.001071418708274242,0.0029760532579981994,0.00203215932570648,0.008663585277447618,0.0032719656626337018,0.002505617998758251,0.0020456900555634525,0.0013998121416964795,0.0008196104156713014,0.001878505677676953,0.0005624814703202999,0.0005047450749248791,0.0005864328874953089,0.0008468552618633134,0.002740955662018943,0.001553501019536499,0.005550153598198586,0.0033903315971475483,0.0007600423088362896,0.0008074850913498878,0.0005159927204269171,0.001227578872551414,0.0005656304712228417,0.0004916536830597524,0.001029257695988428,0.0005939973291488077,0.00034349181659732136,0.004518747366960497,0.0012339169084064987,0.005649386935417589,0.0038314828981715304,0.0010995611408669104,0.006013143926901468,0.0013314386711745826,0.1933945885115815,0.001690724070698077,0.0008843525448451419,0.0025562903938858603,0.0024209691754042643,0.0017028593920249736,0.0005699868450377597,0.0011327879309263682,0.0012191701710913196,0.012483402454845968,0.000914637107754493,0.0014073599439494422,0.005048075492470296,0.0028615756560277533,0.0008232519851332281,0.02405763448934105,0.003227088154060198,0.015664294445754835,0.0033054333872516006,0.01910156995311716,0.003747172572023643,0.0028086438164566935,0.0013170295494396283,0.00040486410366311873,0.001067651813254411,0.005578724978192927,0.005209382543343864,0.003990180292967796,4.0054378802131785e-05,0.006975425245768192,0.011986691930440755,0.003003656539689884,0.01006388413355914,0.00964989291563971
373,0.7341293060248942,0.001282045873835086,0.0019389670048134077,0.0024136592592815765,0.0038054682363143576,0.0010365047010119405,0.002449173906250249,0.0031876645276173914,0.0016640117927263181,0.002761237160183688,0.001376779768034926,0.0006582355738949651,0.0014173492113704266,0.009138531216912034,0.010544204153958295,0.0007934349346532389,0.018346585024549528,0.002167261145101816,0.0006461562919273067,0.02375494225540945,0.0010821955813240742,0.0028137323882478867,0.0009652289805187318,0.002153451735952568,0.0004691198074035196,0.017040329169128413,0.0016759018746147873,0.0011844180296362915,0.0013519468648335994,0.002291130603291839,0.0008667114398442324,0.00041964753624359547,0.00045921420925661523,0.0012006610917796978,0.0015871315202283661,0.0012730430213066606,0.00045065635395372664,0.000638511524613813,0.0003555783150240193,0.0005690997656248247,0.0008045288458499035,0.0009130862944972681,0.0005251333083299136,0.011098546694936123,0.0007690302162027655,0.011291343713819025,0.005648118087163352,0.0005425565865462404,0.0018270706727916202,0.0014104192616164384,0.0015351946781125849,0.0012178486889484626,0.0012537470720503379,0.0016892570730981642,0.0007800307781484695,0.0012272692443261804,0.007017207047901792,0.0008675632752839985,0.001571411806861279,0.006575735193380613,0.010402177322868819,0.002039243832931827,0.00042328105105104096,0.001674457180759547,0.00322623107382075,0.00046727769555513366,0.003775341670569952,0.0006389919671873381,0.0007092502851509029,0.01593605193004653,0.0014425345286383066,0.001423743556513649,0.0008033380550469927,0.0003832240191803646,0.00011761414377096952,0.00789151795125094,0.0032748250460588276,0.001420926285019847,5.871560171033371e-07,0.003469778223770608,0.011037696962638274,0.0016873936277285511,0.0016562649890441215,0.005173925029947755
374,0.5776065589129823,0.003253136686469981,0.0025858633658580148,0.0036300564685714954,0.018714904083975012,0.0011345140000584627,0.00194544988522623,0.002612016981030461,0.0026880781482340015,0.004138471627354351,0.009206684468690586,0.0028516744413225937,0.001787471920491215,0.007884026663917597,0.0009595034925140057,0.0072786142986265125,0.0013838810542632345,0.0012239730132779882,0.0012916458817552364,0.003558429452949567,0.019473140629021165,0.007058169235020388,0.002979860383819075,0.00259968133983137,0.004783748889285734,0.0024348749402418046,0.0012801231888371208,0.0014024648585064237,0.003866351250431765,0.0021585100406127326,0.005560204354713301,0.0009267166189696658,0.0020167584175124925,0.010871389196408334,0.0029185240660277315,0.010837203810806727,0.001500157662975122,0.0008965947552073629,0.0014744294018177128,0.0022291102401171834,0.0013471924372835571,0.0029167537303933164,0.0010131489415079156,0.0010486480642105868,0.0029554741534439533,0.003203988270307698,0.0011271733530425453,0.0019403433883533163,0.028836438579941167,0.002452490137545667,0.0025985056087740243,0.003519722111004152,0.007834322585070136,0.00386724220891454,0.0018969388874555061,0.0040012428601837674,0.0013287386949888695,0.014553479135828506,0.0018568538189358407,0.0044187772002032685,0.002510582216091709,0.0013919984864460694,0.006597578582608466,0.0014701274806519589,0.0031560136827322293,0.004719653660870713,0.0007793529051223754,0.005047609981901769,0.00856738701078812,0.0387420871345388,0.005060183202841343,0.006792031324976427,0.003209315322311735,0.002063521807920299,0.000758789939320153,0.007851195958621738,0.006170298292398145,0.005270812987225477,0.00042373911385477496,0.010485589927630542,0.018817823496961032,0.003490318841920843,0.009608461973427292,0.011295084373717786
375,0.71164477445058,0.003654653841451311,0.0032943717561104,0.0024742773944270765,0.002853130874100251,0.0013315184206561098,0.0018502624297244725,0.0040414794672325805,0.00235703767603818,0.0034798524300294217,0.005706580617022043,0.0009715436617393842,0.0012557091865760827,0.0011984424853673868,0.0028575908569006916,0.0013863650867279782,0.0015210300526706782,0.01610027406031921,0.0011477569134546084,0.004880172618586783,0.005120378488573884,0.0013283359639942565,0.0014554102739369843,0.004922539620575514,0.0023579903869282593,0.0018352583014480282,0.0017288268726474694,0.0006519589644894283,0.0018053239044207654,0.0027912120460217584,0.001228922970102409,0.002736353316804073,0.001247922113826312,0.004869801710924089,0.004566015921766033,0.002726167832393992,0.0013534895686029508,0.0013947898610633907,0.0010532100382576951,0.002396716808928149,0.0009350819193841348,0.0012220884014643163,0.002131077448069296,0.002750775523663531,0.002855035372631834,0.0019577713713314084,0.0018912840638340576,0.002135368562765015,0.0017568506993738263,0.0016874133953672047,0.0023211368867755776,0.006330404032969965,0.003011502246447288,0.0023342792539392102,0.004289439175839332,0.0012186883041289795,0.0013522132117858127,0.0005318743380386113,0.002659787213429169,0.0025022444664180555,0.0035066977961581295,0.001619930625566009,0.0018567502967707112,0.00540546144548732,0.012334439155736038,0.006508178422957499,0.0031804132497369178,0.006577688601157123,0.005541836038611929,0.02733249430547722,0.0012342213709652268,0.004204552929973523,0.002502611607363801,0.0014810272997446954,4.849239662908425e-05,0.00699053252107446,0.008757931025420447,0.0020049113304436636,1.4454450822547986e-05,0.005457954935126166,0.013382546973065493,0.001204535168022936,0.0022615620406081947,0.009139010880004064
376,0.6809851043262286,0.001279102391291999,0.000993793530261019,0.001475388141546059,0.0021351563760394817,0.0009095170438259597,0.0008318409901055287,0.0008327832585687312,0.0014840860318461782,0.007925153306694896,0.0018107304741123026,0.007443687434725745,0.0011869063104267684,0.011865939064926395,0.0019461277190635396,0.00562276454234932,0.002907137462963229,0.0016257807693385257,0.0009521850175386776,0.0007206006195023637,0.0014876875100307886,0.005374527009381479,0.0009486123176458938,0.0013693157601565864,0.0028138552622767486,0.005937595860166448,0.0007186701884490668,0.0012001773038686726,0.0015750524679369756,0.0038922400618267173,0.00491217296283904,0.0007978569096941374,0.003940385453546619,0.006296649075343056,0.001711209321701006,0.002499556849390365,0.0004914216647262128,0.0010876511965519416,0.002429856188181588,0.002905476308446342,0.0025330228522011207,0.009173431957350953,0.0004068421625307709,0.0008509564137384032,0.0018133122903609905,0.0018952442155306106,0.001762161557489524,0.001403553455322437,0.00700494688623988,0.005921993953453522,0.014035144351541917,0.0009400334059750782,0.00512586371826228,0.008185123947114757,0.0008237870718569464,0.008516165381383804,0.0013550646576559128,0.0034183434029191463,0.0014487787730988891,0.002065149583523544,0.018833263619975296,0.0013280238599963812,0.0074362887840763595,0.00136099714239932,0.0034389829189854586,0.004012184791779617,0.001583251148180447,0.0030332308890420223,0.003460141518034045,0.02541330876695935,0.00275726680030966,0.0038923144676154178,0.0036368680247305667,0.0011019357017821546,0.0003133891970147666,0.005405981211769124,0.005887805490245606,0.0027927611185393887,0.00023798823378206368,0.00627505180212752,0.015301610278306454,0.0015774537660622838,0.0038433427759085193,0.011073883171312814
377,0.5272013263184435,0.0011576666127748193,0.0009843621872823683,0.004875157472370016,0.00350659064595793,0.001526526613916855,0.0025365982967478365,0.0015905652691600076,0.0018802506342565776,0.0014371298637026527,0.002178680168285901,0.0034503286991731897,0.0030116358443086563,0.0019530954411381735,0.0026280652194483325,0.018192551992285356,0.00710999109242142,0.0007252719020137386,0.004762311148416745,0.00504362383899434,0.004216002746900011,0.006134816836502929,0.0027605730524807815,0.0008685349369971287,0.0011746319206591951,0.0019399193238456589,0.004218465514934301,0.0012481638001518964,0.0014473660828672203,0.0037661024598405687,0.004978768697154285,0.0011107884510357757,0.001686859077112882,0.00305051062140068,0.0007081082688103748,0.00719089946674698,0.001484044166408848,0.0016856323272270493,0.0014521207994058088,0.0036084030529594897,0.0007589423813295914,0.004350693526732709,0.011159323796180462,0.0017297181232515909,0.0010464940751218597,0.0018768742049483918,0.003956426610705238,0.01467555870881732,0.009924823976733476,0.003693314297484821,0.010749127884363554,0.001147684822685929,0.007804892762186571,0.004206829975813509,0.0019168546287245858,0.00452062722986525,0.0026577775949116083,0.0041453442730263945,0.0024365067902300643,0.004635287681239678,0.052927368623971405,0.07113076690616882,0.0031666875977963567,0.0011428847161484778,0.0018372804856075903,0.00148739107940651,0.001890782637000386,0.0017381774237772512,0.002942517088300377,0.03328637219233343,0.001410925577957624,0.006332726945455116,0.0017151757324117868,0.004008840001568921,0.0002604839816137326,0.009243950593792561,0.010593526116265201,0.004240393934279767,2.8449189292449386e-05,0.007922124046899702,0.018234222809298692,0.002082947588801014,0.002786931981341767,0.011713528541618534
378,0.6208635288882975,0.0009232860527795849,0.0009291889418283379,0.0006331753806240708,0.005220285553966714,0.029448212043499605,0.0016532469843501334,0.0023872650382942085,0.0016519760866820295,0.0017418293636471678,0.0078837966698699,0.001551467857208658,0.0011293360466588774,0.006945478887972883,0.009566763051909273,0.0016401258826243556,0.0027504652800366763,0.008326229464728302,0.000992664680326827,0.0018796081666330865,0.01377934015260521,0.0018354047133765157,0.0010449319374225441,0.0005020378337934842,0.0015134854198202584,0.0036289500988397026,0.004822379955345318,0.0026697735259086585,0.0028681451981732112,0.0027777708529886313,0.00539988449313944,0.026849398926732822,0.001044718964013141,0.005703390819245969,0.0010970035588374037,0.0008865111939495065,0.0016163478431335282,0.0011076258098488237,0.0015538456662758742,0.0007483860228059295,0.0007451935734931524,0.0020659782345268185,0.0007758257321641594,0.001918897706563852,0.0015594636975594202,0.0015295795117216205,0.003384644843447782,0.0014712377215859729,0.0028286490897276536,0.002675369107199486,0.009963037878927642,0.007280610422276774,0.0015687631559776255,0.0018890424446328373,0.0014134178597287233,0.0014902906764081235,0.021658128991875712,0.0038633927247536362,0.004503928921470681,0.00427454865998501,0.00372196135680049,0.0012619352492769965,0.0010432668484801153,0.0031001055464357956,0.0016695884715653521,0.01487701549757024,0.0015327218382779012,0.006721573601205491,0.001476999496277673,0.017879650230540143,0.002884845435664825,0.002698580601584495,0.001226366987481885,0.00037027095669138656,0.000568322972363409,0.01826599774116993,0.0037721228921474784,0.0050616541702009285,5.365526296719209e-05,0.0084109015336333,0.011475320776808226,0.0032178835941487553,0.008325901011534577,0.013956093664952677
379,0.5789518410017317,0.0033696367899809757,0.004465859509688359,0.005965074539479528,0.002121081049830859,0.0013971484979106651,0.0022519774775508496,0.0011848708483019692,0.00201552550469839,0.0023930517758888672,0.0021628742483852863,0.0011322445067411986,0.0013791882775629754,0.007847137157702466,0.0032566324409801914,0.0015189152137360428,0.004392190561480643,0.0037999021519324644,0.0014177589040337345,0.009567900506988303,0.001293851389843664,0.0013144389201985357,0.0008718012224338393,0.004915949900011584,0.001097547516610014,0.005381792043405983,0.0006004440270364572,0.0010189557987470366,0.001477107132068544,0.09162040604216626,0.002707271926160805,0.0011071581980963627,0.0013481864043542095,0.001709791824957888,0.0013212330231429578,0.0007284620616642254,0.002546288285685772,0.0026266094701346363,0.0010076445089428467,0.0008670332498111811,0.0009071770604480129,0.0025727009147522716,0.0012437507077393138,0.0018466647621815646,0.005227049550180972,0.00244057623238393,0.002946027533424434,0.0024029432255192593,0.0035550048379005567,0.0008824118569625114,0.001589223950294388,0.003369618810063865,0.0024371363180308555,0.025529199623623672,0.002685379365362686,0.004939737806064924,0.0023270101230936043,0.0012669490356587443,0.0010478752470791852,0.00281614543063512,0.0015114912027085938,0.008674417455610916,0.010683743327715444,0.0015402330760846974,0.0008212615273254039,0.0006124577602525651,0.002162569193714138,0.003125297732404364,0.004679823622425936,0.03918768897131031,0.002213079344200479,0.006425065163914561,0.003953386160676759,0.000860260570802579,0.0004639632528070221,0.011877761881758892,0.00858476359118407,0.0030147827152543815,9.826272050101409e-05,0.007139724280780003,0.01917225475297913,0.0014597079344846134,0.004461819623891562,0.019090817835734582
380,0.3740242640288325,0.0023344860793409255,0.00142211075981266,0.0062740662930067985,0.005056536816216467,0.0012406342750634132,0.0009072303085746858,0.0016464395427393953,0.000682981366851416,0.0022444219870816212,0.0016918402261402654,0.0012104245740688282,0.0006900864476245473,0.0038384959227397075,0.0008374063296178208,0.0007724373474146792,0.002785218525869453,0.001002195676802889,0.0020046332056942715,0.0010325836461827062,0.012278983141834213,0.0008826899150771591,0.0013160557287798292,0.001915170596126909,0.0005176952018687358,0.0034831919976688573,0.0028744213408217565,0.0012939814545864837,0.0019085863692590791,0.01064936984313314,0.001018596824248824,0.0007920468490028645,0.0011873005265880027,0.003293397566166677,0.0016516796808640258,0.0006243183132086938,0.0005977348528848846,0.0007547464758046004,0.0009642577375812677,0.0009051114048162257,0.00048000078576884155,0.0008750923901381804,0.0010771285316177708,0.0006757190618571014,0.003426471016717765,0.0019211938596226193,0.0016934969276271024,0.04585370334771334,0.002450159974664699,0.0033338864338498366,0.3420878841575402,0.0029286837937914233,0.0022674267689018236,0.0013770300235284691,0.0017550773508700067,0.001842900026024,0.001542889634537373,0.002208038643459606,0.0014837916769400402,0.0008985005818588309,0.0014006102520926224,0.0008619823294135976,0.010547108740289812,0.008648124365809378,0.000665715060764396,0.0011539668046819601,0.000826102559391973,0.000644555505743027,0.010574752745247886,0.027240749993690312,0.0010550403942739422,0.0037619770161368246,0.0022506561008496487,0.00039472542694956263,0.00026748267602472186,0.00881989580834872,0.006565240230192225,0.0020045971248885902,2.13557439943983e-05,0.006589232703231276,0.013569529442037022,0.0007959943520099156,0.001918886004630136,0.008634814452281725
381,0.8447448196570555,0.0014156441748505325,0.0010203837548280095,0.0023592941275482966,0.0001962829986629031,0.0005966575158687287,0.0011082990458763536,0.0004383248417288593,0.0005051870860071278,0.0007772800473430736,0.0008728529581871445,0.0008948157097375107,0.000523545215078986,0.008839791967439005,0.0008322941457695793,0.00037959407518861166,0.0023502478117125455,0.0003920355558862429,0.0006795071438470011,0.0004371005761516839,0.029770196110949266,0.0006661533765661928,0.0003478366148525359,0.0010121211664110372,0.00033458573547710986,0.001213309940429443,0.0003123552538296926,0.0005301509250726275,0.0003952521364755761,0.001960707162428815,0.0008138399484840578,0.0011106996900773771,0.0006219871098635439,0.0005972034610879585,0.0007775533984720023,0.0008425154058562411,0.0006206389517974545,0.0008325873528633979,0.0009587916137952935,0.0006514059965829845,0.0007829982581221015,0.0008565027339742751,0.0006728012113332562,0.0005138321684406456,0.0013135422521228213,0.0008031118118464037,0.0008388048921612612,0.002359451506215301,0.0009168408009187887,0.000900448129073944,0.00012512653706633727,0.0010761553068305125,0.0016170306108493366,0.0004381170654327637,0.0015481280862852092,0.0009386725925518996,0.0024870923785597723,0.0004956369926418917,0.0009891679431624938,0.012405227659194351,0.0006333942217943059,0.0015521578373290524,0.00034458779295251895,0.0004865935394048345,0.0014487949683511159,0.0004089807295202403,0.0004011206312115762,0.0005173051930620537,0.0015057770619627826,0.014805023809283183,0.001188718929399896,0.0014586635748849814,0.0009386101890939895,0.00014242625421211533,0.00018287715819792838,0.0016568397006902801,0.004232105398457035,0.0005725579598115492,1.5601510025465025e-06,0.0035351630057786736,0.010078585684396003,0.0015182523307862104,0.002254838570653378,0.004322526610840153
382,0.5531463811867647,0.0015622183739491785,0.0007754471118940358,0.001856542663952775,0.005630955250621789,0.003352778172327369,0.007844424762207975,0.008810952005243464,0.0009644750590050777,0.0021043943520923135,0.004323822608692271,0.004530267980983815,0.0014633158653583405,0.0061866753794820335,0.017986386526100878,0.006195172698120384,0.0013261086279203885,0.0025084983354460243,0.002901720187725345,0.002442506445661343,0.010568144182776733,0.0018641205435907997,0.0012506632135874218,0.00142066242106025,0.0070905219646817865,0.002014091222465988,0.00041276879147005935,0.0035271307358619706,0.006845996785996419,0.0030387002376091646,0.005991864732297944,0.0005396430278856451,0.0018051576938825037,0.004527642005173248,0.002131153815392626,0.000516698577455494,0.0016556364759595045,0.001677336347966955,0.0009451156402188549,0.015531162474748384,0.0017146801052335303,0.0033762647321161346,0.001057588958174172,0.0005174180654927725,0.001995520917681403,0.0071992798205886815,0.0019116289040079521,0.007849888796792217,0.025261058439225687,0.005687797311406527,0.008332329645840937,0.0012907783485469125,0.00211986043374601,0.00498649710216918,0.0022250629397638296,0.013679692411576249,0.0026884835857294786,0.005020070218071373,0.002113059278696753,0.002282675526488355,0.0030260455280540608,0.0010016599814985348,0.04459054539244078,0.0024888815587484196,0.001324894190751315,0.010047108695422458,0.0013384655497727376,0.004958136565894017,0.011537499395043017,0.03991631415290885,0.00206707464372023,0.004465983549394122,0.0016097155941550356,0.0005525010517759102,0.00015865402209192705,0.009036060993770615,0.0030422303300445216,0.0036368053359649623,4.1437076224523204e-05,0.007980900216600664,0.01775563462607251,0.0018156442001346946,0.003205534735335252,0.013825382589201476
383,0.5995889088809984,0.001310400146859547,0.0012736667548652772,0.0017574929995355475,0.007281303594430641,0.0017959899657509451,0.008327621175493306,0.00405152246817404,0.00268486536308178,0.00350735161984966,0.0045562384603350554,0.007426215140009364,0.0010659953034672697,0.010673548009886118,0.00367732165050968,0.012316125782692096,0.00045781325868581333,0.0023418394403984582,0.0013644391922287239,0.0009070983907162798,0.011940669354152954,0.0014913905294599078,0.0009555715764443073,0.0008821997816838872,0.006175834218244626,0.006506167864648007,0.01646735970080661,0.0012234316854599135,0.0012329932142159236,0.013735051528726418,0.0034584393878403833,0.0007448455121681409,0.0035732698802761345,0.001929639801138618,0.000870710955374171,0.000905485261942855,0.0021052377433906926,0.0015497188183334683,0.0030657676828055695,0.006167528660662424,0.0029190356297327893,0.001859583749799344,0.0016249317896877239,0.0027884088818551965,0.002872720514185122,0.006692617483153353,0.003985835484953575,0.0022785047902643594,0.022700321176117075,0.004663369791637246,0.004110543541245228,0.0028244519845981642,0.011491352565834336,0.011314584379877266,0.0015375599270707647,0.0052279664916617405,0.001462814177615652,0.002598723149432752,0.0014389149738777203,0.006216048192011651,0.0029391321365733933,0.0016635267685245136,0.015235886884647895,0.0017414049274173306,0.0015525649801794064,0.0034747506230783116,0.004667209057415073,0.0015268291224380998,0.012089922943927033,0.018156968667784115,0.002327763093025691,0.005011902387436169,0.0015503329197915539,0.00025237374806674393,0.00019615290539872792,0.014396779306182854,0.0065737105416511015,0.003753867428655848,6.737374274301779e-05,0.007382695841845744,0.015466321698276593,0.0018752230384595499,0.00485715347813062,0.011284794327996669
384,0.728241926779275,0.0006083134808701548,0.0007327812681816494,0.005540231096158076,0.007057225993867543,0.00027975645821357026,0.009044553340416699,0.019214552442054784,0.007138860790599455,0.0027231635234250136,0.0005744461445748047,0.0018001440941767134,0.00046728500442658514,0.003865105839241486,0.0003036118444503144,0.005112665152776562,0.0013200216790471098,0.0059468664126485415,0.006881805065877329,0.0006893584292337338,0.0024753848392559804,0.001140699099325652,0.002718104292226266,0.000938022934967844,0.006523645323423161,0.0006225985151042635,0.0005851465090655143,0.002856676380560096,0.0006768994109550766,0.0016417617203043358,0.004045526680487415,0.00037277573945847795,0.002124452512666125,0.0032555351491084855,0.006106131662531232,0.0003516872194626574,0.0004323775580844813,0.00019132255433109753,0.0003070398023083211,0.00033302991718889144,0.00023210150284221637,0.00040842757638959957,0.0002642289030152163,0.0002701086061952978,0.0015547687152919379,0.0035716837566561166,0.0033132320975952077,0.005390002815819365,0.00846654347889244,0.0009378975239270814,0.016701615074092527,0.004973897702724219,0.00042171574098482235,0.0030156940101301595,0.0013329187896668235,0.01209683927507962,0.0035737050477851295,0.008503454142093752,0.0005028358342534625,0.004265561227273345,0.0004528856326642453,0.0041956617134831795,0.007187975505296588,0.0025977178586826647,0.002642743726307068,0.005255101013255445,0.0017374143384604323,0.0036170733236887058,0.0032456652320634245,0.01044202724978221,0.0008500815381895003,0.0019505196988292997,0.0006631866249588163,0.00024262754200509402,5.496212418673958e-05,0.0030256802092082304,0.0025776100745281104,0.003217869938789957,5.087273174515943e-05,0.003164248936719278,0.011006952018609512,0.0012003520249298768,0.0011800143325150462,0.004402032130062699
385,0.7613245454035293,0.0006695444865226587,0.0004609034265274249,0.002602409224643555,0.011964531163585281,0.0021328825001281576,0.0012482856903806554,0.004993017786327932,0.0009963972393340125,0.0011054268280269886,0.015535165842918617,0.0011014249301225167,0.0015640244017159893,0.0017416380984833766,0.0020937285643085617,0.0010489451950098944,0.0032832026951118915,0.001351212808816607,0.001760086733797702,0.0006810070024746713,0.016363625200334634,0.002183299337422886,0.001186868391596716,0.000503231218926475,0.001477834903936292,0.0008444807203681541,0.001287686819556405,0.0019288663451219904,0.0013933190836351778,0.0025010393451251832,0.002063115380961119,0.0020648229492845503,0.0007051026790804593,0.0022173158514524776,0.0005861330470525456,0.0003903247656653329,0.0009317449509153369,0.0006402173047040185,0.0019429932968460498,0.0019300604071338498,0.002202989811437103,0.0020011956283788987,0.0005837631776481775,0.000650908742758879,0.0007215717131996722,0.0011974379816001369,0.0008562600616845073,0.0009378592894192204,0.005447303432704546,0.004332308260670284,0.001517988291900508,0.0009439727998221434,0.001902960741845849,0.0005324537865038877,0.0012210780908882063,0.0018107238882084594,0.0011843604783345943,0.0015784865128258732,0.0010118973833246215,0.0023290332341123375,0.005431425684849225,0.0017384519054333227,0.0013454376603626054,0.00453055291490925,0.007239978923727013,0.0015609769626359073,0.0010041448076854435,0.0021496568294252843,0.0008215867997634852,0.01639681679755988,0.0016346968725972342,0.0031465631185087183,0.0013281103082866048,0.00041046428488501345,0.00270120743958307,0.010885473396494157,0.00402176915179687,0.003837843163468871,6.558864926155104e-05,0.0054529570312382295,0.01207382104118666,0.002183445887572513,0.003657984870715522,0.012616030169900452
386,0.5674958258059277,0.003966368097817258,0.0036557874960725235,0.0015811569034838073,0.008559658062992024,0.0018551170319232209,0.007131350716929363,0.0035570216007871007,0.0031564561994591256,0.0013060439383141276,0.006187446597611033,0.015090830382916878,0.009249744323712148,0.003367360266943972,0.009224730908558082,0.009543624714015831,0.004237618663430428,0.00275237095082541,0.008762776891266777,0.0035617599598831698,0.006895421884177323,0.0033095316308789937,0.0010522845819253414,0.0021576812629977384,0.001757739875822811,0.0024805195838187855,0.001065056222777779,0.0029935454244216916,0.004018683132350229,0.0041820142576360336,0.003796363025531384,0.0014560635355868568,0.02137882405150355,0.007677536183269121,0.0014418051469358196,0.001065990995885394,0.0011909926915615624,0.0019676836773593934,0.0009338757566221361,0.0020707940081333594,0.0009798021805135044,0.001253370875717734,0.002058712240899196,0.0027427857444945326,0.002399451477339319,0.0011654176634721364,0.0042251525040908336,0.007475160072999392,0.0074444174329271265,0.005010655376962495,0.012417734232426843,0.0020563989533021855,0.0010445276665373658,0.03154820222408102,0.007398634998475379,0.0020943147892547,0.005006965433012317,0.0023809177111601067,0.0016537466391482833,0.004611038909753134,0.012003305453772541,0.002989585264608615,0.0036655421782233635,0.0022213311530311732,0.0023593435361777917,0.005708809723918974,0.0025254999706338654,0.005389804778893077,0.0066902719273485975,0.03288199692982079,0.0013590623684671369,0.004598100160450677,0.00303878232484311,0.0004440258570110818,0.0001565625188068025,0.006555576129025668,0.012126106356522405,0.0054431655656895705,3.6206365441388e-05,0.007200047720938125,0.016956461691031724,0.0017158434872871936,0.003206883347549558,0.00862482162187375
387,0.5989308033516253,0.0018866827190910842,0.0012912501434915358,0.0007126301516717892,0.007390878918458678,0.004209860601839685,0.007790078467954115,0.0016752423622312992,0.0033360945071233498,0.0013444602609563418,0.009070320865552376,0.0021486302796991353,0.002689670959365729,0.00456938382400428,0.004352861357804694,0.001136597010398005,0.005584213017241555,0.004892154083621007,0.004392641344407653,0.004084018054784384,0.0018288198797815091,0.0011220809016636753,0.005556901351460658,0.0007690552229441559,0.0015273449450396905,0.0034456907438310557,0.0018145936568928019,0.0024419648405231715,0.0009161250375160632,0.04152229214289518,0.0022007062493126462,0.004209594409065565,0.005179123237582237,0.0036151696298314124,0.0027606589247463373,0.0041713406744726626,0.0014255964067749949,0.0014361897249488983,0.004871180550319348,0.0019062889367965476,0.0009524404880010038,0.0020568756695860555,0.006644283847572239,0.010074989590834206,0.003152000873071745,0.001891931244264968,0.018503601390663,0.0025278831148076958,0.00751519531754508,0.002950358464219525,0.015829217980960857,0.002057029421795683,0.0029918103947069673,0.003507501383597946,0.0021166470446242866,0.0015176420392576712,0.0019344178244648294,0.0016293093932171737,0.005040263422716792,0.003036078383437556,0.004664555975820853,0.0031157787146528096,0.0009072298295425513,0.0037511342599622155,0.0010602187736083618,0.010262459797595649,0.002733130054700885,0.0049527732508164325,0.003490368028139098,0.02053070567625921,0.0019013008179698675,0.005495482739656616,0.0022557727706015124,0.0006581895988397119,0.00013019079263543477,0.006861325225855523,0.00847659109845254,0.00398004430462392,7.187543193233797e-05,0.008065481018512276,0.012085373280624704,0.0024815284144782523,0.00933285334200124,0.022596969765652213
388,0.5771730742672099,0.004919287277194129,0.005022000140973505,0.0011302429229693995,0.003085735120734874,0.0012084689070032243,0.0013489211038299378,0.031078686871932066,0.0010700129880084803,0.0028772238978535267,0.0016598857579654318,0.013348619681368027,0.0018049518047406226,0.004759288620337874,0.00373409983598055,0.0009104180399825976,0.0013540724460937045,0.0036656131738296,0.0032014859091946853,0.007787066021689862,0.018723999575189568,0.0015677810643487456,0.0016969791064337422,0.004544167593436146,0.0011859991564014073,0.0017057623492667442,0.0016332772701487819,0.0008624392821462805,0.0008888863396745685,0.004529681395608219,0.005284069852081088,0.0011861038113230146,0.0014055413443222317,0.0009880374358940014,0.0012392075185845342,0.0011830580657795442,0.0007024208322891379,0.0008661939846096473,0.000636686317909204,0.0008272767125951719,0.0009595997744925852,0.0004874566188196716,0.0009024801922462437,0.0020409874134396555,0.01178362525338836,0.0012986123571215133,0.004388771502665158,0.007598619398198791,0.011665149032214018,0.0015221606894458885,0.04273143913762589,0.0040680309763580814,0.0006705988210505614,0.01600510268600346,0.0018196679437419078,0.0015363643963915024,0.001854560996735894,0.0011720523797247547,0.001118953190651793,0.0015682671253767456,0.001815356721047515,0.02715742509867794,0.0004208893801796037,0.004806866262338027,0.0006455329968579833,0.0005115550738289733,0.002253644611842482,0.0015522630083089585,0.015913274374627456,0.0374133080185481,0.0008916135457631736,0.003974886108342568,0.002354554596062192,0.0018192272372434305,0.0005758436992026402,0.003012366000041048,0.007015035885260242,0.002831456807557678,3.854008801900407e-05,0.010396124048084926,0.013959198933925733,0.0029061966641943547,0.004729126333061293,0.015016490824358544
389,0.6539804964137054,0.0009612791512476401,0.0010912280023721035,0.0013922791290000317,0.002331104890417476,0.0035075586081822906,0.0011678569920870855,0.0014497072670634535,0.003438839214283722,0.0018874472991445709,0.003244055070219401,0.0014764803624300641,0.001093366305393808,0.0058612119961228655,0.0072347206576144985,0.003888892332845239,0.0072976231270022954,0.005525820441985521,0.0024150102260621217,0.004405015143694724,0.008796711101052759,0.0027123986914015536,0.0008548936585325015,0.0024755566615690156,0.001538419650869355,0.0041672313272684515,0.0017311039598337241,0.0039466492141231645,0.0015452103470960888,0.0017901282512507771,0.0033805501078943215,0.001452446288340394,0.000961233379563024,0.003291230958575401,0.0033154295973951927,0.0009226891046211162,0.0009650444531659463,0.000946398460530354,0.0015846434438035674,0.001690396891569818,0.0006842916258740108,0.0007849457856115932,0.00083113094354259,0.0042883876423930895,0.0006864031996218742,0.007922294719875832,0.012034937937357625,0.004817271802275853,0.002280046973873069,0.004108042003458321,0.00547704748966742,0.001296400284292856,0.002129746420001542,0.0026506965711366195,0.0018937224151537736,0.003972672237360715,0.005339659185626466,0.0035693183473374883,0.0031379552878501695,0.0015728055265249786,0.00497371137152756,0.0027985918095608984,0.0069694902283794725,0.005618965396276309,0.015904427388406014,0.004866600133426497,0.003356761541232025,0.007133404466115156,0.003055741365508971,0.04127933407414865,0.0014339394571310712,0.002737786990365422,0.002784107057664405,0.0007810795753840326,0.00022288747202742464,0.00587628424479085,0.018830190806346143,0.0030510795620689525,0.00015857842415068076,0.0037666703938864857,0.01854192122862102,0.0011765886308436038,0.0016985684742121586,0.011787155329759637
390,0.4605598519466072,0.002374308175314134,0.005229163702373178,0.0027706535401439106,0.004756411019576289,0.0008838414799243932,0.0037408972016505708,0.026412395565064094,0.0014675815545272788,0.0014700241088047255,0.0008164088937495721,0.003943878419131266,0.002944795698503853,0.02836579350338103,0.003324794053623346,0.005150374885067483,0.0016499105357394592,0.002383022286559463,0.002753133261788914,0.0017622830371564191,0.01678630590179982,0.003651538492946709,0.0018698156470097328,0.0062390132851512,0.0033817032313044593,0.0025882225601573648,0.0008816130137474648,0.0013675147783545354,0.001572078389767304,0.005742239103269593,0.007677852703440774,0.003265299764550677,0.001385193466069803,0.006198537879286413,0.0031048960875078857,0.009391666865766047,0.0016754250764890717,0.0024595037853390542,0.003922584706534538,0.025082594962792096,0.00620660397285128,0.008198197799417243,0.0023951279234384337,0.009676639298335619,0.010715493490249115,0.003427682251550889,0.006117474930601961,0.008894036832224493,0.009934160956946223,0.0025254300837582832,0.0021974274822706657,0.0028100772061660172,0.003607831741136385,0.0037998730717100225,0.004389187864406958,0.04251882798873826,0.002325474512198037,0.0016249078974401702,0.0021241859237427813,0.0036031935481277847,0.0016190864558421544,0.001452342143203782,0.013416151796746465,0.002485866048402549,0.002578537019216859,0.0037085295572001757,0.0013946723085162818,0.006061150578591446,0.013044357982276586,0.06838314766899369,0.0013974795270569568,0.0042256285655600575,0.00256286989648371,0.002457126223821269,7.22947330351331e-05,0.003722414300066533,0.010622910205467764,0.0063776200293476915,1.755483244065641e-05,0.007004513228098142,0.016161487758598596,0.001206520313674276,0.001927914857048996,0.020004866625028515
391,0.7472950797683829,0.0007876080544316835,0.001402967007802382,0.0007220515228022725,0.002838262341438738,0.003838023285432143,0.002764035354659209,0.01919261034827124,0.001155054154053172,0.002847729951541877,0.0014602777410449269,0.0018193331679644828,0.004221781038855942,0.0028552545433105374,0.0008457488652919842,0.0010562146320962744,0.0007719442974054557,0.00425377808995072,0.0019239823441035966,0.00027702873095385475,0.0010810635764207442,0.0007241801477520567,0.002009274469054021,0.0014125786757366973,0.0010873006348892746,0.001611075640088559,0.0005365700441605994,0.0008250588427749347,0.0008420586045850027,0.011962925977130478,0.0019509423057383782,0.002803988870399972,0.002754869166496392,0.0007777195971285586,0.0015991964642222154,0.0009019269289791253,0.0010817663512451858,0.0016908437154700452,0.0012757793250739407,0.0007964901109078487,0.0006813155459338198,0.001377907395468509,0.0016325963767042037,0.0005793766429118625,0.0014038648955824575,0.0051484587284656,0.0019647883203825905,0.0005952172630667408,0.0013443081325129425,0.0004260232550730812,0.0009844639638762417,0.0007855822514343129,0.0019527452334869586,0.03619155465701586,0.0012548928347561358,0.0023996087460018112,0.0005087978750160448,0.00086998373152676,0.0015388439918802917,0.002595978782218274,0.0033190903484784143,0.00153792517766665,0.001167498865373647,0.000905818021907224,0.0019911827977280405,0.003848403808288932,0.005948231879391234,0.000525814156895504,0.0022718210303636333,0.024369174833484306,0.001697615837698079,0.002076286497117669,0.0009174045689613388,0.000593466849301242,0.0002928562332755035,0.0056376423667579036,0.0035452006385679195,0.0045222125224235864,6.722169515473762e-05,0.004197851086239785,0.016025396872365573,0.0020576765715032293,0.0034774970823385548,0.004716026947355289
392,0.6526345955182524,0.006812088880228469,0.005973992346851786,0.004146496094032998,0.006715564829493424,0.0012852183783384765,0.0016163871888672666,0.0024665923281870015,0.0009492853074424277,0.0014062969533760949,0.0007768966625227682,0.0017145255748290437,0.0016962170496539484,0.008549610899915886,0.007264115676360893,0.0029388315093414373,0.0022231597104433675,0.0027198207719677223,0.0017463502854337095,0.0031499571823350946,0.014500592101444307,0.002322492368346958,0.0011756604028270773,0.003873026029206842,0.002811746791802012,0.0036221212221214144,0.0026945712860766734,0.0015299107162102675,0.0023180604152870797,0.003958112530596094,0.021492168536359005,0.000816705378072816,0.001209081426598633,0.004720614367329251,0.0008045752509700132,0.00302836647827716,0.002567862554942072,0.001319853560565865,0.0030726716134482014,0.0027758858855359415,0.0012916205662251376,0.0039098091628781174,0.0020041858457248212,0.000695171681011307,0.002977385178013727,0.004549486278464734,0.0032370898274985556,0.003230992797424948,0.00730874515626348,0.002006909230344852,0.0005501212485744972,0.002943973595761753,0.00725115274183341,0.007757447510932888,0.0021151959016717133,0.0016303695550106052,0.0033966060421932957,0.0020896818278437956,0.000643933927775207,0.005494443510190506,0.0035690648483566513,0.003452825571852444,0.004258562614859283,0.004159166216895232,0.003974789778547801,0.0027045028624560607,0.0046173650869533326,0.002569264269919694,0.008066314693169459,0.04710942100028961,0.0023008072510209655,0.003488650414063079,0.0012993778247918815,0.0010671091296389314,6.86985061785763e-05,0.006906287376203848,0.003200754347015862,0.002046232598690253,5.569903341249432e-05,0.004340216266356666,0.014678011464272455,0.001036689918258192,0.002736179593275235,0.009809605683992827
393,0.7736592207433305,0.0012864918378867661,0.002146555432296581,0.002124870041826627,0.008679334724146524,0.0016476023944480497,0.0017781593707348455,0.0031910674487856806,0.001458172972674119,0.002269934605132007,0.0014341445334474395,0.00162088691911759,0.0010063604282466536,0.0008464162348061433,0.0016294502535567047,0.001983524549652997,0.0013189787953912964,0.0006890389441192813,0.0017453430698442375,0.0031840429458800377,0.0013406740410216436,0.001996614101811875,0.0012303052462792276,0.0011476771374598906,0.0008699600851368303,0.0013647596696776938,0.001207384537194048,0.0008234546047327944,0.0027782329813114204,0.003253890090765725,0.004873813662059877,0.0019911197821343646,0.0012779143250652178,0.011153990095630928,0.0011778273998186595,0.0005341866867928126,0.0010837867848538013,0.0012290311934229413,0.00037244798668123214,0.0008108629602942268,0.00033859633825813025,0.0008179109503776678,0.0009440631372377975,0.0027828558759881716,0.0034644062385803106,0.0020384214891913115,0.0008465835217272808,0.00036601514874991606,0.0016607430818910732,0.0010115327534413435,0.0012247470556480476,0.0009649775339750601,0.0012069513408028442,0.006377830187114597,0.0023182716857933832,0.0060254388261924245,0.00086922614141014,0.0014673352024197849,0.003593812888029515,0.0012035126178680758,0.0014241170249139237,0.004515931018693099,0.0009856497711568802,0.0010608245391568294,0.0037991221070107746,0.011082938139167544,0.0021136349098988625,0.006455579918789187,0.006628058704123381,0.013283956585783371,0.0020523446740217306,0.0030108898913234717,0.0013729924388625346,0.0003867182280659979,6.654399948938567e-05,0.007793621721177895,0.002974713573256857,0.0028258443830415318,7.456124815639664e-05,0.0045942428977524,0.012460304077668382,0.002163406302560536,0.008865717713313445,0.006267524500449391
394,0.5842991255302046,0.009669989391611209,0.004195866089344216,0.014922036798545764,0.013285776247624198,0.0013458531882600232,0.006092386495021142,0.013282300380272753,0.001871897710588295,0.0032397310492894215,0.008766029967792814,0.003769970725522812,0.005178113185852526,0.003072527255283125,0.0017985831453586592,0.0009337381505231028,0.003990448152963509,0.001424356432769359,0.0018126589908389118,0.0012935620741241598,0.0009253771772377206,0.0019757488739698833,0.0023998889242941002,0.000637679707563633,0.0002263902355356113,0.015802772488321477,0.006982573449427824,0.0024692315434973982,0.0015653634625191562,0.0012435295908132477,0.006561062640765842,0.0004091308040824875,0.0007431886171287346,0.003043923779079139,0.002187686539519273,0.0015249980001847115,0.0009912041206214,0.0010832356667586957,0.0005610659899655107,0.0005366138397422755,0.0007387741981518189,0.0008437953282127793,0.0011428689347697954,0.0027636829417661446,0.0019366802235858526,0.0020653773195484005,0.004236274104070741,0.018512096640699038,0.0021669858438179723,0.0011943765540995482,0.001568366040874381,0.0022464123413349613,0.0018534457176057231,0.0012970213797297867,0.012038391511278381,0.009445048022702636,0.00034621100644187863,0.0009935564654863255,0.0015414864579709022,0.0024125277904102982,0.002014823327037363,0.0012641438165143972,0.007746546519035634,0.0013022001054889207,0.004898094083437831,0.003112581889108708,0.003090947715804568,0.0038268127050962884,0.003610852396846926,0.037304706151526236,0.0032217875190196704,0.006665792344279296,0.0014820789592763742,0.00023468770457711234,9.465596988348091e-05,0.02876561332177363,0.020099668597768523,0.007846886142161894,7.207108099083571e-06,0.010891395452487258,0.016147854543962593,0.002463783751802779,0.006417073947706666,0.022030810691928988
395,0.6722445154517198,0.0026458887950711247,0.0032089399124538083,0.011197120218786202,0.0036659067619403173,0.008986603988082788,0.002330868739122271,0.0007564976402717567,0.002464838224388995,0.0035580799124993877,0.009576198463957665,0.002319474394141994,0.0030262783105953557,0.002724650999108572,0.0023506085551824457,0.0022457633157921234,0.0014431629782386906,0.001974858412358227,0.013487751680533887,0.002556260530296481,0.003226624975121307,0.004586789243824558,0.002586641809244086,0.004022192522916773,0.002399768227667435,0.00243284265620876,0.0033043984569373843,0.0031360297756295344,0.0023398737622712614,0.001878127669413401,0.0023058980394148527,0.0006601255684421328,0.00038810683377343006,0.00390019812445315,0.008399252721977274,0.002713876197576737,0.0013842222488996228,0.000620938447329595,0.0010561445971235164,0.001085193601885912,0.0030048932745763307,0.001440399906005367,0.001995805322296449,0.005820685161654685,0.0023638891794997446,0.0029192571601507336,0.002176204861311323,0.000732058031720435,0.003973872553085719,0.0016655508471970597,0.00099716608401479,0.006317212800346987,0.003599101214111483,0.001891663222645081,0.004040503285532675,0.004199061959438289,0.002263218243176839,0.002561400507625706,0.0034380036685418645,0.0034823389746709106,0.0037916491905570972,0.0013375605592181913,0.0011756808312134391,0.0023314329441591905,0.00250262281134682,0.002595596549623468,0.0016386155885906222,0.002356812673178878,0.00408554917574269,0.02841776048007669,0.0032900277453432113,0.005839069546649328,0.002668031234133635,0.0008890016320346291,4.471203956968352e-05,0.0052052510724876115,0.0034360142374347787,0.0034177310415539853,2.9791944449705583e-05,0.00904497174237507,0.02149071163442147,0.0022632739066494826,0.013098660171972773,0.014975672224962284
396,0.5740853642683773,0.0017421846038422836,0.0007754591259928627,0.002284151596897838,0.001424589616957463,0.0029846432224228153,0.005813149056860121,0.02550637609792451,0.003443804415864561,0.003144246237709446,0.004133598622066453,0.005333913501107593,0.006968810218401491,0.01244782930636,0.004041473732615606,0.0011354854744513676,0.002736706185361146,0.006225509413908968,0.004269173660050624,0.004479128967821643,0.0018539160904296533,0.004514219455177861,0.002779013030176935,0.0013578154422105256,0.0015503961395873364,0.007397552008126442,0.00511247144196445,0.0010586739119860466,0.0014141694906261795,0.007386948568343444,0.0031102298797943823,0.007668650191941541,0.0008698182158658173,0.002932171487911268,0.004710069571640663,0.005332474558254491,0.004365651897054138,0.0033558825870872834,0.004768297169201207,0.004004306591549308,0.003555587301463094,0.009535945015803737,0.004960414759271308,0.0031240652031477166,0.004092229246461827,0.0038046046408675383,0.007626949000890681,0.014358028105095694,0.0057777545118464745,0.004138650775499283,0.011214617452572285,0.002626067753674676,0.0014061817551173012,0.0018391102106812126,0.008249072209126171,0.001520854714356563,0.006841772433242304,0.0012721397683931501,0.002786839975105424,0.004001344933251775,0.0050665831533648975,0.0019018266477569476,0.002631604735793729,0.0035971553546298753,0.004172462537645776,0.00207267986096279,0.0027816105874860194,0.0027632437492464464,0.0037698214205555817,0.03191015918737032,0.001615349617191615,0.00529597059680127,0.0033992280140223946,0.0005359736807195266,0.0003059115965674164,0.01597428924779974,0.011368727220592265,0.006677603115051,0.00010969439149496748,0.008607628660235973,0.01898999092377178,0.0007079552510990536,0.0023516200169912773,0.012142355613058174
397,0.6599816480262224,0.0020354141189866874,0.0019509727388078747,0.002490114523732645,0.006235296057275068,0.0019680506861566643,0.00138854513775676,0.0011051912850452443,0.01229256138841804,0.0021581871519612585,0.01906910752332997,0.012433645855344283,0.0009995595252381255,0.0029483721807816304,0.002105602648843451,0.0010650508197248927,0.0011068358932177294,0.0014241357180434218,0.01875992041895229,0.0010316879817028836,0.012154448321062264,0.0006890148582880192,0.0017648790427243323,0.0018276652080501368,0.00648470472821071,0.001135391909451029,0.0005781722501324401,0.0006460677521829917,0.004181769441787271,0.0014834919790946233,0.0026913772719557374,0.0011299800508901318,0.0011110932658842958,0.0015449037211000554,0.00846078940114026,0.0006568451243837991,0.0012362493657194782,0.0014410871542306746,0.0010336883294613218,0.0006443191675663979,0.0006288199106102522,0.0013435600536457223,0.00075189470479076,0.0010911673207827698,0.001554417869521275,0.0012671554842314167,0.0007675729576289955,0.01347395440817361,0.017360902638070042,0.0015164414037756972,0.014423905161466428,0.0017955699375614927,0.0033524171295308655,0.016220532237463996,0.0014468978881079751,0.0024092885983277414,0.0013978777337859479,0.0024155764403549634,0.000751567850614916,0.003962218541728427,0.0030985619480090386,0.0006366224674716139,0.0007830982804113676,0.0014241216742880197,0.0018681236992322025,0.0003929279342931005,0.0015186622221595848,0.001718829998894096,0.0010881907459932918,0.020429630366863016,0.002205386519047116,0.006345491972284084,0.004276955189933039,0.0006386964941112409,0.0008015622390162446,0.011705843484430711,0.004617386878233108,0.0016898759136928935,6.06557760539953e-05,0.006058033858430878,0.021302357721521233,0.0021250024631689177,0.0025407760613600874,0.011295629798070767
398,0.7171666056355799,0.001534525325601978,0.0013472895962074296,0.017543625159665954,0.002434827639553159,0.0014885319375405463,0.0011188961742813939,0.003090764186384779,0.0006992434119004435,0.0007519703842359742,0.01042226048433249,0.0023061207321227657,0.005059850238967448,0.0006524898442704166,0.0035911114981012015,0.0012142940658016195,0.00523885206282962,0.0021582641762461197,0.002268079537607383,0.0008734589534943957,0.003725244234278418,0.0013798439654476742,0.001503303915466009,0.002784526873286519,0.0009137998877258145,0.003101781818359189,0.0007482699780593802,0.0034551774604802106,0.00418999450827905,0.0006282035585762849,0.002601306589085256,0.0011151809186676265,0.0016242434973047042,0.014917230711505117,0.0007267345560917684,0.0014145575008193852,0.0007515222664628026,0.0006955054157397276,0.0010349149158678324,0.0007267828780951975,0.0010071579395929393,0.0006024625791871329,0.0013595327763428883,0.003241409573183195,0.0014094846336437038,0.0010784555620088061,0.002440531092952551,0.0019809462586282064,0.0049332060284455895,0.002776833637977396,0.002395898305415054,0.0015416298521198273,0.0008454222990890953,0.0012963724900219718,0.0012603385530018355,0.0107885401615276,0.008893056431916397,0.0048658542154874015,0.0031320089810914385,0.0015288720857045317,0.002681920794235731,0.0011961054792268579,0.003966636729173722,0.002596447050910393,0.0025903016319786696,0.009833928637093167,0.003031924793415655,0.015258269637871563,0.0011646567750098996,0.02001360087419941,0.004234445172035026,0.0034804716357632157,0.0017187476733132492,0.0008555247379940592,0.0010777887636144166,0.0021070888302382415,0.006765831487658361,0.003255219312960475,5.221856526319702e-05,0.0038292300775753163,0.010387638849411962,0.0035974379554298487,0.003711529991950829,0.006215834592016282
399,0.649637667309075,0.003655537974558513,0.007351695812168787,0.0018768721911036506,0.004437121771267508,0.0013119800494326972,0.0012229325942192384,0.011692844688371822,0.0018751428534835646,0.0012391357164331146,0.0016672472945312468,0.002300768747968776,0.003887066274655117,0.0030725080837907823,0.002067360627906968,0.0030560551051060877,0.0032319811457934586,0.0012248998713608502,0.0012669602804790527,0.002616960217216665,0.044659548782914865,0.0017512692110188018,0.0006067095538903398,0.007433989958920442,0.001113417586107087,0.0014553856796102424,0.001865449198734842,0.0008220846517007004,0.0032821218798103394,0.0015129899008976331,0.002396756550436636,0.021151846819638095,0.0015677176532403613,0.004687342748332555,0.0013947664616678534,0.0009173653822480115,0.0016138015449629639,0.001677708445420422,0.0016966885452561861,0.0013038744002597693,0.0021073974935119574,0.0007196701305553085,0.001924297282931724,0.001920170489577945,0.001109351038242238,0.0008768078112768857,0.0016053925427059732,0.002567909705329175,0.0035223767251682313,0.0058751616548145,0.0024568878955548933,0.001789595888028227,0.0015296065176380528,0.002596942365845706,0.0035929020071752433,0.0017146734148871866,0.0012427817663106175,0.005820093259675628,0.0019946187442824123,0.002035815918988924,0.00361420969190472,0.0013967220031807204,0.0022353054488635214,0.0018990483839080694,0.001607791222260595,0.007870876445185694,0.000769862779473852,0.006523534491931266,0.002193878491554373,0.034994244116565744,0.0023154100558221125,0.004323982996076877,0.0030148161688520973,0.00046440419837527223,0.0002836763649142002,0.00810659021504297,0.013480219613078178,0.0036392201330682837,0.0002923706065918686,0.007711706248962248,0.017046337889862127,0.0019480590438669381,0.005366358464752549,0.010295348709413918
400,0.46333883839014944,0.011015594025940515,0.010601782025578183,0.006703872899368385,0.011439576406589713,0.002748322539358274,0.005129440738254214,0.010118173875763543,0.003014719591159281,0.0038975067208616987,0.005229558219951074,0.0024641340249244325,0.003640687790569479,0.007037863323261845,0.004044418071044698,0.003187410466502017,0.002972056963453812,0.012313646767092927,0.025597471189735693,0.0023960980416949523,0.023751233240938006,0.003219688995510663,0.004063730490398911,0.01683966977614239,0.01118275578356997,0.005290407415560727,0.001436759891246163,0.0018523040024350733,0.0030085932339914195,0.008109132337386957,0.0045996603345504605,0.002916005235580674,0.0010280109141697867,0.013589656377752645,0.0014863525948885109,0.006533220105079365,0.001377550169660464,0.0024176340553332385,0.0010073747192342647,0.0021352207278166314,0.0022329051302937015,0.0008733755057616898,0.0017973226943706427,0.0012994174507763227,0.00171616385441432,0.001397642936767885,0.008068277482379132,0.015003972792516218,0.002886392095862074,0.0054001796483209895,0.015456393825441325,0.006570497104074938,0.003960412224946492,0.004592275010461567,0.00797546981164684,0.008480966517618396,0.004739601195242209,0.0026234493299929773,0.004829021091374665,0.009413757955068734,0.0022240964269097437,0.0030650157851741244,0.002114345646523822,0.005867428181157268,0.003934709956130045,0.0040941861664563735,0.0019023436888817079,0.005501910784304846,0.0052917616058697665,0.04727230208111147,0.0023043405802424285,0.005972528690200875,0.00413725850802196,0.0016120044172596665,0.000574123694375415,0.007549216350663916,0.017731416236813024,0.0032643275859598614,0.00017346699482220735,0.011919192306494023,0.02165042102387598,0.0013605006296029212,0.003589991435169033,0.014839485094148092
401,0.608187714663634,0.0015317381261989846,0.0011668446274067951,0.003335666225562687,0.00390528117574278,0.007749858375210422,0.002074338602399686,0.001199092231430299,0.016456274472735528,0.003225166410363799,0.0021379998048160127,0.024576245880232512,0.0012081507638815343,0.0022217148037337524,0.002326668986731358,0.0008200502505769117,0.000634299841358628,0.01611546906712872,0.008583288712640871,0.0008925843958886005,0.012898865250107906,0.0077435726209837226,0.0016424603549229488,0.0015231900390864138,0.006356227856647989,0.00941521551958537,0.0013997558921756954,0.001775504116570904,0.001176631182110888,0.007077510331568967,0.001810631354419124,0.0002571943989255446,0.0034662338297897903,0.005026175760956711,0.010028663915360307,0.0006444326466625168,0.0009008821005980437,0.001702382829185377,0.0009970530223701232,0.0006161486629946668,0.0017900836917744732,0.0007171600723189544,0.0007329584558693046,0.0021720935669430606,0.0032749454311445216,0.0022101219719767875,0.004428092798733135,0.015614842464811667,0.014470046442104818,0.0006661776125424746,0.01632339804154651,0.00324067731600072,0.004101525423239822,0.012642679702776058,0.0017474803091277501,0.0033324821845782974,0.0022861840455190015,0.0014055680778527594,0.00036607281079738664,0.019319531398197146,0.003283725556671274,0.0014177856289245428,0.007264628378478029,0.0005570750452428353,0.002177797077609967,0.0018105655488290906,0.0016841534182758316,0.0009608108707768493,0.003822113325119519,0.02079980844648557,0.0013358727248894222,0.003117519828039098,0.0016004442657314537,0.0011606360917035658,0.0007568355921046653,0.006543560689018641,0.0068241670184803266,0.004525013012449103,1.619456080572676e-05,0.004780484605755976,0.015975822552232757,0.0010869910593258709,0.0020869288549871657,0.010761764927510959
402,0.722130863191695,0.0022475208837249524,0.003180201234493842,0.0027735214875165355,0.0029237685414668963,0.00727326434913174,0.001720234156342799,0.0018318852372095035,0.0005215644771840894,0.003170900158804943,0.002738895864897461,0.0014688358843956831,0.0007997337327531964,0.011923377752601072,0.0015631596046157936,0.0012022694466053596,0.0013961688736206295,0.000626165522310025,0.001984455581905538,0.0007223396417304202,0.0018877428910574724,0.0018695386731284868,0.00047198209949752683,0.003767356921328581,0.0007428503655589636,0.000987556614147048,0.0005190732481610238,0.0013366049789432157,0.0009567680878177088,0.003609903343200283,0.0009621214221309158,0.0014269218150207786,0.0013685695451175867,0.0013736437555528702,0.005528016828661755,0.0006474106405638965,0.0010200606869244194,0.000886146599755096,0.0016969463728485732,0.002969193017507101,0.0014682134248232273,0.00142777773293013,0.0016013557387768412,0.012026468610440766,0.002522539330930679,0.0014868044404137209,0.0010266968664330665,0.001197671977692666,0.016654311928529647,0.001149076249123186,0.001076529327796488,0.0014669971346262362,0.0018632181874852969,0.0036668148163685826,0.0007425185362302929,0.0009484178770898423,0.0008212003597687753,0.0031071698356557554,0.0008184540078060683,0.02103100275902127,0.0023260534651441873,0.004890276552488346,0.001107783137385801,0.0016162578579568198,0.014423947052809645,0.0013952696041780283,0.00578604676821006,0.0007455003738517851,0.0025680100138016472,0.027895689640207937,0.0024405197945147434,0.0022965523696638654,0.001126440165020691,0.0022170924078046047,7.815751728208346e-05,0.0037210045501870326,0.006141585122197899,0.003452499468037608,3.733259273930559e-05,0.0044191735913438725,0.011711883823053227,0.0023046696515432036,0.0022025343850733898,0.01276494742363321
403,0.5859110030560015,0.00892497247027855,0.009425964722983597,0.002416742336547153,0.008049073375867717,0.003702668403690456,0.0035621316552659123,0.0016495364054404018,0.0008034238671305599,0.0023019889073828043,0.009373489874740936,0.0052489735534198305,0.0017592499974634235,0.003974971419030837,0.003987022846856076,0.003838061445955883,0.0037986036658610722,0.0014790103618852093,0.012982825679864298,0.0008826839281565498,0.007805440401379717,0.0020512323328266777,0.0006820895540333419,0.007337759429725071,0.003799567275490085,0.0030507313914044515,0.00862167852861218,0.004958479932029588,0.001092828172576801,0.003247972593914881,0.0028654522050192525,0.0011843770348616935,0.00221986261063521,0.006105133667484837,0.0018973653061836893,0.0014325789362265725,0.003982691439358835,0.0019854363540530886,0.006389388682018481,0.003819864473321236,0.0038064408634190315,0.004302720872866153,0.01263292165633261,0.007935637790898814,0.0019198908854318197,0.001171114377465823,0.0014000713499165481,0.003388445809671881,0.0033219820809573435,0.004743173511201526,0.005164942275614954,0.0026504426998753463,0.006570791617542478,0.0035635298504779135,0.00991040915510115,0.0018858073461701086,0.0031966086898731544,0.0035632978937887045,0.0018299568645266653,0.00743858456061729,0.00752889129943842,0.0025299389362048856,0.00508218522471816,0.002195388218449915,0.0019855848552675346,0.004531642430493211,0.0023360459605994456,0.003045996101812649,0.016342824994037643,0.033524756973690194,0.0030244581423221934,0.0038814788896676957,0.00173127439166559,0.0004075803404369991,0.0006948020386278612,0.009165837046500919,0.008626302822759764,0.003470567141384565,0.00016676729951058534,0.01087817285612396,0.01770442639351308,0.0014728148019541845,0.007018802237598129,0.013654362156494538
404,0.5420266923172413,0.002040142374074851,0.001115315120981763,0.002085137149678354,0.008998572057451143,0.0017475954964692726,0.0010715324659034623,0.012832339294143541,0.0026108403504119,0.010239232582637469,0.002213686859931799,0.0015845768043984384,0.0017392806626048325,0.00786585760055332,0.003997921026076218,0.005258572273435878,0.0031481437110702217,0.0034019337009421717,0.012453648283645388,0.0037718660270979975,0.003915314828311202,0.0033412243151901663,0.001682263885633262,0.001179052040445483,0.002667807511709078,0.0085281913909265,0.0016764243581511235,0.0017663826635152338,0.005267200651224546,0.004008232911651252,0.004042137737005461,0.0026356756963423103,0.0014061565993212257,0.0023393742873538217,0.00721494814633136,0.001334061313499381,0.001963342978162177,0.0024443071132416298,0.00211113265989937,0.0017620300068395,0.0010533658802277003,0.0015038763112884173,0.0018571272494495752,0.0032691309311638043,0.003492156717562414,0.0018643942097520052,0.0021658970404225225,0.0020708629821280917,0.003086878819083232,0.004396061146095137,0.0013336465593956185,0.004238692481051997,0.014829043748570643,0.035443815304285295,0.021959772748037582,0.009044716750025847,0.0063893703739112025,0.003095487215478441,0.0012122592275265577,0.0026735222271436336,0.00521427859891283,0.011516097712145242,0.002648552657591986,0.0014644883102116512,0.011888930371577622,0.003507622326919934,0.003832890470870332,0.0015378931228004805,0.0019200347344721963,0.05011669529529768,0.0021032689620024284,0.004769205494256742,0.003552725324111299,0.0027265979816642944,0.0001834066097851554,0.006686052055373839,0.007030040801601239,0.009022233679066849,2.852624392661926e-05,0.010396885831488444,0.021078977996678336,0.002015404675248054,0.003398615823466364,0.016892349744427375
405,0.7665813260067901,0.0012920286984726519,0.0007036837307106455,0.0015782785086776263,0.0019407248983423168,0.0008297678692232925,0.0010183539538470854,0.0011853270767720585,0.0013241492885287635,0.002460762563044219,0.0024698095576561867,0.0020206841108099884,0.001424472122378264,0.003045885633380464,0.0035224343859235467,0.003712522635156526,0.006870156541363021,0.0010023779229221886,0.0007303438859289006,0.0005095829193363091,0.014315147218895062,0.0025492997593688925,0.0013088879789443996,0.000706524860178525,0.0008813870561839252,0.001227442452231938,0.0007829059464188188,0.0009300815143038957,0.0024692644732061332,0.0018133771194432584,0.0012984523090667501,0.0016429263558936918,0.0008794802867745663,0.0011974044115742588,0.006487790729278297,0.001474058864797663,0.0013235654302648158,0.001386829985195145,0.0012792765534978031,0.0010057531267767081,0.0013734273774066448,0.0005318267164313547,0.0015105851106223765,0.0057047630934947595,0.0018544493830493691,0.001763033690478752,0.004086530112858656,0.00458308995033256,0.010976232557728997,0.0013418924520896302,0.0006877568169839323,0.0015881442211760491,0.0010787115070473735,0.001243912199765916,0.001776285631690588,0.0020048797651743265,0.002420235199868113,0.0010133419449821076,0.0012043562828468908,0.003880713871370905,0.0012952649714820907,0.0017315540562293625,0.0009275244423278586,0.0014095540582123784,0.00714400088434813,0.0015862963856824773,0.0010255552418052347,0.0023318783043982695,0.003579233025836175,0.02109728705082225,0.0013119557491292474,0.0032390850238141547,0.0026725215613719027,0.00041600522690135263,0.0003502083557850263,0.010675078172656102,0.005630959315789086,0.002980946090351434,4.176369438991518e-05,0.0047406036048514184,0.014446358483889836,0.0014852349441867548,0.0016963520750683729,0.008378082653713318
406,0.7059345412906488,0.0015847124104043531,0.003078343567114156,0.0035302887413967278,0.012312365141531806,0.003054217062153526,0.0006266552695142748,0.005377497808755694,0.0012147062924582831,0.0005606121471732557,0.004179997306526486,0.0018633106934552875,0.0013769123520308128,0.002946314305995016,0.027092720255931967,0.0006021025631707597,0.001927117540927095,0.016263318752972496,0.0012633201731677343,0.0007288872861348898,0.0054921560059923834,0.004404811310158323,0.0010364152561285983,0.001524489904782773,0.0018668715110292233,0.00575488278110835,0.0014255679465733334,0.0015977774489378447,0.00125402162662136,0.0021907834122731735,0.0012748373956331114,0.0029050578665637122,0.00037583814757940174,0.001712524603704663,0.0013958085672013945,0.0021709572866731373,0.0015191829966628397,0.0019461738532307853,0.0016150723193484966,0.0011274828760232901,0.0010131476145082417,0.0003717543728832761,0.0018781757931730172,0.0017335636859867067,0.0016968329471179313,0.0028751404015898516,0.0010297246253686044,0.003633541970073714,0.006457863333081325,0.0010188654943109165,0.0007986751689636485,0.0013505429078383207,0.0009356891411994116,0.0024298275348072084,0.0015081826653968804,0.00221260216599068,0.003820842157544088,0.0011517476943608753,0.0011510832815251673,0.021897954209726025,0.002995779060756652,0.0013272380282057072,0.0012642498444263215,0.0007707944744365069,0.007162559349296947,0.0009303693561316932,0.0028478976045066356,0.0015521214185650802,0.0014986383007585887,0.03321506109168063,0.001130906092502202,0.0024057538418844346,0.0016181120292888885,0.0003059848565806626,0.00026792063990833107,0.003397328219967556,0.006454360713700585,0.0016772001701559926,3.573297945275877e-06,0.005158340482972804,0.012596379015587201,0.0011961098691742934,0.0018336099888009345,0.011315301009630765
407,0.7681538694122747,0.002142787260175639,0.0015960548097061474,0.004615741448711619,0.002923029610479112,0.006603673044156226,0.0010678233192087305,0.001876433305622129,0.0016967370379405643,0.0017760150715513325,0.000622649108851358,0.006394069011619902,0.0011732009603742754,0.004933132036318078,0.0013569800428909152,0.0021329620958438268,0.0008403921164989858,0.0016380329213370127,0.001829957066758052,0.0008159588863068197,0.001593305203426448,0.0021430927743634645,0.0006991045975160941,0.0017943188506281584,0.0013671003665132783,0.003052229077663753,0.0009654559964618729,0.0014188407711064202,0.004552422415401248,0.005855516259522773,0.0010540511827948312,0.0027192884847208254,0.0004272094975472077,0.001982081689604935,0.0022314729877331734,0.001738966913079533,0.0008828092418207984,0.0006489333778621992,0.0006998962682734398,0.0007446713197278009,0.001191242116282402,0.0010754404578994284,0.0011274260192426326,0.007485757347742547,0.0018269056720692418,0.001501407007064782,0.004254445939414873,0.002341889749824247,0.0025929557117637374,0.0011963972404712526,0.0019089376042567784,0.0016575683558932128,0.002328629869330599,0.0017412577800532284,0.002030750618746233,0.010070969541006131,0.0007051118952916585,0.001021495766520158,0.0006954503320904486,0.0039178245596448585,0.0013272561632444821,0.0005465348079261415,0.0004670667013584679,0.0016292490858189279,0.0016675619640328517,0.0005531322581947059,0.0015888950698495312,0.000618035804186247,0.003455432053557284,0.02963274530861238,0.001415036129483395,0.0035734822198137312,0.004458288764724622,0.0004718697973136999,0.0002482996637439421,0.004755434213529412,0.009762050208253553,0.0014904711454538722,2.734736082433001e-05,0.005931891335932978,0.012641745382665501,0.0012080027521530802,0.0026515968315231923,0.008446445550801585
408,0.6499154841679918,0.0020905601289956492,0.0028144145762350093,0.0065363021636182595,0.0016297973335487857,0.00560228304303742,0.0008835829978936345,0.011642768009202404,0.0015669714054196027,0.006696108230137808,0.0014607081533125886,0.0011782812630803125,0.0033705156170000957,0.004990708999494564,0.006110022530832712,0.0017915769155751975,0.01565899851824494,0.006725507033598064,0.02060018588583816,0.0010867184167464615,0.004821236564236929,0.003145725302638031,0.0014321356959852408,0.003439397103215166,0.001660898830764809,0.00476428110392929,0.0016401748195985506,0.004524178099488653,0.001359304246760649,0.0024919630637852603,0.003716358855823429,0.0009353062080309976,0.0019492666746354257,0.0018205197888995456,0.0016656655951361565,0.001210265798425478,0.0012463253658385742,0.0010035221719112903,0.0011951655288703889,0.0016399879435874197,0.002065249863447033,0.0011450603813820425,0.0013918938340388655,0.002432730369389796,0.004620427255394424,0.004808880991339501,0.0073709720767348354,0.0017238985835022094,0.0027680482837015414,0.0035673143705601297,0.008896467764810087,0.0018048754711930998,0.0018930461650667368,0.0009988926030209072,0.0029111075668718923,0.002536058079507831,0.0025550161601056156,0.00472800722242784,0.0015742057111394173,0.011141206413066524,0.007013710572640314,0.002588826596907725,0.0023477523421487376,0.0029671019082264556,0.0158007845493582,0.0009742988691619008,0.0010136999977953065,0.0008177660775634495,0.0019009077421861251,0.026242225743641007,0.0006110484809387846,0.004196756667917679,0.001813336356577477,0.0002963780504090775,0.0001440688197920879,0.008342816484002756,0.014106612910722863,0.0031579691561711043,1.4007573386485478e-05,0.00883361892239749,0.015631183963750902,0.000420770166575805,0.0012158295777690866,0.010601995151894111
409,0.6132911657590572,0.0006862623891136711,0.0003932357504842494,0.0005960392256587184,0.005300614986760391,0.005808020231373266,0.0010540816126285446,0.001876592872376995,0.0009682033469539022,0.0031742967479518455,0.0008763721562025153,0.0017919523379854845,0.001365413149841947,0.001331604031372691,0.0033277223361360994,0.0016255302837422595,0.0049489871718760075,0.022336537500500027,0.0011357962458465798,0.0012073559159182642,0.002710913878115448,0.0011312918761973013,0.00118511664116036,0.0009822577306873106,0.0011816219939258755,0.003557796092140935,0.0006693359194811197,0.0029230622826429443,0.003646918713330314,0.0016433324801800903,0.0007005004295917171,0.0016667813884426465,0.001267615006597889,0.008858727962686792,0.0025849759807122026,0.00037485313220126634,0.002393448108580717,0.0019244040111336817,0.0013784586327819758,0.01715945862257442,0.002754261149142353,0.00460277214350254,0.0037876628318210584,0.002275875832802415,0.0016025172265004132,0.0013955103297665398,0.0005218859221056661,0.01326778488284471,0.006207162399238351,0.0025593956174465855,0.023757951559258896,0.003486038864984894,0.0027355580586276,0.009037473757903002,0.0014048644868415317,0.006116161080378774,0.0021903867818973354,0.0028111560074198945,0.0014831576739698673,0.014305743452552594,0.0028952092481207884,0.0008735401803415855,0.0262387031957969,0.0025013322329893012,0.004150515406387097,0.001876370909764137,0.0024975516153882818,0.0006646597130314269,0.000426524958591708,0.04713227740649542,0.0007998808233349857,0.0032444446471674958,0.0025428223357042315,0.0003065757916142966,3.521371725841665e-05,0.0165331515389635,0.007093295850559984,0.0033206454191944904,0.0001289858708147346,0.01017567053145566,0.01245877080034197,0.0007283700248769209,0.0005148584043504944,0.015520654383505434
410,0.495050363330466,0.0013440909035161018,0.0017552032934472137,0.026018556657470653,0.0016710443258142584,0.003181984775480432,0.001183742658537301,0.002601345751403622,0.030539803129462723,0.0018216363084912048,0.0005321330556938321,0.007980989320958948,0.0030121322089380668,0.02444364940371782,0.004221712567699837,0.0010989365963144588,0.0024930419824519033,0.001123889475046129,0.014296688527199133,0.00218887009770497,0.003190444314314322,0.0006844649334771707,0.0009819472875988015,0.0014069852194634395,0.0017110345655637234,0.013193016495261622,0.0014002552639245836,0.0007258503776992841,0.0016387038135343421,0.0029567742549780787,0.004858745038685707,0.0012060889848122195,0.012483273759448136,0.0013619561493513636,0.011108639106415944,0.001970100787267944,0.0008802738531110833,0.0012058901513635558,0.0014570430353294625,0.0007812959501368647,0.00152353141407701,0.0013920395877586558,0.0005337498425783407,0.002383996502750536,0.0015316888392366802,0.0017523632360250797,0.001481059211089803,0.012968109974203777,0.020519580816103708,0.002037020522127435,0.027049649403770602,0.0009035015598288821,0.0007875387481267597,0.006324846688710603,0.0016527494252949603,0.004533815128055887,0.0016388623641086582,0.0009070987718229375,0.0029806775802996874,0.0005503142528051116,0.001997477362396243,0.002708629647350812,0.004130840908440718,0.0006855372357920852,0.004414489924466739,0.0011358839843261343,0.002573000099022885,0.0020217646397301093,0.07905264955114458,0.0330302517017071,0.003721122332322357,0.003909117876988929,0.002250276008468093,0.0002730909721431276,0.0022391497436832658,0.011175120863503947,0.011754591776895756,0.004491684149846113,5.098650740074131e-05,0.004904164373465456,0.011883130425387552,0.0024702559768666537,0.011346971119629195,0.012565021238693784
411,0.5273233101430184,0.0007324897219908552,0.0024719699668659966,0.002696932692558525,0.017223934303940286,0.0018424276559973096,0.02179987027171984,0.0011975599826074884,0.016663831953013897,0.0028591162862078535,0.003945705621730273,0.008248424692437011,0.0011320303894761512,0.0011147538396631994,0.004701597839276386,0.0011391027090966606,0.0036620557818094084,0.003432052559079453,0.00924234582894988,0.0010531704426224127,0.0013403485919796566,0.0012808738113743651,0.005358709402644579,0.002454021519268213,0.0023565046462938385,0.0018263423046454314,0.0008683348179282541,0.0011886824621389304,0.003141644828645255,0.005374827484488723,0.03037397776594082,0.0010814369450784325,0.020726643442887598,0.001303722814458464,0.007857532109771482,0.001885827575639004,0.0008048278250245588,0.0015893008972810419,0.0009495956963334922,0.0013759746688387208,0.00107775977778357,0.0015084990930076894,0.0010588033726307753,0.006430330380084877,0.0020074330122093957,0.011673558002162522,0.003203853567083916,0.01752465450524922,0.004110834021968362,0.0016641042651152633,0.009132075609699402,0.004197429613254576,0.001207288516278634,0.005295910906533957,0.024258382071788417,0.0037830341172141856,0.0033433567017185865,0.0026202511315661457,0.0028306690341028157,0.0035193296871573907,0.0033667977826985778,0.0037165922835272758,0.0050651417749087765,0.0012435506450313271,0.004813398122112709,0.008767934684165125,0.007410548972080088,0.014730495035841219,0.0028819946928724184,0.03636436096556843,0.003797896818142093,0.0033099930925419977,0.00342704439288677,0.0006169881213431598,0.002091352164230777,0.006278399652540261,0.008532057109615113,0.004183991688544919,0.00012161711955794645,0.008739181214295117,0.014190327832288616,0.004495287410500849,0.006538407073015785,0.009247271672359019
412,0.6315185895533272,0.003995759062736494,0.007180658858144393,0.0012432071680370917,0.003912539654850821,0.004151103551383737,0.0027553228011685913,0.0025869355648736585,0.0008629045386541654,0.03443017144105505,0.005036209367047759,0.0025030809574947918,0.003064635619531406,0.0041320204850658826,0.001734782201498961,0.0008802902011672185,0.003979282383172052,0.0017765578534450275,0.0010204638881563806,0.0006328405920149799,0.0024894277386397143,0.0009028376272730651,0.0009895066674788361,0.0071020094971472394,0.0009308508098569684,0.0012562341225912964,0.0017386367522215212,0.003096569707794674,0.005550502544117597,0.001348660074235127,0.0038071872416131766,0.0010955295648109621,0.0007576268809512318,0.005684236415062091,0.004655361955355193,0.0014414763151517271,0.002792031708667215,0.0023524438890060477,0.004875427665053938,0.002256758312188387,0.00785725490081821,0.004511664440585278,0.004995190133331683,0.0024762856731336087,0.0034056610400829542,0.0016856655316384132,0.001954761921351147,0.0024335966908750036,0.004383933570248465,0.0012087917402511142,0.003234150739848785,0.002192061537890025,0.004707225189633664,0.0016031761256149089,0.002004185415574356,0.003289166599581306,0.0017041332847839814,0.0011312490099464184,0.0018269221125353531,0.007681427207876969,0.001442542687262823,0.002504625902512233,0.0011049647573268288,0.0010278192941168991,0.01244896623203433,0.002581255006167292,0.0012545694196902134,0.0015121818776413912,0.0024536775304645924,0.04124147775461652,0.002224115816269382,0.00800863098865123,0.005395107060439692,0.0007377463782525037,0.0010796122889349296,0.012400022923225798,0.015299870028546537,0.0021388176514478014,2.2768014736521935e-06,0.009971394736017282,0.01569243320336307,0.0010584812314858253,0.0026182906118460006,0.01899394572056992
413,0.6374762451140157,0.0017011239609821878,0.001335764090708733,0.001262544101045988,0.00391059131587229,0.001569800786649364,0.0011972708240169084,0.0015306459500703026,0.0011975345154960808,0.009687176846445857,0.0017498031375309821,0.00194527051522218,0.0014597672435825181,0.03639281680429319,0.002150614100635473,0.0024596458896621568,0.0024458358864567474,0.0013401989194476967,0.0016453156886472404,0.0024739061854404773,0.00197394364243918,0.0024998078837365208,0.0006281587055047531,0.0018537395150191945,0.001152176850298581,0.0037503122212598984,0.0018498300420301918,0.0014516884797681387,0.0018689443551241603,0.0016159039265035446,0.03819420606291225,0.0024794283655449876,0.0038366776221518788,0.00235446745965841,0.007064896052730419,0.0007194176749572534,0.002388641303617771,0.0025257518397917744,0.0006611201076918006,0.0010121853766931303,0.0011133112392629168,0.0013221059708411187,0.0009024452428348454,0.002458826570937041,0.002118044356055031,0.002457846231859522,0.0010273167616790576,0.00154381147303999,0.003814208730836003,0.0014125391619173014,0.002190308512658939,0.0016923317302466477,0.0014498143427900674,0.0021572214177300905,0.002078140480952075,0.029990309679019556,0.0006819950013849926,0.0034354320788723158,0.0013242137298333139,0.0019246152980117008,0.018214193521838378,0.0013640191924918245,0.0009839997173573044,0.0016571821127053465,0.019241749266638297,0.0006925459945392774,0.0013096701809295957,0.0021416658899279873,0.002035640884263589,0.023706037633574855,0.0015572002943712517,0.003579639420498248,0.002180428174993272,0.00028946319534748087,0.0001991909053585649,0.01507739726319726,0.006613820746060355,0.0014657322666608043,6.196515211669721e-06,0.008457182934372984,0.016170057596411908,0.0011838585086713664,0.0024724199903275726,0.00949270041983234
414,0.7580879493580206,0.0005205020722303911,0.0007556171472806549,0.002908566672069473,0.004666182020541105,0.0006742071711888275,0.0022734741943069747,0.0007834801732757385,0.0026480188568356934,0.001349156758232146,0.0035711203513080895,0.0017058956190004792,0.0012710200004991147,0.004943387860092793,0.005874465672667035,0.001024208277755821,0.001887692795040347,0.011968800696586611,0.001784025796802264,0.0012638462391460856,0.0037048431577623,0.0026260546193320865,0.003028573616442361,0.0007553566794992209,0.0026617870783874715,0.005629837649812579,0.0010708863575303142,0.0035944020582659173,0.0013029967915221476,0.003218681300787171,0.0017244846247594444,0.00038098630875020866,0.00271163842886533,0.0005011965806269991,0.001938178427860752,0.000959979554069627,0.0009971762325346127,0.001089054924027646,0.0014608486699999432,0.000363720956624534,0.0007049174197438015,0.000701778647940597,0.0008953513084595295,0.004898946939019095,0.0003552035189770673,0.0015905011918635856,0.007062090435826676,0.001090182203937325,0.0036884139139444065,0.002958268221852441,0.010565605993943177,0.0012718276227604085,0.0008673382271073478,0.004927815397863471,0.0007581635781489582,0.0029739983313370275,0.005633515914507434,0.001651032104888989,0.0005790908778754279,0.015649013167414776,0.009004635558588863,0.004387695061451904,0.002784618447515975,0.005473819535954097,0.004565893574329297,0.0019017331806894231,0.0008050102333563894,0.0010462365671724822,0.002475441604509663,0.015776827139040783,0.0006662891698427354,0.001680329377859225,0.0015092845986611086,0.00026586774665069004,0.00010841569116174363,0.0017490353147370022,0.003251985034715211,0.0012349157327034466,0.00018408985455167505,0.0029609628624425745,0.013184543826054333,0.0007382873395606746,0.001004151778210673,0.004734574002487507
415,0.7108229488929564,0.0009226255689767011,0.0007682059959192586,0.00116430292651085,0.0031250345448929095,0.0014684738066335298,0.0019346894246457672,0.003682881326982446,0.0012335889665762228,0.0029001548703018053,0.005033421115074659,0.002028639644587054,0.00192118042025002,0.009181464103100308,0.00865504507906182,0.0017518368534004366,0.0026441458393541687,0.03537199512252665,0.0017491612041122392,0.003296700724559271,0.0010760927958210877,0.0014787079877397083,0.0009743814151656413,0.0014400387236879408,0.001964574623202918,0.001529271172685811,0.0006276220418455961,0.0019706330431512216,0.0052052944909137325,0.0016874267937086176,0.0008802942406393999,0.0023898280813185887,0.0031013754725617913,0.007271981516828003,0.003258402828227082,0.0011524824117266886,0.001837057206499516,0.0009819362415835657,0.0017989560146271628,0.001132584654126196,0.0015455951954407147,0.0014534431897208796,0.001294489128017099,0.0021113797151703865,0.0023407484126466193,0.0025425854985126,0.002688081739484976,0.0017772286015898587,0.0020410251019795777,0.003731737212756681,0.0016591748589835005,0.0009445710217347725,0.0010945591307900088,0.003152331195662713,0.0012389142874858928,0.0016874243905076163,0.0024847031043175446,0.0029325744481708926,0.004805225692689281,0.0028351829351023145,0.0037929085171050456,0.0020671773006180247,0.0016345692242250359,0.004679567504489941,0.009072137089017631,0.0020485018957816814,0.003349931572620227,0.0007197597753587863,0.0018666323050830678,0.02459807500304469,0.00044170229053940675,0.003653688160385495,0.0019149173654617116,0.000966756078886178,0.0001849591490035409,0.006445919279961173,0.005966589836801082,0.002987500200659207,5.689226741411533e-05,0.005586351162340153,0.01379642534395037,0.0006770061654702091,0.0010823518339445467,0.01663326763059193
416,0.7328479232130418,0.0007879642075073366,0.0006342136203768736,0.0028161274494238548,0.006151830103881692,0.005207776441175298,0.0022309569228668243,0.0395574606249757,0.0011775174616876064,0.0011939335427976253,0.005795702225602954,0.001091751659226888,0.0010678829402004269,0.004383827334160525,0.004101474701884939,0.0004871735480777066,0.0035203842976039524,0.00246547713328843,0.0006002292752518224,0.0018275955417926559,0.0039081895501715865,0.0009845225558940745,0.0005689104535311752,0.0009220217612739712,0.0028464237468407137,0.005937517277204875,0.0009160834481102627,0.0010504116536612378,0.007190635344178344,0.0006629799122453965,0.0016719709489021349,0.006247244006977261,0.0009931589662916624,0.0022778945478085315,0.007878095471842735,0.0018394212694917368,0.0012144408449942447,0.0009740314442930859,0.0004406460170144069,0.0009835968700508636,0.0005388870934286955,0.0006103370880121575,0.001749253527455359,0.0031124486836243766,0.0006390429678313413,0.006204889822373039,0.0025188068182344495,0.0004571667664113219,0.0011403719084301957,0.0017730422814679217,0.0012191882852123357,0.0012712852338259946,0.0008820823691622962,0.003029672494966344,0.001073886669178678,0.0008988363838875035,0.003229494896947869,0.0015636532440505616,0.005009543053109764,0.00040738020749131926,0.0025932925491841743,0.0017497111557943652,0.0009684395117732046,0.005673621006199661,0.0012082015886954185,0.0013256965633866417,0.005825128201712,0.0019070789266591435,0.002895976142725533,0.024923088012809774,0.00035015763133039256,0.0015521312917108252,0.0012798644682561373,0.000187480519338726,4.019626672528716e-05,0.008084766223179109,0.0020879212998301433,0.0026543490354306943,4.308032750493331e-05,0.005604201303881105,0.01355808075335634,0.0004684260531870918,0.0006870585074912804,0.009547384529133238
417,0.47467475570192574,0.005782203520892356,0.0059951989404887105,0.002315029911576385,0.007256650469287681,0.0011742874555951024,0.0032571799495991743,0.011566382469647427,0.00661055744257094,0.002250201962591539,0.007734794786583376,0.0020671644989460215,0.0016988348879681636,0.0037766222115093,0.00753263231900791,0.00763784274129361,0.0026057962150589087,0.003115619249926593,0.018157151195327598,0.005174504031966855,0.05101287888082135,0.004355331433319678,0.0017992988029140633,0.005059627863343389,0.00488355509437572,0.0018204491931397195,0.0014644203654932755,0.002490851936982251,0.0019584838077893727,0.0023362042948496557,0.004595761045608715,0.00516448769785967,0.003618303466139321,0.005349773463310088,0.004362307784216633,0.003087325463448577,0.0012592978833923807,0.004198554214098283,0.0018484821941627749,0.005966050724087404,0.0015305791031872116,0.009253514125735985,0.00330948492836831,0.002865541847422842,0.004691235275397183,0.002989828831014695,0.011195771714529939,0.006258205390407152,0.043408223283897714,0.0023851464915875466,0.0059650367294841,0.002234067218519265,0.0015478309578200852,0.0025369159157653093,0.008896427021968679,0.0017560248661187192,0.001947039546732712,0.0015388614178145506,0.0014609756150046496,0.004837495606133851,0.0025086723157277326,0.004910523561656408,0.019819543746511084,0.0029217064383246383,0.0017117276838076066,0.005510426920530184,0.0017644385015809713,0.008547353688113922,0.014333645535604315,0.02959953805263035,0.002017082793439585,0.007287219409656559,0.003108333634762787,0.0015031895373436252,4.332108975252904e-05,0.01872272367539272,0.008091692949790693,0.004037549785645023,5.124211568520872e-05,0.010362350670751417,0.01776704072066463,0.0013537258555955409,0.0026718595747524526,0.013732030284253731
418,0.6951843480502427,0.005325369184455024,0.002155951140072154,0.0071765955905409825,0.0011918565587349047,0.0009188794746840379,0.0002586647558004202,0.0008090855693178492,0.0004903887856940361,0.0031074356888300767,0.0027452990869591388,0.00044225320437325805,0.013125315001566919,0.001633892279055945,0.010805766837279369,0.000563935185072412,0.0006172617576552703,0.0015868262955805934,0.0020093072310418876,0.000584715128290243,0.008472783368737665,0.00802742852849714,0.0028390436967478962,0.0021037487518286786,0.0005698420873872948,0.0012803217030324379,0.0005165201235328321,0.0019099673368792125,0.0026083390344907175,0.0019413393372322584,0.001989298764910047,0.0004948389252818716,0.0010151141631998919,0.00608522742633579,0.002130887929288306,0.00039656774641435335,0.0008056346407283841,0.0012258276998480476,0.00044047291772206324,0.000940850797575963,0.0008558224102100592,0.0009479740397830575,0.00027634542177269375,0.0004666676992707206,0.0020777645704178603,0.001311006090976761,0.0037695858886829113,0.0011395331581955234,0.00464650236400182,0.0006520561997407854,0.00047793416660811615,0.0008567223828100166,0.0005002368050810302,0.0006266584164827531,0.0014354116709516408,0.0015446845821716108,0.002024196124010133,0.0009448889015641031,0.0006779188221050708,0.0016798063110433986,0.0005692387629414862,0.0010172068865405715,0.0008985240141048454,0.002752568792606902,0.0008281441093616559,0.0008525220083704336,0.08646753289291707,0.0029455490649665066,0.001634339341604882,0.01343093234714255,0.00201421011783491,0.0031404935771928238,0.001069549296326918,0.0005992054699550172,0.00157795723284335,0.00933741137565231,0.005305514098625592,0.006839300573437924,0.00012569949554395315,0.008367745105642995,0.012077791358626183,0.0013717213059402013,0.0026801757646407126,0.010657749196381842
419,0.42929549053085014,0.003158493706757892,0.004790876811915749,0.0028174277069544984,0.010008512411620407,0.0030417429763297866,0.004292700616487759,0.001451469601335712,0.03765861083106134,0.0006291951233684416,0.004286213157106888,0.018950621148911915,0.0033262868561656288,0.0010691937030242599,0.0024451832246329642,0.0019398771478315992,0.0014100772163860868,0.0018010256990040625,0.005311891394953892,0.010081600769731849,0.0023830095640083562,0.003392041178976303,0.0018910796692035742,0.006934526077565069,0.0026907899117568756,0.0035198159240805186,0.00043337484525911405,0.0011202589158220864,0.0021659814609433533,0.001155984805207552,0.008277392441483166,0.004868331484705118,0.02747620427703922,0.00436704317163348,0.004173466766568277,0.00442856712658601,0.0021002264508531076,0.0016842470302003032,0.0008880426687094668,0.0020419771183787737,0.0018337608009269617,0.0011999606443828907,0.0020674894250052862,0.00449442807281622,0.005040993881580313,0.001513254911378249,0.0012547814063135823,0.01861117719119135,0.04079645995471822,0.00034538050124033564,0.039390355787684815,0.002296403952456468,0.0018688301412227316,0.011731986749049478,0.0014261945712802405,0.002461519131638048,0.0009457456684452235,0.002338811865343447,0.0007548922449159347,0.0017205672743387283,0.0022174300080091674,0.005566968717772107,0.0024084917882428794,0.0767981876694037,0.0017156793344323986,0.0016494361663028534,0.002949835030053024,0.004259280861415875,0.008163472846260456,0.03064207334337248,0.002590900017504593,0.006162283587408344,0.007024281417113233,0.000447518533204661,0.0008436397209266903,0.00441320184274023,0.018902173145546413,0.0022309507981881217,3.2935387398079868e-06,0.0060253241443581716,0.014716308407135077,0.0028909271304885676,0.007533820874935917,0.01399267537710597
420,0.5853745364574026,0.0012900725907270154,0.003443113177051755,0.0008803464751906473,0.0020595008422400604,0.001199636196891563,0.0011811579616166823,0.0032016551947854134,0.0009120689393233647,0.06425423652482881,0.027153390157407906,0.0036269542053595635,0.0012844132112106775,0.0038543056132951713,0.002326632445686045,0.00182273533402058,0.020584959097911304,0.0015543471765032601,0.001140091343095285,0.031196764791778003,0.006115468966253211,0.001623742631686329,0.0018282447003288434,0.0037406403910916933,0.0013536252565930732,0.008500435201433133,0.001689975752944915,0.0012880857737610212,0.004789311489680202,0.0021746753848549726,0.001243123719430315,0.0012824905753354582,0.0005452067318007237,0.001403812443231048,0.0027179644789722154,0.0006181087982962492,0.0010698730618330266,0.00286030599497333,0.0008458019668772082,0.0016829246869636692,0.0016901487866448895,0.0011383895816716998,0.0016984585074561625,0.002268468304035098,0.0007487269629968369,0.0009243016691233972,0.000868117079132275,0.016739329258055737,0.0010517131923631071,0.004341354214169445,0.0015876962689072864,0.005279123737095494,0.0021854155340039296,0.0027348540473325065,0.010542898923554766,0.001655510135707118,0.002426513828703795,0.0015352287560822908,0.0009218918478908758,0.001265203184724558,0.0007247944879361261,0.0014964940423354866,0.0014876387231016763,0.0024232105047123,0.0009629865674920614,0.0014071436726520174,0.0010671522537680578,0.002385810455022733,0.0013184218130513946,0.027947850086057737,0.001973756840294756,0.004861954640244979,0.003628428624033606,0.00030615846824791083,9.782760909760865e-05,0.008933441936737724,0.013049228580263505,0.003635470388522372,2.4322845210041064e-05,0.009800271520325338,0.018486338170934875,0.0017863302747915654,0.005048194838815688,0.019828693094033043
421,0.5532383195900346,0.0009949252127624544,0.0019610307594586703,0.003573853258369097,0.016796802188486018,0.006357390113129436,0.0025974478742221293,0.009872168307728744,0.01689833027983112,0.007218150835115159,0.008646158882538883,0.0065361425530224004,0.0013976011025547506,0.024644546789066257,0.0034553177784557246,0.0014670531904345816,0.0023981974803380366,0.0018471285416691444,0.026255381495877965,0.0019083432903910713,0.029578237433592842,0.0008361417459050123,0.000820901569010017,0.0006445397810008023,0.00045990719379653997,0.0014009259893056445,0.0006617750853076492,0.0016864319067692393,0.0017841003921424336,0.000916656098022283,0.002065857275611102,0.00775536906657865,0.0014540021832578631,0.001308028854696299,0.011383921882681529,0.0034456086873927948,0.00044027993019493943,0.0009769113012025501,0.013842462495237155,0.014966612604895452,0.00558028353135981,0.0034844404436571944,0.0008312079088349344,0.0007892686279756974,0.0019805100648558026,0.0011248413288789227,0.001166656622683974,0.010552324073313822,0.0308721702157892,0.0013537540080885103,0.01562486386471989,0.002776737858198039,0.0014489750138424796,0.005843423267871766,0.003297773657498981,0.0018498953639352535,0.0023180750659439115,0.0024549872816422235,0.002079753309719831,0.0021344092758646353,0.0011887883436202922,0.0026055428230961357,0.0011125364062566955,0.0009204781733914429,0.00479365757843352,0.0009615322239368405,0.0016755064493682067,0.002202281631889129,0.004443727549779285,0.027386030113995718,0.0026353380957096916,0.003227396149484208,0.0017476476719292045,0.0008575938747328476,0.00019333787178039643,0.0067153993280733145,0.0026692139585619574,0.007315157195177792,5.6547025898429335e-05,0.006630761699580811,0.013905299818762878,0.0034171079462183285,0.0024656602447148466,0.008816146040846112
422,0.6237258759909674,0.000865275348009031,0.0016025577288995587,0.0029536873534764117,0.002671044767297025,0.0007622632051829339,0.001373996043801373,0.001753773665876311,0.00279061783203861,0.011310413409805228,0.0062077459888072225,0.002528683897835843,0.0019494916577873188,0.006091757132228876,0.008489594275982821,0.0022949421841947817,0.002096507074785527,0.002239172660391849,0.0022541220751263057,0.002897737667313985,0.013234724698162594,0.0008700504286519858,0.0005299517241898635,0.0018068051753515103,0.0025097129877014587,0.015010904367139484,0.001146962373733536,0.0007895309142139115,0.001865449927589135,0.003125372994428635,0.0013631185953496218,0.002040229734961442,0.0016354066714120423,0.004053528590551381,0.005142048655433,0.001164063860956073,0.0014565555809950008,0.0014183880877876285,0.0008595218788935569,0.0012420087976200349,0.00143642523437357,0.0008316270957946169,0.0014603969925580636,0.010273502723242364,0.0027609130102727465,0.021547022789690364,0.0230843205473457,0.003231313641360332,0.0035350258868912113,0.001995998938172145,0.00559493707055478,0.003322541840680583,0.0016622587721525828,0.003051956728707289,0.0030678061277123474,0.0011273501811887284,0.010291742663356017,0.005525379680559369,0.0012265165450192996,0.0023863693913723704,0.010514041221318651,0.0019509730509957796,0.0019021484484860194,0.006765612516705288,0.0014385217633075657,0.0053187723063695,0.002653293031612463,0.002829867874177177,0.013462973021611062,0.031731077155143186,0.0010373100001655903,0.0058302747532846515,0.002210488080214163,0.0008495474779483511,3.779340925176729e-05,0.008070503816181653,0.008387052391740257,0.0026425578554141608,9.179238460131205e-05,0.007157010253047271,0.01433928295126564,0.0014816488022219962,0.003682828932086535,0.010077626636915337
423,0.45082450102073385,0.0010211794681744993,0.0019068608208143334,0.004354222461105073,0.004609421401016011,0.003069005575805211,0.003863847771740422,0.0013659547462790236,0.0018434806614369113,0.002612638936477553,0.014088241749593715,0.0033718985673163154,0.004697467515741487,0.004953231371710347,0.007729915306474489,0.02029614489884591,0.0040174381042556336,0.009499331538416284,0.0023283694477534158,0.0025738586070329825,0.009740352930552785,0.0035746563615731497,0.008242810279415331,0.0017605059824762086,0.006556861647235685,0.003504047416860038,0.0014504010310721629,0.003229071308864514,0.0031623556262067487,0.005095524720207532,0.0023470799578359483,0.0014111636827979605,0.005363074602353535,0.009120229955496195,0.001789309594536898,0.0012906015573413976,0.0008389925445657089,0.0006231289418876366,0.0008619821529510082,0.001102653112384674,0.0011712859366468668,0.001785671308717241,0.0038350897035025317,0.0040178008785710356,0.0018881546701761656,0.0010119128584181222,0.0025528439422052005,0.001306778165795089,0.012876724982718692,0.001527268791780755,0.0011898679532394631,0.0042965718442405255,0.0012004203878874826,0.005345755276982026,0.004448807955510816,0.004231751212936156,0.01445295979170827,0.012826201087094506,0.005919376778200699,0.004972862154000298,0.003527361712635876,0.0028962352859054747,0.014274913615284723,0.0011465221491210981,0.008756243825166987,0.011536059180149173,0.06396175092282352,0.011867806871063213,0.0052144051306652825,0.03991438376281819,0.004171445561161283,0.0056148827857390015,0.005384995659179068,0.000627429378732278,0.0034464503621253954,0.013623125323005265,0.012061618670564277,0.016744675294040914,0.00031771694550098296,0.009853600003706461,0.019884811755462452,0.004719472838261201,0.00924399777862773,0.020260176130589714
424,0.4987183160150662,0.005901799200184427,0.008561277587652228,0.0014841011886992568,0.005639626429128294,0.0022248572553181865,0.017539309000178638,0.013344521004048955,0.0016152916538690304,0.002721407041503749,0.005158135940264832,0.11222764487133809,0.0013345476703971893,0.002894638063491274,0.007566856932751191,0.0015703716032575462,0.003385097764660812,0.0028194102812981172,0.0013066722648833397,0.003205422541841463,0.005413619469493577,0.0008765641325307829,0.003257709927790999,0.0043153160525520925,0.0012088616908643717,0.004561519633588827,0.0013853674044616096,0.00647698050142701,0.0037763975932486385,0.005285751895108434,0.011169655725378688,0.0012930916873924838,0.0013370843570257522,0.0017952579031557427,0.001613119579969543,0.0015217986433245202,0.0013836188094140263,0.0025151783631432996,0.001355998841125088,0.0016267305788118262,0.0016978100945921782,0.0022271362044753926,0.0008043176135110035,0.00456817449421467,0.0022716790345106053,0.0045879923167598214,0.006331497469028341,0.0018640212539518435,0.006436797549958856,0.002214529176281455,0.0015856734582392236,0.005136368263539886,0.0023953099781745995,0.0029054482424747184,0.0011997385502630544,0.0022585359019928765,0.004485583904781168,0.006503588084321828,0.0010800951780722274,0.006987103502094248,0.004048057145306461,0.002642838103186047,0.0022018423327504204,0.0014232555578184809,0.0008925962973343275,0.0024447954575861582,0.006527938329011844,0.004033146601581896,0.002180499279565954,0.03446857854078229,0.007104915448013559,0.0028809353033781198,0.001493653018522473,0.0006267433071405994,0.004230122792249354,0.014145995575376163,0.010200504539355901,0.01159787007038476,6.776910663142752e-05,0.007468497579553618,0.014610652469867032,0.006080276492296829,0.018025118576645256,0.011673070704783108
425,0.5914399085106463,0.0012219802054204056,0.0031340660272078536,0.002535360786573176,0.003213396363573988,0.0022457923292420216,0.0015285431596868118,0.032830219059531596,0.0013946009333463932,0.0014513318273762113,0.0024599659728849806,0.001173183853211553,0.0015203605945510639,0.01195693214318357,0.004023335058767769,0.0018702277225261727,0.0013223498563452083,0.004757552826265028,0.014040174750973083,0.0025168583727085336,0.005235001063927542,0.028198872935321258,0.0018359223435029483,0.0021697372136558926,0.0034127882537204135,0.004262467241269735,0.004826304019911325,0.0022841704206447446,0.0022896398312304573,0.0027250483568855466,0.006286555145821906,0.0015071441487334416,0.0035446556717519955,0.002861771852377414,0.004304100959056546,0.002600299052264024,0.0012544117039644904,0.001522920307890285,0.0015475527851048824,0.00134848079145433,0.0024781966458196094,0.0013639674339031571,0.0012184424324823981,0.00654678033834748,0.004740080112037024,0.0018497773890795315,0.003426197740562999,0.002027020744479894,0.00457253388571769,0.00261333401454957,0.001275242430110806,0.001359905481546432,0.009095405141492676,0.0022195142569960743,0.008555867208033018,0.00262869368366172,0.001698238908935307,0.004814967326591007,0.00100444956875497,0.013100747369283041,0.004806560833215752,0.0050883167734399005,0.0024139083313331976,0.008260487312355,0.001470787395888556,0.002468795898427147,0.0029392312820699018,0.001905886551415515,0.005623890887895604,0.039075981197844806,0.00189741083078847,0.0049660537068165955,0.0026377681562633304,0.0009221121356957693,0.00020300598192452804,0.010177208947881787,0.007692546689554594,0.006354204407036687,4.854076537209691e-05,0.0064169327109472275,0.019251436279208233,0.0018943237683294104,0.002501558156593682,0.013739704434806838
426,0.35592964869360677,0.00037656801671197683,0.00047735574301340287,0.0005590859939354375,0.00027894781477556975,0.000508287299909192,0.0019099380006976899,0.00021677577942492366,0.0014725065405846382,0.0006178312172350637,0.0007937777281892149,0.0003148787478556379,0.0003014494390706827,0.0004563021424275422,0.0009889384900897548,0.0001362550936429314,0.001340948285215828,0.0005145238017568638,0.00019472657243148076,0.00017096136585636275,0.006258554282353429,0.000311855424325673,0.00046794202117167493,0.0005507355916147749,0.0010104013989084984,0.00046458047677365476,0.00039385528660514655,0.00032129533635677477,0.0008193787998940491,0.00041277600534464433,0.00042126276535400374,0.00019675856196799796,0.0003298802376966235,0.00027435549456867263,0.0003757781368762834,0.00018352372068871462,8.86197283539459e-05,0.0003253329511152202,0.00017620363881761647,0.0003132779217939343,0.0006197872544021037,0.0004696859270450292,0.00021457640849310443,0.0011109765928414826,0.0007348122034141648,0.00035299434772289727,0.00020922052344147414,0.0004787397524394491,0.0028841476454221004,0.00037782363957096607,0.5708481464955234,0.0004959007383484996,0.0006615957819281884,0.00029125611180037835,0.0008873045581346492,0.00033001641831199293,0.0004489071518001163,0.00027462687168863304,0.00044829956492727514,0.002560674044495836,0.00021093928393572023,0.0003513083408980525,0.000330374339454182,0.000518699885662436,0.0001912121731290911,0.00039158391865537435,0.00026274708927060233,0.000666532508320061,0.00042753057665542336,0.004745426505126928,0.0007921860851111004,0.0005824295635444914,0.0005724815593853759,0.00010431710287005137,3.1467080312332673e-05,0.0035344655387079126,0.0016856263282008328,0.0003655416350462958,1.9252293243105848e-05,0.0017267823670896875,0.010485642655891598,0.0008551381903896627,0.002477974657450779,0.0027147737428847318
427,0.7281681087867458,0.00040819991263622705,0.0006796690113510833,0.0033403927036290805,0.0012324289474305815,0.0021694988099217943,0.005659942086732374,0.0019665593070780124,0.004027883459563201,0.000725399685708626,0.0011242843993832376,0.002394974341684549,0.0028754697620601275,0.0028596105949446767,0.0013600885010811635,0.006395164137602713,0.0009218724954221621,0.0026556102070329304,0.0021060316963545786,0.0010100658112639457,0.015006980668424985,0.0019310418040831623,0.0014118890019927401,0.00031334571694628324,0.0008060294179387694,0.001236106270932542,0.0034833553302545837,0.00772296064523191,0.002539533647101824,0.0033339041118936427,0.0022184355186146572,0.006324941076940925,0.0026937637245822406,0.003238730736698191,0.011479809659479489,0.002184261316663515,0.0004492570009191643,0.0009496252226857709,0.0006953443425146455,0.0052360481994457335,0.0012815534229100199,0.0018359098994972594,0.0005563707230841769,0.001504925254553303,0.0021805760592453097,0.0007058367628575722,0.0014391135147811779,0.0009870096260992478,0.003687207473176795,0.0036903424968665935,0.001534619984357851,0.0007911058365515889,0.003571575301386694,0.0021736598572850313,0.0008290754495846788,0.0037937107941764126,0.012752944128966208,0.0033233749136543436,0.0008669497060038132,0.00799440578344956,0.0011744528144127136,0.0010618654492536284,0.0010180306231049776,0.0008810830689772683,0.0007249298044515376,0.002262635754826819,0.0008415321653079125,0.0011584293540215147,0.003462056441173312,0.020463332428385887,0.0016331673922405602,0.0033952326145728923,0.0014078170051673668,0.000882596801026145,0.0005404283910554968,0.008126676958060595,0.003021676790679032,0.0028541161912672168,2.5898621548724888e-05,0.008293710441009943,0.01815247183696924,0.001140953641133342,0.0034621650433630503,0.013177855308531942
428,0.4542075821534307,0.0066868397666266,0.007440007306575235,0.003962038554081696,0.0026482222786502626,0.0021718892020532498,0.015836598055218528,0.003292610643343091,0.006154371119474078,0.011954368465273216,0.002580670605450241,0.0038194425703920155,0.0007050029962200995,0.007140173098294228,0.003731986170050107,0.0016637503998131308,0.017437699939126722,0.0016478250984693927,0.0028271885678400072,0.004062136005020257,0.0024252618367830033,0.004187034884125988,0.0018668743213837563,0.0070653267112410385,0.003930435362725215,0.0013564470922649684,0.0017462951606550784,0.001836288566907685,0.0023397753261158605,0.006356929288776124,0.00571677405919806,0.0019827966651056544,0.002736160827440584,0.0029936650249558594,0.002387515774985874,0.0029454741142451155,0.00330421546489923,0.006751736260969801,0.0017026107511372865,0.0035007803768767375,0.0016788367065607367,0.004216470475498078,0.07119433579136461,0.005802944361826528,0.00824990932285658,0.0032741399887788658,0.008047257526398316,0.0030362013077382057,0.003381788807976761,0.005825112895621193,0.003951874107636984,0.006797589200552142,0.00739944325260945,0.028957978794971254,0.006904605721738137,0.002569620813847597,0.008294243300865345,0.0034365042422621244,0.0054544441517861775,0.003991592943790157,0.0037899796933442633,0.002950016098451484,0.007877098526908825,0.0032670002661703283,0.004284042642373525,0.0021328616250330824,0.0007565675430315587,0.0028404396235016537,0.00783317232560389,0.04585296066073563,0.0029822953327538803,0.004625225271976393,0.005057018022142684,0.00522387898579922,0.0003518528489052373,0.005560268945101098,0.020465004498218326,0.004720429425539482,4.3968517378621136e-05,0.011555818115902504,0.019331577756130803,0.0023064266336057264,0.0040196510129878954,0.012604751047528973
429,0.5043098255081878,0.0006612445032348506,0.0018465948423339786,0.001737735607074162,0.0026364371727402823,0.0036508253129610467,0.0012960988363584901,0.004210517932589784,0.007961382075350588,0.0020242347168742923,0.0016685039777471387,0.02684673440901165,0.0010907590148589623,0.005754671575571058,0.002715123482099995,0.0021482751583912427,0.011492944365797337,0.001667269243400203,0.01238915497369209,0.0017582330024147185,0.006990580559920838,0.0018028539083681703,0.0016665339964148347,0.0011864281919740057,0.0019045257586502017,0.003092507423990733,0.001467624428662739,0.001970793557961467,0.0010136946014753152,0.012132727993433965,0.009594356845599644,0.00094265250158349,0.0016572983543371234,0.005352191979713837,0.00676716364538121,0.0016013785059454226,0.0009025495887687085,0.0019442147832150949,0.0011934534776061173,0.0010310355692070867,0.0005571881207509233,0.0006709685272148814,0.0015136871420186112,0.005905002364130278,0.001874531501128286,0.0015532117654111447,0.0025116123858834227,0.02113284896927185,0.018317497596344955,0.023045971886103658,0.07315000852864167,0.0015826845343742972,0.002333124491877297,0.0200447944942596,0.00131082753388266,0.008308227722360938,0.0021179672345040877,0.001879442941956689,0.00076318195000994,0.009929460962288608,0.0011750570923858312,0.0019645008253541558,0.0010770277783274478,0.0011229017726300057,0.00470694960338818,0.0020106463089822426,0.0013315888843936842,0.0017748350795919559,0.01909609483447494,0.028575030416435172,0.0036610837464598387,0.004032400993583764,0.0026560064306453885,0.0017882045792096824,0.0016435782785881952,0.002945455596466652,0.011185195366815134,0.004940274850252065,1.301842417973085e-05,0.006957101932124821,0.011638292617398793,0.0033407597184835444,0.007762441292873362,0.014018181541642001
430,0.6056505311923763,0.0023836756571549056,0.0015914576658730827,0.0010480223796872762,0.007242041786500794,0.0012407584132540668,0.002110561279363845,0.0005079651639757775,0.0130420840915335,0.00210930032510669,0.0025344219422566935,0.005628086426764337,0.001975756774497893,0.002757746197863798,0.0010250891012614028,0.001106017803061383,0.0009291283221834208,0.0007704885631932731,0.002056904795633427,0.0014183907965259577,0.0006979921552208565,0.0010172733748377012,0.0031014110213088896,0.0006743303831214354,0.0001995028530072375,0.0005736610050538811,0.0004405594136581658,0.0015474464737557795,0.0021452535422917893,0.004628333443558996,0.0003065972759874156,0.0005294791189246153,0.0002923941291335894,0.005493130214560996,0.006928616993548846,0.0005528982803813098,0.000789056854274398,0.0008244133172389287,0.00028407239242904874,0.00029136590461396097,0.0003142115025675793,0.0005281338941473763,0.0004852514008823897,0.011280328844175128,0.000720230725705432,0.000820123264538533,0.00038346029424312543,0.03950868064988125,0.1006476827496943,0.000984507367927713,0.004059989667641735,0.0006728729687318327,0.0011785578861490864,0.04715210472689039,0.0006089448570113312,0.0030399460083142225,0.000585454569330447,0.0006109627112550241,0.0006710156858118569,0.0011120107087162136,0.0024071803310961736,0.0008841374661719471,0.0009644075128258642,0.0002295440746270286,0.0004595752370113785,0.00085158971946328,0.001429302463961039,0.001824806846287008,0.0025949641947978653,0.010995599390266748,0.009283368408270185,0.0013687494801305547,0.0007261865718136623,0.0018436748209903994,0.005374710196612774,0.005131964768906708,0.002017108556855803,0.006280538227350147,0.00016579235309373207,0.0033245592785048905,0.01234466283325616,0.007031505305823806,0.00860877722030767,0.010046607432984737
431,0.7385531749553358,0.0031416315900577884,0.004853498620014914,0.0016912040958061514,0.0013675069478925068,0.0006567960473303891,0.0010286865567791705,0.005256677322841702,0.0005894758517197583,0.0028841681047522692,0.0013231628422882371,0.000729361251280344,0.0007803921200168395,0.002699163593752895,0.0033900512160789076,0.0009139936434794857,0.004681517971354779,0.003028902726712993,0.0011562998903063794,0.0006164593402125636,0.001702806438675292,0.003534126604698462,0.0016734106886750618,0.001976482885676958,0.0016339811209503353,0.00558559786063096,0.0008018952953096316,0.0009492566093451768,0.004628225363585948,0.0012262701776650279,0.004628424964500366,0.000813464765295611,0.0019462936204327954,0.0013786737239895835,0.0006561634316136874,0.0006422707410718563,0.001410787689365938,0.0015773794201346225,0.0011284854166663093,0.0015062836613723193,0.0012697762385879793,0.002075548228344044,0.0013662272276428297,0.004832822633473586,0.0020427917150395,0.0028063520897154874,0.005261057655998522,0.006766482771247418,0.0021199308728976018,0.0032804447193926405,0.002361277364351029,0.002367233501713031,0.001178920138203487,0.0010389077919794728,0.010606930459457676,0.003354999353759957,0.00205436687726332,0.0008231147065268057,0.002635561202629795,0.006893602001283535,0.002326094296449706,0.0006974154723564313,0.0012174414129689601,0.00319928143216873,0.0017747763232914852,0.001382156386497406,0.00112187288996151,0.0005044010031683933,0.02438949802522913,0.024849025417966075,0.0011708147909964652,0.003149436202233065,0.000931596885074268,0.0007589137732947445,8.726776968815488e-05,0.011951886888693038,0.002161004999678636,0.002471463151332857,9.181049734157379e-06,0.005367447875190522,0.01620014979811183,0.0009385210643332219,0.0013888787853339089,0.00807272158906999
432,0.7392067631751114,0.0011208481702283874,0.001572597451459272,0.0008565347628478607,0.002890016885367512,0.001073915675368658,0.001289619821419546,0.015231574893689166,0.0016763541708298961,0.0026539100862187194,0.0024990571999972677,0.0026323646610125497,0.0016827098240844087,0.0035832500752975144,0.0013784424992510863,0.0019220830067886196,0.01727639746393283,0.004439127584773193,0.0016465104316988111,0.0016701305986608842,0.0019417013047817078,0.007790565578951002,0.001285579533423486,0.0024088737291677515,0.0015017272965867244,0.0009697903293346303,0.0008136757583286481,0.002988974812506143,0.0017795896861265315,0.011462634107444539,0.0038240964223667847,0.0009498405889380757,0.001443333388229388,0.001820406189732398,0.001894978105600979,0.00120561609731633,0.0015510725389348817,0.000985339952323478,0.0004770420128906484,0.0016189826610442193,0.0006141500873381673,0.0008421901711397675,0.000656232219813709,0.002041899494774409,0.0022677770640202495,0.0032101340537899993,0.001312880110364849,0.0011799878590717681,0.0012341484945050953,0.002226089100915305,0.0016049928742624807,0.0009124730442582363,0.0024771722882231013,0.001008477117921103,0.018084915284697044,0.0008106871758170141,0.0012815662309232118,0.0015584466318772957,0.0007022914327994647,0.013769848012508364,0.0010728812085879357,0.000537304969729764,0.0006663229089100783,0.0013002710147571714,0.004260547459636303,0.002504087860557148,0.0013447668612033342,0.0025160379596776113,0.00031735735858994587,0.01867418034056449,0.003052910221390632,0.0020594155571995124,0.0013478626945748378,0.0002382235983333144,0.0006368464700421335,0.0024005635496580392,0.010983093804857048,0.003679767854622792,2.8238320469818903e-06,0.0054659530746163296,0.009562715560016173,0.0035537890255727283,0.003948716558890857,0.007061172974878267
433,0.4711737220943133,0.0027959012311404704,0.0026424603993552803,0.01031575796943035,0.0024322185936635488,0.033142087982933714,0.00449247471863588,0.0019647058027682817,0.004595160226931497,0.003821574042073306,0.004033923351956134,0.005056842977663829,0.007347110480135653,0.006300296906035552,0.003630687618759323,0.005092272834672599,0.001014476597825965,0.0006148950690650585,0.002903403475413228,0.09453401974359237,0.004721433748914276,0.0025917531581696692,0.001437411253665198,0.003485818831784604,0.006582333980958544,0.0017143840078526508,0.0037084556379099053,0.0012840412366828388,0.003908999665451603,0.003025926597451066,0.0071694040416592116,0.001251957696239657,0.0017618845369969085,0.02938292818677544,0.005802063810966195,0.0024756072003311092,0.0009723591151519131,0.0015172048263772191,0.0006677695966609154,0.0032231651853136365,0.0006924950672736068,0.001454479259633203,0.0010278668992939576,0.0008618458467746647,0.0031709882652850383,0.0015365720274670067,0.0018363581157499803,0.010483129194740195,0.004471780597493175,0.0019687564809677334,0.007367446946935769,0.0016072448545915803,0.005362371710968887,0.004400499485769233,0.0013678444881850312,0.0034065770394094853,0.0008614487321115294,0.0033531626519159525,0.001589171703001631,0.00429168117520592,0.0016164991034936674,0.02700716064645116,0.0034041394198942487,0.0006230871525768579,0.0016561694682817164,0.0021806894027329264,0.003628830344886526,0.002235482139128334,0.005388795540442768,0.027767925164684105,0.0026034387215197446,0.010230937174811876,0.0034857457247018686,0.0010467853260766248,0.0014749616930875775,0.016088370015807246,0.014785430429192687,0.008047493516416017,5.8170165017787934e-05,0.007924147708369725,0.017232736973840725,0.0049080016543449545,0.004764467056604256,0.016139920483185147
434,0.69833762264574,0.002028766714841347,0.0027214393113464477,0.002880431850734319,0.005940566734786051,0.008451254186237564,0.0016105183741037111,0.0024308931191628844,0.0023480808316775894,0.0018232827201537295,0.0020656955407427043,0.0022976536984941473,0.0014866970204978286,0.004168650434671494,0.0067492626720232745,0.0008009602913219682,0.0018399558884607998,0.000899029035762168,0.0017031356282316257,0.004897606027128017,0.028174887236880344,0.002411744544090695,0.001314306456640021,0.0026694675690238615,0.0022341521715388713,0.005866984436044155,0.0015701533722642456,0.0010932975110965308,0.0021776014147782893,0.005499232071355835,0.0014335070077876994,0.003924347843689376,0.002953781440987726,0.0051564394391140555,0.003632706532234312,0.0038963211178852895,0.0028974749708257316,0.004615856284654855,0.0023066968381925037,0.0011540477127797801,0.0013594653787319,0.0009872625517857027,0.002463259081430462,0.0017076109016672598,0.0015020558160104324,0.008468644263645965,0.003384974185110722,0.0029755431082580195,0.0013297250667185373,0.001161801898359913,0.003047946311070312,0.0012933025901267804,0.0008927163564866942,0.0019154558200018817,0.0013663051705432284,0.0017594393462502962,0.0048946630513014774,0.0011990442757116488,0.003133699192514529,0.0013826509096245096,0.003425536541281508,0.002266469425737039,0.0007599766664298261,0.00865194991174378,0.003181879907819771,0.0017596610236726355,0.002674204318100902,0.0012055766526275398,0.018102627890342553,0.018321391268030958,0.0009824884075065761,0.0029155418660035733,0.001373429180895221,0.0019423522287650146,0.0002357854474096373,0.00977813541256754,0.0045662192313662775,0.001765316480028536,1.752105968018821e-05,0.005679482484439965,0.013695721727602127,0.001081613203244004,0.0012897486238337833,0.00763729706753908
435,0.38950781652957756,0.003615403295788999,0.002449070821865798,0.0012855882046472024,0.003423778363099977,0.01941631689429718,0.0021316200765346305,0.009920969270687306,0.0010301407903143603,0.004172098132207834,0.029218500056908,0.0026452171875812652,0.0027144736376652563,0.0012702300414111816,0.007379091669376114,0.0031380529833676934,0.021440317948451276,0.03529786631496081,0.001764196942522308,0.009683317896112171,0.03873360196502004,0.007196026504292015,0.001622187967060468,0.0028046855779120567,0.004871768297405719,0.01780121852232722,0.0015379499181818338,0.0014857506565097878,0.0014138290611941254,0.0026100527996065414,0.002790129045330365,0.006464861104092352,0.002234423977971017,0.0029381299207772403,0.0018188046641044173,0.0012321874796324796,0.002734620331469993,0.0015596441582261327,0.005758346520433554,0.004181252549453365,0.007743094923316453,0.006149416318058058,0.002285454766871234,0.0017760276009583839,0.003014344092590231,0.0017094478415274684,0.0012440836050624808,0.0017782110905742367,0.07705065834549434,0.016855614345420964,0.003035650154224682,0.004147489900154285,0.0017442640511069673,0.0036203131473665135,0.004758695218280949,0.0016470189373444086,0.0036995739419645973,0.0019743707575647575,0.003309162785761931,0.0076723200474726645,0.0017411620595979658,0.0035497683904213793,0.008186476673432619,0.0011429259227641706,0.0033024699268728967,0.005741315406609538,0.013816088905272684,0.006907240792355552,0.002046577374417125,0.04311915119846756,0.003770389164092728,0.006269777567446657,0.001934704729320885,0.0012101602149682787,0.0002615132519241294,0.010533007211986722,0.015076494286242324,0.0045961168133824,8.463077383258697e-05,0.00885201193651447,0.014521436679846877,0.002475324707262395,0.004559464793083735,0.017793041270391056
436,0.7674627877634443,0.0019064865768078359,0.0018768647090396068,0.002662355171895,0.0009811028075557516,0.001861263923874266,0.003330534869604748,0.004983218860213437,0.004925518529411585,0.002050598635654899,0.0012786559127549817,0.0008835218706953777,0.0006296640027346783,0.001004255756493042,0.005709218236002631,0.0005545592531624054,0.0013334226350264586,0.0031200186181174943,0.003802693521712394,0.0006014083443825625,0.011092002086542098,0.0018477839167520792,0.002205753929178761,0.00299205404443805,0.0011931470257317005,0.0034433796036337267,0.0028853883915584966,0.0018360230414530847,0.0009886397564193904,0.0014594037431493658,0.001066211895945478,0.0010052233960085874,0.0012249160096688672,0.0008700649480640904,0.0006226246533500646,0.000642452610906987,0.0008407806220134214,0.0006563465302750341,0.0014214846139063962,0.001990050173276329,0.0009405299119338716,0.003874831799886462,0.0011660748950633305,0.0003773786189561578,0.0026079943853401094,0.0015816796844241414,0.003691933040607845,0.0010355824869005901,0.023244307496380415,0.0035640368134752702,0.0018760106740792818,0.001017695474749725,0.002228367258541867,0.0017260664035926429,0.0015514704028894504,0.001038040465248488,0.005574411326578628,0.0020664978230175808,0.0009338301598908449,0.004626910284781486,0.001985901185479487,0.000955571241904521,0.0029631422896802127,0.0063773665101449625,0.002865652293034175,0.000732858345003909,0.001267328397409391,0.001543174161330765,0.0011901134841339285,0.02311900033478922,0.0017768893968344362,0.001669070184777838,0.0011751105480849987,0.0008746349387059917,2.7958900213927005e-05,0.004785881529153202,0.0022679390751803694,0.0038676947792043565,7.09890371301904e-05,0.0050829754865975695,0.010435344624801092,0.0010953059208988537,0.0017332666970545983,0.006171300241258235
437,0.6053051292201225,0.0015473985809045107,0.0018904524285494595,0.00415450202725944,0.005992360367863484,0.0055041381231065965,0.0023496031024284885,0.010213735082740663,0.0018641982763624538,0.004967940242873492,0.003287513047848953,0.0024065365822615575,0.005985329440869039,0.0036927830984533655,0.01011198046280283,0.0038900781675705355,0.0029455197865798865,0.0018003656651997798,0.0027825298612652134,0.0013088666776696178,0.01638489886193762,0.016688923660448763,0.0018671990313055445,0.0014952647347943819,0.0035453318242651116,0.00242144893729856,0.0017128432253669993,0.00183946080929652,0.0019875470802023843,0.0017487293112588274,0.002412489016692863,0.0019967279929653968,0.0015542829761651415,0.027086753342770265,0.002901854047209754,0.0021987186178137595,0.0014890796899607844,0.0010257389497163546,0.002265883357961993,0.0017717044172065502,0.0011169964700735479,0.0008694105198640959,0.0015384202274390335,0.003359583426961234,0.002550426944299151,0.0035145517559389593,0.004795767417128331,0.004114517577811748,0.0026560599709588347,0.004644575205026919,0.00620377498286091,0.0014734580707257668,0.002182866053813163,0.0019012749596564221,0.01027926207106364,0.0019223506073404969,0.0017362093698230232,0.0034007042303902967,0.0015371278575560367,0.005013496786361634,0.003227321686250119,0.0010966868833385895,0.0026834914345722684,0.0036119642100130704,0.001903667801824383,0.003422931327620002,0.0027385346750113,0.0026287329352061516,0.018056539238324298,0.03514817035885405,0.002299979043274515,0.004199436720396699,0.00152609536233967,0.0006184873003336776,0.0003017314385923872,0.0098768422099433,0.00951367773125089,0.008854480743701347,6.738310360450174e-05,0.0089561620859518,0.018800926021634242,0.0012144748976519347,0.0036158640911655025,0.014429744066682708
438,0.7721918444959534,0.0007073005727853179,0.0010558101506057023,0.0010266488066486715,0.006936145285258769,0.001008637532011566,0.0016340253146656623,0.002050880728862237,0.0008840879539894523,0.0019751394677249823,0.00046160161405805843,0.0025143325201880872,0.00829493790902892,0.0016553026107879044,0.001430321147899899,0.0007156076334333136,0.0015811461143731993,0.0019483451426460733,0.0029307526416728967,0.001313921560714891,0.0029610509879845646,0.0015999747540860428,0.0007087831733814434,0.001015954812977226,0.0017792084842571858,0.00301538708489678,0.0006273989830411886,0.0013680234204007876,0.0017374498584715136,0.0015833104548930066,0.0013889561683351002,0.0014695180091866963,0.005529120500602237,0.006710992071024861,0.0027559100350031604,0.0009243659811662943,0.001707241447040473,0.002099848671327217,0.0007894184211708316,0.0011253020839358692,0.0010269358032544845,0.0006328206995657712,0.0008441807114194241,0.000991022827387988,0.001279617035132934,0.001014165342502784,0.0027944482129746424,0.0008510242003570536,0.001875787119785747,0.0015449427882668002,0.0035450463200697637,0.0014530235737026632,0.002429081011120628,0.0017107043053040988,0.0008443817626374065,0.0029102966147644465,0.002435546659516729,0.0014748229254718808,0.0008579248482038381,0.0018896440894577847,0.003916189015004882,0.002066915033454568,0.0016971768599069491,0.011625792060213785,0.0038109791987659537,0.0077964160504794015,0.0015252911841093356,0.009036540410839336,0.0012806316884328716,0.017852740794270756,0.0034607374157090438,0.0022929090572188977,0.001478338704671626,0.00048012639874255193,0.00018731236679336868,0.002571732124097832,0.005225274932666851,0.003721162788968125,0.00018438484688310734,0.004170043031195608,0.011635463459090594,0.0018839556757378416,0.011234015673416484,0.005246449771941755
439,0.756512270070087,0.0009523985435004925,0.001252405010733785,0.0024258368527928635,0.006604926748719368,0.0036876815975612947,0.003126378020947018,0.008885181390728606,0.0013331099415539688,0.0016576992278302415,0.003254628037563885,0.0006757274042724638,0.0011544415563613044,0.0028856881375282973,0.0025734963279023812,0.0014118539074446182,0.0077356318704553725,0.002721800419950632,0.0009912307487925946,0.0027144847491357487,0.02159975064055721,0.0009797548105933012,0.0027102981956427423,0.002592882764227203,0.0016405119771165564,0.001406663007336142,0.0019560921487030134,0.0012316280770139857,0.0027859694324115013,0.0007783891332036704,0.0006606750645423526,0.004813708896656535,0.0008585350180074171,0.0017928481877126795,0.0022577773840140127,0.0012960893742390422,0.0022952954244420906,0.0017226599979223366,0.0016287071598103196,0.0007516488835412152,0.0006249465679735451,0.0015758393927269103,0.001909845977132256,0.0031231864983895306,0.0013744077820382768,0.0037635488858254198,0.004886104079689489,0.0010705045712412935,0.0025438895325052783,0.0018455946613244259,0.004184728838136287,0.001746951432507867,0.0009363693611287966,0.0011018553966905917,0.0035722283994073546,0.0007663041863268827,0.004331699443881776,0.001181122238682792,0.004896242657224128,0.0015149131187668589,0.003746670909439522,0.0012277676995614837,0.0014621073336348383,0.0016095762114553924,0.0016774483011316808,0.005142330593705812,0.002293426203715437,0.0010893089069330174,0.0014690589074908133,0.016003916798947575,0.0005186076753482116,0.00400930320313439,0.0015951182862290595,0.0002858234786220827,0.00027890797158129865,0.006342872485844013,0.003524959845348065,0.0027229515353281862,2.5123101649958677e-05,0.004937956578803064,0.013490009718565933,0.000813029727317479,0.0007976718291101625,0.009669013533947602
440,0.8329896919576257,0.005698603140382247,0.005751222220819495,0.0021750841190065723,0.0025662029481857765,0.0034623423163218426,0.0006601107061247649,0.0008870553636682898,0.0012112572253112526,0.0007885613957879408,0.001070744710792358,0.0007869018959141326,0.0007614866364977703,0.0015758061971617376,0.0012720246463924422,0.0006291960762894848,0.0005040520356995637,0.0005354174436053455,0.0004121164803967166,0.0011392479617654302,0.0031697779895282756,0.000710811215595178,0.0005278256133148764,0.007150490381682824,0.0008805968183310727,0.0022069268036859434,0.0002491158887467274,0.00039098958062580206,0.0011440371981114384,0.022326654358686623,0.00205723470653117,0.0009087198924029744,0.00042634976301424003,0.001093941031462548,0.0007452225185116961,0.0013950116627554842,0.0009938931736701948,0.0003053779172400262,0.0009903837224973337,0.001021817109601495,0.0002366344038561524,0.0007400523236628842,0.0002706296588380067,0.0009262474145431766,0.006741911201471029,0.00031905600011800697,0.0012904697482328592,0.0008933509896687913,0.00046200935007581007,0.0013197539100973162,0.0007060610124893998,0.0029688811435628053,0.0005830128520062486,0.0007371393548538117,0.002281740127336583,0.0012008236814102513,0.0010608680857863055,0.0007947703628419803,0.0009551139721921841,0.0005367082199416435,0.001366427030442973,0.0007075677337280033,0.001086432422687808,0.0008449496927475158,0.0006852768899679872,0.001521646803045869,0.0009741175135775006,0.0011948597825840396,0.0028925318367704666,0.012917737310428123,0.0013231863824704087,0.001312118710062615,0.0007514538820798252,0.0018193015780052922,1.656635871755101e-05,0.004025004556703947,0.003226656135960753,0.0014431380308574878,1.4654003457444104e-05,0.0029553979213476815,0.009541972939859124,0.0009961883620515856,0.004564879116411309,0.005220398369304531
441,0.6863634280513176,0.0018836727784317707,0.001378505466160352,0.0011653969419052176,0.0027650928808992457,0.001760239732306179,0.0007197269161682396,0.003065114988541134,0.0018582250328603653,0.0018122000758751175,0.0008999726368949963,0.0005970355501202969,0.0007011393492951148,0.001979559767558953,0.0030427274898867248,0.0017569533239023343,0.0011046372907481616,0.006409759019220082,0.0010582010686338128,0.0010362911741081632,0.03443861716824046,0.002367832928685222,0.001199908405574324,0.0013175244591974147,0.0017780162841139957,0.001628173172006728,0.0014107650335580773,0.0059630934072968916,0.0006971554342276092,0.004329120798659796,0.0012429206022893406,0.0019763691815543284,0.0007888998164256936,0.0057118783855111864,0.006758244780749793,0.0007239884413470565,0.0012826091624347636,0.0014409167253936251,0.0010806905312308148,0.0008765580465707647,0.0008230854312840645,0.0006094816003980587,0.0005615832890077607,0.0024147686148586,0.002037577625771796,0.0009974395577355092,0.0015546900764817184,0.0022838637485987166,0.023339475327873664,0.008688794428443655,0.0018062610741456913,0.0024040515180936643,0.004008798690649272,0.0009634932840579223,0.0011562703904844935,0.0014431300765830209,0.003986238552926144,0.0018071393456034087,0.002771701879044475,0.0057286381603722965,0.004055325631968678,0.0009527825860637505,0.0011415103301335274,0.010087805523425614,0.0015040338619470616,0.007258528960635442,0.00258937250566901,0.0015998482708409394,0.0017288389724674858,0.03428187883162381,0.0011426715159974323,0.0034638970222700197,0.001855286051976654,0.001710464076100642,0.00014745073397736365,0.011729790163998178,0.005389771350358443,0.0059274864480306205,2.226471069144825e-05,0.005882191142942803,0.012755871903251588,0.0015217340225087358,0.0014684808383421996,0.01402506957246274
442,0.6476644076105876,0.004467214204087022,0.004885062552701137,0.001274103331375517,0.00497021915457025,0.0023580893362054466,0.004655039599997687,0.014421021885684811,0.007263432676399129,0.0015261625838326367,0.003606829294643443,0.003888591929629592,0.0012269883530839105,0.010600908491724917,0.004766016195215948,0.001444482963117079,0.008123837259812413,0.0027135042991196655,0.0012965705584414055,0.0018700837135351978,0.0019449028504819567,0.0015064375163475437,0.0017006970689046467,0.004228346722944626,0.0009359634993357472,0.006291490668040308,0.0010430308789380247,0.0036899115787183,0.002135855984852328,0.0432673857631217,0.0031179954468616624,0.0021645929120075146,0.0012604020279049022,0.0015189690574669438,0.004409635366879394,0.0018337435104127046,0.0017054870655746931,0.0021959055878028625,0.0006849431070536442,0.0011902309850337542,0.0014351894455525093,0.0008766349776307909,0.0013098748488165177,0.0022633332872410324,0.008423301512044692,0.0025739788018356263,0.003353376063627358,0.0018395528279938134,0.001110620318180823,0.0013547228602349879,0.0007807289742843075,0.001751833881910918,0.0020153686924363904,0.001457245189293149,0.0021083960669757325,0.002426674664464371,0.002182327236662346,0.0016024774503980662,0.004634645143475213,0.0009079674572619973,0.001021805503399992,0.002072623286475074,0.0008755728110295686,0.0013037377192181726,0.0021522413073715566,0.0012559189573737534,0.0037448300645090567,0.0021239814239563636,0.0036970168113953828,0.027991351810139023,0.0021758827465634197,0.006463784609043687,0.004628971468998402,0.0006992285901224162,0.00019374239745962693,0.011802834706053929,0.016931864683277148,0.006526514302729054,2.3567521962015378e-05,0.007613636291077987,0.012950896850422387,0.0014272811706580605,0.005091663850753947,0.012974307823241039
443,0.6284700760229895,0.0015578753276916518,0.0011128210879414759,0.0014346405694419216,0.0018891830281312434,0.006570710021550441,0.0011186813651583526,0.0013003263385907415,0.006016737864410236,0.001252282275704441,0.002131757401795977,0.007244896066093383,0.0007154684159978949,0.0014375931771442338,0.005259046562285555,0.001417464658738605,0.002592494843534443,0.03079498455177261,0.009723896101713404,0.0016606992059629163,0.004334163091201346,0.0017292660942208199,0.0015730537155447494,0.001000016052931244,0.0007008395858961443,0.005308524942441995,0.001236135504304675,0.0008559248923596747,0.00116156050442586,0.00156138197359023,0.00378349451524169,0.006481821645226715,0.0006954674362363097,0.0007121280912490384,0.002613874993580849,0.0027791042182516187,0.005885690231150393,0.001291013326124381,0.006809415095939862,0.008656249913807956,0.0013521321007118616,0.008452551987353635,0.004972382898098936,0.0008853997911399492,0.0007133301680839635,0.00046809385472068474,0.001969334118916656,0.0038290589421052733,0.00595281094144054,0.004113431338507919,0.00695146764411514,0.0015496842894778256,0.010405979853850762,0.006255537955662342,0.006834130032640599,0.0018608527971005465,0.0014118392023417638,0.0010559283329573197,0.00914842150317643,0.0018741051328866633,0.02588287597807442,0.001956938821171068,0.0014651430811280818,0.008194028454005837,0.0010852662881536512,0.0031352787740781102,0.0026830215006078744,0.0009567918579687719,0.010375059472840628,0.03261499135934695,0.0007814993158696365,0.0031655155725545496,0.0017042197040493823,0.00035685320426753894,6.991765543824274e-05,0.007164305354928537,0.009704851652374011,0.0028480004994688116,7.741090814788913e-05,0.004946628087090583,0.014640622526353788,0.0007345432748288083,0.0017067852294771501,0.010822217832112223
444,0.46991540271611437,0.008719584737836744,0.004708692291064146,0.003827037726813067,0.0026569794012941844,0.005604623092960906,0.0019919181975132237,0.007191804739197859,0.0024801660109531457,0.0013781358698644124,0.0034131746139817567,0.004504069985693927,0.001382004676216784,0.0044416663323093505,0.0023272471916633178,0.0025450960782654763,0.005449521505871373,0.013443758298724486,0.0025599955815981935,0.004319464755478675,0.0031514764604979656,0.0018355390199529687,0.001619101836006292,0.003952367133915357,0.0034740091933992932,0.001746221576663167,0.0017787536609997307,0.005495740744572412,0.0030606407624411505,0.003710445386529024,0.0035285387600367544,0.0017009119141293166,0.0031339532339825686,0.007921989245416663,0.0106501761385843,0.0027859138484840934,0.0014664198811456285,0.0021441210341296077,0.0019288887011875235,0.002441523631162406,0.0019006061422955959,0.003406975472425489,0.002137853807219543,0.0014564280127189386,0.008463273790946985,0.005041754842465807,0.0026090043682028856,0.029449082045395175,0.004308094102923632,0.0018242359991760388,0.002126686092224847,0.0036160205397313097,0.0013822824585144338,0.0022788735707285463,0.010970015604215845,0.006280806006101423,0.0017507547828368379,0.0022255163598790557,0.0020717280034599993,0.005634498003692126,0.0041949146576162645,0.0021683939928019355,0.004044997468076082,0.0021498616975505003,0.0065309697428134325,0.0038154492345647702,0.002207749644975645,0.003279065488188502,0.03887624988870308,0.036936882303943305,0.0010775668358658885,0.0048700152910660394,0.0024961021913246107,0.0003458423306745247,0.0006055059545807494,0.0774698134648222,0.009261934367236309,0.003572450694947884,4.615846555391882e-05,0.01339827890420249,0.02675697064576216,0.001451612861119193,0.0036346565504219823,0.031486991351382616
445,0.4113259620180928,0.001554653200823206,0.0020154973216001447,0.0014912850285693253,0.009004822619682403,0.0018543889049345075,0.004234982431650309,0.007885437648861529,0.002259749670129757,0.002487763200932667,0.001795196269180579,0.003991203646388477,0.002390061775493361,0.005106628833242315,0.004161909680314342,0.05711352600715398,0.0021478670439306936,0.003704737027425017,0.002273866077737604,0.004130565705094407,0.004880856785437668,0.002688790961955911,0.0026844848723653713,0.002360382571227553,0.0024013152558964466,0.001735986906604562,0.0010932216776096955,0.0017922526986787607,0.004221174516000642,0.003406776706207592,0.0035717825064361043,0.0013231622249214117,0.0021083767426170684,0.009792676922842844,0.002138724625370467,0.0022788709979696,0.0030765484575473404,0.0036327036536472216,0.0441225569205285,0.01616484331551011,0.007854278057253257,0.009315544208290802,0.003119163939347175,0.002799378156100213,0.0016926679848660476,0.0014729726799516687,0.003737673256037531,0.010460981848520595,0.06905405542510405,0.00521573970262481,0.003641661984417249,0.0036508119607460885,0.0025140173762270525,0.0013813180042811788,0.004766926571991185,0.004672306151313318,0.00321299380486671,0.005349821497959787,0.0009419587601863766,0.01204666116940949,0.004245003747990816,0.005206761775802082,0.009622033887900736,0.003212801140614834,0.002210987973957004,0.0048857384817669,0.005242111014903249,0.0045285296829740695,0.006590123430127486,0.04009872135514047,0.0028462260987587537,0.007288172552607401,0.007601789755404541,0.0009188994115521194,0.0003880282904984806,0.013554172007472599,0.014373738188174742,0.008096106727391068,7.38429410188884e-05,0.010439651243216875,0.02234075251785716,0.0033507735051380686,0.0044690456301823235,0.015109462669442375
446,0.6898028523829783,0.0007465651259538666,0.0004075937213113366,0.0008616734262467817,0.002677204342711122,0.038787296179135004,0.0014600360650567162,0.001094179321995996,0.002242336160866212,0.0015775874004964018,0.0010538763579637088,0.0015724945791175875,0.0015442072529006112,0.003587042970778417,0.024022105284178717,0.0012504034890512296,0.0019812327877406525,0.021643331119930862,0.002984357364756134,0.0012824007369186812,0.002539112407984652,0.004089105204105899,0.0006523151833839377,0.0007992910789691784,0.0010677979445417806,0.003471727893304473,0.0006411308589303477,0.0018210546484990194,0.0018618337443366425,0.0007011295944204573,0.0013620173954264978,0.0033663258262924332,0.002477336051679634,0.012815612234999087,0.003200768349115184,0.0016681617532732036,0.0007847619650651643,0.0026924870164705453,0.0006758972760227629,0.0010179710764547441,0.0008142366382098184,0.0005048662817252079,0.00217020055462925,0.001521845019450932,0.001147214707675327,0.0017020672217629945,0.0023666248961444966,0.00303955891360228,0.0010236178487196125,0.002916600369479408,0.0021302958503476048,0.005267952179680426,0.0017057061917060581,0.0007850598158883057,0.0024328799010727696,0.0015914329570861443,0.021974940992877758,0.0014961311810834132,0.001077293404953789,0.003149981108848545,0.005770797587241005,0.0022606216522280623,0.0018410703568821404,0.002982151560549114,0.001429956057775856,0.0010439345677641706,0.001039185456519952,0.0007039012326048544,0.002036638543778634,0.022939369474352846,0.0009600434439931809,0.0033102964859564247,0.0012656718172587616,0.0012693038772355809,0.00011646756663280945,0.005419120473764906,0.004731341400406037,0.0017451250292800863,4.547563618021806e-05,0.005962572250385019,0.013377795615580694,0.0010182543844434832,0.0012381203346367804,0.010389665586240958
447,0.6801536971361796,0.0014308726421556823,0.002492191930872812,0.001865791969199097,0.009298262008055868,0.003041194471866076,0.0010988316456201738,0.0010403739899648666,0.0068315476791407205,0.0023209684848751267,0.0011580507094779108,0.00601246491708912,0.00140099171103238,0.004069344054750605,0.002667675675295816,0.0009676295055009263,0.008381300138150503,0.0036117830692409983,0.00409521543251378,0.0005730710989537181,0.0022169983949046983,0.0006988860866129382,0.002757498455013411,0.0016319546419873282,0.0014181198533927204,0.0031347307321441093,0.0017981839684506394,0.0018309283249583928,0.0035209146739635317,0.008462113785026735,0.002724703226692984,0.007446355620592829,0.0005062537139375199,0.002399727885159036,0.0010840419070212667,0.00060645008027825,0.00611235087042865,0.0014483164325167627,0.003936453649908643,0.007131486157390818,0.001490054640039701,0.0020639966812982533,0.0011834273557596406,0.0021859275927987587,0.0019042536637630298,0.0015732455891918457,0.0024178320674645656,0.0052008717529067406,0.0011674821919016845,0.0013791564783496766,0.007259148870463486,0.002879953187741554,0.0045269100818058836,0.003346170920249224,0.008345346474576402,0.001699271864907476,0.0028017847831474487,0.0010687302519084264,0.0019039735409341822,0.002262509789634145,0.001801301915273099,0.0008654882063408761,0.0022000913120107653,0.004205531321496497,0.0027750466336966245,0.006498405217040845,0.008062314587579814,0.00631827704714275,0.01938318718254406,0.03908867096465312,0.0009579961371229851,0.002519512590833113,0.0011453075437199449,0.00039842479548219794,4.322502986449669e-05,0.004549986962474982,0.0049148867245423404,0.002990983487552456,2.741700013470289e-05,0.004172451221845234,0.014027805041706233,0.0013918808783434178,0.002333548884819719,0.009290484804620584
448,0.6610776204948716,0.0014533996611005141,0.004329171377607657,0.00231982068903853,0.004585412617584895,0.0012058704851117992,0.002458649832042408,0.002468716690386228,0.0007919734274537309,0.006341712019496192,0.0016928342718237858,0.00096654653680623,0.0003057981656568681,0.004425809361956782,0.03010778065797864,0.0011804275004534527,0.0034908167136272436,0.007455334137778132,0.0054238634918286335,0.0013202842777047686,0.00512112511522852,0.0010903525530013786,0.0012542851179579988,0.005644876654802923,0.0009871127320403034,0.0017673594874573527,0.0002885879266645498,0.0009708166530219784,0.0005072207850423017,0.0035333818682361197,0.005283795867072568,0.0009678958546615442,0.0010976835332667306,0.001673056925911067,0.0022537871309580336,0.0004997217588356967,0.0006769370319178468,0.0009042352064888731,0.0008007165309713523,0.0006618312461393172,0.0007129907657543522,0.0013057257108949783,0.0007443479686008389,0.002156358806566545,0.0032618003739472816,0.002554695865227751,0.0008930118042350726,0.0022160835875018443,0.005564277784444416,0.0031527802756673674,0.0028044309837991707,0.008893785366502248,0.004702725197478801,0.0037843211882923875,0.0012462169369707593,0.0011555423165692947,0.0017540547133844122,0.0012331007437662881,0.0009649805177059794,0.006789755210173577,0.006233909796466989,0.002369563521183377,0.00621537975010454,0.003065100320054933,0.010914852924052261,0.0011425760286651048,0.026889738267098694,0.003960765508467205,0.002975541770499592,0.032886764100378545,0.0026533942013338154,0.0030997824186405447,0.0012618954320950777,0.0008536127308300115,6.935920349423989e-05,0.01305573751361173,0.005914598949811188,0.004461668742062773,0.00010920493603145638,0.005694136236543507,0.01254661205538001,0.002253026504679635,0.009152496755065884,0.006942673825980745
449,0.6772080300365452,0.0013760680512435862,0.0008609047935105122,0.002993557624592616,0.0046715312786222984,0.0028987056442401557,0.01732238624219087,0.0017101377351477786,0.005115614641261159,0.0008896881951130336,0.002463757264731975,0.002632352476924798,0.00203526532199003,0.0016558560806831013,0.002572291547150772,0.0014980050245092722,0.0011554437547110499,0.002439334135052454,0.01371554909795659,0.004679489726644271,0.0014706921051546322,0.0032810984614993254,0.004250663162070816,0.0007127292422987925,0.00038725806873500903,0.0028661622340127126,0.0012471097263253295,0.004740245224284024,0.002324830041725794,0.003964929071866769,0.0016459653020512196,0.006969990780948495,0.0016560615742628256,0.0014576338683163813,0.007818323636369797,0.00162989824786782,0.0007448688237603198,0.00091801810165256,0.0022973638611158954,0.00431010047086662,0.0006474104273708805,0.0037918308206231063,0.0020680032195602794,0.004090999236259416,0.002206711203237976,0.0011353150627816141,0.0016695001860869017,0.0007992608989293227,0.011247624225464756,0.0031935124499503334,0.05007667912153234,0.0022341411976050307,0.0019384260253355703,0.0013975567937173907,0.0023796188457356473,0.002490823586915037,0.001547596642862461,0.0027434143578822915,0.00639903165315064,0.0019392058645983105,0.0008524917465292283,0.008883558594734062,0.0012375760518859688,0.0013475627036788212,0.001756932133133603,0.002173142812319075,0.0015674539211133654,0.002731548629939921,0.0006014492536604137,0.015072238731569933,0.0027158346203849776,0.0034763663939831485,0.002083566609544442,0.00045848801049154855,7.863051158477577e-05,0.0027597328782474357,0.003963226126283168,0.004117934821563878,2.1989759687329573e-05,0.006313810009839494,0.012770644143497132,0.0034156373071193673,0.0029931963641690157,0.010022415367434019
450,0.5977185646364427,0.0036007395250076185,0.0036722448128069986,0.0044384573272611486,0.013396772189553329,0.004400310968344232,0.0018143061076744326,0.0014051321750522257,0.001006045945536751,0.006041889307053311,0.028167285291937575,0.002133952835127057,0.019744598283936186,0.002568142723030039,0.0034580315747525774,0.0015362546503479625,0.001022395991889729,0.017621612691265744,0.002083388165590892,0.0011756367105651875,0.005101357949158019,0.0019977259918493536,0.000880560269182449,0.002111956680598117,0.0016543414269569066,0.0014764647893778665,0.0006613189349613667,0.0014541816102811682,0.0015293795505743092,0.001545906026701076,0.0014437453315383814,0.0009673139510510966,0.0009295411992030987,0.007218985111950237,0.0023509470376827835,0.0010098418831675255,0.0010879694426993356,0.0007107119351503515,0.000945927678465673,0.0014802511221609263,0.0006878023433317161,0.0008996934177584405,0.00107640516351348,0.0036144144876075284,0.004926565511105518,0.004412350887666353,0.0011101485663178171,0.002558171860756824,0.03884111437995048,0.0031521958770589897,0.0016750769387563157,0.007526094500936505,0.0019263097955277276,0.0046940934421495625,0.004027284086233929,0.003018739420350281,0.0020701319222490456,0.003154919554054215,0.0017281398224316576,0.006265965846959755,0.0033180267128279655,0.001775389129033389,0.0022506781947560835,0.0013307448428136327,0.018824151590910266,0.0013635909915758581,0.0018845403863259759,0.0019822681191961223,0.0017819224922263292,0.028125682807577754,0.002368661752537355,0.00515005142070562,0.0027556358540450324,0.00048526671503687827,0.0022640779122223885,0.008813849895040514,0.0095385622076647,0.002107566870796666,1.4658598713784893e-05,0.009032296165461685,0.014551816011635023,0.003329716313153514,0.008590978521541351,0.017430058833600406
451,0.5769152232059274,0.0005284797607486409,0.0007206691773878985,0.0024511413036093863,0.005222283519928347,0.0013237889824731961,0.0049862296571244625,0.0019809841508296572,0.0006597281760780025,0.009269139089998131,0.0015495680901073457,0.003964915754235603,0.000814651701658377,0.004439992434789576,0.0017462902260958187,0.005927282396486798,0.0019206523557030067,0.07782443343615077,0.0025818396545914165,0.015951858192944444,0.008210267817164803,0.001142839585178268,0.003508455126698721,0.0006598744006047859,0.0033168489381767085,0.00258250800135084,0.00279314784637244,0.001373356598581804,0.009995153932250134,0.0015731597969255312,0.004953624356427382,0.000527194866983259,0.003607048146728233,0.005788561604957628,0.0019236526751064765,0.002482831113854312,0.002452944169833061,0.0013759307883586965,0.0016742125871476543,0.007360381125569143,0.0013960058281004997,0.007324150831685592,0.0005546002993736684,0.0008290175876780301,0.0006201826223743411,0.002898977134673437,0.002286236345339625,0.001450301629942663,0.007758583239040946,0.006418776880892023,0.02070199300791291,0.003166198158917207,0.0020920898945124035,0.006261256299115968,0.0018908390355937706,0.0021277387004380722,0.0009108474588865417,0.005284989012069229,0.00045743303791955284,0.005610334183939586,0.0029268321100381005,0.001024578200775471,0.010369195135557004,0.0026007283276759585,0.002052239308911279,0.0012538039478304393,0.0017604027283003787,0.004872453225886943,0.00498228537533979,0.024806459486651503,0.0018430499429586164,0.0035304877799878895,0.004379937191584198,0.0002505871585630349,0.00018388441773485828,0.005100778367405012,0.007083995903358849,0.004002916101521367,7.764726114045993e-05,0.007537083854810507,0.02136797099180252,0.0019371112681854802,0.00386801607887066,0.014065859901565217
452,0.6960930397723863,0.0012420850081022844,0.0007162422816253275,0.001739922744418023,0.001477345749402438,0.0015086559623573048,0.008985967647385781,0.0007527951464445523,0.0009906488324591242,0.0024408566925761426,0.016225069132610823,0.0014972974246060138,0.0009615838340935845,0.0052407450760376,0.003797414527827622,0.0008047409629108136,0.0015550988691536791,0.006879438133150543,0.0031715512597578054,0.002159661053488203,0.011776331057523922,0.001175176766062343,0.0015051933466773987,0.002125834682376483,0.0020918999997619043,0.0034428199662623884,0.0014125967656434923,0.0046918332096012845,0.0026002491074108283,0.0017297051837587118,0.0005712981690868498,0.0011251331188863259,0.0013490405127611878,0.008246492529788155,0.0031394972790881894,0.0010489084280424275,0.0008872638333211363,0.0012567792900397233,0.0008961818357351234,0.0006443630417306809,0.001061279550805176,0.0011315204555390603,0.0011574553084808597,0.0051753563581488134,0.0008715013347279166,0.0038243821595059717,0.0032089660033054754,0.00230551271995327,0.010693701308262037,0.005531320364878183,0.0013120823021432989,0.0023828272760243324,0.0010067386583894828,0.0005229612839823522,0.002407687825518427,0.0006866226240480792,0.0043524422355490444,0.0011049232118676053,0.0011151269206148141,0.020054032781580307,0.0024861949808746946,0.002381691255326374,0.0013405230865545271,0.0028105017018679006,0.0013461437829122484,0.0016321190304716272,0.01266191780136394,0.006367423397498904,0.0014920170443648232,0.020784660102943536,0.00253326024184075,0.0029830074396518607,0.002060576526451307,0.0007886945986623913,0.0018358110426794547,0.008615695480716536,0.008179127058565324,0.002964516324753376,8.879267191551949e-05,0.005099502197261072,0.01511513487042802,0.0024431767143165794,0.004766221313803129,0.009360092417098865
453,0.4605239565914479,0.0006134112726256843,0.0014272606124340723,0.003099289320484575,0.015667357622741174,0.025262474578546763,0.002987469375391227,0.011598351193718387,0.0016900444116386983,0.003664868505541548,0.007160492744561571,0.0039230229349942174,0.0027678446856627967,0.008001325324510018,0.0022601674289854192,0.002196616298775933,0.002866827023763013,0.001277405291044861,0.0014628222819426523,0.03147223046546849,0.0031836989410527817,0.0017894853528213435,0.0007728803637680751,0.002266243442624429,0.002207896710464203,0.005769916114461711,0.0016213379387954462,0.0025775094758998364,0.01348158161550672,0.011870106993855932,0.011987112958767181,0.005031260555870532,0.0044628034257463,0.043860241657367516,0.010500999636647718,0.0016705200907654886,0.0016457372931051363,0.0011065990284743982,0.0016809251787603043,0.001022653717443034,0.0013911732578105033,0.0014123726906599054,0.0008247013940669622,0.006974265473781383,0.00419568550993542,0.0026711965708408505,0.0015444204152967515,0.0014228724939667453,0.006223794047381829,0.0016682112061554336,0.003557816343064238,0.003406510236280912,0.0020651086916329948,0.0033030412158107695,0.008406709588102548,0.00931630892747729,0.0012716959819065875,0.004722879438941053,0.00150677050858519,0.0011277246945208283,0.002869745698204144,0.0016931174905037909,0.011820363081296545,0.00136500498738622,0.006386591784155312,0.0038555660396292655,0.014116457443309069,0.0046734562076962,0.008782536982466315,0.05293033281576121,0.0027544884880627875,0.00430466434175534,0.0032712922932636927,0.0008480452093511614,0.0007829463024224426,0.01380780249737045,0.0070061961156145745,0.00885446444992036,7.689728154356565e-05,0.00951710541775498,0.01905528502026017,0.003967833694763116,0.012495219255361222,0.01931857995945258
454,0.5357716838006483,0.0011641955650940005,0.0009982596803991997,0.003355512740355915,0.0037301724264843044,0.009379212033799935,0.0010237147983689606,0.0017410555638309863,0.0011267477312691641,0.0027827706036134083,0.005529834704650226,0.005215629474419451,0.0023794588542735617,0.0015865342215725148,0.0054513358207519845,0.0014589804316227722,0.012540869513727033,0.006354169435653437,0.0011409170109591678,0.004718471408925284,0.016771568648088337,0.0013331095036651468,0.006103216909432658,0.001573744945040008,0.002692893887518728,0.0024779643690650438,0.006243735634785999,0.0012304251411665035,0.0037220420202414978,0.003038243611202046,0.004889176892381007,0.0011739456422684915,0.0026854614222191135,0.00565279858338634,0.0014422883585335077,0.0023624167058414985,0.003679035439327177,0.0037420855134772724,0.0012757024619839867,0.008659888814964914,0.000974599596447681,0.003162509456684552,0.0016276275187596491,0.002724514063029946,0.0018394261140863837,0.0021272768085274637,0.001760426827569933,0.005233498058739707,0.044730161679164,0.0028277242352988227,0.0017640679829359364,0.010364272359056296,0.004076406482841489,0.0025093602683286657,0.0026471394438482396,0.004237197480948786,0.0037678855886092836,0.015384534008691261,0.0010020760272840803,0.011928057844214317,0.0018517700617611944,0.002594608498085284,0.012285052664161447,0.009595932734064765,0.00871531069878888,0.012693055473692446,0.003696363682440943,0.016739602562996447,0.004137349069886277,0.03393589307979703,0.004918253731721276,0.0053911369750542,0.0018655899456583437,0.0007818983323285924,0.002079668597331078,0.005275902613053837,0.009968439061272047,0.004183179350128389,7.935042705074797e-06,0.006513560193261051,0.01705913438152343,0.0026148341631534637,0.010029653197078154,0.010177843719981062
455,0.8662505982049029,0.00278291629796443,0.0022496402510141494,0.0010411318527228175,0.002776203944154874,0.00034909730259336273,0.0005445043734072718,0.0009456133969938132,0.0008104317115179138,0.0006633412010060925,0.004560849872688675,0.0005553793986022611,0.0005452926612103934,0.0008088667532148826,0.0007545393471437692,0.0005945917820261974,0.0010562105065664144,0.0014394107222265003,0.0006625454094992856,0.0017131959734719385,0.0008709119447767088,0.0006518918559200105,0.0007900351029055386,0.002516621458526004,0.0005790275144612087,0.0008550213499940857,0.0005902996746102208,0.0011234859625854625,0.0013007285229742179,0.0016550474050117967,0.0015739888765126412,0.0009874375919564334,0.0003389375229512527,0.0014322291830497504,0.002164552642128809,0.0002998414649429459,0.0005459212338382137,0.0009695615398331297,0.0005880193092608963,0.0006029835912328501,0.0010872686097731263,0.0004758863636664174,0.0005213679021400047,0.0018211070836698252,0.001491507921361767,0.0006757721408722167,0.0005190437261351326,0.0025295014794430586,0.000828696632358967,0.001093292231304633,0.0038160969761467317,0.000465463698652552,0.006677013652942305,0.0009598198217803137,0.0005438858615030048,0.0012591285882956852,0.000832658567400669,0.0004498930720978476,0.00030508198182662674,0.005551688168057495,0.0006667300033457834,0.0012136938447793752,0.0004767435540479332,0.0002924700264330617,0.0006018142497516827,0.0007747935720457882,0.0030692960169250434,0.0006106484284259675,0.0007740618101357532,0.009283319558041138,0.0004634778578930708,0.002283964375916203,0.0008814117486405529,4.394701181983574e-05,2.2197666695971383e-05,0.0073212780988072225,0.0051539288889316795,0.001037374232536845,4.788005326999202e-06,0.0037890222136352176,0.009864881408498031,0.0007004074072627417,0.0008877356444520386,0.006336935185823484
456,0.8114701296957331,0.0012432404842456259,0.0006196336964605439,0.0013720975938064596,0.002289463282306288,0.0022200980342960293,0.0002772045787201787,0.0011599889055110865,0.000861817915258078,0.0010252966405837904,0.001553170031307172,0.0009674307782451087,0.0015367202994067046,0.0014614822217614554,0.0005697190865807102,0.0005884705704617819,0.0009390347069442917,0.0009169105415887694,0.0008057454027473139,0.0014180810520137317,0.00029075357357390955,0.0029440727857833965,0.0009284600588269897,0.0012133714000874397,0.0011957949111534374,0.002264953979230869,0.0004159150647218894,0.0016965389582952394,0.001282105439469326,0.00814108886985482,0.0013870165615748062,0.0009064268752285082,0.0009559335885312839,0.0057138103260000895,0.0028522150943471195,0.0009341897089181911,0.0006125673459830556,0.001566183142108665,0.0007911408252644492,0.0014470579307354439,0.0008462671097480318,0.0007765774218834248,0.0007976019993626552,0.002615122194889343,0.0015208204446892867,0.0010648974020789478,0.0009772798100322006,0.0028830668226723635,0.0010300360830328371,0.0028028651882719214,0.0006260588185648859,0.0014322131304595124,0.0011644718904339768,0.0011495481155592627,0.012701491357225394,0.0013513568818254093,0.0007236470600885758,0.004420708617723641,0.0009103517208772719,0.0008683545673749569,0.0008365659932990001,0.0011530616875802756,0.0023994252995741027,0.001206638081113532,0.0011363001143956436,0.0012743609398807754,0.01525490304021607,0.000831079570170869,0.006505889085283547,0.013055369433890398,0.0014486839631754067,0.0021634779667311166,0.0009396221982219359,0.0014429042624151775,0.0003283411426323233,0.004379954734192403,0.0032362952118681907,0.002928108294345304,1.0896695169187142e-05,0.003583729820586322,0.012660200204801046,0.0016110904278773671,0.002700396921191007,0.007414636316927861
457,0.47817784869247093,0.00297548576041064,0.0019748552244450686,0.0007377134121984583,0.0025289478559121083,0.0029906212959688845,0.0015292888453682714,0.0025090375785602856,0.00226832448951751,0.0024323685237703494,0.0018889983922607176,0.00041142755449328366,0.0013629998375234765,0.002192655839028386,0.002022906885691605,0.0011952952032597325,0.024547080222953793,0.005550412686407983,0.0017587339703605393,0.0021381456907583066,0.062171055187621935,0.0020463240054980378,0.0014214964594990245,0.0015739800574977706,0.0013426940694555944,0.005424943884606843,0.0012324995067199804,0.002208341941738152,0.0031029163471528063,0.0025041481046321258,0.0008471885500243524,0.0013873700508209767,0.0012182638598086553,0.015764393402718853,0.0017621695055731411,0.0018725916967506748,0.0019531338163363446,0.0015147457414420747,0.004760455373267434,0.011150320715678801,0.005974325357893687,0.008455453996965298,0.002923092702364115,0.01300083188893385,0.00356067304052147,0.0027351639959738196,0.001545904164649589,0.012406637193873018,0.0674481674971527,0.010771682196767305,0.0031013476745835023,0.007471524871009366,0.0024964233713283537,0.0033392353037191855,0.0019847303805364176,0.005003430983819204,0.0023298174684979406,0.0011204036325509472,0.001684488557185907,0.006985348581960808,0.002155357904142591,0.018243841976442212,0.011845957334171988,0.006056162350205517,0.0017745322179783013,0.0042432616262904335,0.0060985201707877915,0.001811207336659669,0.008096899678923174,0.031935013525622793,0.0010332996247919396,0.007489052834133654,0.002068540198909928,0.00042068720909135766,8.55263940943903e-05,0.018291541407550654,0.006615240487062255,0.003200131839317048,2.4422133065164282e-06,0.0075405605668690005,0.017688415928873664,0.0007848671829137236,0.001955036603293582,0.009773040290077492
458,0.8127575567755496,0.002676189622263724,0.003363443854191765,0.000680416927551653,0.002025678863186955,0.0008067319980307595,0.0006069100000086787,0.0005334897949978924,0.0008078228083548323,0.0004136150670521978,0.0008581286109015469,0.0005412814652050415,0.0010935368820723804,0.0006895663475175486,0.000531597005533982,0.0004121690794408972,0.00622772670843581,0.004274694293971843,0.00036906630761600833,0.0005572581785075571,0.002015756215705774,0.00047802790783693877,0.0017110451605065768,0.003585706684490318,0.0006913058881270395,0.0006277201969246767,0.00039304655213234535,0.001231535735156288,0.0006884502499607417,0.0012171132237095274,0.002266979383585022,0.0008716936375281571,0.00041165267155726437,0.007392350642491545,0.0005738641530696055,0.0010133130037734757,0.002425663682214567,0.0017599948471110388,0.0006031901048700735,0.00026655080065428213,0.0008575355455321046,0.0005565898624013591,0.0010953876168162452,0.002323034758359932,0.0057518911523491536,0.0005361326306530421,0.0012151962542417672,0.003176336505829147,0.0016422572798695575,0.0003675675693289898,0.003453073780467423,0.0004987671183606223,0.0005582266208578433,0.0004442145782712517,0.00032051425727771556,0.0013500262883444985,0.000919659400333647,0.00045209268888981473,0.001093308749677471,0.001294199189447226,0.00043558033026006634,0.0006292843856198207,0.002644603737544713,0.0008924527004588099,0.004388738423421469,0.011258181993855159,0.00649805276038288,0.012734645882150127,0.0009597715723579391,0.016810076564694024,0.002386675628153189,0.002008211186068825,0.0006272192986615948,0.0004544887451018649,0.0012600218020491112,0.004975927366224041,0.005559557551658002,0.0014304893748887096,2.606516346431973e-05,0.002881985522065447,0.010002520454750514,0.0019890248196310304,0.004472429364278026,0.006316142193155479
459,0.5529105250153282,0.0018396568295765466,0.0010721719791815182,0.0018367819031802463,0.010244239592274608,0.0015864147948118242,0.007673412358212719,0.004985220042075908,0.00792723009915911,0.0014132091942725877,0.011617046145992984,0.03265903465194399,0.0015561007477594277,0.0011158882945164496,0.0029888399991291003,0.0016486016028784422,0.001380050940324087,0.0030473126445411877,0.002323972709049519,0.0023489419870668976,0.0031893836217504,0.005390116947329193,0.0014128072039016144,0.0018565303100239671,0.0022141397603776475,0.0019429814762333172,0.002535924259678717,0.0025379213869621245,0.0024029154772026522,0.003199272966490379,0.004438396914448892,0.008969244388782032,0.0025252933647900537,0.0036074553453487737,0.0016863417926706982,0.0010708118997339458,0.0019275782935596047,0.0025335950870656286,0.0011198812724449985,0.0012251624086596837,0.0010413488016264123,0.0026168495893551,0.003421574165348286,0.005170469653293022,0.002599613265988443,0.0011454722526243822,0.003946767938057013,0.01078115135792861,0.037530456400007024,0.0014725604350604058,0.005297282822898773,0.003326953944903862,0.0023582297525907027,0.006122861441596744,0.0017241726614955419,0.0024170615043716944,0.0016185135997006169,0.002916588909202754,0.0035941920689033097,0.0038276933270241214,0.0031054699754162773,0.009892749693162327,0.008721841113791682,0.007865023251528812,0.0016414812727488914,0.004779581989951184,0.0010744406499386809,0.0036826346959552545,0.0018007924915361875,0.04267843988699276,0.002454070278642945,0.00435692755322767,0.004036951534240728,0.0020178154016118072,0.0013669046490399034,0.0238105068736285,0.007617709724310006,0.008215375370550018,0.00016957502063127025,0.00754142149987755,0.01569072635903126,0.0027767745248262862,0.006367847910107255,0.01744471867854602
460,0.6039168039313464,0.003258347515817765,0.002933562008762891,0.002533355124397644,0.012871659268152149,0.006014344838591269,0.005117672894878369,0.0015598203929069296,0.0024881857560925397,0.0031378136689626684,0.010773421862481284,0.000790963350866911,0.0009245043709769767,0.003619535369543496,0.006506461700540919,0.00200511487997319,0.002188444119398587,0.00578212303407849,0.0017255873804598223,0.001035546890758816,0.008285028009761367,0.00048026826784373125,0.002282006656457528,0.003633076783006443,0.0019507085019068403,0.0044898119578273814,0.00312375033783911,0.004945718003836948,0.0011389576701565547,0.002290446867292802,0.007247162710093899,0.000868746954705148,0.0015456422505656347,0.009129619485623616,0.0031524931518021834,0.0017319176076726977,0.0006713110963417967,0.001237746144452713,0.0010134986459977462,0.0010950287324059714,0.0013410493377502553,0.0012921278967298233,0.0017304651624461815,0.0014582386855177278,0.0034009999618180658,0.008100520915859808,0.007473902148370841,0.0032115403832135635,0.003096740078171329,0.002416363211885815,0.00522535496833276,0.002527116394289206,0.0014750388401647543,0.013041936995104128,0.0019897698345631362,0.006207832051078146,0.0023654729912161838,0.0015700732927237046,0.0013230426762440958,0.003029665298406872,0.006019811894573647,0.001162732499328132,0.0027544497732674466,0.00462814575173893,0.008343827273929951,0.021956618473154728,0.00154671402088498,0.01223059996294056,0.0016225087668853624,0.04196380638524151,0.0011227781338491872,0.009611528254229569,0.004175661611401994,0.00049363924288446,0.00178503391871701,0.008878778443122404,0.0134119708095176,0.002467287767798247,7.378081856985147e-05,0.005172777546000268,0.01724609041821736,0.0005240209103245169,0.00395821536934444,0.017075762635614444
461,0.5448953862306904,0.0021250500404780977,0.0016538096293811603,0.003921100911952709,0.011911812380799235,0.0014339351751093883,0.001642570173664592,0.0045438365216770036,0.006318062442262762,0.0027017357486309288,0.004481308710504407,0.008522116139096446,0.0015167347521066721,0.006789645090755568,0.004864567944590056,0.0017843794278252726,0.012139116622648048,0.0028302632709978786,0.014613525015926807,0.0013518624774691954,0.001980347899875875,0.002238354184430219,0.004623053181943844,0.0013656209927381817,0.002631717656294016,0.004652739897158462,0.0016353365661335377,0.004080965866400462,0.005032181618123306,0.0016804614972981398,0.002014370246740426,0.0021252687264109085,0.0028742749397916586,0.004557921224485631,0.0063131986368863795,0.0012459066044525145,0.0014531641771581864,0.0010625591191602737,0.001235672687933468,0.0013330604208020476,0.00067387679927343,0.0007361395296885623,0.0008755013962450872,0.001513663298497773,0.0012694865669031655,0.0013802188665828967,0.001558428849536249,0.015511870953822676,0.014123738008648308,0.002488132091527576,0.029779977422111113,0.0032926256123544852,0.0010959361851873527,0.004354078341279258,0.003929576099668326,0.017636203832719292,0.006958410310850798,0.044681549067966224,0.004008017340771259,0.009524429105279298,0.002081535963604822,0.011827468705791839,0.0014624989190218092,0.0015569722548109575,0.0011864719073294764,0.0027804697616689218,0.0012026669464938198,0.0019519866538585517,0.0009573059983666735,0.044373442361878186,0.0013790933327371448,0.0025634123626310503,0.002233812918091549,0.0007720639437094907,0.0003598014859739828,0.0034578766061788913,0.013790329080470983,0.005095315011337364,1.514390088707616e-05,0.007623122376772676,0.015272692134963135,0.0014974123259560777,0.003387975090504293,0.01360227542726398
462,0.4855318642457151,0.0030701058882881224,0.004995972219000103,0.0028376042438141283,0.0037192484275681624,0.0025932098527707602,0.0030630842181031447,0.0033121874435381696,0.0015730235021499278,0.0022531875482272403,0.006358756821429288,0.007453510969055767,0.003859688255702104,0.004556130443696968,0.0037621532132976455,0.0034148220477989905,0.0025697017030375242,0.0024121554901648645,0.002663082352451394,0.0017924597998953595,0.0015398310558194955,0.002146923897277561,0.0016936582642184542,0.0030210214866158327,0.0013329174284726574,0.004519963856267669,0.00222323273635712,0.0020710899653771766,0.004237019610767659,0.007459284431227836,0.006776764655478693,0.003109661739098626,0.001995183926628034,0.005864875609462732,0.00474879428856077,0.0023951096411621176,0.0005731904564480653,0.0008774105071049575,0.0020954983992120175,0.012735305036307511,0.0027521990795460567,0.0038992096440524536,0.0026822600790140858,0.002744258216165954,0.004168653991852464,0.003034148380997804,0.0017098172935228902,0.0032129800795992346,0.004639348749137807,0.0023054096042772984,0.0024500598186880853,0.0014024926985492083,0.0014680340123693464,0.09625960357656278,0.001793028090353612,0.0023818889318774654,0.0062686032009923905,0.005690095630286015,0.006416881236889483,0.00223272253696464,0.002446354055320219,0.003480206301730104,0.0010608233215017677,0.040945447929338755,0.0020440484179508073,0.002934454337972928,0.0021509156278640747,0.0013212249279292618,0.0015986548420078718,0.03227226089478695,0.0020975017234220027,0.014826544576354057,0.0028368298352610044,9.236604562715657e-05,0.00018126733823149008,0.029153067324791226,0.010029359208157939,0.0026094799620171505,9.252114308749793e-06,0.015474546235848706,0.02759693058284024,0.0020526798713274104,0.002428831953921403,0.01963657204221996
463,0.4542612599992176,0.0148723157576782,0.017313818176315336,0.0012951466980431982,0.05624381992475489,0.001651530245430432,0.0005667421116469033,0.001406724338522185,0.005868518654374042,0.0021581439246458386,0.002234842053168264,0.0015323068711455565,0.0008609636695557109,0.000802840966668965,0.0016973331897223705,0.0021612852094046483,0.010772176673387994,0.001676686604182699,0.0053501918077672,0.0011242680794140059,0.027177229826453875,0.0018520508829160853,0.0014707125407859153,0.011700128281179584,0.0014700004775214895,0.08016509514392285,0.0011244726220400912,0.0020158435734575187,0.002928554542053484,0.0030099374201910576,0.0012269924554640247,0.002439245763174211,0.0014789067295518296,0.0024002723939546625,0.0014160113818756314,0.002805690369895237,0.0016967658525885705,0.0013006576948296521,0.0006167245493603005,0.0008073911020203842,0.0007640198324028165,0.0011691441504589864,0.0013646263262504941,0.0024325523248033454,0.004299090449935333,0.002735719441203034,0.0012483750094033016,0.0019937909870114483,0.013731604592766613,0.0022937007527295797,0.003863521683207958,0.007889973460764007,0.003091877036084602,0.0020091979866315056,0.007264991218954873,0.0013395512347090643,0.001099654199801825,0.001886853567782997,0.0033538505006161234,0.0026779125369431832,0.005539129000185738,0.0023059157967742195,0.0021559748051219957,0.004031278644065949,0.0016203554721430137,0.002344551685869717,0.0036308776851862942,0.00844257145598316,0.006318895786711233,0.04786451088046554,0.00584744986497794,0.004612083383693991,0.003979198737107355,0.0009046567042136029,8.964499517394718e-05,0.009497805305153305,0.010317127737376365,0.006833612542047699,0.0009967868502121276,0.016030813425007145,0.02588077358935034,0.00510551917807262,0.008527225995428747,0.01765963462893441
464,0.6807974915210745,0.0017287308277790057,0.004355819522032394,0.0032457203963362252,0.0028423831340256877,0.0018797386018639813,0.0006568183655294369,0.001477625962687011,0.0013023558306008453,0.0012966976977672633,0.0037662931405586294,0.000681294466940753,0.017099887834351638,0.002118773671298106,0.005915619069297534,0.0015414660868519575,0.026351086657830477,0.002371818763928966,0.001023159366049208,0.0006940841150514443,0.020657572812279847,0.002474254281292512,0.0009916184924997943,0.004156539985456168,0.00265061752867957,0.002166072442880586,0.0007268408031909768,0.0015058309711204832,0.002546326734617968,0.004606671868094855,0.001957799833173599,0.0013445755551827008,0.0019134009046342954,0.011518491769767469,0.0016317445783373247,0.0019536334172695013,0.001235903978854469,0.0010386198019090283,0.0016746264868440907,0.0011941491974552744,0.0014002552170204897,0.0010108549581922671,0.0009978359873167482,0.0022965926038109362,0.0023826140857599624,0.0019193117288286848,0.004043930549159238,0.006172892987691375,0.0012249891862639542,0.0035157760416802374,0.0037941206290493935,0.0017469958852883505,0.0030943432155463462,0.0024011720273006275,0.003447197649175126,0.0033374507888004473,0.005502747685966275,0.0019278573346102601,0.0018573794440495265,0.006219341124970511,0.001957864847456602,0.001535426720168859,0.0017400808564091935,0.000589985585054181,0.0009377879174449185,0.0018922642526324036,0.0026900528564261254,0.005142699506576958,0.0027976498914986992,0.027794038407907465,0.002155178244708905,0.0029206664250988573,0.0011979894902737819,0.0008363635482630056,0.0007857960358322451,0.011926088668697177,0.006775167384259183,0.0027544434697473487,3.927052100767125e-05,0.0044063016194268775,0.012455748251595906,0.0026230849014718684,0.00831126322408137,0.008348971768084112
465,0.6973780098905588,0.000607320492806551,0.0008444366347458717,0.005331419707005027,0.0039966364839550605,0.001257444359325251,0.0007019328037310345,0.004901478086545309,0.0018004771214932805,0.002213256838888496,0.0021897004679657193,0.0027813958859737435,0.0007051146634005085,0.0028906804632425464,0.00656602891784186,0.002584113020200256,0.0060627297336817414,0.00283941440640696,0.0024855103413379907,0.0025292095882832885,0.0033528200817921337,0.005966780104996899,0.0014556286174522636,0.0007493865422862088,0.0011829638586457391,0.003907031370797567,0.0007584295073022406,0.0029789027363708665,0.0006361621466122445,0.003169498089982308,0.00505278542609033,0.0015845466306181025,0.0017705746957552126,0.005642986808451973,0.0030872659238057243,0.00163367484746682,0.0005785933865484497,0.0009022565621914036,0.0013500851500213588,0.0012881710903324137,0.0009904805947127033,0.0013623216228119794,0.0012436694965377443,0.0006716190278002996,0.0015123712703420252,0.00540149156024971,0.002930140949395886,0.0014694210026790244,0.0015337692545652276,0.0013796768829681288,0.0016728641413380687,0.0017300362400017402,0.003005387689329558,0.004653946495015746,0.009070417235489524,0.0016698145217519413,0.0034983624700665687,0.0006746662926046452,0.017844077595713242,0.0008416827337921056,0.00458870491044513,0.001499129952089241,0.000877527768051769,0.005869032431089621,0.0008510978598509024,0.004711535214728145,0.005401981501791146,0.0039649946358740265,0.01721641506962431,0.04090383113959123,0.0026083699846734436,0.0025281316200495866,0.0016679315568823433,0.000423885573044675,0.00010066026902392908,0.005853580912045893,0.001651549267944036,0.0035746147976135705,4.473547447411877e-05,0.004046845328929748,0.012684203900360612,0.0013585874668523867,0.00598868273475484,0.010712900068140019
466,0.6928471024131102,0.0011210280797905785,0.0013991059646875667,0.0015269414329676903,0.005419249011184878,0.0014055327141999842,0.0010302316212121355,0.0009014992166949875,0.0012133048247448058,0.0006534079235200197,0.0025415688578760954,0.0027096094760277146,0.0017961961295836744,0.005717596835292843,0.0071106905877337204,0.0006386691627376362,0.00820106289907486,0.03253716769912822,0.0007604499751912684,0.0017603326849006298,0.0027376754877255906,0.0015933076421277576,0.0007237981408543251,0.0013283721616458015,0.0008166634204601851,0.0026824136164236663,0.0007654165289731379,0.011400093088443888,0.0016922330770989052,0.004765957788031009,0.005129604391167897,0.0013882491379408279,0.0007232562655165478,0.007035525403422083,0.0039458985789931015,0.0008161720795025717,0.0008163327575217476,0.0016687948970944347,0.0008374851124018995,0.0008435367917197262,0.0009646874233317047,0.002016881076691843,0.000787852169024585,0.002905102010781487,0.0012156928244959494,0.005751721155646801,0.0027781443011761914,0.0020326896751304124,0.0008698367706428203,0.004082845733092057,0.015402555499427826,0.0022306657153459506,0.0023161362979013445,0.0008524534076984349,0.0027288095203604383,0.005339599673651198,0.004876927601889578,0.01193739190785974,0.0016650235702327736,0.0037054884738183286,0.006749547897041165,0.001028301218361062,0.004684571234923202,0.0037093730072449045,0.0031007499592032423,0.0012390882591919192,0.0023044438711115178,0.004560702261862401,0.0026957301174349376,0.01940345281880961,0.0017664892358193603,0.002874830900919667,0.0016025714092467677,0.000287100431063379,0.0009345232187026383,0.003908731117933062,0.008731165761761842,0.0030150616702677414,1.2416865286132626e-05,0.0049863861267966545,0.012822972070263384,0.0014146945888068895,0.0036353798749347264,0.007069677398089729
467,0.6095664209581256,0.0014812455473432267,0.001400216126113657,0.000955376324447823,0.0023416677751145272,0.0009336209707865982,0.0017606970169943969,0.009353625570308144,0.013976727215357499,0.00125221373579324,0.003899627768022865,0.006668653886014376,0.0004589043815530219,0.002918812884373406,0.0028653445378721267,0.0004739854589462555,0.00423103708829082,0.004142136947492742,0.014380936714307367,0.0006992682871060683,0.020925424532437602,0.0013841286122692107,0.019889236002047103,0.0019180952338539129,0.001838294838415987,0.0020286838191607296,0.001812440351786054,0.0008251811784034681,0.0008904588786277248,0.008521494961609206,0.0010358459805042018,0.0021253373923092044,0.001110107382714731,0.0036318333493200075,0.007337798778827112,0.009156660350274385,0.0011768213173096581,0.0021509620214232037,0.0003435890143042068,0.0007658181778686972,0.0013412730462605711,0.0008990582234965214,0.0005181130582207079,0.001114021341057264,0.002270720258081462,0.0017006462944632325,0.0012419057469021176,0.002948057215624238,0.06387058726555492,0.0014036469229280913,0.013439689151309973,0.0011686627254087279,0.0015059594898737527,0.013312054726363062,0.0012867101514556,0.0010255538569100176,0.0006931331443947985,0.0015795275519597434,0.0017049850956025621,0.0022744523184627424,0.00119802662938421,0.0010691356623325915,0.0004852165547154333,0.0009997548059058213,0.004010747669346346,0.004531165707076869,0.01080914040321358,0.0022297613184158686,0.004945260921131477,0.027058523304734426,0.0015014271811161829,0.0034368969745938146,0.000987099992337974,0.0003579416357769397,0.00017467614505724567,0.007087199716501139,0.003435843041621037,0.002008513427352319,1.7912203976960018e-05,0.004758926787887245,0.015544268796342955,0.0021686220497466355,0.003513677965897892,0.009742772153374709
468,0.506411903871615,0.0017758733859344349,0.004032082292125798,0.005803674566647302,0.024690587603533473,0.002818269898490222,0.0027860061269129404,0.0017673699613367513,0.001070930751473969,0.010067723948885008,0.0037100580502760563,0.002475801102718182,0.003159398560308813,0.0032554989043587267,0.005016165396869505,0.006545989700373922,0.0010210298947885069,0.0023204879513392626,0.006406226861600277,0.0015677617708320913,0.058104973721006856,0.0015008003705049879,0.0015406013344047324,0.001574780093000626,0.007168517385720173,0.0037189622458743275,0.0021788374028228422,0.0028564032260385867,0.0020647337684589193,0.001769066980842681,0.0027724513382371787,0.0013839420693935044,0.0043298221755607505,0.0010556714486243892,0.001622545531601741,0.001412536856264138,0.001151375381732479,0.0008439244452069804,0.001339036466166296,0.01124583242918712,0.0011956047898701216,0.0025895124973785966,0.0017432082134124422,0.0008573645676894521,0.0035535412364269886,0.0028483319548864056,0.016097914433598533,0.0027810184827371082,0.01795208451264183,0.004558164750576076,0.002493433912328151,0.0017297258726192766,0.026779547587863228,0.0074873427894223115,0.00046717007290677295,0.0042034495535712745,0.0023319437712431166,0.011051488592636263,0.002369123013022815,0.002954976800519672,0.002067076793617294,0.0030375203372128637,0.01679518818572653,0.0029783728197434064,0.004770587724464207,0.004067954553161519,0.0014876293283052362,0.007494238593661256,0.0028894317984362664,0.04306079026915288,0.0032485564726927965,0.005753072485909289,0.003777844344557111,0.0015732865072133986,0.0007622566135838539,0.008876352589560188,0.008064012743522293,0.005669378794363536,0.00018229285145385195,0.008070375603264708,0.019769653989205754,0.002310858446276587,0.004950022096336025,0.015960643382159027
469,0.567793017469368,0.001799640922133106,0.0014405388128101238,0.003611186166287997,0.008633359692634193,0.0013681872511009836,0.010013691074060294,0.00288975120042201,0.013978889454392308,0.001814602041033192,0.010613965948928347,0.010822230083535328,0.005547753336319453,0.0038572941905837717,0.00634193157081948,0.0011711766070090538,0.004281123727802556,0.016811720324044266,0.00915806450175447,0.0009974692964115081,0.0043798784335373035,0.0017453452268135225,0.0010190951478213234,0.0015828426189289206,0.0004872363123329829,0.0032078101294636297,0.0016870820351314612,0.0022273528542628095,0.0012517217651098961,0.002934507310400129,0.008416099240502302,0.0012614280076342084,0.009579182353233686,0.007057848416047902,0.007679923065522901,0.006704477853752094,0.0012128978433586673,0.0012626851423933906,0.0006880128872829117,0.0007301051778157242,0.0008495282397319913,0.0006945644188150316,0.0010465932270952568,0.001349660445642692,0.002832963426264037,0.003017051465472004,0.0010928327186173418,0.009290188477432432,0.006357582333881517,0.0026165402996643724,0.018313398809992495,0.002345818133657789,0.0052270559337533554,0.0104329070625722,0.003492117678531425,0.0019411538186058566,0.002270332937926786,0.004033332869256592,0.0025405806147999056,0.006379336864036819,0.015015474809161829,0.0012460551657742513,0.004163039922752867,0.002015229969175194,0.0034366605248599743,0.009913724851832463,0.002920474316743203,0.009942054167835123,0.0049280873401026494,0.038080415552747715,0.0027824017420710685,0.003845340004873533,0.0020955215279789604,0.0008623427727100779,0.00047751685360600233,0.01005564990519223,0.005808727823909515,0.005371586102488122,6.797388984573713e-05,0.006301580913229307,0.014417528079608465,0.001976057700877718,0.004729373284635688,0.015362517509442166
470,0.43623714828445437,0.0028387340980785035,0.0012939543412789749,0.0041070265466961065,0.007000677771177762,0.06747001250510831,0.0027069956004817553,0.0048851785417252415,0.002172596540199164,0.006592376705946881,0.0027006354932022658,0.004266578569140145,0.002081224163267188,0.0026271904269177214,0.004147661887287288,0.0034557783079693263,0.003170264881809158,0.0024230016513950847,0.002336519259547365,0.001798506958718744,0.005985819784482089,0.002633011244615263,0.0016428834486508423,0.0018180038361769462,0.003385106817963866,0.0026543452610890425,0.0026823441989855396,0.0033674338244318205,0.0034281515528864063,0.0028582952794610965,0.004643096734404971,0.0015845125372397622,0.0015674045149784495,0.0564417721671089,0.00358371898409097,0.0015209239162886391,0.0010935016228878203,0.0011593085631613485,0.0014570364862358182,0.0008375310070423078,0.0018036786158933471,0.003078804728016477,0.0011062899981102337,0.014214447596728467,0.010552778497337946,0.005249438803547221,0.0030287573108664346,0.000785298182486082,0.006094814997007479,0.0032521339308712186,0.0051599069732523595,0.0011592094826054578,0.0020192620562075087,0.0013344662967824626,0.027806176296729313,0.007998007510033147,0.003816493215989189,0.0017312647694336292,0.0012949326407102762,0.0025202849676727855,0.004599970634659733,0.001640821765211849,0.008016937485755857,0.003664775971062061,0.0022657310058757816,0.009249810408679317,0.0022101606992761063,0.009074283390761856,0.018144938158797363,0.03783505688087497,0.003681267162575519,0.010406358676776131,0.003438248056575034,0.00044618438094638514,0.00019804838115967333,0.03287925467447581,0.008346594013138102,0.005776954110188959,1.5169762089023174e-05,0.011009107544844163,0.016200594457854833,0.003871366941840636,0.007840668021317613,0.02652498622839872
471,0.5350375227323078,0.0009344417528043846,0.0006799706226809599,0.009718952985790326,0.003928155305277635,0.0010848461818956437,0.0029758413212741123,0.005749663361218298,0.009444771659561887,0.0023777290065373482,0.009917653704984594,0.0068179582516497104,0.018056144154870828,0.024201353092801952,0.0037700277666836432,0.0018043080303895257,0.011511559186477182,0.0025277674426470017,0.006561259635761125,0.0013818836525242954,0.000533981176154034,0.00608409242657975,0.0063097108891986215,0.0009662088658107098,0.00163854106685032,0.00397500627267215,0.011794821457853384,0.0005106518275250532,0.01193381066318236,0.0015879612692664235,0.000754811841124455,0.0007987354548312566,0.016210944782616293,0.008349104692533377,0.0012150071022727943,0.014866584482586712,0.0013230839903037338,0.0006654163952249599,0.0014185181689013204,0.0006924431678886796,0.0007387232031207396,0.0007617729400886568,0.001985078592929547,0.0017674033520334595,0.0014225203039970964,0.004508011855368466,0.005089155804192598,0.010737015516160317,0.00846196390901494,0.004496883647038468,0.02321390258765811,0.0019473563149630148,0.0010258807246771005,0.020815530649818937,0.0023941486231947168,0.02128998205314819,0.0070124164034551005,0.0009452835914478398,0.001034816160554004,0.009090364874962797,0.005656609685632454,0.0010427420789897945,0.0009776868716217949,0.001847699921413068,0.005600603328529905,0.001969738004262141,0.0011998286969700487,0.004425456489750352,0.0031863751804486373,0.024297926652183523,0.0025984404491689803,0.0031249383447434546,0.002024087744722038,0.0014221480572243043,0.00030003019378101696,0.002765253831908033,0.010517114923533124,0.005800848951030307,0.00013125180922872286,0.006805127214717611,0.014976872097720528,0.003593404449748008,0.008365628665980878,0.008520729407352752
472,0.3511941186527933,0.0057367626240697285,0.002840086857008761,0.005713646915861754,0.006103041499477488,0.0043328838986771145,0.0013155400295222358,0.009978166775028715,0.004358532846288276,0.0071997820541655575,0.004204729514286132,0.006382615664307344,0.002180891616360248,0.0119975764313965,0.002320180065159001,0.004146406820367719,0.0034383950891700107,0.002314406717225276,0.0014020323997392169,0.005176223676591684,0.019238615103995358,0.005195432619564432,0.005149884870076586,0.0028644092174627293,0.00516463497722775,0.0028148465183229407,0.0018576356859597823,0.0033197389527847843,0.00796550849537355,0.0047353629183491276,0.004944083073162031,0.0022643345116951283,0.0026788793818225336,0.003313359640151146,0.003591114228415103,0.004316314331016477,0.010228458348163005,0.018199130933116116,0.0024799556792771313,0.002373936044281218,0.002539417521982465,0.0015068336064322629,0.0035686604690675938,0.002628153111836412,0.0037097003474051665,0.0029317943454065993,0.0035354033942086097,0.013687008142453407,0.005835433780612136,0.008332953689672002,0.006273311192837973,0.006279999163644464,0.002953539940765853,0.006622544168764456,0.006465002649187286,0.0037855313543657546,0.0009120722121517937,0.0027704689573553863,0.0008138245937556019,0.008293581659586173,0.08337131637679517,0.003113643203045652,0.005728136211174875,0.004836103500803632,0.0052879141184860295,0.0039056915574720804,0.004655004230707027,0.010882293625020958,0.04860381379216086,0.0606796669419974,0.002904484002535093,0.008711840474411882,0.004279548446833088,0.0016093230294235233,0.000618841638867673,0.02550193003728032,0.01651846068787685,0.004757891047094829,0.00012785643261248487,0.012049018502803373,0.021532083514214897,0.002583459010170581,0.005407687568093227,0.013857102070914246
473,0.624582289739192,0.0029033915214320117,0.004162662018910165,0.009694779863232236,0.007151011238153912,0.0010225640788488674,0.003536171098091367,0.002335582597695581,0.002300153003387034,0.002075537441886587,0.0016172164434175764,0.0010666064716510421,0.0015524193845375196,0.0035331075220998605,0.012322533989544032,0.002025250201114104,0.010255219782519554,0.007722434442880211,0.001178535921273658,0.0013126704032769925,0.019259257691987688,0.010972785609224477,0.0020535632716815835,0.0026142595424401656,0.008895243907522526,0.013730202519571997,0.0014578826857528733,0.005159541996900044,0.0017515639554479153,0.0016515889630416487,0.0025316423094228786,0.0012341170921765883,0.0013601317254915497,0.004289497904607431,0.0011645998908104858,0.0017948321253647623,0.002304852531135657,0.0012264354171455242,0.000804681464665871,0.0011762654115763458,0.0010844412751792878,0.0010564413218388919,0.0028093132010178845,0.007261887657822776,0.0013032544869528099,0.00880853440057561,0.005995997499278688,0.003962465617651032,0.0013698039397854632,0.006807691779528934,0.0033375954360550667,0.011770195557766457,0.0015958335548569515,0.0012473421833548517,0.0022807724518175204,0.000992068501034016,0.02150462923065718,0.0008290715262755842,0.0012769335384460996,0.012837788821831956,0.004006448758502558,0.0029128273792578007,0.0014064386791688734,0.005224631681536073,0.0045536314817165675,0.0020655039546434175,0.004439808507612265,0.0015563077063050813,0.002397154855126159,0.02606859881877694,0.0009731902347507351,0.00379727030084075,0.002693920722560511,0.00044288884047380124,0.0004618434628860235,0.0028716238959465273,0.012993576848385358,0.0021966525660156943,7.089116219551595e-05,0.005980238954771701,0.013508397544689184,0.001991933579607471,0.002793190850554912,0.008677884052836472
474,0.6857629188709616,0.006843963182277621,0.006539561034915983,0.0014995400672277405,0.012401592161207991,0.005213066068198412,0.0019470265330215918,0.000741576784204984,0.005087045871934534,0.0020895817337467514,0.004457260640521724,0.0012495498316166945,0.0032971176960887305,0.0021136978238778885,0.0025054069082938997,0.0012879007465149217,0.0010884534067560222,0.002612948091758206,0.0059281089244845675,0.013987126409632171,0.004618554933999112,0.003441206189131645,0.0013774144405946328,0.00359451394362924,0.002434031432148132,0.0015220139726379639,0.00196624519313771,0.001458600826860206,0.0034846135568384683,0.0021628749533981386,0.001701445203318227,0.0038623232084761374,0.0062246538602222625,0.0016431505731954444,0.0060669384499429276,0.001160185315365298,0.0022288929872525533,0.002614760709948897,0.0013862007264199133,0.006947271377766691,0.003344293522669291,0.0007896245352538731,0.0017348835657150293,0.0015663821868645367,0.005166810958449533,0.001379760184015804,0.0008795774934313899,0.0050226673744093245,0.007223340099132546,0.0015201757874406272,0.0025619233960185502,0.0009946922064574546,0.001890412121988028,0.0029625449044960155,0.002614005353258019,0.001834474072932183,0.002867308661298128,0.0010849950239650826,0.0025013978637314065,0.0012754255779526995,0.011037278415145511,0.005396130792643557,0.004251524325984041,0.0011935464474954183,0.0017105292446316478,0.005497719897236828,0.0009487255382518797,0.005834593831704089,0.001882564831667239,0.02958816473359081,0.0008365802563362925,0.002989181736072134,0.0019120616702358424,0.0004310748107995647,0.00010806829355976322,0.010480393840624894,0.005960275936474655,0.002349385750237041,5.0040900509006395e-05,0.006152651567176671,0.012872608645318457,0.001203734278533968,0.0015769816258453845,0.009972153098920104
475,0.6325852544960961,0.004599774269972266,0.0038235425772652687,0.0024182604391021164,0.007951643728635311,0.0016187864241508398,0.001589735906052186,0.0034655133631636068,0.0015434438842352423,0.007533919010836582,0.005368868994581865,0.0032892977514511583,0.0009488541235988769,0.008503899159340945,0.0028932330891084444,0.004807863657985681,0.004827896407469399,0.003143082600093298,0.011502188437884413,0.0012921718560209437,0.018130376701342765,0.001267485717899047,0.001401279308785495,0.006259033684622639,0.0007405210116635486,0.007055482592076675,0.0012420602397556694,0.003519207949673152,0.0015430732780707475,0.0014363951410039082,0.0029252266441318173,0.0018316232671567556,0.0012762505731392355,0.0016321078633124253,0.002075110263615658,0.0013100791871968694,0.0015272770526204437,0.0012875895885938687,0.0010298308600480185,0.001688623272814446,0.001496787219310367,0.0013551115459768891,0.0008674155104787982,0.0027692498838903616,0.0010561620381346793,0.0062794430175925715,0.008626464866807201,0.008861326466843482,0.0010561595446179643,0.006709669750662529,0.004059143369966557,0.0019956946755938587,0.006648556629419355,0.003936753007464104,0.003972174481922122,0.00437345712915485,0.0027867225872477597,0.003951105097849802,0.0007538277993858586,0.0010972734971203197,0.007897740489729207,0.0010706612440705826,0.00927886467241869,0.004106156814541272,0.00743724183641227,0.013409728988729148,0.002452169908936605,0.009670568491010563,0.0067022732527612355,0.028012506357367864,0.0028858011105224375,0.005251876235314655,0.0020779022921405365,0.00029781837853163864,6.364771125468074e-06,0.004679014438235237,0.010315678275727432,0.0025313583927014244,2.697791055414313e-06,0.005958689380923351,0.015136609188179273,0.0021703483579026055,0.007345194589096986,0.0057643722485588075
476,0.7114873841571667,0.0007289615874054231,0.009443856192170526,0.0017378357975043816,0.0032601840919876,0.002393223138701016,0.0024607653746751674,0.004851755224650433,0.0026540544122234657,0.0013137026897038653,0.0008668475047480875,0.0016961728457084932,0.0012413129706532351,0.005391031358366744,0.001191296219987072,0.004793026764822649,0.007595085702590592,0.002982056114700076,0.00538090628161903,0.0012912720929612593,0.0014248862351055485,0.008154420546605447,0.0008381626159398793,0.009361038601909122,0.0008278366032693371,0.0011925577052879063,0.0006062388212546927,0.004069960789385841,0.0014743203564229626,0.009629378328880429,0.0016754513569881093,0.0006041686322641224,0.001374752050346293,0.001720795286257388,0.003867495381263584,0.00043751845318841645,0.0007577042474905154,0.0008626122690529602,0.0006148883826465712,0.0009612732752266888,0.0007920237264054037,0.0004709820669023838,0.0002880200768024965,0.0012356330977602028,0.0016217977586244195,0.0028130860709739405,0.0021989650087476972,0.0018818463094523342,0.0042577153819832155,0.012988740465137602,0.01172619285062712,0.0007644897169965449,0.0031451436971598394,0.007725243951758946,0.0016456386640688113,0.003482363529686745,0.0012525750598297327,0.0030448158510698767,0.0006803588155699275,0.0022387618215939328,0.0027719642111389193,0.0017440356791804995,0.0006649333114767711,0.0008318203834573651,0.002186073993572583,0.0007079517000013292,0.0029796450761626673,0.0012356087732278201,0.008912282446970232,0.02139834725581364,0.0016652265590448984,0.0030271663241193906,0.0017715875620852152,0.0005831261125869371,0.00010422405074565292,0.00979756519509255,0.005806693445076576,0.0038764300127414985,9.631670347845134e-05,0.007656194142513376,0.015761276716431637,0.0013272538908468572,0.0034635675409404043,0.014160124531011932
477,0.7876673878194227,0.0024819460736926553,0.0031188380571644247,0.0011344288207320661,0.0017363490471168535,0.002306190808621446,0.0004793687671206888,0.003910586819100332,0.0009922699540466278,0.0005945002573227991,0.0015926020753840773,0.001314689597751608,0.001648945105498429,0.0017771094023553734,0.0018503916163350204,0.0004711678132964222,0.0009807055747292214,0.002817215660072161,0.006268661131151353,0.0027067625320265276,0.0016328970863639897,0.01006492331115814,0.0009890663290291998,0.0022646676709558,0.0008624751190717708,0.0026545270112838283,0.0007943583623566557,0.0014010278029572352,0.0012490876829253726,0.0040584215165989125,0.0026188077919338955,0.0004908140385626739,0.0017031120661117653,0.004561219747823629,0.004532873676127728,0.0006041723752728857,0.000720707671730279,0.0011449599944105902,0.000817735992119008,0.0005431686675403825,0.0010664660804822973,0.0013427358434085377,0.0005010356404058714,0.0005677172641270733,0.0024677775637771534,0.001103920034698496,0.0013135691861986946,0.0009440797575957746,0.002827516718895967,0.0028518305574975382,0.002250772673919839,0.0014240067628869793,0.0008993309010509361,0.0023264109745569123,0.0013710873117715719,0.00226144531337261,0.0006226735579319436,0.0014425504612298815,0.0003832952353986898,0.0025557474848222485,0.0012798217427797897,0.002805013786729859,0.0010127010627840251,0.0008044877536684962,0.0034545643049776692,0.005373807334466795,0.009471619150793776,0.003984990335699426,0.0072168384825099605,0.018055799458914123,0.0015438618520584432,0.002169897663673215,0.001176066908948942,0.000978146828230559,0.00023085863258978306,0.0042406596584223105,0.0037575799863067655,0.00361020468091878,2.822670162562313e-05,0.004379975383851329,0.013071604542070476,0.0016854797698657156,0.0033220895987282426,0.006262594208082445
478,0.7367621429940286,0.0019779060663347964,0.0026593371749344236,0.0006922619496538829,0.0008838470012150919,0.0005388335568462303,0.0024739994701468695,0.01359135428744537,0.004410421774998095,0.001592370627728539,0.0015330600256311551,0.0011245725651362194,0.0010103240172354528,0.001544730948735562,0.0194730574383348,0.002338504470676047,0.005982942191875085,0.0027511532996801467,0.0018172811966091472,0.0014490984621080016,0.006911119725665896,0.0024395425177101793,0.0028616420327575473,0.003482543611913916,0.002802207532937876,0.0017281738196353732,0.0004770780731626864,0.0019442977672624103,0.0011024752838869098,0.001249475490811665,0.007861611486874781,0.001141577815933388,0.0007718383277105597,0.0010175958739310857,0.001308208565073762,0.0022612727448009643,0.0007443019145301276,0.0009549498685289098,0.0013969630805095667,0.001200456374372036,0.0010429489219959387,0.0012188977735575275,0.0018357690166851536,0.0031753436845220737,0.0013165159579872562,0.0024789820379179004,0.0033608144108374025,0.00198235647918134,0.0019224321718708066,0.0030341037067008318,0.0056804236530887675,0.0012892209144008842,0.0007245822478872401,0.0019915999951092785,0.0022974663684124986,0.0011338981285520392,0.004938930946702922,0.005458078863261899,0.0006504742193285271,0.002244450902151084,0.004940401320817088,0.0023111373440336453,0.0021757223095008496,0.002631378220653968,0.0021418204542631245,0.0006405339969585334,0.00698837225843373,0.0010552204932533728,0.0010240447150024806,0.024719546548726015,0.0005763332833819627,0.0023500244127672783,0.0010621386112718869,0.0006086460510438222,3.7213797729009976e-05,0.018147093200661685,0.006903023740045895,0.002197726674452051,1.8106904304860926e-05,0.004216752630242657,0.010678097224419822,0.0006074368792508197,0.0006184946878668056,0.007308912413403907
479,0.8213729029311753,0.0032911931178179997,0.0025089697774655154,0.0011467517442949593,0.0035323263952300376,0.00130696460706804,0.0008684911875982408,0.0006396276790365354,0.0017726802582058812,0.0016686175717546023,0.006538751837100316,0.0010774401416872338,0.00033921290310069663,0.0009633915279255848,0.005076625231806026,0.000699933423200275,0.001595887863278272,0.0028281180642880433,0.001057245771717387,0.003988939473299623,0.003030947138285727,0.0014942491356583034,0.000977497354963992,0.0022664408972168375,0.0009093432760431394,0.0007974581648824734,0.0007485361697129343,0.0007487197880777561,0.0012304623817876424,0.0014229947365340869,0.0009630709692753822,0.0004968786889797658,0.0009117073768138604,0.0013035531292546739,0.0013306775558464174,0.0006597849774329076,0.0006877553329231978,0.0004946033833199041,0.0007751528809936936,0.0008515091485943959,0.0006595787384402167,0.0006243657802811477,0.0006306215239902837,0.0010908195460557117,0.003703120552495754,0.0008860302228965083,0.0005060283627976982,0.001531384576986413,0.00042718052501342687,0.0011804997608820206,0.0012904961305329615,0.0018034252863456187,0.0011254830113864424,0.0005055336071208794,0.002273861839971214,0.0007501275562262516,0.0017209225647466938,0.0007833259514134736,0.0008754024192224995,0.0006973070689008506,0.0017000258783645846,0.0014532674004981109,0.0005688086426546855,0.005155934948079239,0.00033434272541294245,0.006445810057454717,0.0019666279679835382,0.011793313072017525,0.0016631528966697428,0.02212078007257095,0.0023251104259471344,0.002065825257375706,0.0017320031177416643,0.00028129466512331343,0.0003970667701793169,0.0035343052545724627,0.005303459011616295,0.0026673091515797146,0.0002099652407165603,0.0028341558932251554,0.007655932412820411,0.0015814888840612563,0.0030813480073833854,0.0056877432265979855
480,0.5821736334748518,0.0018173484353250981,0.0036073912096638273,0.0019746386691610654,0.019494401548192507,0.001025734159488351,0.0020691908806994507,0.00046416270702390655,0.0015016903833039005,0.02321596588594712,0.011451630838130349,0.001170472423222427,0.003199302948136222,0.0012629180326588915,0.0017868771609212332,0.0004857264547599165,0.0019011121110587646,0.002993622087323529,0.011369582524584426,0.0013736731545738855,0.006041013217986005,0.0024761553358974594,0.002328312600598169,0.0022563335935983308,0.00045557909072117527,0.0023171817139716385,0.0025909388238954025,0.0012533980006383394,0.0018174931043281614,0.0006861930930732017,0.036263569184303436,0.0007258663758703757,0.0026038626516278777,0.0018870648495953014,0.002341773429981592,0.000990410522804993,0.001141503782521256,0.0017806470109751485,0.0023886510374186306,0.0008025861114031303,0.000977089006840913,0.001024852989815942,0.003408858086977812,0.0010283667069156863,0.002143783739342679,0.001990271313127079,0.006803073573472834,0.0016980572903858146,0.06415980216938207,0.002196948253544567,0.0016481575811380217,0.00472122540084595,0.0026829084662689908,0.001430144893599608,0.011094431345742072,0.0035077582751818054,0.0020231785582454772,0.001386076607931652,0.0024634997237096604,0.0035880878303311005,0.0019846059326836664,0.0019343568656794942,0.003066210318747234,0.000950622919816093,0.0016548161671132615,0.0035092735978561446,0.001545174779241425,0.00522344186627906,0.0013254018497259967,0.03194855272020199,0.0038948626198914093,0.003711714329883159,0.003804841594470774,0.000646080301737367,0.0012845033067649158,0.007421912119930871,0.010663805788132698,0.0028504135947824355,5.5194551043054686e-05,0.006717884186984998,0.016607791197172535,0.0033871640112960806,0.007828861412187351,0.01051833353534174
481,0.6372012982713396,0.0011422196825676162,0.0017746094009472265,0.002229095427328709,0.002217590577536027,0.0018953511241549795,0.004163097640809848,0.0007334190541967091,0.0013818349464319395,0.0009786940381090172,0.001831553027895429,0.002762455400580725,0.006667138563773272,0.0025171257974817844,0.0018469698269194426,0.005879108536660489,0.00339102005462988,0.07361771893742308,0.0021671509113803944,0.0007723294719034625,0.006938591787625075,0.009625605769825425,0.002747434001054049,0.0013674172480576646,0.0034033607878040844,0.0022302610489087758,0.0031072806958191853,0.0016875849798051686,0.008941189728691519,0.0015477129145607337,0.003374435288706312,0.0008722420499354677,0.0030558602610186035,0.007329640796933316,0.0006100605387133924,0.0006005717064251186,0.007648742045396536,0.002963843521435983,0.0029938162735370305,0.00313875863606727,0.0031379599107721084,0.0016523721159519727,0.0014666307208914132,0.00265324761080786,0.002116072113812711,0.0007874864976423306,0.007887756114314685,0.0024411305132253118,0.004898069922071978,0.00382041277191047,0.0015841726301064913,0.0078090537558697815,0.00771524144839304,0.0017581453638720133,0.0028380261929580753,0.004837110005427567,0.004142716051884702,0.002728580157768554,0.001419532874485057,0.006598010163506228,0.0013306464401575105,0.001225421715280952,0.0034659353832586248,0.0009504630530847657,0.0008194693366505087,0.001444765494646962,0.0017078744168920127,0.0038701661397433566,0.0031254610563292186,0.01741029297482399,0.0014974349332887498,0.003101352489497395,0.0015394178902751463,0.00037982842832814695,0.00234636100592523,0.00654725973640169,0.006295539258999726,0.001890024983715555,4.295525230516543e-06,0.005218966443875852,0.012446049932100967,0.0018573225338145835,0.011283160842616918,0.008596572276998954
482,0.6145033779926384,0.005126114022432946,0.003942215181761649,0.001617711091417644,0.001241844571107925,0.0013252289225295505,0.010070810500204641,0.001205646567161528,0.00047152067579952074,0.002261772097955453,0.010064234507094299,0.007671518954780584,0.0013730462173855342,0.004216287499041285,0.0025778764743841893,0.010817345108754645,0.0029676229055028004,0.001392557565871422,0.00042891964933437695,0.003131446133204091,0.01747720769741024,0.0006112711986282889,0.001212131619393508,0.0035798775603324722,0.003005873078796955,0.0030306335485835766,0.003973828140702234,0.002489653540052816,0.0032939813221577797,0.006498621942446575,0.007090122225658535,0.0005385840864406306,0.005932979852350629,0.023735444813033534,0.005937760768830632,0.0019253805974698934,0.0005580359650869189,0.0016064148224329167,0.00044428193906081125,0.003105670418048873,0.0011214824135497826,0.007123135421311805,0.0005969953371650392,0.001205693328958318,0.001814510933588109,0.001496777377662952,0.0015408437157251975,0.0012464988755672584,0.013702629717700669,0.015205245963334826,0.002884481034223603,0.000819423810459744,0.007707730606038849,0.0033421608854862696,0.0011527716083265937,0.006514296553252555,0.0005249412002641524,0.0029740607393151297,0.001934783553037761,0.006467096316432979,0.0028820605476382677,0.0014304347319577001,0.008226643197215864,0.0006296195966832171,0.0036069939201802247,0.00286398226228767,0.002999439498751434,0.007126675232151651,0.016662013623166612,0.02538222537729222,0.0015140013521345612,0.004521672597127644,0.0019722576867346113,0.0004422385976091911,0.00019571391349768584,0.004996991342579369,0.01624247790434326,0.0027767307274037417,2.6293067612880227e-05,0.005636133545703542,0.012700421258016951,0.00156876536083725,0.00160657591013008,0.012159227582262651
483,0.48993838948843177,0.0014979553305288506,0.0019023929479356852,0.005374312254892227,0.0015082204255812953,0.003547221726879361,0.003775683306740381,0.0009806410136897177,0.0019296343543744007,0.006984728056806227,0.0017120429564926492,0.0042312941969529115,0.0020664602878731723,0.017259304196588495,0.004277406840409006,0.007480260513495041,0.006158395736062098,0.004000948846006977,0.002473099871273313,0.0014738610934710763,0.01273606922594529,0.00281278268855084,0.002278997450650076,0.0015483979037754743,0.003681218444719892,0.0027626299898564997,0.00250662625539948,0.0015626514518440773,0.008552066845861846,0.0052678424653989355,0.0031601867626140745,0.0007391679113394422,0.0026556895011568514,0.002100611113148849,0.010098873879661276,0.007998451277475883,0.0011602301538290434,0.003142341737684366,0.0009165415819698478,0.005718950525036811,0.0010554058901211776,0.005352360455363641,0.0011893666248354929,0.002670750649012222,0.003815358309165399,0.0015102047039947824,0.004504113313519718,0.004947423557176988,0.0014550183329971108,0.01342563453752409,0.003022027766834579,0.00609845570725774,0.0012203465733743152,0.0033223654829691806,0.0009928884361951281,0.11609405560879656,0.002300320594285827,0.002928059645140438,0.0007046249971363847,0.006477297881795709,0.003445220047361589,0.0009130401939698662,0.0032004216683376267,0.0008394860985827898,0.0050806421229344255,0.0018573179746105106,0.0025626899850407013,0.0032823250282865563,0.0025327347657282014,0.05859980779137561,0.0005680330746950075,0.004862629942476822,0.0018966161970665719,0.0015900871642633694,0.00032468933783514936,0.01006859985282718,0.010150732076140178,0.0058406153484398746,6.0493512827905126e-05,0.00905015020080981,0.022014575752459287,0.0006704744103097196,0.0011177661456148128,0.01641219163010656
484,0.36061360614838794,0.0008836699670639558,0.0008767543519985261,0.000977071809698516,0.003007366431673798,0.0011576126624640605,0.000696524224318438,0.000789439298037801,0.0005439483742530947,0.005797016975210426,0.00047513982827011094,0.00028459254722247563,0.0004426768525634162,0.0024500476966095087,0.0023756989378904032,0.001210816395866787,0.006192570146325418,0.0008805956413136208,0.0014265313759754207,0.003281152336092699,0.0010969094525571366,0.0003508442957548442,0.0010092437673856073,0.0008343835346578393,0.000970078274990284,0.0032973680116567586,0.00040599361640797707,0.00042740995204151107,0.0014473471650898785,0.0007924312992338294,0.00041025837336092317,0.00046873687478532846,0.0004849571779043946,0.001270301183276683,0.000310336883959631,0.00020972623167615122,0.0007055947467770595,0.0007721531576966584,0.0005635085728774974,0.0005640639139054816,0.0008271158554847316,0.0007793240930000896,0.0007653286355017221,0.0006653114864670216,0.0006068017175051853,0.000738398601350393,0.0022847999114958754,0.012733620689705658,0.0007530660170681598,0.0015337457165965573,0.49254962971704497,0.001316798271423602,0.0006060188471155297,0.0019903427451639652,0.002318774354888413,0.0005107611517124612,0.0015098482527598047,0.0007813315674426527,0.0011089914961175667,0.0030512294715763517,0.0011517582145993425,0.0008552882886606628,0.0004801082920663181,0.0012697280009840578,0.0003121245658265738,0.00022349599101646685,0.0007353160167024053,0.00041942497589212167,0.0007272881663861734,0.01801146856665151,0.00093013295600243,0.0013294249349932632,0.0011632798701923055,0.0013735376572250883,8.852883737153485e-05,0.0025768826251160097,0.005455738840790617,0.002403854927924577,6.201355931059273e-05,0.002957492355973603,0.011239087173270547,0.0010154732129360102,0.0014713742753771834,0.0055614606080781
485,0.7785339814411024,0.0040396068394434,0.003628379488106222,0.0033495561875948156,0.0026391740903351783,0.001473212181899926,0.0018658127953305118,0.005423180220351535,0.0010289798401452372,0.006498194771763131,0.0035447418954540747,0.0019135632706379466,0.0007434918303471844,0.0008137001185056301,0.0008495130276215432,0.0009053672817002918,0.0013060443632719756,0.0017826189404064744,0.0013047302697236404,0.0010179843729277542,0.004070835448983627,0.001588586070490431,0.0008015955786557761,0.0039628538250961,0.0015289467485239843,0.001755795902320246,0.001854517057490442,0.0016607325153184676,0.0031490545395743653,0.0010393113228845676,0.0012998851180505326,0.004863637707570656,0.002059437965437777,0.0008686198731507453,0.002016656662552852,0.001911596606380403,0.0020272569433264376,0.0008808762166245968,0.002727854277150783,0.0009429698215175087,0.0017632990427135825,0.0020732990383463385,0.001827844395581707,0.001982839305000983,0.004244689875559824,0.006807989104349068,0.0032655218791845793,0.0009411408719157985,0.0009040222970052334,0.0028434290457170206,0.0015178452226698954,0.001115245480555703,0.0025901083526343417,0.0009210495496652104,0.006861104717479726,0.0012586146177612013,0.0011246105309303412,0.002359991239655902,0.0034493231738529423,0.0018835896299978338,0.002136890856275662,0.0018663515459130845,0.0011467451499689815,0.0010118916750689185,0.0023780446116100527,0.0025027897289622435,0.0021945667177096072,0.0024868359700183575,0.004443517945338513,0.017811703216582698,0.0021113422949918955,0.0015460054948953255,0.0013433153102944905,0.0006609834342602393,0.00018406100718732797,0.004866124061605977,0.004628300889302973,0.0031212417582272374,0.00019097846370244603,0.00510576970539756,0.012124409265587428,0.0027225258969392585,0.004088888750902439,0.005918305450910976
486,0.5184511948825596,0.000758772393435969,0.0011006686598979889,0.0013464316803057813,0.005318679465731759,0.0052236959625591595,0.0024945902990495517,0.05431646080061289,0.005898028406710014,0.003213846265032469,0.0009699033688825248,0.003181031912196369,0.0021868021429738522,0.005155565781828098,0.002408866456253167,0.001043592849736973,0.01996508327799603,0.0022359376265103513,0.009638154495862583,0.001555951795726775,0.002607029890752229,0.0027018185244797165,0.0015952745447699037,0.001257761370994899,0.001451396658973447,0.0028341900922212917,0.0034632223761041432,0.0023382175374623247,0.0022318752011691255,0.004466669303173674,0.0064234957687132775,0.010528771753747068,0.0020865743429051174,0.001499811954494569,0.0018209174659630405,0.0006503628467405528,0.001649785140203573,0.0014955921566277386,0.0022010468474726015,0.009212928932494813,0.002870365539241621,0.01384511306422177,0.00147814612340322,0.0019062549443831524,0.0018708961663253343,0.0015134146188479245,0.004109295169607132,0.0035522437454310845,0.02845739737986491,0.003192791775692782,0.01867567068449515,0.00560649679322103,0.002580411358762837,0.018137418611899797,0.0022106503025814007,0.0034201934233597077,0.0028445054261544388,0.0034818209805805122,0.0048221489416798565,0.0017593714542032503,0.006004370170808338,0.008253068113788642,0.0013514481323910524,0.012639516980329037,0.003531477228089391,0.0006599662188372187,0.0008715177751639684,0.0008237762930139018,0.002089299291438051,0.05278992623675136,0.0029748869929285726,0.0028799024964164693,0.002497924183798272,0.0015289849235131023,7.479735939118395e-05,0.007426058126739577,0.0038810176188149477,0.00496442781206224,0.0012394771861029095,0.009703819648868354,0.016761994730676376,0.00257614630441824,0.00213868240169387,0.01702290603668299
487,0.564714908245459,0.006539284738714126,0.006553839410257383,0.004272383359869012,0.027159061353647453,0.0018903218817853467,0.0015798433533409364,0.0020694183658982877,0.004135145579849098,0.007350056904414452,0.023065539991793078,0.0024609604880819957,0.005260644948265332,0.01172857167170683,0.0037866098313911706,0.0020106945704654543,0.0014250684946534012,0.002768294513868844,0.007952485874788858,0.018834576051025596,0.003278834049323013,0.002215495982555187,0.0054093491927528345,0.0033943775135871434,0.0032958482079695605,0.0028133937715239293,0.004092555254353547,0.002068394430916421,0.0013949467330418772,0.0016755632675484737,0.0016654423121315984,0.0026546549590256677,0.0014740947390815655,0.002287793465840161,0.006055595794924255,0.004881110547499302,0.002314992298473998,0.002169212638979791,0.004864375828783728,0.004520712423074208,0.002130567867556553,0.0026886155436425005,0.0032794869524543874,0.004182751639363499,0.0014978850557519174,0.007013644038629073,0.006005544389409571,0.0018376885682469181,0.007862940295127931,0.0021426754674459137,0.00355801133160798,0.0037905572870175555,0.004685732359072191,0.0023737010741761593,0.007433058249311861,0.002233677726819982,0.0028668088181393156,0.0014416674865839736,0.003890855536117981,0.004424626174856114,0.005663778560834646,0.0017962669901065906,0.0030728291264481428,0.001682757585801225,0.003507749732758386,0.014321083455289851,0.004010129695157716,0.004615421103745655,0.0013529995546857118,0.045065581539746435,0.0010286378049480323,0.003736149569520372,0.003342664418204246,0.0008994454840394518,0.0002902469768561032,0.005976628385670971,0.013835373743481831,0.0026041755138864362,8.387001940325948e-05,0.006800523091899691,0.014819102069443353,0.0012187415630576953,0.001567065879213624,0.015283829233807548
488,0.5169886256088064,0.0036539495324174618,0.0021868022175945212,0.000964204822263413,0.013371741773713018,0.015475708617304379,0.013874227179774452,0.0013650653343688156,0.003115177470196885,0.0024675081723452177,0.0031991834290860457,0.00244050192120041,0.004126709170833175,0.0013974067982749372,0.005069131563221898,0.00647140652296235,0.010784300644326204,0.0022227733907887897,0.00124366931327794,0.0030376297007132904,0.009213686373922574,0.008863503968860965,0.0031806028298735464,0.006222560868527341,0.0032752577737793216,0.0012149787910921386,0.002369568026936548,0.014832920081446026,0.002572231303398355,0.0015209513242050415,0.008388308122013636,0.004582108290982517,0.0020004307915152944,0.008861500330476096,0.0022465160508507312,0.004468125360025593,0.007478064743223627,0.0031219306965773216,0.0062759313902482515,0.0013910603423501597,0.003669234151196645,0.0016749141746501806,0.005226436295955212,0.006385453791606489,0.002571222148403937,0.0007416761094510938,0.027484858274705967,0.002138724587357986,0.01020667493479791,0.01216068272217051,0.0057206747048206,0.0014829694830339856,0.0018013236342182405,0.0017097988000463822,0.008520160694198056,0.0032571626565193416,0.0034138116209797608,0.005733257442701684,0.00824232542024549,0.0025690851336060802,0.0005523542973900033,0.002216924167021591,0.0047840671053279845,0.004015658300673149,0.0022034346504152943,0.0007568118724852832,0.0015940510479919975,0.007514844745521147,0.006676218953132139,0.05599639528542262,0.0011101989049926472,0.004668385710427135,0.0025710818482698877,0.0025250392460187177,2.0573960234022417e-05,0.010003903579519994,0.0060514423134689025,0.004530946666744498,4.409346241734803e-05,0.010357208433383782,0.018112813400674294,0.0014480983200119508,0.0012824857651501619,0.02071656053886543
489,0.6724575242838288,0.0021616877809698355,0.0029044149782490986,0.0020581347255007893,0.0039973009595826395,0.0005503605711416565,0.00230942054161827,0.00408984760306442,0.001001232224216057,0.001489356058148158,0.0012761631767231963,0.002897646140788993,0.002444719605556152,0.011585252467142456,0.037449466931890635,0.001777332875026757,0.002385033451225364,0.0013354491912871652,0.001112341655870683,0.0027372972795720514,0.005858222759456311,0.0013193021196058576,0.0007618894799112975,0.002769653130922276,0.002970850811845279,0.0013007890127634911,0.0011874742418614907,0.0032194273113906498,0.0022794235580905005,0.00203177586384365,0.0016545733586623118,0.003945094949250637,0.0015173011697389796,0.001631083876689908,0.0023658172610522654,0.001612600898159812,0.0037898149178298476,0.0024641219201351656,0.002332398266744836,0.0019482641469674663,0.002097471302502746,0.0014638035240216807,0.002617574588846899,0.003717619802290735,0.0008459647801501691,0.001588928813849657,0.00375447506093438,0.002241797679391663,0.0027499189008098994,0.004539642597454932,0.0028787190046224427,0.0012708466520069703,0.007675974969729691,0.003204114858962266,0.00301352754491334,0.0024950823743267545,0.008250510819697547,0.003515537489475644,0.0013920033100254148,0.0051960106594268725,0.002347236713399985,0.0038334033206283385,0.0012748659611598796,0.002243251620574794,0.004264665791978625,0.004725803309638455,0.0025585558688209194,0.0039737035838143045,0.002500183939892939,0.03488232382339667,0.0006780438052000111,0.0031546390638464705,0.002732638712091163,0.00046918371675407577,0.00039702722861014285,0.003181874446675848,0.007337576957564049,0.005821013951052231,2.848529935013062e-05,0.008096528281295227,0.014825385331884875,0.0009682334722733257,0.0018822089587099858,0.01833378055162283
490,0.6678427912789932,0.000993424829578604,0.007799709233780827,0.0019799724259188566,0.006515059868822517,0.005347975317697653,0.0014692472478976593,0.001555088057614031,0.013138913479475588,0.0005727522273193187,0.001517231929026816,0.0036020444724305344,0.0023944116128281545,0.0011728821728269583,0.0009117367730425418,0.003133281337937113,0.0010111424020101333,0.0006318822590302534,0.025289730188420408,0.0011240092950666712,0.001489026989480295,0.0011565940702843688,0.0009407319848716094,0.005913093437622658,0.003146581724637335,0.0024397564213679834,0.0004062519703007192,0.0012926232866572363,0.0021023935246212728,0.0012177130145640427,0.0005631066880682052,0.004330887815997156,0.0006315940919527835,0.005969969119197566,0.012376417879185914,0.001232825861336128,0.007086308981097881,0.0019007065809811053,0.006835580054223401,0.004508141897522449,0.004095322993247442,0.0027234945468062708,0.00793731205500491,0.003069219625706282,0.0018189975535116893,0.0018674903378549036,0.001311614641944584,0.0022345400219433873,0.005611301204256347,0.007594649733465311,0.0067221696533339235,0.0010224120468784728,0.006644976387535017,0.005685486693881044,0.00410450579145969,0.002705096820168312,0.0018846847422110354,0.0030594725478374817,0.01309457581620648,0.0013783190740272522,0.0019368264887512528,0.002529154467592903,0.0008027231367584375,0.0015904187704466862,0.004032833133819697,0.0008390147622484576,0.000968719442577637,0.001753638357790938,0.0008853953857526734,0.022137005377162202,0.000649702570205004,0.003073978598701628,0.003852619241728838,0.0004892838462471285,8.625314900200856e-05,0.0028222706439866053,0.01407094855479725,0.00578191673032358,1.2924281621574916e-06,0.005361560946940754,0.009107405581017079,0.0009182832340509421,0.0019127690279008723,0.016286752033067363
491,0.7897038464525574,0.003106411438676678,0.0034036192574697648,0.002198013966199171,0.004708569911587541,0.004135209433332976,0.000952944894667077,0.0010780374471548808,0.0011031328032169653,0.0004395778518334637,0.0065099360459542985,0.0006413176142587529,0.0019244183661864134,0.002677383137886341,0.0004992510450553568,0.000743634525685941,0.0015239705105699352,0.0026466745414983287,0.0004731187354488947,0.0009759577786130077,0.011493241439382636,0.0007472996735758703,0.0020747939261602628,0.0027542524298189435,0.00044345468221451207,0.0008773470900564627,0.0004972356608852999,0.0007766224189312243,0.0019975308235351988,0.0010331774492328414,0.000947528363872188,0.000982252226017662,0.000977858270941471,0.0037104222870990846,0.0005814989044207483,0.0005117722612220589,0.000433559719717088,0.0005292113441539084,0.0003588663108812973,0.0005207179048624394,0.0005771127403242496,0.0008941558714849871,0.0007784561059973309,0.0011139618277058259,0.0018365984098261642,0.0019439504728483788,0.0009364870645512903,0.0008068104612385303,0.018876581305457916,0.0014620590888743791,0.0009373194520795625,0.0008406529135154646,0.0007034847248068464,0.0006538470874121665,0.00043228800190341007,0.0025958098427190106,0.0008054056484551516,0.000978918051877434,0.0004931377857874927,0.028931104824337764,0.0007743929696027229,0.0028729985669055927,0.0009388285558963038,0.0007626948547275839,0.0010807622179855082,0.0021920141713265783,0.0005747031514500004,0.0021715540338514087,0.000548616350264964,0.016487812305243044,0.0009512034886616508,0.0037134178330973404,0.0013139958183887514,0.0002708044290471335,6.66024347982151e-05,0.008170752674313563,0.0027322244377218567,0.0012535965880809581,4.172830394010721e-06,0.004565134980360577,0.009549760029230176,0.0008168456318330709,0.0011350280109650788,0.008760273009816287
492,0.767325251070937,0.0014330739453352627,0.0015978412172857727,0.00244563716735634,0.00154074208091032,0.0008849585807138727,0.0026123912124027073,0.001350389150747228,0.0009861745582480381,0.0027468298802703086,0.002456633110838053,0.0004977774482340119,0.001437937533081645,0.0043193738352460195,0.004238490821937464,0.0009319082117555676,0.0028248830289447206,0.0035119589443496396,0.004799564973468178,0.0012155042822179188,0.0023235377765501095,0.002919003160487229,0.0018874909687152718,0.00107104470955654,0.0016306965545931854,0.0014498651072020073,0.00112513314962123,0.0017565360390311394,0.002285828210743063,0.000928751185014836,0.0027970306400381876,0.0012104145075768102,0.0032508966225345106,0.0030304216093337247,0.0014580889787606734,0.0012807717225167192,0.0004020282039971709,0.000546936398702735,0.0010851144583494381,0.0037876657871444264,0.0007687713575710663,0.003477208748904134,0.0006164857099980302,0.001834989983968824,0.002720326426595144,0.0028977109593440334,0.0037793389599000415,0.0014890149170717658,0.001338271609693329,0.0034453059570095554,0.0022003922203627756,0.00216371409299707,0.007303819989883505,0.00105342794039917,0.0019104431356784708,0.0015271451560485917,0.002151055312526142,0.0011617545255385854,0.001405109857369012,0.006078389065686389,0.01576199299248646,0.0018390784341576186,0.0006258494351386571,0.0016010953480607355,0.002879500003710685,0.002041172556363068,0.0009878901830218303,0.0005279284582151908,0.001833597026108195,0.016079319192196666,0.0007769341249823748,0.006557456539367912,0.0013024714382975798,0.00019317501607399854,6.165051386058751e-05,0.011450995764128813,0.004455001415237499,0.0026249308813558973,1.2887023710680852e-06,0.00783651988997469,0.013352373574528821,0.0009274618772223734,0.0011364811737765938,0.010438582688068064
493,0.741831202069005,0.002850904621018273,0.001500159226773699,0.000782819903850103,0.017749359969452597,0.0015423467339838529,0.0019149162907923611,0.0063892707322869245,0.0008921070080592541,0.001397095313339189,0.001776819465618504,0.0008302413259399014,0.0007821199378039591,0.0023444552839921506,0.0016301378092279273,0.0007373171849088701,0.017404563461293536,0.0029094907075546007,0.0017401851158985577,0.001261695928986194,0.04683313346266063,0.0011769176207571887,0.0005135705710080608,0.0031395237236723776,0.0014462350590111492,0.0009141778978497579,0.001229947910714538,0.000990520176286509,0.0016782087144932292,0.0009939106342878388,0.0009424442770219001,0.0011926999783400836,0.0008766945185626479,0.005318171003976358,0.0005400147811529285,0.0013052454587272372,0.0015433416100855944,0.0017587853869161336,0.0009505573694969019,0.0009616031891673392,0.0009338765289251184,0.0006014713304040764,0.0013362649419591947,0.000750855386802091,0.001626947660325675,0.0021707433727773478,0.0019295574699369497,0.0021520940564026497,0.0017059209437402193,0.001841870854553587,0.0014511036259576293,0.0016196127693203684,0.0011679540019376932,0.0009674055901200762,0.0005873424245884308,0.0017990198628436856,0.0009938171919435578,0.0016465029960876518,0.001386017974208078,0.002244421095005385,0.0011702331906433047,0.0014688725784658921,0.0020210348016189016,0.0013103584982827948,0.0013539702874058074,0.00367300900429035,0.0013077203878068676,0.0019340507388595997,0.0019245009741631256,0.02255088250024531,0.0014520190079602613,0.002816138681333094,0.002121832394936996,0.0004300752660403692,0.0003304715215047071,0.004276450565736436,0.004916427893587403,0.004513170305154517,2.3792998739081023e-05,0.0037752261967197633,0.013683969076742915,0.0010234254564542471,0.0027970327890648786,0.007639623372429852
494,0.48665258835994946,0.005277193411911855,0.0034868048940484182,0.0020901506001653383,0.00445391660688213,0.0031947785018272244,0.0026253608419122853,0.005275176375039309,0.002331753471729738,0.003107964165754503,0.002246662117749855,0.0027774452338909378,0.0038938944798132427,0.007072639824216271,0.003208320621433475,0.0009381366505560884,0.003850583130674446,0.0034895096689919933,0.020521570913093395,0.0016575920788080684,0.01800018990442111,0.0014747252328730432,0.007029494172384259,0.003327347757773738,0.003571989949736921,0.0025262185607158602,0.0037056284367594475,0.004591904294456205,0.004772027834721124,0.0032476383273399114,0.0028073092225805504,0.0023254297861672085,0.0017401416378751615,0.0033784303707710133,0.004070404900522293,0.10162962051253259,0.002143114414367734,0.0023637060631525194,0.0014727763810042519,0.0017109765657738467,0.00125986467910982,0.0020239656149361753,0.002007090547395293,0.004059945326890092,0.002812088690125776,0.0012104450614120479,0.0024088591620369765,0.0029830031272465936,0.0023006792325342223,0.018522606736187913,0.0027931975674860806,0.0029624246384898126,0.005961564534466568,0.004153187552261991,0.004155833056906519,0.0050668943931489255,0.0013784345555373151,0.0017737127341568926,0.0019502714199800032,0.003948665368507577,0.007437731328052201,0.0015862080930161022,0.007337841637012213,0.002935857449495381,0.0013944165918650892,0.0025963968527069167,0.00999915962977262,0.0024472501311365003,0.016787460949939593,0.03787764092037715,0.0027555365257507197,0.004114670992375453,0.0025028774262520364,0.004584778017231169,0.000169223856853752,0.012834008970282739,0.0063853803894897716,0.0072042969799506655,5.993560865038466e-05,0.009841314882246084,0.021208787005628737,0.002699478838593924,0.004234574039148027,0.013231322610979144
495,0.7531533635323886,0.0007954716824822915,0.0007616215228499937,0.0009759761392156752,0.0012202716048176987,0.0015020316190063484,0.0004804319853963721,0.003026762673277222,0.0007362354831325194,0.0004553150198611092,0.0009613180855333664,0.0011664751552887855,0.0014972597741804382,0.0026047606500689655,0.001686201850877225,0.0002741303826889118,0.01854694096138444,0.0006908457365995117,0.00048135361487846055,0.00210426381643033,0.0005762673537507576,0.00035939223268572224,0.0008062787280537454,0.0005726849343261147,0.008860904174732537,0.001449096103204393,0.0010115584595057783,0.0008898608615194814,0.0011562459518504016,0.06320560698898788,0.0008573989225801313,0.0007483819577645773,0.000901477967335292,0.0013052564119647953,0.002128324584876302,0.000550925899042379,0.0004236155683070554,0.0008634788011412831,0.0006710022207479478,0.0005296714817987179,0.00037425401889782804,0.000961839871103682,0.00032609710308968703,0.0021219999626612153,0.0018944077186840737,0.0007471779335748886,0.0019186008140088151,0.0012847975673291158,0.0010270618949812205,0.00046873978426757067,0.000955513127516567,0.0014657824695737437,0.0009031708818516476,0.005289657511806197,0.0007229152636844311,0.001342207032483253,0.0006575625323832207,0.0029964176738543993,0.0009077706948748896,0.001310655419622772,0.0005055618206894127,0.0017420424866990375,0.0013987105231816849,0.0004304160980328274,0.0005469834073283152,0.0005357862253727481,0.001093159166838464,0.0009842402076548778,0.004104464350130461,0.022439502051411698,0.0026682519005079047,0.0020889881125994965,0.0019529288361505909,0.0002900634773222194,0.00033571572989835177,0.005526334843044918,0.014107262117749804,0.002552856350490511,1.8017494726460663e-06,0.003926673901873071,0.00969404601175579,0.0010620207082609279,0.006405756621309299,0.006941343131442229
496,0.6812345675852002,0.0031208010147715684,0.0042449734769807275,0.003673105730513698,0.019148736863587614,0.0014903084081095625,0.0018045330448934577,0.0012474866148548943,0.002901649495853643,0.0022488103918750254,0.0016042397511295654,0.0023624297609261703,0.0012408000871313976,0.0014815107015141915,0.0012549586109456073,0.0020259618048276656,0.002282871544655369,0.0023392515568799706,0.0194077654544783,0.0007858487599282716,0.002091702974221668,0.0009272384647987283,0.0011163847927884644,0.0033043411892391757,0.003195035429879572,0.0032855015653608737,0.0014182479509138883,0.0014128269850904567,0.001978356756355721,0.0019356091925744844,0.002194241007910759,0.0012185297059670152,0.0013905585677082648,0.0016534474114276781,0.0019356491832379142,0.0014062752905066882,0.0010484210942781414,0.0012667188518074113,0.0006653401408633537,0.003189244436386594,0.0005252564443272754,0.0018948855647181926,0.0007659205052150538,0.0009757841218390368,0.0037629687058581282,0.002787913847088178,0.0022030607481788615,0.00226475875427445,0.034351036114014355,0.0015403929643403296,0.0023177504237527208,0.001752189978900983,0.0014385631918957496,0.0010627369115363684,0.0028434391433066718,0.0010117884990202032,0.0011549652819097009,0.005563908344448731,0.0035941557792283888,0.00441833873141085,0.0024974556229729345,0.0019843159306753883,0.0014586209238303498,0.009018135030544251,0.001803086695255802,0.0017098979622902715,0.0020132109659202766,0.0025579717152263513,0.002578310297896697,0.037776784325193435,0.0021213802437546605,0.0024392630281340564,0.0029598209897445217,0.0006286519500557058,0.00012796331047795425,0.007770827267077342,0.005238074545669024,0.0032742868063241914,0.00012653300763720333,0.010935250556111217,0.016181119860770258,0.0011769011393297675,0.0031984931562307885,0.01165954896323952
497,0.5215069771454016,0.0012272401122558462,0.0026939547453624585,0.0035397103203647982,0.023038722025612083,0.003434134617566798,0.0014124476760241046,0.009140673129954115,0.01546811147250033,0.0011090518179991229,0.00229715544822474,0.001097575296071458,0.018913382659318828,0.006202545665980367,0.018170156752732723,0.0011140406794395007,0.003084595261770012,0.0021506927512919155,0.007736412152133395,0.028392388887046868,0.0026900904287500845,0.0064245734884373,0.0037779530532211342,0.00518300456053672,0.001168207342093812,0.0020099065017732186,0.0013822099086536516,0.002550073311356875,0.0018010580656016829,0.0038007580745748042,0.00749443177585824,0.006080091576902803,0.0010960750149006564,0.03175245629986605,0.0025426376519217695,0.0006849428035407318,0.0007996984949296162,0.001715284427184553,0.0022326092236917856,0.0034300355979000733,0.0006513722393538768,0.0015906043337112782,0.0012905884380791037,0.0013734742126374022,0.0022323983036039823,0.0015697647402620315,0.001440659898665164,0.001475802183970807,0.021921729791915263,0.001547462898347272,0.015688530431944885,0.003669141552589712,0.00733281134578655,0.0008768190809408746,0.004274906206514268,0.0028394083254214882,0.0013846298648483837,0.002392958709504365,0.003958817313335239,0.006176122637159449,0.003738088595840828,0.01527742840075208,0.0015984910337123884,0.0015287050354360109,0.001472334338009332,0.0016132777615531114,0.0029452239771756788,0.0027950744934855066,0.002496389648938403,0.04213703622370603,0.004454478971620761,0.0031515095704609847,0.00159522829765779,0.0004567602976647411,0.00013240059470075814,0.01033880711350978,0.01010466430889668,0.0063595950037391045,3.1307422640927366e-05,0.006268338624402914,0.015468595373904208,0.0034600611102976577,0.006372687285001899,0.012169447789554373
498,0.6771649203451735,0.0011368497122987847,0.001149472842579577,0.0024728723313665194,0.003858648598706957,0.0021199034824926515,0.0017882476002691185,0.0011745498720841419,0.0016766491426460273,0.0017655999355873013,0.008728681680483482,0.0048990516649671,0.0008690939448086285,0.0050171072069231165,0.0036858652941131795,0.003963889347926435,0.0029423683624098646,0.001762413067651078,0.0023741803413506917,0.0015241261371702025,0.004569744307504025,0.0026686839733712224,0.0009003131004795393,0.0008365319616750298,0.001244947134489057,0.002498041002139537,0.0009846095189223634,0.003771141185967853,0.0016311205045528392,0.005363704452356292,0.004077797645289009,0.0015221296834159153,0.001970516194218589,0.014024844935792214,0.002838247818820478,0.0016908526614613313,0.001376493616273901,0.0010825825982127908,0.0009269109978305645,0.0007985411763189985,0.0013502748624100178,0.0009088311275247041,0.001031905799995671,0.004003033394157265,0.001671033177640772,0.0066443979902352564,0.009128430691790892,0.0015162424718053024,0.002429088785054442,0.002319726045176265,0.007821635779757889,0.001192231492117454,0.0024005492324778105,0.005956512495585921,0.003411210089642072,0.00331793768881159,0.005861583906413872,0.0031062953157915325,0.0011223460674338799,0.0025371663195980247,0.004566698931335155,0.002119011601298172,0.002619906361069148,0.005533951869622035,0.0027282240937265157,0.013884538706352385,0.0016094385499792587,0.010582345252134903,0.001755239215378338,0.02396840510030496,0.002620562042409948,0.004176902974893324,0.0019768094571542896,0.0003501434842680035,0.0002620737935489403,0.0067355796756985815,0.010687974685976527,0.0031556820988890644,6.950157942654686e-05,0.007293729827771553,0.018068876046432904,0.003100731278813098,0.006406695427709133,0.013144299832286559
499,0.401750471170301,0.004340866323101448,0.010304353731706415,0.005369446911359667,0.05752866889626215,0.00232646316058961,0.0029539580199058712,0.0028641231211808528,0.0017601073843138454,0.0032745167437513993,0.006754495584117592,0.0013484083318820136,0.0022875756084535723,0.001676782757364984,0.0022693010391205528,0.0025212629278809594,0.007053419538683027,0.003394153234317614,0.006244966439608689,0.05712585286533263,0.015517006074474924,0.0066656706557265575,0.003127292460563098,0.00922331207531332,0.0026202067701794024,0.005231332501782893,0.0017508540107208739,0.0015215663884477967,0.005727734549896375,0.004161505462248084,0.002788774159523527,0.012914119456583703,0.0017104155810615548,0.0010901323148878803,0.0023075568828226424,0.001369823099909878,0.0028041887678901317,0.0039630907012275325,0.003368269610692387,0.0010743357423225373,0.0032539085980306886,0.0020666028038077862,0.0013888997858750615,0.0015459334192871725,0.008134277641376616,0.0026653557494746467,0.013095693112136386,0.0017025691549151115,0.005455783841225747,0.0015676393901237287,0.014125885459850458,0.0020721152974953853,0.0059716067652254064,0.004634007243924489,0.008334620641548827,0.002191625304654501,0.0013974205301820139,0.001992351229400663,0.0026723363313273596,0.005687751623108376,0.0017047698416674244,0.008102587434291651,0.0007981096478586593,0.0029576586312669633,0.002117212235882787,0.017523461168961026,0.003098827546975106,0.018348203468295483,0.004480249714861664,0.06685064799527905,0.0018361599701098494,0.006627582734727564,0.005823935002608201,0.0012175900126401077,0.0002975854275571067,0.01765040745435256,0.011197145562796431,0.005219119114202229,0.000308673741054319,0.01149009816118743,0.0192867219649798,0.003015310289108227,0.005182549123271172,0.02282262877758579
