abundance_controls,secondary_structure_fraction_sheet,zeta_potential,nsp_secondary_structure_coil,fraction_exposed_exposed_k,frac_aa_a
-0.019620165164270145,0.020751525930725677,-0.02886588494744989,0.14742166839730272,0.05955864690015141,0.003321446590368192
0.17991281037587037,0.017368436659615485,-0.15349353447399597,0.012192003738771032,-0.015111532583646604,-0.020377678973822644
-0.04035191806905227,0.031840958838824165,0.006210440259569564,0.023425082643236828,0.049187466117208964,0.03164860745620479
-0.013319335942096014,-0.025374150146140702,0.13761743711914134,0.11845375262749412,0.07698958595988632,0.09685487085342462
-0.044968895037580066,0.006535206711248772,0.00014912858396837311,3.3073983131067e-05,0.011001489882487203,0.0030824213756756335
0.09182986472691101,-0.09227798277609042,0.002854540624531771,-0.08448014736029187,-0.05703533446995691,-0.06990211063487109
-0.036207451505506937,-0.08859608951261126,-0.022652946133334982,-0.06722852518698376,3.663167404042824e-05,-0.06039442941181154
-0.06189236935633271,0.1664294348353791,-0.022828619529544684,0.017200940163430534,0.020884200730591867,0.06714989920758453
-0.0397273378174896,-0.008306961389406366,-0.06199519579594313,-0.07073186003656093,-0.03505831986985498,-0.08732265699758816
-0.0071865081899363465,-0.03441926933860445,-0.09202575636004347,0.10805936193797466,0.05916386010292121,0.05068302526106226
0.005142167387393223,-0.05220314920590981,-0.01656115555201018,-0.20088475303407102,-0.012049961974867516,-0.08234064197015258
-0.050513938960422694,0.12971259997840318,0.07355898271650663,0.0421885166075146,0.05495548579602238,0.05806880103660837
-0.03212236223829598,-0.05537729910914936,-0.0052324059958250855,-0.031967001321837295,-0.06044849369911076,-0.021511663717724037
0.11155991908331887,-0.07194526963908891,0.042903879764659786,-0.06586632960102543,-0.03657515096046642,-0.04264432256385863
-0.04557070997586118,-0.015575535974640337,-0.062247941485373895,-0.09473225403660325,-0.052691676986802535,-0.04363688177640843
0.026915304372161847,-0.16096863138966094,-0.07751285677326164,-0.03339934189188298,-0.012438747043290701,-0.02367563643109968
-0.049482708088967285,-0.07293253844710282,0.05237694953302922,0.011952615779279559,-0.04631176317374563,-0.08532950850844967
0.08010322319366864,0.03801676570256392,0.022733680937293017,-0.08227138452195301,0.004662480215260243,-0.03306038341957614
0.2983537456975555,0.07804976725044135,-0.06610385309793386,0.15343607070228926,0.03874152487768167,0.026998668468763868
-0.03853844712243093,-0.014378121184539922,0.06605342248002219,-0.029071249316466093,0.03218002593843195,-0.0927587205485467
-0.008979499940158573,0.046841475136145734,0.019424162061894998,0.0340195438781905,0.05451853541196526,0.03265765484606657
-0.0447554772336076,-0.02556043780525893,-0.022601688224648152,-0.0740406904498271,-0.01263077187710059,-0.09666247607998227
-0.026291022018288673,-0.031179750580068416,0.025878673152078546,-0.046385606029622266,-0.03119045020346575,-0.0406669055836283
0.009571746907040527,0.04850779484155682,0.1558249997643042,0.13027764591093954,0.03247142049118881,0.07009366761115508
0.027268473413436377,0.0846050836030591,0.19654098774251372,0.014247323469034715,0.05843611175637982,0.01845915728947387
-0.04350564294859494,-0.0034529881613359196,-0.014618133431090185,-0.053363765752962145,-0.022655083245469318,-0.03759601434428854
-0.046459028331699036,-0.06559743436253909,0.08633741634276602,0.015735549160393783,-0.005640325616194236,-0.02990539465127191
-0.005473903761476175,0.17450819851101537,0.02224768371344305,0.05664728590289377,0.09919957582669221,0.12684642024187603
0.023161610144282162,0.06073148585888608,0.17395703186093203,0.0437541081766153,0.057720136215554205,0.05356501365134588
-0.05206038216818323,-0.025989779550017605,-0.05178252333812935,-0.06437498139838276,-0.10216696673509747,-0.0562883127523803
-0.042706029837953643,-0.020046432962384966,0.022694533466728867,-0.07407175719586252,-0.03652750591925659,-0.0429334304041802
-0.04004041223027046,-0.012672632178665096,0.05306339774134142,-0.038873828200523694,-0.014458245031383305,-0.030436769451886832
-0.057024800248967576,-0.09798591831444849,0.014962905177325635,-0.07944176842717882,-0.11786460439024463,-0.01757034648717003
-0.026238722727021536,-0.00028775255140093056,0.011876672093460864,-0.018194350058346586,-0.023659103255565653,0.03519520550508852
-0.03848706351604875,0.008006658557839762,0.05171254698966105,0.14199676510495288,-0.06868576382277199,0.06627393130912844
-0.030912058422551323,-0.09777773722001495,-0.05575931125803414,-0.03087896755095311,-0.023430521276317517,-0.06717119312463452
-0.038618370384925896,0.009755784292213786,-0.09070436307980205,0.015762551192996178,0.010269216650017706,0.02177053656795246
-0.04556472609873517,-0.07294324658878308,0.024459343859765278,-0.0013865132531769126,0.01999531634896011,0.0017846781925390902
-0.04280479804704135,-0.04500668561736076,0.01550662270566889,-0.07869034825683019,-0.07753712783359923,-0.07163562028988814
-0.05953484191753357,-0.031231501201189216,-0.03824038207896116,-0.12043594323761017,-0.060025938381091354,-0.05595144112641754
0.001364003274445958,0.014675853952022514,0.09450584696685702,0.09016745934521435,0.16668942685686797,0.05279316693344611
-0.16474160386166856,-0.03341385737695346,0.0030523029639747206,-0.040539124424838195,-0.06808347288057633,-0.06059389994171879
0.2993125760261469,0.0586573053688709,0.009612831171183783,0.06055203070604502,0.12809324111408066,0.04765433561894531
-0.030012760276822134,-0.050075101647799374,-0.0500380731540587,-0.0835147504190336,-0.058217749068144135,-0.06570054140906717
-0.009878218077971169,0.03499217825194573,-0.06549737406950817,0.039806798758081345,0.041890981469898336,0.011054596144101533
0.2198851908320373,0.09170114938116534,0.0010267879484977833,0.09362670843626482,0.06824694863686309,0.11095075818480149
-0.08637497674582581,-0.05209591876461299,-0.06270969490419845,-0.07992324991436693,-0.06271016015074907,-0.02715059343696765
0.21360185821183975,0.049878626880937554,-0.08353950509317258,0.07454491472754186,0.02975395347183455,0.0846031641497229
0.1379393485918207,0.19344940208558287,0.0449918649082362,0.07837816720294742,0.028289762422856395,0.06917697794430887
-0.025086883067467716,-0.010798826959135298,0.0058472592273021776,-0.03745635265734526,-0.04931839577016784,-0.03941464806105162
-0.02615424000531268,0.024629682320851592,0.0873869750717009,0.14628589773188602,0.04853207894319412,0.007033784919216911
-0.027789145401120763,0.2291770467525381,0.05819650878146257,0.07410777720088087,0.037214975731021095,0.1538776879616546
-0.03514199082254494,-0.0035074998377626052,-0.015815597566928342,-0.07117336333462652,-0.02798174749862959,-0.047278032054413714
-0.03169957368389363,0.19066865845518619,0.1045782330464387,0.003605823197178585,-0.0198694220560772,0.03725949078537079
-0.015239599125119869,-0.12602449903947788,0.02989942247667393,-0.0513146020935041,-0.05132297003306129,-0.03681269169181863
0.01952888192841402,0.12675631146610247,0.030681326782334074,0.04260607351365317,0.063490336102269,0.06560033748144076
0.1340295707481788,-0.05237733007408079,-0.06321349746989464,-0.036315729934090046,0.017118773264724867,0.020469720150627008
-0.021969876350773777,0.0490645590059873,0.10519446180094787,0.0024330622252613904,0.034526645143482596,0.015311936376786918
0.08248572664710128,0.020953209345308775,0.02308368026554835,0.04270065624530878,0.03402654800852016,0.034240313634966414
-0.05290080232086319,-0.04110568058145564,-0.0010383229537741184,-0.09637313443068059,-0.06446555623035691,-0.04564131779308576
-0.05511219607820378,0.12545779273884736,0.05362000666467168,0.04346061597891852,0.03577786707423143,0.04380146471014146
0.13948705263413944,0.1776426428539244,0.0376915278125198,0.06373924336889442,0.01721309495580794,0.058701997442266715
-0.02041615304512689,-0.035709564656742604,-0.0428406997101676,-0.027767387553613354,-0.08563352616275617,-0.045855831052786226
-0.019216014136907135,-0.015478815760330824,-0.031017676772399375,-0.010770083364523517,-0.05634035875769467,-0.028036477229630104
-0.15884133580533968,-0.050037104225199296,0.005848597660922267,-0.04747078082166768,-0.08092844997241767,-0.058576729544226463
0.028876257635660048,0.0757178843647664,-0.06078000028493249,0.14903340328514,0.13019690330545655,0.11228798336526463
-0.008696169738979562,0.11085070370044038,-0.015520588832229388,0.19466402022747073,0.07672798802040363,0.14720707663367405
-0.05563914812323178,-0.023460342066401144,-0.02548310580995263,-0.06672545062156662,-0.12381123876056813,-0.059035109763250014
-0.0514616495126085,-0.05736290901788353,-0.07875038276328437,-0.04341898799477831,-0.023661340931796625,-0.034071225921507665
-0.1920011690691999,-0.01954782464795888,-0.02414509191637659,-0.062075823722408406,-0.03386722104290894,-0.056747742514227796
0.2263299475781672,0.07913313572607665,0.04502807537031303,0.1459996024228592,0.03803809285852993,0.05521182071495957
-0.04148037420434814,-0.03996476959899512,-0.03251027245135808,-0.05262225449551457,0.03734774469959985,-0.06104470674808612
-0.045884232425339413,-0.023730717400814,-0.006042234592003816,-0.012680457359930047,-0.000537232118307211,-0.057889769061103956
-0.03670693444106441,-0.007041196007871656,-0.07049073718534309,-0.029065309263702054,-0.09483552081434272,-0.0250234201487955
-0.042525621780194964,-0.011783275618076168,-0.031589671936652505,-0.0466773169668845,-0.00908656010483739,-0.0457372151262159
-0.04360649677524986,-0.022477227496885164,-0.020263713180586975,-0.04998682012964511,-0.03016436131039144,-0.05255420376175732
0.29748780618559256,0.03847462604789375,0.016941309828824695,0.06871382756730855,0.106520620729563,0.07869691602379683
-0.08314342237839278,-0.09864377048766275,-0.030975085604562184,-0.06448906753376553,-0.03683617747645446,-0.06814744589375997
-0.040907152351059246,0.03627423249112399,0.05494743274916234,0.036024766446466565,0.01822205442246802,0.06255065014315013
-0.08230127642222147,-0.03207825740585188,-0.08923223584483594,-0.04329455227820403,-0.013305805155431796,-0.06561462795484192
-0.0368273294535445,-0.030653388351325323,-0.023144778460024853,0.004414688336669245,-0.04508476697537882,0.04096303479908417
-0.018847887946037804,-0.018695911931247144,-0.07777546875684684,-0.025513040821522545,-0.09502444448650209,-0.0074144223669365935
-0.035486635639069,-0.05740073131974479,-0.04992523885189645,-0.09753484830312512,-0.10721409639297792,-0.007605696222556378
-0.0738528175625341,0.039972896686070396,0.06029349918397913,-0.05921679803650467,-0.1724696803912825,0.003508068859193814
-0.06473443304165273,-0.015994567802585968,0.05123078534133328,-0.012665021148848576,-0.002817393690102767,-0.023008183441393975
0.16787395263367694,0.25243331048925266,0.035270324404213974,0.02980406690947875,0.01113207110746138,0.08048028841049971
-0.03139043228592151,0.1777022856685513,0.04339021812543559,0.08941953342510033,-0.018400307295160893,0.041127657598220214
-0.01891125941414869,0.2552069555017862,-0.04521259819661789,0.07417238630300568,0.05723573486395395,0.06189575242756278
-0.014580197586280796,0.05724869906488834,0.09683042649221618,0.07118819645366305,0.07188412775243626,0.08312055197899985
-0.01656399138195401,-0.07421184440910421,0.07971499452211123,-0.023445551488907174,-0.0241358267368623,-0.04945195460280306
-0.03383767175982507,-0.014917762374632541,0.028119335864150344,-0.06578775599084508,-0.025216912462824495,-0.06605716421376127
-0.01513820275298067,0.12370780850184618,-0.04371280438969602,0.004178895149079557,-0.013888244524750092,-0.002654630379724187
0.08010322319366864,0.03801676570256392,0.022733680937293017,-0.08227138452195301,0.004662480215260243,-0.03306038341957614
-0.04078786811452895,-0.04116197912058407,-0.029334681622258496,-0.07676009314559445,-0.03525325505408366,-0.05819584334672022
-0.008126167000077532,0.01872449172172687,-0.07219407579846439,-0.066937604744898,-0.005265595213580638,-0.0009531214615137387
0.15349589776809622,0.17635091707735276,0.04083311222511205,0.07227333053348481,0.03240048659655789,0.0976776020749132
-0.01160661067502298,0.018188164503376757,0.015427810453430503,0.04795114042034352,0.03535346185580836,-0.01741085486585229
0.09706101985610788,-0.11697022600331562,0.04268213314677302,-0.04753226793654787,-0.00491332567834031,-0.05537384959307323
-0.01234445706088081,0.11176372377975657,-0.01057119656783384,0.14179118253555056,0.13632755050366657,0.08303752687505107
-0.021364624518143555,0.0663838334288155,-0.03346810218054133,0.18051516435513365,0.053687179413711386,0.13189667902511226
-0.03832607488804103,0.00247892140923755,-0.06091335098724785,-0.020749502514707065,-0.04004976443306817,-0.015405819002489522
-0.030459505994329335,0.05290940672043205,0.055980276028951774,-0.02252963416092786,-0.09612354656231663,-0.012064246107874937
-0.062137138122646776,-0.023382586236044445,0.014093337033612312,-0.026921653954461413,0.0008575130234088555,-0.03046040112990953
-0.02878883376835272,-0.013507123213723294,-0.04868490678239959,-0.08092397481993635,-0.07699744068877307,0.029932561361091698
-0.04042182227832072,-0.02117433947061543,-0.02612288900322854,-0.053751383567715486,-0.08722460557508878,-0.033732778760821036
-0.01234947719024426,0.06286650255998702,0.08443871629522597,0.05690109682608516,0.12585115623590226,0.11549086269256703
0.27486994997202546,-0.01840961133194647,0.05608043657945378,0.08838630805849432,0.08669028214817139,0.11020511469415571
-0.02275460926401075,-0.023872097305130402,0.039687166263113,-0.017720702290638997,-0.010976884409582614,-0.03335741040151529
-0.06576179105296241,-0.038791267488317155,-0.048175093481580646,-0.04304930677866352,-0.03769232897754936,-0.06127811911046908
-0.03282892453631151,-0.022566712094111204,-0.08072533593007516,-0.07088824076694482,-0.04467387388402185,-0.036365066764047174
-0.043862027812520625,-0.09740409224803197,-0.016798883136362068,0.008193663148504511,-0.021976339522349276,-0.033444026604189124
0.14208909479829307,0.15465607996323372,-0.032748450029763634,0.04279100856282135,0.03264193630830325,0.11645878075294476
-0.05198577106618453,-0.048727566703556824,-0.014758907358099045,-0.03970551083398441,-0.06427956768471159,-0.03723107532348879
-0.016781542437436504,-0.035513553325090194,0.06958769530666159,-0.057376705985001976,-0.013525366092680525,-0.0304290549250807
0.011950113661749053,-0.12395815836171745,-0.13475535859860174,-0.0385953426660855,-0.012476515792561694,-0.0011966654110481356
-0.029629069254463097,0.013933248240617958,-0.0076747687492532465,0.13421639659024825,0.02149677302491939,0.04405132716440027
-0.03848706351604875,0.008006658557839762,0.05171254698966105,0.14199676510495288,-0.06868576382277199,0.06627393130912844
-0.040460264733057257,-0.12554483413534223,-0.013160749651357558,-0.057949194956746504,-0.05460368407887839,-0.07348036837015974
-0.04056656078150263,-0.0010937788935325803,0.03181884304630986,-0.019844716453232335,-0.026540226424362393,-0.016936295438932946
-0.04830348488623406,0.06314276087538111,0.06082284041080248,0.021060224153425535,-0.07644851285473993,-0.04937711058376779
-0.06613320416925607,0.036834323922360794,-0.051509483138561414,-0.036629663114307674,-0.15882737524374949,0.023530276887144437
-0.03000281954272169,0.017806249631519482,-0.0464596929368857,0.042210526804885934,0.08098481811132854,-0.009516897713240775
0.003276587187149299,0.009671832723334666,0.19539513202210945,0.02695632589317632,0.04723193445660571,0.018308824195738503
-0.059255650497182795,-0.051827093215859106,-0.0449945204686233,-0.07032186009438153,-0.05803452461878445,-0.0831127743767464
-0.0378726018107791,-0.11571693667913141,0.005523289503167,-0.05472509205532104,-0.0815637064694515,-0.06777690900800748
-0.04371304526270701,-0.02941771298643646,0.030080868137684715,-0.08180196596882684,-0.027142948980141378,-0.04815656713656225
-0.04836068975676105,0.14188167766647455,0.0983745852291797,0.050729357638057186,0.05337541072735432,0.0641591804844023
-0.026184243716536194,-0.089271632087965,-0.09942782164525515,-0.013176884626809817,-0.005774164421905773,0.013280726283074213
0.036217783733692686,-0.03206655736428562,-0.1496005590748566,-0.009564207306603623,-0.035863257493655654,-0.06347392062354205
0.007776230078773747,0.06656358784912667,0.18666862445653087,0.09846614901437649,0.030405028572847576,0.030927257379905003
-0.041813412028862344,-0.037206154458901124,-0.047951670446118685,-0.05165400678745359,-0.021642435298409847,-0.06060535136578098
-0.028228194879039784,-0.04917419441830564,-0.026822297755688396,-0.0746383475304477,-0.05416330371381176,-0.06713982695942454
-0.019317671045934688,-0.03823280783001414,0.072919427229128,0.09249748683173999,0.05549331767981395,0.06447644725238506
-0.05159350601624185,-0.016315702628020116,0.01131127740767701,-0.02336728830765666,0.04228426038460213,-0.002213407420645652
0.2673188213180008,0.07966187630941132,0.014305890219945777,0.09804321075473724,0.013542235091260887,0.12472287661119635
0.19914295071646057,-0.06514226954381065,0.061484570963395754,0.0507112933255275,0.03345794139261498,0.013672387092154244
-0.05416059302691424,-0.029164652258641757,-0.06925969135782299,-0.028888947076343794,-0.013492913975093864,-0.010825591525725878
-0.044090085478587684,-0.012528350961311085,-0.08351502742819684,-0.06157534346159069,0.05990855761073579,-0.11702740885069839
-0.01457958904138342,0.18892365044757362,-0.012357596273533139,0.06880315177299193,0.1007044785635977,0.17931418806337773
-0.07765351399257947,-0.07156353009517835,-0.03900893238488491,-0.08348118360746774,-0.050911007153272306,-0.05863727472418786
-0.0467233429009094,-0.02532532422042251,0.03991281814359683,-0.042070295485673134,-0.0006460243779338818,-0.07554220847024054
-0.008370678604806288,0.18508034265827716,-0.004848439170384458,0.05342949066464992,0.11380619544301508,0.1498124047674558
-0.036990077272805844,0.04733194404802737,0.11665464420723166,0.020828547669071353,-0.0002644601422146524,0.034131003723491496
-0.014807651269641516,0.23467850162675657,0.06660489262778403,0.09782128382801358,0.06410547980128638,0.053070609634732015
-0.00491404894752952,0.09427366281124974,0.042050280808183724,0.0472801242968222,0.06546400396617731,0.05925117221147251
-0.04381719898943076,-0.014723678756624704,0.023255063146455854,-0.0894926383652364,-0.010553627693022347,-0.00261706153633118
-0.01786108552928618,0.09066256900527489,0.09749639370079465,0.04726795737362032,0.10053106490856135,0.19127505332789352
-0.03729977662506072,0.009421931604180962,-0.00582295318403707,-0.03549265843689662,0.03815561869081509,-0.013751326711835972
-0.04260502023763531,-0.0006987781823592573,0.03830158036903399,0.06783582753859016,-0.0635226789203046,0.05709660575232023
-0.03997691719759776,-0.053125847037250394,-0.01569536546950338,0.00866641889425185,-0.04980299162837924,0.034379167946007816
-0.0392314341194212,-0.016370725304369865,-0.08547024046056827,-0.0043434422763166235,-0.02657991716195955,0.025929768668835756
-0.04724101141303908,-0.017436401952095934,-0.08257088475812066,-0.0471450494420152,-0.09926399905978706,-0.004238516225660245
-0.008355156220264599,-0.038520183944305536,0.009627455375326938,-0.1770612205156136,-0.0951496140542066,-0.0726533300433488
-0.0698585036137261,0.06542957511367567,0.029744875495092953,-0.04594011377602617,-0.018136164406889824,0.0021959451186952888
-0.047986605213424016,-0.0800640343362319,0.020775771036304885,-0.02382596416963465,-0.007834389931624011,-0.009747070336454468
-0.05155812399752363,-0.053019262826565744,0.014382713530432594,-0.0619359475679174,-0.06952903491963787,-0.07769784083734678
-0.05143765810972117,-0.03520351667780121,-0.04218191774367104,-0.07184285269329899,-0.03858671208831061,-0.06427317048751087
-0.09661334033579845,-0.04045069286840633,0.000895827203003152,-0.13982592357885082,-0.022346861079082722,-0.056867193001173245
0.02721245086185821,-0.007955865196837277,0.06727861811072702,-0.06080868407065473,-0.02876601392244491,0.0033494492810623114
-0.01749847599051799,-0.012570901276054699,-0.03938668455649634,-0.04000743606590656,-0.040831898111951676,-0.04240991450942017
0.06605248113354831,0.0464750277488989,-0.1430799902647891,0.023552135330094686,0.021609375957417572,0.04155441033865124
-0.03363616678890992,0.25903882861309946,0.05788485821824872,0.059308009455827704,0.07178248719267415,0.11613650749645581
-0.028611271853231215,-9.666690910268145e-05,-0.0215666072124126,0.014784973558987844,-0.01981632718050568,-0.014842928445735114
0.15379992204000809,0.2184735583548938,0.033444976568289396,0.0773961901964361,0.0337095586828728,0.08929661482619554
-0.01935254342703835,0.2186440975654064,0.04121293635158428,0.09219334404697468,0.07958557753758877,0.17104007669901755
-0.04583415757876797,0.01616749477996575,0.002362838993793938,-0.00038429793478094197,-0.06965557592333746,0.016453269638816485
-0.020141847888297842,0.11260641343694727,-0.031245281876133103,0.05709850312640135,0.08394174250072688,0.022702873759525517
-0.05574826633130753,-0.034002949035049426,-0.02625475326574637,-0.00936346551316968,-0.10394404271753525,0.044365176091473786
-0.020668803524907155,0.12161816713720534,-0.022558029651939617,0.0577504881546563,0.08175872720341773,0.025760378899788924
-0.00414629469963131,-0.03406820528521086,0.00427711904199719,-0.1955565086067744,-0.03914604496548864,-0.10920177983020068
-0.02017285199707859,0.04829509076547684,0.06598054800423972,0.058374339000223784,0.03227971564804824,0.037609411173111354
-0.06486877781056431,-0.02087394038351749,-0.04316629247860689,-0.055793667216685466,-0.06736614411714055,-0.052841284930357696
-0.03109891957032566,0.04051989818308378,0.10191364676012726,0.014820145435348615,-0.03639244042569797,0.027188141789200877
-0.021408863181516573,-0.02859553297000624,0.13061121862670588,0.011056660383459942,-0.006268824033035877,0.014888415219658446
-0.0390149232090815,0.0003898184736865875,-0.10101011672098432,-0.0010462966892249852,-0.08470117919319944,-0.0069280182065478545
-0.19733113359189458,-0.037710416876495644,0.020317569840656538,-0.08226322296163906,-0.022720640238220218,-0.07220704978942455
-0.04607796612626062,-0.04288514064997245,-0.03713068295097539,-0.06703989561949408,-0.0935239340544822,-0.010618105825718831
-0.06337610234462375,-0.02941616551903343,-0.029162997514832038,-0.0576037274683243,0.01711924183652674,-0.06277246744392026
-0.01666293666532413,-3.9874631145602305e-05,-0.09179835561489032,-0.08849406225912503,-0.02570613112924257,-0.04980205655498147
-0.022987906550830682,0.025498693556010307,0.11331233736220298,-0.001683142443945274,0.06961856005538232,-0.0019388385865740712
-0.05379604397825382,0.22075462581098038,0.017808591532225186,0.05020641960652424,0.03192623056406641,0.09472223557649423
0.2125160552958557,0.05267547021557726,-0.06905191413530123,0.0657807886650162,0.027305555794502098,-0.02064939091980049
0.053023878998733634,-0.14160343424882843,-0.02249551830309705,-0.04435668879403698,-0.019380795610114944,-0.06347339352338201
-0.04323840925684739,-0.062049702747435556,-0.052296717644155645,-0.10118040890589167,-0.011226683916056673,-0.026351747606483514
0.15497676014856565,0.20285666505711497,-0.016745486269608183,0.0820633233553568,0.03430536871703078,0.09874367145295442
-0.046863636629084424,-0.02975031333102437,-0.04302154212730065,0.0331907053426378,-0.019261639044616207,0.03320586865288011
-0.06794002284781914,0.005936645465337604,-0.1360000204269645,-0.04797516295119821,0.006245167229259977,0.0018837998105442513
-0.04355156479012293,-0.05720637294138942,-0.044885552013373006,-0.01711158598054973,-0.08202941933082601,-0.0007457676687765154
-0.05742040502864436,-0.046871622753664785,-0.06831969709690594,-0.03479892001274234,-0.13443404845785933,-5.885419077533421e-05
0.07528912910108172,0.018047035257923127,-0.04492331746617346,0.012925614431488344,-0.0018714917941750984,-0.09797533829946185
0.25345249228198274,0.10109679524002324,0.006265912897063882,0.0524617033539518,0.05668751099898336,0.0531231014208651
-0.03015923645820353,0.006674606359794515,-0.1015983862958629,0.006488208918321914,-0.022697902105079444,0.020294127717233965
0.08991467696767959,-0.01134802126054821,0.020662892648907603,-0.0300799993170642,0.013408209477228006,-0.046289612134005884
0.22603038837731687,0.07894278940657525,0.046714914820853326,0.14730165267365303,0.037614019313241896,0.055517862460217046
-0.15798081744018905,-0.03632428083544111,-0.034092570963654346,-0.03953147644582448,-0.05812844490740068,-0.05728587445308096
0.36519211868752954,0.06053670929353335,0.025478723326454143,0.048312812465746174,0.05371552775249749,0.04286408234267493
-0.058934480207311915,-0.023097185887245325,-0.04935905529935115,-0.026592535852154545,-0.07439868084486344,-0.049173705193861515
-0.058239430776627264,0.022880055664583742,-0.05713129228649192,0.016375037713645173,-0.006350964405259538,0.06184481657822104
-0.027942256395232578,-0.03660140224317424,0.10212511050092324,0.049897583156354675,-0.007855624805302351,0.00022366367581409677
0.22770968826591403,0.07342085619724209,0.040702896780418135,0.08975608292454829,0.1034957377400424,0.06452529636211209
-0.0371379235582771,-0.01015128063020168,-0.04459762194353664,-0.0658354949040273,-0.04478574427640641,-0.09198061239118793
-0.040926030910075364,-0.007352207569364543,0.03537359685979234,0.0031029843843575146,0.04767281283757646,-0.006498621093162571
-0.040323472335160794,-0.08103000184310223,-0.0752401860997239,-0.02990728955743059,-0.0067821499981177156,-0.021028649538948372
-0.036937964869455386,-0.0620861570044662,-0.028073526898223844,-0.059085191760001196,-0.05127595682360353,-0.046118245833729574
-0.025668849218332804,0.01528745524260877,-0.006282915143417722,0.12978448151521307,0.032445371935436854,0.030546992739118452
-0.01597016515755984,0.03725649748365072,0.09488350778405874,0.16224630696080428,0.05645479157823219,0.057244480558223315
-0.028663549263715296,-0.06317815750434738,0.021201848598249303,-0.04310874521696235,-0.03243746242660448,-0.0348672408611716
-0.05165375321273876,-0.04363554754197317,-0.06552560170885686,-0.032392515744456375,-0.10459628303457175,-0.05414826070674268
-0.1384890541397523,-0.04213196815853335,0.020782832554777628,-0.1238835292882523,-0.021594698069808165,-0.07798231489928974
-0.050440873202952256,0.016053506682470343,0.0006456771706197273,-0.12969007663968474,-0.0030272259606911197,-0.11303612699700985
-0.029427295210684823,0.20795213637334362,0.031514453738819295,0.03141008340559077,0.04342215318622137,0.14863950189077788
-0.013211301950915329,0.10903071811159126,0.0698750204901445,0.011787483917840146,0.012121065754854235,0.027296115363274812
-0.04845187526964445,-0.0363851750090601,-0.08693883454400535,-0.029397358492025363,-0.03609303270011724,-0.051769844157748914
-0.04839290193204058,0.020221336724030797,0.02927491270900242,0.013027806294052367,-0.06016079774259576,0.011652137886634956
-0.021132526697627867,0.05287538127679997,0.11564545825081261,0.04861415543171042,0.12155591836868829,0.07751333410080388
-0.016589015212479356,0.10963177759090126,0.12308965528693713,0.1708296682743656,0.08222086478455604,0.05809427202186734
-0.0535385462103763,-0.03812419225308704,0.019105744844610188,-0.09639836347867002,-0.09107285646879584,-0.04991873038417857
-0.04285614112421811,-0.02445137851518844,0.018252322957096407,-0.06073120238925689,-0.03856682000492762,-0.11139150892183221
0.29167896941796395,0.061277837004323765,0.10375183391370836,0.0681613886781896,0.0238508737794061,0.033910991768531004
-0.032173862674536376,-0.13643741895959718,-0.02050614550337755,-0.018476222862969204,0.01044415905079804,-0.01874231000492863
-0.03375186706492184,0.20952573428026786,0.016857448838221593,0.015921411068898845,0.0375226397284301,0.12949002802135526
-0.036583894140343735,-0.033634565214038764,-0.01837967181359573,-0.028171043837917107,0.00327299998579047,-0.0923919891916557
-0.03171430441049529,-0.15174534714369559,0.03483668465289892,-0.027854350155768582,-0.03431078802008419,-0.07615840561561185
-0.016864241558378353,0.1458434218837052,-0.03964397114175141,0.06007051841451514,0.05294145437461944,0.028433577094060712
-0.04539589199852882,-0.058772982209856724,0.03803368228594687,-0.06562386184665865,-0.11409412432614627,-0.048846014160111154
-0.016703120034010255,-0.11579567559201935,-0.04618343903250791,-0.04544418116894806,-0.04899123878064195,-0.08998565579385394
0.07725790371840512,0.0278151762994566,-0.05306683927522796,0.07831820172951583,-0.018792200430878852,-0.016129002424135338
-0.0286780085737532,0.13918187104147603,0.005734357788998439,0.02729136765491165,-0.073801771117862,0.011332019537621758
-0.023715553723428987,0.2078239861103606,0.11905154535506249,0.10282591891923089,-0.0061574228707017955,0.055326680965136925
-0.06014924668562224,-0.04888914574797329,0.05619224669467897,-0.047206399906118295,-0.03446871221824858,-0.05316679083463149
-0.1682466551898863,-0.08029126625109208,0.01871199215704007,-0.04603835287134613,-0.024969684920474203,-0.04131750198627647
-0.007525590661532718,-0.09247214719073502,0.0014177881271124721,-0.13381045212188075,-0.03382086782406904,-0.10763499649493408
0.14691736352746962,0.2215449263560971,0.025458272429320503,0.054431738161173936,0.018624721867111917,0.08356466199258218
-0.026024714291750795,0.01186253766367639,0.08788217416696416,0.12837137225394543,0.05206656380533297,0.004441213078902055
-0.0107911131167005,-0.01957949554537905,0.06529790967681555,0.03313172935294529,0.08231288576683708,0.0622631574965259
-0.02662241044632122,0.03161334050850139,-0.04186656702241622,-0.03037436821578757,0.057153292198627165,-0.006720937682717729
0.14672761257379102,0.1924703182125934,0.02284047350399981,0.07411416536340981,0.03595816504399757,0.1011157637898175
-0.00862434279323611,0.10608562276144136,0.023154884814190316,0.18473222769999906,0.07843831138945434,0.1525621777795498
-0.06225851655142405,-0.04279769848510212,-0.06598985869006946,-0.050003786216462114,-0.03463985633351641,-0.006981160522547037
-0.018490606178260042,-0.014368184940922502,0.01320804458309148,-0.08797253783897795,-0.04293919710152859,-0.04210685615136643
0.1956498675084812,0.09886382376835331,0.009636440098096576,0.06240575259836806,0.13919652893275417,0.053576773957851744
0.1734111484217384,0.21464247909796272,0.026960209145130837,0.07383136278649638,0.032637878919850837,0.083053762551773
-0.051532748533372114,-0.05309253762909477,0.02465253958722823,-0.05593529581912679,-0.08716250958245776,-0.0857495010549533
-0.0545380484937848,-0.03929898891078457,0.013533889846394117,-0.09577624907323777,-0.09439800666498047,-0.047790719475282906
0.13308857854078548,0.20713198004307132,-0.08573373074834438,0.07286949205185078,0.03968879416935816,0.12921085006329797
-0.02686528037618227,0.021904085081590523,-0.0761643230427918,0.008183162968813969,0.010487927860006189,-0.02004062251240362
0.15388179480162797,0.02619996127630483,-0.014790905463739977,0.09701176452244738,-0.033774324583483714,0.01675892825987891
0.006709637197342449,0.07892909081408289,0.008395392325990845,0.14526381553532905,0.08264437478180937,-0.015462019942977323
-0.05038525161539415,0.0016789069632671585,0.05686691125500893,0.06685188515192572,-0.06375336840083866,-0.024859096620118943
0.19600451090435897,0.09285931889861988,0.018865467544628485,0.09211966594352888,0.01638271439697518,0.07495882987264284
0.017137275394720503,0.04492869197153145,0.1100534817466578,0.09300860110918596,0.10226571496187903,0.073795796587752
-0.03853795341907793,-0.06480439586509729,-0.046848375394141634,-0.05754013056589696,-0.05973050542746269,-0.0512416121437341
-0.0329082652721094,0.005204399757169403,-0.04838921178839904,-0.0916021395127398,-0.0022807751474545144,-0.12364360364224586
-0.027859743654792296,-0.029179619410951402,-0.012097226759387283,-0.15520929885838194,-0.0686409488763536,-0.07267805605715452
-0.011343438452392256,-0.018682239582528928,-0.08454096294469435,-0.0757819630182473,-0.03432853932293758,-0.02968702797072805
0.15349589776809622,0.17635091707735276,0.04083311222511205,0.07227333053348481,0.03240048659655789,0.0976776020749132
-0.03139043228592151,0.1777022856685513,0.04339021812543559,0.08941953342510033,-0.018400307295160893,0.041127657598220214
-0.04446639423471064,-0.011074679370382406,0.061458542983428725,-0.004071875846336297,-0.05471316926829788,-0.002058413201044922
0.12105330624938918,-0.0839494078303267,-0.03697026298922565,0.004877235208483199,0.021644504984265883,-0.04305711491027529
-0.05108753489377363,-0.028082833071630144,0.054060271480476645,-0.03173948609268274,-0.031046556469071472,-0.05043165448643061
-0.03541495586435697,-0.07267168227859523,-0.03403475690373633,-0.06181525936429362,-0.08676384935596326,-0.05366477255829704
-0.027789145401120763,0.2291770467525381,0.05819650878146257,0.07410777720088087,0.037214975731021095,0.1538776879616546
-0.04012155830115302,-0.0713566100162725,-0.025495293099599484,-0.09628896176921012,-0.09396122793223832,-0.015371649509836407
-0.04087777096693826,-0.06383919803528045,-0.028949169817721034,-0.0889823843867963,-0.09581064189526366,-0.03714467845397043
0.004226171887386147,0.13023920539541387,-0.0015672052780527257,0.09548258918383844,0.082637434526521,0.04596270521477031
-0.012882992292115827,0.0022285296707186906,0.0519813487651813,0.019342769932162777,0.03273148930816048,0.0492267744886085
-0.01839216778186528,-0.10745852536065646,-0.05313181969973315,-0.04368477369362974,-0.045793384364698334,-0.08509220972942433
-0.04068391945201564,-0.03528982998370957,-0.07345204821055286,-0.06236743988157048,-0.012442132437703686,-0.10071694967573733
-0.01224156620500408,0.007514791235244477,0.12117022199598397,0.12854846485572047,0.0964301532800317,0.1715231445398025
0.0009793179919225124,0.14772290931998885,0.032817796021864534,0.05413897692421389,0.07302634694190127,0.07522648391032166
0.0007035919742826378,0.17385794366630394,-0.017218648985166417,0.05788353141227648,0.07386737666933411,0.09944655308680297
-0.04884489653330003,-0.057179076248057445,-0.0837063178186025,-0.05949939353571247,-0.01765441475167178,-0.022267904841787218
-0.04269965724540699,-0.005311614946175687,-0.0640246740781172,-0.032724640036306485,-0.13265036768536675,-0.05302441914612844
-0.06307629060487253,-0.013352300722535964,0.028274814505279775,-0.0510246592829183,-0.027706369538554872,-0.1438642065766939
-0.027003385110038875,-0.12041480775639272,0.00574796871171071,-0.04238067189238102,-0.043330889788376833,-0.08960135897479268
-0.08001095383140015,-0.06617505759591767,-0.0542561984324575,-0.0841792874365901,-0.043619065024040934,-0.06086480748709124
-0.007006234633964501,0.02612237985221328,0.14471256197915636,0.030297305594810836,0.06346267816818242,0.06487199088623867
-0.026062994824277323,-0.05550430779821517,-0.14828794818037755,0.011646558418314896,0.022216504032896184,0.09074062544417529
-0.017443742791468667,0.014467727797929548,0.12155843995059225,0.025739380573168536,0.001999196434304856,0.02559307720422747
-0.024428082857212,0.07579806475423911,0.08584346138270742,0.15835486552087252,0.031447054280782684,0.0347468289378411
-0.02808164913040337,-0.1025748977447393,-0.04680571965653664,-0.03215653116089053,-0.03300954273219545,-0.03444838989356684
0.11717854019395081,0.2128448790806729,0.037187955588887454,0.0714229587216564,0.042445561136361776,0.09607999798623859
-0.03791106590561435,0.03885866057005656,0.03948794793396194,0.01295630088222885,-0.0030566303585264727,0.03100375922573287
-0.041813412028862344,-0.037206154458901124,-0.047951670446118685,-0.05165400678745359,-0.021642435298409847,-0.06060535136578098
-0.02646081785748587,-0.06768490235148972,-0.10947198102514308,0.001085895230320894,0.021866779281375044,0.09525604746967413
0.0013748382543091477,0.036635973873133026,0.12171266808096792,0.017421784291463994,0.09721385419333581,0.029624057170504405
-0.044539536775043395,-0.020829848694871884,-0.05942932861415482,-0.013083373890644286,-0.041432694171199574,-0.01576868367127475
-0.040862955528333605,-0.002075491625126803,0.041431281799871954,0.1187245786628476,-0.07571619980088184,0.04946388792417469
0.15744963926196529,0.2575431357399385,0.02489568344582577,0.06145443049616703,0.03636966934318825,0.062231813830165496
-0.06512751414412861,-0.04087288493292036,-0.023343425250563772,-0.06469634744480843,-0.013822142883152998,-0.06562915189831457
-0.043677707923346194,0.004532006937269904,0.042971032665719756,0.01939445592899265,-0.01709525444036648,-0.005420947531867023
0.22354859419311343,0.07205368066387328,0.03822364786206991,0.0882139204203629,0.10313794287152446,0.06434709404865477
-0.00014593610197332057,0.029837147003673747,-0.057486935532688965,0.018056029090739608,0.07111261209631181,0.023522434722082673
-0.04280479804704135,-0.04500668561736076,0.01550662270566889,-0.07869034825683019,-0.07753712783359923,-0.07163562028988814
-0.04573670424479788,-0.028906766801351364,-0.04056979604537371,-0.06950314720914298,-0.0723352093416967,-0.05453120770598596
0.1366364511012965,0.18967358622917344,0.054799010982351015,0.0704001224605044,0.01986678444392251,0.06400511500581685
-0.029182545367904947,-0.05982929042144157,-0.05699800149173526,-0.04595426023959004,0.020887227181600562,-0.036978366910854994
-0.011178237084122763,0.03405986096912307,0.0669906624408947,0.13298696952935957,0.10847577574531901,0.19804659728207186
-0.02988595086295949,0.0034913292155209007,0.029674697188222576,0.055234054474695815,0.020348624493749905,0.017210795971791204
-0.032986389796633576,-0.04119177854302555,-0.040681062311344204,-0.08283520214282551,-0.06211990328591022,-0.04754906692243166
0.25626962784279,0.06228350241202616,0.04565240071216778,0.04791934720007797,0.05943534913339709,0.03577661917249753
-0.019914714237556367,0.08732234952849842,0.05780126215073979,0.04438578662389941,0.10199476284146021,0.17808017832277312
-0.05260082281828489,-0.05060541176057718,-0.07181660938128151,-0.07351125802341081,-0.020393835882301873,-0.03855877718947997
-0.030059750575227813,0.0002486244650012311,0.042766540659650604,-0.024335728837185877,-0.06398238892033248,0.009939317463173785
-0.07731593525472974,-0.07202088430813083,-0.03293740323387266,-0.086525972589689,-0.0542475736287279,-0.06539093412568185
-0.019627411756557987,-0.015087742173701492,0.04134502820876213,-0.023603961858430892,-0.03643857740166025,-0.05809339686598294
-0.05071907976170546,-0.02509669314455692,0.012756307964715387,-0.061650128953622305,-0.01979320888245256,-0.05109619546517878
-0.06432773931298742,-0.0582443094483175,-0.0810918636936275,-0.037111401853558094,-0.013409183919332577,-0.04418762130637067
-0.0461881605014374,-0.04831394257619398,0.005876059983209419,-0.08236407224749996,-0.0475526283714425,-0.06055970956621616
-0.007045341243636954,-0.03918360270412959,0.004034178013892739,-0.19214704061246746,-0.05060495884175165,-0.08573755677080033
-0.016275148716293392,-0.04893993141770879,0.04474536239653453,0.022304612083160164,0.032394231762289026,0.04642537255506692
-0.010404800978016928,0.15088117934653192,-0.04719873573455956,0.05401553902841046,0.08346368203613501,0.09677170015766663
-0.03917099790684939,-0.13461450108585296,0.0066224520998288934,-0.04936414179407213,-0.01607189435641825,-0.05375182495407815
-0.01490869892374886,0.048431753134902826,0.09810655535836968,0.06384711970983516,0.047460839662728654,0.03742235789233924
-0.021978964346599007,0.003428356866072336,-0.07677319071236241,-0.09879609237737312,-0.023769694086833847,-0.026228454335994182
0.001847297990972011,0.2335618911115095,0.07199107462874049,0.10470413980933585,0.056527414919892174,0.049653875733413046
0.003487421841542222,0.0765293211409903,-0.06959621619827677,0.011980038907137263,0.0346391883865837,-0.0008557845609005577
0.0544854450066626,-0.1541107957288842,-0.07353691887289318,0.011473169693961267,-0.020911764826980903,-0.05715822799043694
-0.02040017292884104,0.009243276411513374,-0.07209920093989208,0.029283113910933307,-0.03074126736895486,-0.06109662670832622
0.06418279977056422,0.007882738907984922,-0.10392564295221152,0.007694272755120697,-0.007103920626801171,-0.08998563349599414
-0.05952350096518678,-0.018459787369462875,-0.028093404822878476,-0.07601941899852546,-0.03575200857844199,-0.06363913603352342
-0.03462204462245776,0.03631488532709362,-0.03237514900093034,-0.007428205783730308,-0.09086467750455265,-0.052564826907568474
-0.0170749663620207,0.009791476523968431,-0.05168248951398935,0.03339035035953012,0.0504651479220601,0.07868164361737963
-0.09950229189273047,-0.11744881470121818,-0.02462316140556812,-0.06617128189440581,-0.0294276108479034,-0.03187844557769573
-0.022197506682876154,0.05603987018230596,0.12792740274305714,0.05570513356554455,0.0014235939455100118,0.07470947130670898
-0.018729134196706732,-0.027676876334053118,0.06335238339513877,0.03373421176167283,0.08006766882075811,0.10469949307380934
-0.03773420750077859,-0.104038729580425,-0.0420891281206322,-0.033809497255144136,-0.03805707753077759,-0.017347958649616232
-0.03811317563188851,0.01450813800323455,-0.046321607018977,0.014782813626210261,-0.0312812579399211,0.009105210248148301
-0.025187936975119105,0.05056845184281704,-0.08665318827520103,0.05268977857093534,0.004575868074170442,-0.00658656937065374
-0.04777425640208518,-0.04571319179872183,0.020174380184009005,-0.030782849439770353,-0.08458948494269045,-0.07516329176533906
-0.036541964348850896,-0.1371484814748515,-0.0732007248952032,-0.0643331191080292,-0.05383652985269184,0.0010192094235134945
-0.007405782446612533,-0.12084533539192399,0.008025014978471065,-0.006062380145880166,-0.007844307368164823,-0.022309735447243465
0.1732473845125074,0.2443620263651027,-0.08286018944247567,0.06299458126723731,0.030506845884926775,0.08661459617296045
0.013567212413794123,0.1332281160462369,-0.015763045049136615,0.04321600184947988,0.06387317621170838,0.06706904310791764
-0.018695499168383388,-0.012380790189044625,0.1184905534107152,0.041900525341851944,0.05422385663989472,0.07771937522976131
-0.04242937761076426,0.1593412059978634,-0.027737623432992704,0.04485820483732812,0.04810026045014429,0.11169997034094475
0.012901649951141684,0.034802257929574955,0.08635645641676351,0.12605775283555073,0.013414219569721494,0.07956155256400954
-0.03105770338172592,0.039451873553260096,-0.09248783424480021,0.008155495207320418,-0.014126393961555194,-0.020551395229307688
-0.036207451505506937,-0.08859608951261126,-0.022652946133334982,-0.06722852518698376,3.663167404042824e-05,-0.06039442941181154
0.00652607700632174,0.08501218388116608,-0.0028616153159974427,0.16147220527039757,0.22510442955688933,0.07130511924580654
0.1686612895112239,-0.055471707334303934,0.14603181836580578,0.08293167982434577,0.07335304032095252,0.1389045047751212
0.00832609967088242,0.039525735678299465,0.13128107243995038,0.026335647853926353,0.03843091322766904,0.041125959079412314
-0.05317464110229985,-0.0638637155691853,-0.04313730477208667,-0.012622493689351557,0.01947951183799343,0.05916809924247818
-0.018056529947736297,0.09161569437628699,0.08095733650770254,0.22336853473856438,0.07680935315936635,0.08514001795599146
-0.04082023833547737,-0.03288499081270964,-0.018117722656046387,-0.05775074880026353,-0.10743289345060121,-0.036696003329490634
0.3142284686959284,0.07774115849128545,-0.012928938789285438,0.12740434564153877,0.0356346019733205,0.028034501280804175
-0.014638638853120438,-0.09037708320757952,-0.07512804878523598,-0.006716995755746216,0.10802602157550445,-0.0373496872774311
-0.06785607202160422,-0.03894080029092894,-0.02134377533021407,-0.10207027072990206,-0.010738531758501996,-0.06959745036787723
-0.055826630146116926,0.005981847012492031,-0.01363594683998721,-0.17183101733264758,-0.02138143774875991,-0.08979686706362908
0.08760002375976128,0.1252316170698745,0.09470402619247786,0.04493259260505272,0.02697074724523655,0.063324876615827
-0.04573939293060541,-0.06210669184228966,0.07378447906175549,0.02866093446024362,-0.035810571263193605,-0.07470520277626397
0.2712384927363934,0.09799679761061102,0.00970845276173628,0.05126729478079316,0.055583249095091374,0.0516503720653866
0.04194984713464415,-0.18035917927970493,-0.05967449386600669,-0.03502669565290976,-0.0754208810499546,-0.0605287437410651
-0.0006754740527303781,0.043996632855357605,0.13611555807158765,0.07695479796965622,0.07857636849792443,0.017830198790922902
-0.03414403996843912,-0.0022750295821316884,0.03169465216840198,0.043709394690584935,-0.0010346790842049357,0.015970418162798965
-0.007873935698438627,0.04822885366421515,0.004781650651185183,0.11271653185296891,0.08805021782771619,0.07595319813938163
-0.04019472356794145,-0.0071331032534940235,-0.004841088119358108,0.028943857621063267,0.06270175652459402,0.03517257905507815
0.009452628760148997,0.05127111154084591,0.011316058540665305,0.05480993189106095,0.056855299474040936,0.045738153607375064
-0.033005987157702386,0.2787668490544799,0.047858855087584924,0.06433169602175917,0.07832810484796104,0.12338920099486096
-0.043423033666241825,-0.028375061338543076,0.07723404443443711,-0.029842766153018077,-0.024609978663141265,-0.019603966616043394
0.11884030014634671,-0.044398541979822875,-0.08658155757382216,0.0997413468477983,0.056556691466700386,-0.00042057610231271085
-0.0324114004716336,0.00824165715887526,0.08901735060900463,0.020824812756072272,0.035517096099149804,-0.036637271994577066
0.028715444561022742,0.16011670212791548,-0.03695799595533888,0.07153665811507408,0.09827936642567749,0.10871190704634583
-0.0393156728863315,-0.041750767605037716,0.013900227025403633,-0.12983354310107081,0.004286902752529092,-0.05409399945105289
-0.05683682163911406,-0.08337705793905482,-0.026852152655520507,-0.10249606228025776,-0.018373247307408122,-0.04325899457511004
-0.026024714291750795,0.01186253766367639,0.08788217416696416,0.12837137225394543,0.05206656380533297,0.004441213078902055
-0.06357089387853368,-0.07304819639680667,-0.05133892557312935,-0.09796110731407563,-0.022979807719608388,-0.05353576772849969
-0.03788052079575509,-0.04024163750396737,0.006277883252241304,-0.04798817118757224,-0.13375659520232958,-0.09434036325336105
-0.011154068171585556,0.07750778484903414,0.009270521389338527,0.155605059611302,0.08866092166495569,0.09180041748935325
-0.014070354429300989,-0.012299239093895208,0.07714976794490186,-0.03492315609076445,0.01738421856125724,-0.0021599018085278155
-0.05597983092316129,0.003975863855633752,-0.012670118166050343,0.019782953322190246,0.026384205333470998,0.011499436833753809
0.25626962784279,0.06228350241202616,0.04565240071216778,0.04791934720007797,0.05943534913339709,0.03577661917249753
-0.04961509719672746,0.02411225760532837,-0.011135053043034521,0.024835980757984485,-0.033504677835342694,0.0018813341962984206
-0.021665590150123103,0.05944718922094414,0.12234253883166687,0.04225567163547729,0.12542491351190901,0.05682790899222454
-0.0036091531215489752,0.03201850745071235,-0.10350745789316697,0.08926307762333299,0.09206544738216123,0.033833172388964786
-0.017317974154590673,-0.03652571017684769,0.07111840143450505,-0.052121786150594686,-0.01526603013681438,-0.0235149032987457
-0.05537874404486008,0.0009286139117338934,-0.07821619823309021,0.006866720571682453,-0.00498812259350108,0.005430464979179417
0.1910675297577033,-0.06119143632895264,0.11288205333481141,0.08035151879187993,0.06846477788717771,0.1328150038522906
-0.041919453720811566,0.014886237121775479,0.08542933464255745,0.048416922003471544,0.01249804228813269,-0.003152035412886244
0.1372609024191743,-0.0776747081510778,-0.03749018439529151,0.0604598720699353,-0.006315810862223496,-0.03786572289359068
-0.02298474174116669,0.018129135651354013,-0.07753975776033249,0.017876472398333003,-0.02522824104729565,0.05252724199774553
-0.013618680666334714,0.046543826778154794,0.0775913667061174,0.07584384206617234,0.061967618368968136,0.11775386204012749
-0.05822138310896686,-0.07629648693180464,-0.012464414565162162,-0.05808388089129103,-0.005222449109458348,-0.05527794303700235
-0.029498927240275336,-0.05386252135472462,-0.06974264056564108,0.015541760584523443,0.017291573928770645,0.06757068864337214
-0.048574294741977136,-0.1088086894653601,-0.007125245740074839,-0.014590421098198523,-0.016324128230885186,-0.10292849905471625
-0.02728127698282618,-0.04113741076020306,-0.0719515884290266,-0.04528098805970974,-0.03590429680607324,-0.05182736601228368
-0.05541118261488576,-0.041305038176811235,-0.05535237613475966,-0.08013440307088146,-0.013066752362449228,-0.10974605934499426
-0.034972907473179944,-0.06227707740517867,0.02540065859508596,-0.08685128116138521,-0.03742094214138051,-0.05162746418934922
-0.044230046882294254,-0.10063909911767716,-0.0032725041590679405,0.007004635107099991,-0.02443303126855191,-0.039409923774918934
0.36519211868752954,0.06053670929353335,0.025478723326454143,0.048312812465746174,0.05371552775249749,0.04286408234267493
0.31186893893431644,0.06581308412734656,0.019008508007168804,0.14203785576655623,0.03892146775697868,0.026046362901725933
-0.04561010412408692,-0.023642321555828537,0.01686942841305893,-0.10422467888037236,-0.04462301525938425,-0.012454421480707738
0.21357440487325877,0.05111037092670611,-0.017670225449839896,0.08961818245671886,0.07185168429358109,0.0866812843410934
-0.05569946675853354,-0.03346497255246541,0.042216231465565454,0.007962552345043747,-0.0293394113736789,-0.0706172613099024
-0.024418217664417523,0.13132959246171522,0.027154244162870555,0.07037530212709898,0.044706185319721606,0.10874583725365405
-0.043027090421536456,-0.13769681332913408,0.03935972335859495,-0.04763329020360609,-0.06302982667289707,-0.007185447662934715
0.010049539000001561,0.09059212897460897,-0.04558227142460004,0.19697605648213465,0.22644103023217452,0.06650925271781785
-0.032915756567141484,-0.05146839668737641,0.015043452489160726,-0.05904243037659627,-0.002870682678247252,-0.029941485059441112
-0.046110589376838346,-0.01608993282647725,-0.03834382138349439,-0.06270895984933351,-0.01722055418854704,-0.03179547772494468
-0.003619588911362584,0.013078512646761275,-0.06020662984505237,0.11520038723223042,0.06280151116431783,0.024989280429873206
-0.11546395241172903,-0.06895100520316466,0.03813361807621153,-0.06779863384234706,-0.019683068349346716,-0.1279379597845923
-0.01625325143204304,-0.007963238196896942,-0.08359311251883134,0.10364088126969603,0.016935464878142303,-0.02578712672722115
-0.024785671942399654,-0.025358128778830372,0.030152581656455343,-0.18245986401719094,-0.002112646509432091,-0.06343500768454133
-0.02157388852901725,0.27002408757183827,-0.07921932494308435,0.07381968797019875,0.09237277731708864,0.14674159974490739
0.13750034513849543,0.21085118990628937,-0.05079940913155992,0.05721132967077414,0.025768759017270427,0.09787630366394957
-0.032869474677301225,-0.09099202344826442,-0.06963199778032059,-0.01680213840320398,-0.028800631787268598,-0.013603836488046283
0.015455050653580802,-0.02095201674642761,0.03063053496214667,-0.16531387641906714,0.007655338757546112,-0.05828601265509538
-0.05786035896291022,-0.05444895598330134,-0.048080614366459586,-0.060027512926297495,-0.005716349386224478,-0.01270999254571901
-0.052127152565836526,-0.05128232962411048,0.022602847418216502,-0.055089625290220046,-0.08823866559991014,-0.08325540190214759
-0.04372623831080595,-0.01976408434277492,-0.0007421451263295184,-0.07937965720427086,-0.017228541708673096,-0.11622631807362874
-0.019743034720951003,-0.01796841825975101,0.003911576076462969,-0.08837285090574848,-0.04884993455578109,-0.04713202324754401
-0.06137685795977393,-0.023304263278729843,0.00628659629932929,-0.042849630983336634,-0.04106962438091542,-0.11410020267452672
-0.01211659752293953,0.06134827142499753,0.08598397345981165,0.05853238041118421,0.12281663916371693,0.11865177706283894
-0.039970537716085025,0.01530951555514992,0.02709630648827036,-0.044712153869514444,-0.02690878668267845,-0.03632369886421784
-0.05868682571000405,-0.08538103375680674,-0.001348079790141127,-0.00879743095391183,-0.02851660385554293,-0.049689377310081814
0.2258858636682846,0.11069784485493926,-0.02132457388215922,0.11781709575758992,0.029030817802451675,0.027275593163235533
-0.05868341792215958,-0.018437227000044746,-0.06962506895403532,-0.07561539119109971,-0.02299575793770906,-0.06380032467223942
-0.035406920683082876,-0.03907632395344069,0.02611022995552871,-0.12044633789188143,0.019245755883437035,-0.05246511458738989
-0.037800978080176906,0.026986037460085318,-0.023779038750617373,-0.11721242233716468,-0.004133884033115166,-0.06596638897075424
-0.050246161701245205,0.019806334320099896,-0.009424623458320576,0.04735466877088247,0.04324697726141347,0.04679620747839072
-0.06831548812840897,0.0760340967660684,0.05350543046502299,-0.03907115022897366,-0.01849894833191343,0.006570672401709697
-0.0502866989909929,-0.047980110937391754,0.013078635265857258,-0.20314792116764738,-0.021066629171818726,-0.07742842985636149
-0.04286307207752676,0.03710318913573175,0.028536336829140908,0.02752312961170682,0.010823956267361469,0.05751728247183482
0.19489245649484016,0.09455830402061345,0.01575944778126918,0.09367337249940337,0.018428408826476242,0.07936462904926253
0.009496647659698739,0.06893468400533716,0.006585601685123931,0.04880782568654006,0.2524126656057319,0.054336364746508735
-0.024286685550670904,0.08489543586833076,0.024244470560626247,0.07546774286805459,0.11935163730564959,0.06097313314702347
-0.04468099312849941,-0.029699384785532017,-0.014732804060696107,-0.05893920531083479,-0.07660819429211187,-0.04246441112244936
-0.04385907702241685,-0.02785482039891571,0.1253077754878396,0.010389440474412448,-0.019233186863987384,-0.006022784520952337
-0.04746947015379112,0.06913972194193863,0.08904628107381236,0.017230882971800004,-0.09551636409032388,-0.07003685257845584
-0.01868522320356105,0.05935123093514647,0.012490639994129518,0.05549140296785709,0.11580081350239677,0.12393594603225959
-0.045153501449371206,-0.10093206493993322,-0.01789633808508525,-0.06906849260919956,-0.1181302986845756,-0.019259450374110153
-0.047058653300989135,-0.02233904645188701,0.027237687963324982,-0.05806339820966293,-0.038955027651821315,-0.1524874888778365
-0.03981133556988109,-0.11769224435349718,-0.049316833102157336,-0.048222761509650235,-0.021193728635507,-0.06213083718790375
0.2116244256275733,0.052052232168414786,0.08188015578055272,0.04148852514581757,0.10412422964666505,0.036612600755138835
-0.03913324692820949,0.006724924059483941,0.013828374598575749,-0.0031651680074150238,-0.06472642969072723,-0.018570291447983913
0.05495834632215637,-0.07073920391914779,0.0169780055128371,-0.10802830577609095,-0.0481952264877273,-0.07854009597210404
-0.025892059677224383,0.014777663181880122,0.09301829112702412,0.13184654291164416,0.05052423388175628,0.0012413222938371573
0.22468206789473552,0.06252133398988308,0.013033609772087085,0.08510290103571835,0.047954035709748564,0.1001024607131635
-0.02849937419857763,0.0450806903432763,0.09812562824410945,0.07682754773260632,-0.041654065060894814,0.097563932083803
0.13988640982876355,0.15405544522477818,-0.037123153490012654,0.04264478178635426,0.03224839410191946,0.1192902092676664
0.1653455520236174,0.24557077967143814,0.022265539718547233,0.031742998283291246,0.012844819783214776,0.07953828339137593
-0.05444176004908065,-0.021069225620287266,-0.010105177894430818,-0.06418927339266806,-0.10497862691800432,-0.05183680706313055
-0.04226308862110495,-0.04911346779751995,-0.0926510740778912,-0.09441411108018817,-0.025027286219565067,-0.04899753699601916
-0.029848946469569405,-0.006966440166219344,0.007899160747659301,-0.032404657386206896,0.04491729025099452,-0.012022382144588619
-0.08032118652458749,0.010480428269434832,-0.1261999318095167,-0.04557175345220217,0.02724793746952847,-0.03602783642800828
-0.04914741900541748,-0.013173964389615773,-0.00875988207899966,-0.03933869644749331,-0.037514924539091894,-0.04246220547774752
-0.05200496975176717,-0.052729664273344495,-0.03669039466957012,-0.06744753322836171,0.052129811658603184,-0.07918305057401456
0.17870320664564399,0.024538816265607704,0.04514707805284033,0.07990544515856696,0.08575731073289271,0.04726320232317075
0.12307732397296227,-0.08570903211280695,-0.07257452973244605,0.013978829039908406,-0.004745255983738631,-0.0236845555652331
-0.035013007584697574,-0.001341960579532031,-0.0770036998924773,-0.09182543422284054,0.009886990590605577,-0.12832956507097815
0.27919955910411315,0.069292493797293,0.02241601066025406,0.07303978500579895,0.05553898996904583,0.023815710388326125
-0.031112068385811768,0.22447699368130672,0.07757025049585282,0.06500008054094171,0.041406917345738155,0.1374210323267625
-0.054496872046167454,0.02911378251781028,0.0003572928437585699,0.0009797828449204628,-0.10762231449047742,-0.06320758203929058
-0.177661493450216,-0.03247632035631954,0.010106270597172118,-0.047517748494829266,-0.08826675388460428,-0.056098848028221605
-0.020606669663936292,0.23214539265325912,0.06075195019772231,0.08875040078837446,0.0693074609579271,0.16110086959110395
0.0045903525831633655,0.04751760569424324,0.045652797332313255,0.17631423178108682,0.11693556563899431,0.06878346088871079
-0.06256064791792526,-0.09163768974403061,-0.009075021983107784,-0.03150710747690702,-0.020152230197717967,-0.04909215342431914
-0.03687452133059384,-0.05241183136279117,0.08425110326959517,-0.07148144233678834,-0.014863608548598348,0.018493760149657795
-0.014807651269641516,0.23467850162675657,0.06660489262778403,0.09782128382801358,0.06410547980128638,0.053070609634732015
0.2281660650524991,0.09731065542953263,-0.04159033543457419,0.09472099105466897,0.06815350521727155,0.11902658995015987
-0.020240996001704925,0.09815619924841303,0.15152113501916536,0.04470760271862181,0.03174346391051986,0.044311213011960796
0.1481420050632274,0.21152647982506662,0.05175747807200754,0.06281465374079151,0.0458927277984125,0.08541330034501417
-0.04557599878176555,-0.0597097824021699,0.03995231113099925,-0.0649221024227123,-0.1135531700169535,-0.04946502331366907
-0.039622500595232486,-0.03779822648338039,0.037235200728171707,-0.07918979537064967,0.015899513310269266,-0.07656634435204122
-0.03586947071873321,-0.05584482287780354,-0.06080008895107351,-0.10482930921805488,-0.097391553112591,0.002077015711783508
0.2258858636682846,0.11069784485493926,-0.02132457388215922,0.11781709575758992,0.029030817802451675,0.027275593163235533
0.11562927365867834,-0.026352115529142267,0.015981633509842396,-0.04192579689669175,2.4872702635209057e-05,-0.05649814635770639
-0.018965343633261453,0.06054778355327352,0.0009764587158155851,0.04411486310415139,0.036191555498763024,0.04034025816406463
0.042744174590909206,-0.030062479668404703,-0.18567337169360454,-0.007189272473180085,-0.03034288862257149,-0.0613990303345485
0.1673186126295663,0.20591953918988518,0.03244218141129474,0.06200805936960542,0.04612350373548942,0.08453613339830066
-0.02207142527483728,0.08698945491090258,-0.008399473920924053,0.21725320195032594,0.018190441578150696,0.1427319250564271
-0.027426874463865606,-0.02766695069439759,-0.07482387776556246,-0.07063152705011798,-0.059593879545989166,-0.03017701037870913
-0.037698400840167894,0.00017597145959890388,-0.04338889447493056,-0.08975513143664358,0.004293197611727454,-0.08044675859172769
0.1454122950566852,0.1616145610193724,-0.016244796045110997,0.05973587153827705,0.04891259664813571,0.11370255796360125
-0.029655478966427926,-0.012328954483881107,0.010088369820150598,-0.09264426417199915,-0.0004942294946925904,-0.04290566965679142
-0.032703309313399424,-0.037997800269539216,0.01871580553963619,-0.1921942026184638,-0.04189179055358189,-0.09285543125055912
-0.07274001262090005,0.06784909049598016,0.054011355781270115,-0.04684139330542308,-0.16914353445020083,0.02329598040951483
0.08178970730786131,-0.010748765210156826,0.01381705841944256,-0.029815237646397007,0.013416576537855702,-0.04677716261237873
-0.034572496025292776,-0.12245464528379509,0.010941933697239828,-0.10681949892878106,-0.04349190161882103,-0.052769742334028084
-0.03732655936026591,-0.003636915631966275,-0.06299280930085935,-0.015985134965081,-0.053031340199689546,0.025354443439995458
0.22354859419311343,0.07205368066387328,0.03822364786206991,0.0882139204203629,0.10313794287152446,0.06434709404865477
-0.04169042518699471,0.09448649999884917,0.11081956760883883,0.05410633720760624,0.08239627539292894,0.01918515481612081
0.005370283622655769,0.04292421621157876,-0.033026192117471986,0.032646257848592174,0.0799872660124313,0.052298858037216345
-0.02888362058855552,0.29202513684085873,0.03480162745714421,0.051401519095421,0.08024789290453808,0.15263094985609213
-0.031244835086843212,-0.027712694539089224,-0.046163192655500875,-0.04616150600073645,-0.01023955837993258,-0.051305833117645694
0.17692266886121608,0.24277103260132676,0.03142743468283112,0.021690695927954758,0.009940780617369244,0.07150759258890318
0.2361926979763889,0.03552113088584925,-0.01530567071500777,-0.0006617298354451274,0.06808320653714316,0.016251783228892102
-0.04229980274016857,-0.03451624686616987,0.0008461087222646809,-0.0885137622566482,-0.08862668237094899,-0.03671186781264785
-0.0738528175625341,0.039972896686070396,0.06029349918397913,-0.05921679803650467,-0.1724696803912825,0.003508068859193814
-0.01841248383676971,0.013687126337073668,0.008230552607790795,-0.003254016865625834,0.021764130451666853,0.0040841535251981455
-0.07268116939853135,-0.05463003045584272,-0.07803316414774199,-0.057741071645131106,-0.03721919686270903,-0.05677692777373226
-0.022569497951187015,-0.02519040149916977,-0.051054795850627735,-0.053345715199216714,-0.0906965813188006,-0.08714409217310938
-0.02768726457710688,-0.0983998859976235,-0.056513168206244156,-0.0166463099426127,-0.002118290903514892,0.01519296208157675
-0.014918236512291402,0.12480431531101943,0.10073148715991825,0.1782844049368265,0.09117883128227017,0.0584182625423689
-0.0447267622823649,-0.01192310466744862,0.0033501746421628724,-0.0798265454940755,-0.13513263857884844,-0.041928231949837434
-0.012064369419987408,-0.007837075845401463,0.09298944907794472,0.032211494306254564,-0.07667256128020826,-0.011168338446107609
-0.04332840669505125,0.07139316780003686,-0.0903902315766102,0.025210674182473466,0.008611621995102377,0.08515168205240622
-0.009730541179042889,-0.013648811535360895,0.06624429752844693,0.02073816689583196,0.053208600133587414,-0.000500123302702724
0.17870320664564399,0.024538816265607704,0.04514707805284033,0.07990544515856696,0.08575731073289271,0.04726320232317075
-0.03745020024238785,-0.005538323049039441,-0.09048688498671956,-0.0007747607983343172,0.016923327810763868,-0.021283009915015572
-0.02596934013856557,-0.011900889161980262,-0.050752017574879,-0.14836868845207465,-0.0550204051673962,-0.07326805849384853
0.1479452835077318,0.15743374615475428,-0.061964517886681704,0.0927254857707007,0.03050347336597961,0.05442700450463006
0.09576372807853821,-0.010130264677210198,0.013584327807599966,-0.1551442855712869,-0.007261114333799971,-0.08650944256370047
-0.04146279841031938,-0.03189046073878916,-0.014643249980202703,-0.06489237524241356,-0.1463503410514524,-0.04890944137632202
-0.0013845277513183712,0.07625009625799901,0.060407949005314224,0.021300963597793755,-0.033649389304517066,0.04788610114106032
-0.01990665213376178,-0.004901745933752456,0.0325048244183107,0.01171218390851231,-0.01649377752407878,0.0398705325927649
-0.05872241851119312,-0.0887897159063249,-0.021064488455454493,-0.10442228608377092,-0.010510018407357661,-0.05318170440366025
-0.03422730732569017,0.04941493274033507,0.009600257899166551,0.1516737442254394,0.006320840104376719,0.010403207001044266
0.23362848121202592,0.07027040801172199,0.027654999699888112,0.09997346579669524,0.07449413661131365,0.09457995492061784
-0.04686299785070533,0.001986125623986549,-0.0006867147876642968,-0.0009732745183585127,-0.029160919342973168,-0.008385528524517294
-0.04367631811116685,0.005956513219449658,-0.08058518698513523,-0.009883828595156567,-0.07772928529690028,-0.03337855949923406
0.031678351745634596,-0.04974109958711728,-0.0535272100645658,-0.18158651363856293,-0.0682394742440509,-0.0684156144950228
-0.044230046882294254,-0.10063909911767716,-0.0032725041590679405,0.007004635107099991,-0.02443303126855191,-0.039409923774918934
-0.02879194288351223,-0.1003228877105043,0.08514360569364758,0.039578478679834106,-0.03418475884136408,-0.07190334553752188
-0.04730450037314132,-0.022351881236391587,-0.02263956254713748,-0.056474158193220006,-0.04933990466872068,-0.13205159194682237
0.023154827677406512,0.05581276060104707,0.06942672586483607,0.09235435852366608,0.11679003828758752,0.037003919575217994
0.029824896566686444,0.16793133306321348,0.05771424235453362,0.04051029251466239,0.04215639242485728,0.06363399170843999
0.22780254357081473,0.07858705282218685,0.030034436690653442,0.09376002738797533,0.10518536930326787,0.06590779516204585
-0.0035826602258312397,0.012245897737247713,0.09676708011837275,-0.011178451097145409,0.09467688442787026,-0.04987018724935375
0.001129529969181432,0.052812914993869794,0.08983241563557155,-0.007084366342225631,0.15160845557308958,-0.029400248716505328
0.3254910851802109,0.04575166088175316,0.05892667724864101,0.028914082767488875,0.05656385971334454,0.030663637243906708
-0.031795011272054585,0.012483126265623668,-0.08900315130133961,-0.01009678728917933,-0.01770065150987212,0.009873582547547888
-0.045884232425339413,-0.023730717400814,-0.006042234592003816,-0.012680457359930047,-0.000537232118307211,-0.057889769061103956
-0.03961185361150741,0.003527101129824041,-0.07011715282215686,-0.015286302357447807,-0.097284098540158,-0.030571038049907334
-0.036990077272805844,0.04733194404802737,0.11665464420723166,0.020828547669071353,-0.0002644601422146524,0.034131003723491496
-0.06814919482572587,0.11411939574384557,0.041257616564373475,0.0050419756011235665,-0.16316887459365473,0.05128902321077774
-0.04211695528180871,-0.03798348482729815,-0.037710018533361464,-0.03876496994047008,-0.03322807534253916,-0.0698303980898651
-0.03298747318290791,0.01523183908695905,0.02494994128771284,0.13687892209436836,0.016621044936885803,0.10382976276839587
0.22618431200774078,0.05029189931528181,0.050847936354930234,0.038426971419618296,0.0404060096855151,-0.011082644904535872
-0.03015923645820353,0.006674606359794515,-0.1015983862958629,0.006488208918321914,-0.022697902105079444,0.020294127717233965
-0.016754076738760077,0.0174011760349864,0.11113394021241361,0.02502997067944739,0.011310249429205672,0.01038410049710524
0.021693368457195165,0.13171415868722244,-0.01441397273356305,0.05152466196453194,0.1401352823304695,0.17650471723010766
0.14816751285406707,0.2182561649755165,0.04537520242422357,0.0750702262144783,0.03427646883356686,0.08693953108113033
0.02721245086185821,-0.007955865196837277,0.06727861811072702,-0.06080868407065473,-0.02876601392244491,0.0033494492810623114
0.12579551179700185,-0.023282379850313933,0.00863918947811138,0.03235198088852887,0.044244048779179014,-0.015454785770804549
0.002866905322394735,0.1420397018871849,-0.035315498869565844,0.09810326176952994,0.07165853276802805,0.049216706687124544
0.03485088781227722,0.07345307474052225,-0.0027593479493684568,0.16396570369231794,0.12264832000803295,0.11707189720011518
0.005529953781517776,0.03866848263313052,-0.02758037873378851,0.02881680573053038,0.07772364556059246,0.04986818154989383
-0.030933708140777276,-0.023081540282997432,0.04607413727223055,0.0035305436192790904,0.0022543089466509135,0.0005538099040379188
-0.045097349032962884,-0.02701099596225105,-0.03802391367967819,-0.07024957993179862,-0.06946299135619752,-0.05710428173606213
-0.14433827801911853,-0.07389720999990186,-0.05171334194472097,-0.05194814807612182,-0.013578833246287536,-0.04294502566289892
0.1910675297577033,-0.06119143632895264,0.11288205333481141,0.08035151879187993,0.06846477788717771,0.1328150038522906
-0.022251573163358997,0.2208972802045619,0.036706643222778924,0.08245063026197204,0.06418894850220537,0.028312864831087185
-0.032241434098365454,-0.044861626159366216,0.0033840047760749846,-0.07386220853589892,-0.04608833883306527,-0.06341124407134137
-0.03205103272347701,0.018209636695611098,-0.037628577834325425,-0.02194547022016338,0.005697144021560569,-0.01534730804454833
-0.06158191192887694,-0.029799594199932836,0.06831990475329634,-0.01045224636092203,0.0013052735173167528,-0.059816868377645334
-0.03706104550764591,-0.13626532532012894,0.010073069734003098,-0.04418795557462426,-0.008647253584956582,-0.05180627199849002
0.0008285718045672269,-0.020319748514569146,0.12419203444988433,0.004977938850110579,0.039918018770324325,0.01181664021688006
-0.04562017141654187,-0.09357671005567667,0.046727944731242865,-0.03862666280634403,-0.06487289470609117,-0.07455250558968453
0.2547080922812843,0.05686230205204041,0.04881980446564374,0.043488640159151784,0.053473181521661264,0.03518579315466903
-0.04587500380114605,-0.010621905637409196,-0.01179280333242654,0.03235437285056319,-0.06452580415212356,0.022657791613620203
-0.048763539968704084,0.009769352477823751,0.02861184933013234,-0.1198590258956109,-0.019914837676701387,-0.07287000811331125
-0.036836738755945404,-0.020127691064171626,-0.05408312284174428,-0.0705503970742019,-0.08973807351645893,-0.05380334253551461
-0.022401778817927136,-0.04834436545462169,-0.028170949664191192,-0.04466088841361499,-0.1051518814189259,-0.05862778280425006
-0.05147628283163001,-0.03528591944561929,-0.06439695195338659,-0.03210871297933344,-0.09141627454517469,-0.038735021280674645
0.14514852114284563,-0.041101348018319814,0.04894436126790548,-0.027677702775728612,0.028986906688832175,0.04675306157864743
-0.030798112246190223,0.006631430539238471,-0.04131113466038451,-0.006948374226001711,0.049413287929278314,0.02196799936772239
-0.07058458476547955,-0.06364485336422221,-0.029540503295684327,-0.06436640121041466,-0.05707333522257891,-0.07464262787975802
-0.04352646375655198,-0.025604494364711988,0.048388552274533,-0.025186014179178044,-0.0344812349144784,-0.06919973314750387
-0.04207491957174885,-0.10051825761781175,0.021137928680370486,-0.0214439024499966,0.017719432798732067,0.0029940612025581743
0.01058059174211265,-0.02457247300249199,-0.0055770518079395525,-0.16401558343329492,-0.0016449600605400478,-0.05944283713736338
-0.03422783164041174,-0.05106042381166109,0.017523574835163057,-0.10218436120435251,-0.07253529230708734,-0.07355868439345543
-0.033054228869606385,-0.04523518853419493,0.07203619730767898,-0.028809144910308695,-0.02150725807345079,-0.02497181968580967
-0.029837637469598863,-0.12331186245526317,-0.012115332306434393,-0.04431589070089767,-0.01793689430022812,-0.05877712460655345
0.1633908035655006,0.0203034109560451,-0.041037924190389506,0.06082160672903725,0.0735556962351399,0.023388597786573383
-0.04238204608826161,-0.021925348744513014,0.024153009584143004,-0.07283670646109469,-0.03896169579675518,-0.04588951191001264
0.0034824767690606554,0.01866086066354644,0.12179125639300158,-0.07319296426550474,-0.014899671452347874,-0.08121220193012685
0.0132640390891885,0.10254039586281144,0.057908746609447025,0.1267605597966671,0.11230801967221682,-0.0024730365027832908
-0.04414279862190657,-0.06262302689435918,-0.04735870941471573,-0.04945858013060581,-0.011378181123891279,-0.08221943797457051
-0.04035590238872911,-0.06623597988603472,-0.07484516072796023,-0.0586666128867772,-0.05402633120814873,-0.04566862002808669
-0.04757081356590872,-0.033124226671493104,-0.030697984410016588,-0.08143494561564893,-0.02246434661615694,-0.04250340704979556
-0.02988382980525149,0.019031801984758755,-0.041375814766454334,0.017471489965574707,-0.012411840604275437,0.015793718075547816
-0.03350173853694548,-0.03137942345465861,0.016864907534444435,-0.06785428588776604,-0.03787410331576627,-0.04578339876984244
0.16565125340495598,-0.05489242481550422,0.1428315257552049,0.08181120817181789,0.07226395500307704,0.13712772443104906
-0.045373610725447086,-0.09348151574818468,0.014366897548198978,0.008049556138958797,-0.04445616045392473,-0.029275193215567128
-0.047546239754574136,-0.03044536522384059,0.0034605549744162133,-0.05512679598941271,-0.08819183968525117,-0.058555603825363504
-0.03615815975538736,-0.037981749137119804,-0.025420822746960586,-0.11641549429642917,0.020105244528860047,-0.04971455832513552
-0.07800769444185092,-0.01881363387395113,-0.039232796341330374,-0.046293076996353356,-0.025472096352568207,0.0019728354419847544
-0.05502859189381887,-0.03032716429159798,-0.08278273768173133,-0.05194794427479153,-0.04417152807520862,-0.00679519496425744
0.026958746773066818,-0.1943856380366179,-0.04435900547067513,-0.031383166110943723,-0.013271144306948826,-0.07225529474550932
-0.04599235066243733,-0.05706019346176358,0.016406028883659017,-0.01031876483720132,0.029329117704930418,0.06898337522323995
-0.014102072526507583,0.05180852136180397,0.1039451967950975,0.06616302539379154,0.05907114840483276,0.044800621677044225
-0.04002947710259587,-0.024723743537295076,-0.030963798203423532,0.08021278215016187,0.01870338090150634,-0.019485991035563074
-0.049993161769946406,0.18340154484275697,-0.0104674270949863,0.049382955586196695,0.031554477434779654,0.10690855300125987
0.0020484181394505785,-0.046891994063040635,0.06358895058120485,0.06035696032801732,0.13960903378285075,0.066978683322381
-0.018998051224333703,0.053861692020223464,0.07743096386332081,0.12692703582136222,0.02855722425486842,0.11843256535822545
-0.026741167146853283,-0.01360674879361944,-0.055107876619750494,-0.14990003532553933,-0.05564626010026544,-0.07372175544716167
-0.05267111105606172,-0.020844529621059052,-0.013170508516721111,-0.043317254418931805,-0.0785609379040118,-0.03256089523623188
-0.05755931971099549,-0.077519966134328,-0.015213684700835475,-0.06379725262593529,-0.00640357307009048,-0.052537324616064064
-0.018688554807824855,0.027644077334125307,-0.028099417737417386,0.028081932905294777,0.012968352892150687,-0.0034281635356787953
-0.048941850334545595,-0.05663757569777217,0.04217595763767037,-0.005981881084307203,-0.02035750502502015,-0.04652100247061507
-0.08719742981955221,-0.054115304168546936,-0.05797523983267127,-0.08299010413461472,-0.060341248395204855,-0.036176769397633105
-0.04900514677879403,-0.07142450980232895,-0.005866013304994608,-0.09490800946267804,-0.05327350694791215,0.01092924942435101
0.009571746907040527,0.04850779484155682,0.1558249997643042,0.13027764591093954,0.03247142049118881,0.07009366761115508
-0.047288590027386564,-0.016266964894871453,-0.011353692479949915,-0.038527038240794925,-0.07534979574224392,-0.043528115865934656
0.14816751285406707,0.2182561649755165,0.04537520242422357,0.0750702262144783,0.03427646883356686,0.08693953108113033
-0.03534073837311461,0.06947785601735092,-0.03949322586483916,0.06403319434920864,0.09827936679891862,0.04850987903939367
-0.020220244567096098,0.09113614275653258,0.058425539851163756,0.04233187367257848,0.08704593131791222,0.18384157015862035
-0.019311534015603975,-0.024498996129178118,-0.05270180282295053,-0.16757681776205113,-0.02659234351995446,-0.10123339936727913
-0.04216875212740673,-0.03805117177613954,0.04541341729323681,-0.04927658451176868,-0.11603758054924518,-0.015974737128923576
-0.04746671231231785,-0.08806566566962529,0.01562181088800123,-0.021318870317746937,-0.12464162639816002,-0.04720870762638769
-0.029236533505432476,-0.032865705024701194,-0.0700745324758745,-0.06588748252869601,-0.11622179139138959,-0.05480591753549172
-0.01666293666532413,-3.9874631145602305e-05,-0.09179835561489032,-0.08849406225912503,-0.02570613112924257,-0.04980205655498147
-0.009452580780278363,-0.1022236688473046,-0.040326601036312214,-0.005312658958794006,-0.01644780247330874,-0.022104975687870156
0.026259864238027328,0.14983166537034676,-0.07293044504801852,0.05891103242117653,0.1096792387359792,0.14762192207438196
-0.045716793207663295,-0.07638280069378577,-0.04313718306139415,-0.03366475043766896,-0.12007766031359715,-0.057340467807675724
-0.05256883133078544,-0.05100027789252409,-0.0237186241910276,-0.030858253320354564,-0.11551909197107348,-0.0551746371650264
-0.009950582699927117,0.004098914630181007,-0.11027518309314202,-0.039740513081388575,-0.002076172085826861,-0.02739928568176949
-0.013031903858924348,0.08461836154971825,0.0025626553868062524,0.18801842508572641,0.09531596863929472,0.11295602217650305
-0.040997351725308724,-0.047247616892426805,-0.0729436212102524,-0.1021400759019956,-0.03981576870115907,-0.04312615697968796
0.2374433762704903,0.07946225779462429,-0.0455213266718009,0.11529525335449502,0.02600513198175884,0.101091373020849
-0.05806377765130679,-0.007892120892964179,-0.009329150055732096,-0.0018558199575220114,-0.019356132961425583,-0.040320501030822804
-0.009730541179042889,-0.013648811535360895,0.06624429752844693,0.02073816689583196,0.053208600133587414,-0.000500123302702724
-0.048598311555962066,-0.03038053803230636,0.03019686408629932,-0.047488975387399504,-0.005987475255017195,-0.08723709019121689
-0.04783757649115172,-0.015669037352395748,-0.02371327794484703,-0.077269236571479,-0.025824513191854942,-0.050205657518367544
-0.020890761001515865,0.03512711627827132,-0.009302844301566044,0.050605934673258406,0.028387242795997587,-0.00792580751808288
0.13577561239823518,-0.02653307794368156,-0.046822566499530184,-0.17023371239131993,-0.0180698237132448,-0.08032241564092076
0.003939452485352668,0.03810288286754431,0.060164147377355946,0.18681232945931617,0.10515442916310971,0.07399855121992789
0.22159818658796432,0.06817189036601913,0.03964398661106344,0.09943184168592799,0.06951318782998483,0.10113124206019186
-0.05193150988544379,-0.1317095949780199,0.02853356712985998,-0.046998603302224974,-0.05533922472705844,-0.1064953631299694
0.0020769034010706343,0.042993429353192246,0.0379805001312631,0.21860558710140654,0.09065978020148789,0.05719028614311178
-0.04935350222594565,-0.019062592160868176,-0.1161817415703314,0.005223137498916039,0.014353871618852238,-0.00014052015133478565
0.13905600100182522,0.21175745255741413,-0.0773723343920699,0.052641027106733664,0.0383335285198808,0.10476200894648328
-0.037644233046485294,0.028652579448812047,0.039001261165808196,-0.09245129917406278,-0.0060644611809954115,-0.03287615733363871
-0.022787080252452595,-0.02787344990493769,0.004602780452117751,-0.08196135225061504,-0.16258917032887105,-0.02183334364650551
-0.03648312012909434,0.11011528770028566,0.14303759660754514,0.060695511217199696,0.08252596906197131,0.023649960264294632
-0.013713021364116593,0.02310757388533171,-0.06223379970631317,0.051565619587683964,0.0688179983864098,0.07871892588038033
-0.043865662941456385,-0.12572187731264925,-0.014380522005625711,-0.059092051124035025,-0.026497354862863167,-0.020000880313619483
-0.0439466144768502,0.03837604711997662,0.027065652888575764,0.022806079359545976,0.05296723345240205,0.014831280556025584
-0.0639599662480366,-0.05029113084750656,0.03146845201759839,-0.04941500215602919,-0.13412622729996712,-0.09470725170666534
-0.07712463351487171,-0.05792091760231911,-0.017687984936121108,-0.09501164141959859,-0.03170609262744868,-0.08424325401688015
-0.03320134907266375,-0.06325005591035893,-0.029916202187602686,-0.05276637095100075,-0.07154294091210119,-0.06710421336770081
-0.05977790161210536,-0.09262047994613798,-0.027032843194284215,-0.0485464926183367,-0.003253091172776921,-0.017563754260566087
-0.04433789230194137,-0.007533043830619636,-0.009540858432333287,-0.04133562855013011,-0.0413487022055875,-0.01586880777063458
-0.037675746174048855,0.03462087995399731,0.04428343204743146,0.041221877884893544,0.0515047689270064,0.0398683122279618
-0.05275033702729621,-0.019864522242403312,-0.00014574352840545634,-0.023413111218452548,-0.1082855343124319,-0.03369396643485244
-0.037326037657184716,0.10486532644336231,0.13363520246105437,0.06072310361040575,0.07918613856743785,0.021747612528444565
-0.04489437381217634,-0.045849358474425395,0.0486694479569743,-0.004008517843267756,-0.04039696052053881,0.013853831638174302
0.08659319074342402,0.030675332581253763,-0.12458660554289655,0.09967047378156725,-0.0032498889354285777,-0.003814337049232723
-0.0354334273231885,-0.09302652214640678,-0.01901789802629681,-0.06671283307196883,-0.001048597114461724,-0.06033639250762795
-0.1479849602301713,-0.04320542801995405,-0.0020836714212872304,-0.0430979333111336,-0.07056213363109852,-0.07714859917120732
-0.037236456497908285,-0.15634817767016204,-0.04158681098234588,-0.029689564770738697,-0.009699586025123701,-0.07423679997236364
-0.04238204608826161,-0.021925348744513014,0.024153009584143004,-0.07283670646109469,-0.03896169579675518,-0.04588951191001264
-0.024891766870731233,-0.07614449278474084,0.06009578627459836,-0.049643512851113396,-0.08743006153623353,-0.03530463187758626
-0.014696638377495201,0.05704042405646935,0.09224280666394442,0.0715230434448179,0.0711189680172713,0.08329936255472468
0.14020879195345742,0.18758808132855073,-0.088006357796727,0.03994850536168442,0.016254803350496783,0.10031125523792338
-0.04381719898943076,-0.014723678756624704,0.023255063146455854,-0.0894926383652364,-0.010553627693022347,-0.00261706153633118
-0.03815903359903856,0.030019526258736464,0.045558416421716985,0.042303324486833487,0.055532653172937325,0.03428389302278762
0.1255661520318561,-0.08364699132134094,-0.10443360976778424,-0.006741788250803967,0.0026408928183248156,-0.04662042188196852
-0.0199613144357248,-0.03154287536502248,0.04003908087890981,-0.08174127612977411,-0.04674181509979426,-0.017543868844384823
0.22731710198121755,0.07317640351380525,-0.031917075450487005,0.07774400551848405,0.03662763116849225,-0.008584608153769048
0.03980684369213359,-0.01800644933449784,0.0004772142838675812,-0.1459336130410545,0.003848152880916216,-0.055531895023238104
-0.015669424518250714,-0.07482641850244008,-0.15933095986920479,0.007842218352611804,0.043105005242281114,-0.01407692059156686
-0.020184180654799773,-0.08638146013327073,0.06765118001934799,-0.03050612780452024,-0.031144292505229747,-0.052818671940779015
-0.07576867652148485,0.054959325740244994,0.021387007187389614,-0.05313987120369486,-0.16878252785586564,-0.008191317378895465
-0.05670972937401779,0.07872907055402756,0.06640158636567657,-0.0250814179476056,0.018781946162832634,-0.01621986714430148
-0.03797649576763925,-0.028188952267780933,0.01416994278618994,-0.07614076485713585,-0.07863959175921997,-0.03526173861157973
-0.023017136749745957,0.06373434378620459,0.037666645930554424,0.06008259734279168,0.059466195353256354,0.07485238364175786
-0.06660133599846187,-0.04128030618051816,-0.02942744344744263,-0.07009737505615436,-0.017431553492277284,-0.07355654971169771
-0.042336975570793314,-0.00646418515664538,-0.07024488237598647,-0.03415381793586939,-0.13186225330064605,-0.05328992546422786
-0.035230929303288125,-0.08790392729140903,-0.02695979084027344,-0.06328933058701183,-0.04871654973088506,-0.05310033517560362
-0.03988219626426343,0.01183440114746944,-0.03592473307460839,-0.005617162749509694,-0.05822347313614171,-0.0011447870539968489
-0.024882447363096253,0.03827834093693756,0.10664661030409296,0.01290493724980986,-0.03052622108801734,-0.002268952051113454
-0.009915048560724235,0.11254364462164942,0.007920077344294547,0.14951453702170184,0.13611212049794041,0.08126548084008531
-0.004703554272331311,0.16692948923793935,0.0034940704385269345,0.0857437700217397,0.07699601391860961,0.038677152930501876
0.35723690743213665,0.06370343503473734,0.010619914758449577,0.0410195571789303,0.05407364529660458,0.05021370530976809
-0.09697934133264266,-0.008554441816773761,0.03022186911341868,-0.16970913727365228,-0.0178194560512799,-0.10926572269742449
-0.04151595984918872,-0.06608858350183688,0.05430190687759879,-0.018596696061215588,-0.0592903430996614,-0.07539419379223812
-0.04270524252427689,-0.0407230496766425,-0.05225502379549429,-0.04780461345645355,-0.09437064986837931,-0.060190230433515776
-0.04304207678007937,-0.04250885181668583,-0.03341517687717297,-0.052418707138259316,0.032377263495763295,-0.054701893970018914
-0.053719861499799605,-0.03251003080041481,-0.00722976086981862,-0.08085597268441211,-0.08079974317424857,-0.055211129662986067
-0.043287419151851025,0.00756330693624579,0.04064632110395343,0.019280557543738263,-0.02172042824861767,-0.0005415176100307132
-0.03900546495713138,-0.056726026105522215,-0.05977715964494646,-0.08869154372825107,-0.035747941382788403,-0.06263386881374587
-0.015041246077661571,-0.10024172755923577,-0.12040768045941293,-0.018136685990604324,0.029924913867521035,0.03000140520133327
-0.011688238426992008,-0.004976710443115881,-0.10166419273905344,-0.07623560881861288,0.0007513884750176349,-0.046614027036780664
0.12147559913874385,0.042763563281029794,0.07654370835359033,0.0561120802722564,0.1030498610263673,0.05497885714994486
0.12101073020115992,-0.0850840220735973,0.08906599506718736,0.017579781732551758,0.025569785751310914,0.03333669966634312
-0.03459353237436117,-0.05600255978717422,-0.013565655066214224,-0.08404171593704195,-0.033477221784541315,-0.047571506416004126
-0.02193462041728688,-0.01918086695195304,0.033726575413282514,-0.027519984590912858,-0.014770989681355307,-0.14781604763122572
-0.02395998145051315,0.2434484723968796,-0.056662240840658296,0.06514612367363039,0.07928060752769595,0.11106885227203785
0.07725790371840512,0.0278151762994566,-0.05306683927522796,0.07831820172951583,-0.018792200430878852,-0.016129002424135338
-0.042706029837953643,-0.020046432962384966,0.022694533466728867,-0.07407175719586252,-0.03652750591925659,-0.0429334304041802
-0.043877508115555956,-0.03161693787368566,-0.06341654986272456,-0.09972194908213505,-0.052091473702958926,-0.04861351436129365
-0.02827120208824003,-0.020740321738085085,-0.04712030721437147,0.0009188297365254701,-0.03517617958310424,0.01186925634379944
0.22115242207454636,0.09165394617348377,0.00362588657329767,0.0927841360632172,0.0691885844642208,0.10846113949943592
0.005142167387393223,-0.05220314920590981,-0.01656115555201018,-0.20088475303407102,-0.012049961974867516,-0.08234064197015258
-0.04470572872553064,-0.017863210974782426,-0.07884404175463358,-0.02945152602334638,0.017089349652920246,-0.024416424025270233
-0.022401778817927136,-0.04834436545462169,-0.028170949664191192,-0.04466088841361499,-0.1051518814189259,-0.05862778280425006
-0.05003735234390031,-0.08798475772501307,0.002965213718203028,-0.040207987783155465,-0.07673753507102456,-0.07203848322716376
-0.05336742033927258,-0.014665478867703727,-0.005589462527985924,-0.024245455285553927,0.03946252399393404,-0.002280132502545294
0.026039099500927306,-0.16134252697840787,0.07344750463347997,0.013676497660351184,-0.0009807249958234258,-0.08675504868785386
-0.019349902829849705,-0.00445830702380924,0.0574053510559708,-0.02230651747258566,-0.021811656308418168,-0.015249204221904204
0.0642309281245988,-0.17389459110664549,-0.04869279369324862,0.007330364052887161,-0.0699689638112039,-0.09134418815922975
-0.07329792916578066,-0.06050412160298842,-0.06016361978138779,-0.05590412184387644,-0.04404075091316726,-0.06956928292622346
-0.03288606699724189,-0.11300648553598007,-0.053267342316909334,-0.04107097896314606,-0.04760308301858286,-0.05548405782892114
-0.05145449162439979,-0.0658156410732915,0.0010378880822577475,-0.08190713918128371,-0.09552819769828746,-0.01220736105776901
-0.06018442314678744,-0.08182231703911362,-0.02075043589192388,-0.016541455574068206,-0.06665864068227485,0.004412917355124916
0.1215470625083918,-0.07431204879713428,-0.1458124180352485,0.015129817444755682,-0.015675793218857592,-0.03086005246043249
-0.06525911852027688,-0.052887971790807384,-0.07959302666993671,-0.031084595977082272,-0.04984463199077276,-0.04786878510930133
0.1511067047350361,-0.005741094207112707,-0.045028237500253664,0.05645870196040992,0.030862996535476764,0.05482147455904268
-0.03294893942640957,-0.00878865420205852,-0.05596451991680688,4.7875188870076634e-05,-0.02891831349333872,0.023397376520970122
-0.04904335157238206,-0.0009113313455730415,-0.0019615970451718917,-0.023439180362358265,-0.0026794936348276547,-0.06302556733015438
0.01054992944660252,0.06543129574008436,-0.04454572540832528,0.07173327126811602,0.09405696771942787,0.07907961228352763
-0.15833328055691223,-0.03822441640226698,0.020598494405016175,-0.04727930167798828,-0.06867882680622929,-0.07493608239215849
-0.01667754190151526,0.006294841603479495,0.07092867701919456,0.04916105375164184,0.08713537350664863,0.10060954436789471
-0.0331663920070749,-0.05985042720919209,-0.033023453693801136,-0.05088800556238312,-0.07503308818728813,-0.06413850256042547
-0.06426900593319149,-0.04333443634983712,0.01359763692820346,-0.05036565286400294,-0.12113290329965981,-0.08257817083234935
0.0535614380008918,0.014396491598317709,0.03163332622176195,0.03400775898747269,0.028085103376967062,0.027102869048055502
-0.006429562639998958,0.03568716607797735,0.09241325626970895,0.02827846367638912,0.04870066956186737,0.012319298634607763
-0.036798106880962536,-0.07723678863178692,-0.03952208626179018,-0.06581534605467078,-0.07779278066761504,-0.01913097927496473
-0.04999890794923856,-0.08988975017171885,-0.012142299162613892,-0.03923670706142341,-0.07626325401599994,-0.06998344810859555
0.031807061536853615,-0.18348673174586316,-0.07823424087928049,-0.030811272208460482,-0.015769521975153987,-0.06575008067500827
0.005529953781517776,0.03866848263313052,-0.02758037873378851,0.02881680573053038,0.07772364556059246,0.04986818154989383
-0.05434188333830252,-0.01493327682085671,-0.02159357889794159,-0.06113061268222167,-0.1078542136370538,-0.05018211109725857
-0.02849937419857763,0.0450806903432763,0.09812562824410945,0.07682754773260632,-0.041654065060894814,0.097563932083803
0.24613174833059193,0.07922328193624015,0.12197682631462907,0.03951883347002008,0.014271502836647925,0.05696789462483395
-0.03175046419129673,-0.014217024760049655,0.028068248548001332,-0.0035978792948677496,0.002781316115338446,0.007015850154086798
0.25177649901262583,0.0024081771013642374,-0.011802728291619453,0.1342338133246828,0.060834783291322504,0.1415860744843545
0.2829150797508471,-0.016812112859537823,0.0439510954326824,0.08812806932567939,0.08536202387522257,0.10994499126212846
0.014129755191181922,-0.10380559190649682,0.01317729471005121,-0.10297514186016711,-0.018958429832677166,-0.06287627247726502
-0.011561197019108405,0.039518106176015214,-0.07406863161899438,0.04529969749446276,0.0398397471368378,0.007083109549204127
-0.026129934644711656,-0.04498559594976288,-0.05064689798081047,-0.08429263499625556,-0.03049487304221431,-0.0650306866984074
-0.05157923111717915,-0.02684336621888503,0.023692498005126537,-0.007814284460526994,-0.027321274562713157,-0.06719862812764477
-0.04914723100882684,-0.012342292561517249,-0.039036625095898295,-0.03686199346368557,0.01984116552287532,-0.0449608465692298
-0.020117414589110986,-0.010040372507860891,-0.024128452589367688,-0.05843028739718911,-0.03655526403803514,-0.03975430226648138
-0.038872970895207776,-0.09021776003052182,-0.04804084024686843,-0.023828941056124573,-0.02818141674292031,-0.020834608067315283
-0.020659131116358906,0.019634504939605876,0.00826765286871824,0.04420350033450902,0.0737273083853441,0.10761148217511649
-0.05300099454579768,0.04906627615933385,0.03081880613758597,-0.002002214190628668,-0.1166717608481996,-0.08751256648158226
-0.021894989432516082,-0.03679075638874258,-0.02571635079696356,0.021942958120216804,0.04869081916275977,0.09436702809900889
-0.0545380484937848,-0.03929898891078457,0.013533889846394117,-0.09577624907323777,-0.09439800666498047,-0.047790719475282906
-0.06665668374760078,0.09757122544307921,0.08302000859963601,0.005316272698939692,-0.15093323853201046,0.04312867997998282
-0.04352712596163103,-0.07291655810778293,-0.038837981951511995,-0.031545176669178436,-0.08120051346550719,-0.03274432074358279
0.18272740899994008,0.20273515299838332,-0.0963231677877912,0.055264314913338025,0.039808389430267835,0.10343914125682203
-0.081696112317844,-0.035669793413683745,-0.08600254721530529,-0.06977674614307144,-0.052048668068642515,-0.04275335418767041
-0.015504927104108779,0.0016478104465537386,0.025972482715236847,-0.027482762882899577,0.0699984899410457,-0.007906074170103887
-0.061810149375316516,-0.011922949069551202,-0.050995463862495934,-0.04434896893756336,-0.029955390317199654,-0.05129054173159959
-0.04673272628974126,-0.04513916059025415,-0.03755292995194606,-0.07267841072747246,-0.09032948596889455,-0.013336691221686483
0.22463665846364567,0.05259892931863457,0.05454290917766302,0.044172193374505786,0.0954160619612905,0.0337212915092974
-0.015196193660117588,0.013204492465279452,0.0883922420788022,0.103123574109295,0.0704492865036541,0.08458939563089192
-0.052127152565836526,-0.05128232962411048,0.022602847418216502,-0.055089625290220046,-0.08823866559991014,-0.08325540190214759
-0.036290900532058,0.20885549003294354,0.06731860408498577,-0.0016666421683502782,-0.02858406811575452,0.03935624959745579
-0.009546433954811006,-0.11183482462448707,0.03796262722992807,0.02556234207947326,0.014576353066552207,-0.03729004527387275
-0.0415441048773264,0.03054397498443237,0.04440763292604509,0.12797321692057823,-0.09792933490051177,0.03092508025463344
0.14935554079288185,0.20104669479596363,-0.106908347366767,0.047888234370040285,0.03579664994213884,0.0981847237594685
0.00755520939933289,0.04972300901035524,0.07904029944450232,0.20721561194459343,0.09437217443087728,0.06946499377387323
-0.016713456650427592,0.23199780750397903,0.0505970586328168,0.10034697429856008,0.08346246101736715,0.044703081458776245
-0.009793366118190932,-0.03808304547507676,0.0023645567994007395,-0.19248577273917902,-0.048787548278319305,-0.0855658130141947
-0.026629314768875447,0.07046173714953805,-0.039969689002606654,0.17481776907889232,0.09148477288155982,0.03282360945560118
-0.05964027335069963,-0.03597851780482081,-0.033722667228262886,-0.03965287740387756,-0.01646768013280702,0.002429126134333875
-0.040170666272153606,-0.05245615933162153,-0.05781762059587561,-0.010225649482361782,-0.06785479242449968,0.017779434526578413
-0.061810149375316516,-0.011922949069551202,-0.050995463862495934,-0.04434896893756336,-0.029955390317199654,-0.05129054173159959
-0.050763578578568766,0.15550529734873086,0.01092538828646352,0.04467355242480382,0.05343022122800559,0.059431420872547706
-0.04840278409007884,-0.05296450950343837,0.00017666924025520835,-0.08919499162133299,-0.034627971711433524,-0.06860359608523572
0.0013681305189922183,0.035558053722232655,0.07890074376763413,0.11947211353079627,0.08860110252345563,0.06278159521913257
-0.03680533970767458,-0.08230242898139346,0.029733865280407158,-0.02201338202096076,0.013885786790690392,-0.0022378950938497758
-0.028595942329330513,0.06425958074520587,0.08230513724226417,-0.000792230526863245,-0.03671017452434407,0.03590766516154122
0.1602780953380553,-0.06397776616742441,0.07810175109275008,0.05044138692759465,0.03811694269799319,0.009962794197821841
0.23309478872122222,0.04226865187392225,0.0013829854202431534,0.10419500818228525,0.051492440970363866,0.03841792285663752
-0.03698133885282517,-0.04200062699378717,-0.009435825986952043,-0.0759451018253932,0.003959266778647929,-0.06669097225945823
-0.035802866820479194,0.006267525755454734,-0.017344875562772314,-0.1425685128521551,-0.010480314208500614,-0.07732706590213699
-0.020631136264895825,0.06482654460884828,0.12646688556653904,0.04130963465057871,0.12301715748427323,0.05864390828779516
0.28202242024413976,0.0532758591548269,0.008875537414463843,0.0025178715858088655,0.03157124691348772,0.03200124934491854
-0.04568132282545674,-0.07028539798250194,-0.043506865100130514,-0.04553167143188778,-0.031189610017048404,-0.11006556960553925
-0.05492463909740006,-0.03881049922325042,-0.024219414252529464,-0.048076549427697235,-0.03670060866331967,-0.0592795947353412
-0.051414952523485206,-0.016114822521286667,-0.05689454676428419,-0.036223239286558365,-0.13908892271853893,-0.02718610745174743
-0.043541837950752324,-0.00861697433527072,-0.024896504211799127,-0.01202851138982239,-0.0792662817054276,-0.025994799230547545
-0.03856329400272071,-0.045198994766377044,-0.030805489664651978,-0.10327145162974334,-0.05690720916198575,-0.07627236100256155
0.09202220682614444,-8.94650099587766e-05,-0.17118816212131754,-0.02538242019497507,-0.04467670566287371,-0.02105220358201183
0.09231476240022074,-0.02587409010200087,0.01661494577428993,-0.049081348077835416,0.00017481490792824964,-0.06745948486330412
-0.012680725985563643,-0.11829964422005525,0.0014461031612496727,-0.12961402121932425,-0.061768056264578465,-0.05129458638478536
0.06369694212734435,-0.04778787860384469,-0.03094340603265293,-0.046547550045303865,-0.008183273140301142,-0.0011788651077446206
0.02255159182252404,0.08270882333233993,-0.012228512095549758,0.1210358395616977,0.145169521258579,0.11556496335747458
-0.028663549263715296,-0.06317815750434738,0.021201848598249303,-0.04310874521696235,-0.03243746242660448,-0.0348672408611716
0.006896171127517472,0.053174289554924155,0.12355310736511158,0.135861197808581,0.08473094863921504,0.07710127022434539
-0.020243541129996868,-0.020291732624298724,-0.025860322167336042,-0.05600241135561613,-0.12666561941483062,-0.04490073995876105
0.3144991978389545,0.053978753368718754,0.07072487983776868,0.06550803786481244,0.026672039249583265,0.029279072982371708
0.23861513561317024,0.0705579738957434,0.00190442929654044,0.10056476154936123,0.06278355807678089,0.0568967960285244
-0.06618331347697216,-0.06160797828827457,-0.061066901937084604,-0.05478677163705833,-0.023301764289652124,-0.05469693514919771
0.2598323156247705,0.022179874116037446,0.06450688072575225,0.06851835691516756,0.12205032694807029,0.04844344427513902
-0.013759515153621773,0.009829013548711216,0.1054727413208201,-0.027875236095263774,0.07420829491691153,-0.023916705311511743
0.18562511001325863,0.03550974360498997,-0.026392220913589854,-0.0014041242670209083,0.03267123752402642,0.0011164272742512106
0.19618715314812288,0.0658939550021394,0.0047617421283326165,0.1675448680543676,0.00014264148667021042,0.07394018628702412
0.010321209841765232,-0.061747489189886116,0.012708136889971213,-0.18096842869376303,-0.07352529628590282,-0.06635541300806096
-0.03773420750077859,-0.104038729580425,-0.0420891281206322,-0.033809497255144136,-0.03805707753077759,-0.017347958649616232
-0.01803868258543154,0.09303023166568875,0.09748056187858058,0.2367302393488864,0.07467217181795503,0.07978102186063317
0.018642346660368226,0.06795503444634404,0.18707991054718887,-0.0008942741960505685,0.010338607968321681,-0.008915989343609267
-0.029967514739676984,0.04314872068933525,-0.016199419890425643,0.03917223678174343,0.03478738691895432,0.059720369615663536
-0.05515208638795289,0.01171708237841866,-0.01140105138104248,-0.18734152490658806,-0.01825416950682637,-0.09566050566686055
-0.04818718312000962,-0.045192104370742135,0.07342669714275876,-0.02164394760311484,0.02237624488237522,0.05333884059729941
-0.01526937966549499,-0.13724248531814104,-0.021327968390081595,-0.020092122055927912,0.025981620296899335,-0.03490837855309591
-0.02042707750768038,0.0934985747476386,-0.03382735121221892,0.22901427611211217,0.05710092071326437,0.15623726729097837
-0.04350207546639048,-0.10540677448463524,0.018505574913876274,0.001795662907418876,-0.03170383741751769,-0.06485339355269454
-0.019941044198521562,-0.029994309777121798,-0.055385242207169484,-0.03238180599193734,-0.11752916770649831,-0.0016683307227082955
-0.043544109388310555,0.0007358639872502372,0.022176692858360644,0.06934966931189537,-0.07211551454066069,0.06063319651496107
-0.05014458258690977,0.025592506663170752,0.02373921968215611,-0.13005754185682472,-0.010461972375201136,-0.10176206582295574
-0.03807101822243464,0.012377426465700052,-0.08846735136392478,0.05054632512714318,-0.02258658384027162,-0.04319049139289169
-0.043532616880287034,-0.04583268850247458,-0.034525216028416836,-0.05931231783866894,0.049885256872560076,-0.07006608004402928
-0.026894119167009716,0.14443477207061864,-0.11964074078594758,0.04017293898491332,0.060985065796862616,0.12339240101305177
-0.05492463909740006,-0.03881049922325042,-0.024219414252529464,-0.048076549427697235,-0.03670060866331967,-0.0592795947353412
-0.016040657433051452,-0.04341471686213297,0.1092552494793404,-0.04011566365180807,0.00037547987449136,-0.010111650007769622
-0.02063806020408101,0.23036450132318448,0.054357225361457734,0.08734677388244737,0.06757044345558476,0.03420858869533103
-0.02031409475802657,0.017097706227925533,-0.015403006478731525,0.15751714370816522,0.05528222743786191,-0.0037806297178223664
-0.02984557958233494,0.02844595771238491,0.02476134014204669,0.03693748212974639,0.018333252702112696,0.041860765477183745
-0.019904825055293958,-0.018990585174521603,-0.059671059540251585,-0.014049479097773031,-0.083636858622388,-0.005774696813319789
-0.07118756252710925,-0.054027223099995726,-0.06924815639413708,-0.050208613903537466,-0.008877252053297303,-0.07076912459345333
-0.046950119908888324,-0.13917731070848927,0.02667121076895243,-0.035397836062008955,-0.05415245831400845,-0.0933334130875363
-0.030089120422558017,-0.034260533854498974,0.03221133879307552,-0.029774873750745806,0.02718728308903491,-0.0017395840803584096
-0.00041269624547291033,0.04279448549077569,0.06475457145171541,-0.027198715148389882,0.056715239544618774,-0.08876802845192633
0.26279873829321826,0.03818496681688754,-0.0517111587159513,0.0959524418856135,0.11432828601268148,0.07844580700450628
-0.03762224378115225,-0.12977951263700335,-0.028229319617443127,-0.0472319425757026,-0.030031851569519364,-0.07166396929796061
-0.032710371329746864,-0.04351369649734381,0.07503088093920511,-0.027032903447263876,-0.017220529220343724,-0.022696779728924883
-0.05021488014636805,-0.04932066403823409,0.09091074690400368,-0.007118084761929633,-0.02776632100631683,-0.02299827052999588
0.09296692556822461,0.13694173823484432,0.11313340421333949,0.06491637616407958,0.0411318733773306,0.07426473890432277
-0.03520273714033752,0.050136315069198044,-0.08392413353556871,-0.02611498612166151,0.014492388144531503,-0.006096558689170023
-0.1275068478126768,-0.03157685828773762,-0.03949067327475619,-0.10891405182516715,-0.018272204210138056,-0.060453708755994644
-0.00901441695650442,-0.008556601581569241,0.008513270764720237,-0.09720654789927019,-0.03926839534276774,-0.09787262068028349
0.22734348393143092,0.11428938963311969,-0.026713865694084155,0.11502085971623181,0.027516417361838692,0.028473975463424266
-0.028777459234704445,0.08262395283133446,0.11455460973658085,0.07652638138422924,0.0015012769852704986,0.0716795239498697
-0.05625452342084809,-0.03978943037732536,-0.012028583591648568,-0.07089359805757794,-0.028688645694838498,-0.00019757117933961706
-0.03641789322537023,-0.042709903753506626,-0.07019500066791914,-0.09131865721732435,-0.035941955082091685,-0.06343299838416587
0.2527607360725075,-0.01780965015440473,0.06909451032363942,0.08948766559348702,0.09116140163207213,0.10956571312190949
-0.06617032297484268,0.08590530171467717,0.05534518034268623,-0.01867530059353895,-0.006812454380945576,0.010795454215819612
-0.02376743479348653,-0.052899517968073045,-0.0018440741622711612,0.015575436337366546,0.044274967535919516,0.044839557878265025
-0.07327454572973754,0.008787559697641069,-0.09952008955353246,-0.08635942375819305,-0.010207911634669803,-0.018249380929780398
-0.22098876180425442,-0.011399090063226319,0.02369639739392791,-0.08670464979227238,-0.006091868777772698,-0.06985457625107579
-0.009060083819477222,0.18800383284110686,-0.06890307826204095,0.06360725423124187,0.09514181329135056,0.16934869549235845
-0.04142188997621533,-0.028634037624409768,-0.027515452817539587,-0.05453696643965908,-0.05835815749166568,-0.044818208186516134
-0.02559450570259567,-0.026742411378460732,-0.06863207361169896,-0.07824787346682237,-0.09538605561387992,-0.03834908880346057
0.10399969182488028,0.06373647160794033,-0.0362804692056403,0.09909781894731927,0.0010671939659182858,0.09271338245749172
-0.035717056895793395,0.15717366392922769,-0.04441530882249518,0.054181609456274066,0.04459557775536656,0.0161891448159734
0.053772363319561825,-0.06059210342727756,0.06030497093913774,0.012780882385017065,0.016566117608695367,0.02866375458250125
-0.06053594191854731,-0.047293545136162574,0.0037699142062711357,-0.06769769799770826,-0.05855648936290339,-0.11252568254304662
-0.023669061014692353,0.26044153934400643,0.0021439815463595484,0.0748350425548679,0.1121851774480908,0.142400581083515
-0.04613328150056212,-0.07715003220989786,-0.024098074670467005,-0.04281990212896347,-0.08942035792326038,-0.037538165657274136
-0.024493510773129744,0.004337123728047093,-0.08871335681847434,-0.06543583523361733,0.015533580487971052,-0.11578685708289516
-0.07604340441453213,-0.0372691762348557,0.012769589894118062,-0.002982817656308303,-0.02012671925253703,-0.03678259595567655
-0.027546901411540696,0.01176151227032608,-0.05152516059799178,0.012449663787413575,-0.04161717925361011,0.031829556572683354
0.15919257575551068,0.09418446402849476,0.06980745590490291,0.0942476661797237,0.05298915434409879,0.011944104455206743
-0.01758523331123556,-0.13963968657187362,-0.02612161368909282,-0.021899815449088315,0.022931429479462546,-0.043164465139685755
-0.01234947719024426,0.06286650255998702,0.08443871629522597,0.05690109682608516,0.12585115623590226,0.11549086269256703
-0.01533908997835561,0.07565688399517044,-0.07140665034591304,0.07399338563651928,0.11718084256994452,0.06929468049703646
-0.03976021940240058,-0.1429798545189522,-0.03151026794945286,-0.03827308011484547,-0.0234206238669773,-0.0566694666455768
-0.05199621635626474,-0.036955836372709,-0.05244507680681776,-0.01077024280723979,-0.0594957813356054,-0.09376740061929306
-0.04042182227832072,-0.02117433947061543,-0.02612288900322854,-0.053751383567715486,-0.08722460557508878,-0.033732778760821036
-0.036012099229997874,-0.030235167698515482,-0.05520265286976937,-0.08069731356429342,-0.063749954990253,-0.03562382609554338
-0.03474919802857189,-0.11442457415107528,-0.0007114423580996762,-0.0403064129908906,-0.04190324182069736,-0.04417456519459571
-0.03682058621470296,0.04561651091422459,-0.10304591546687254,-0.03893410926882902,0.007722670453027724,-0.012252461259824647
0.23931780886041973,0.07076475927213909,-0.003296667842572602,0.10163665304734408,0.06368898386636467,0.057034646668189956
0.24233324427319547,0.047348705252177756,0.047127986081535574,0.11725941023709505,0.062132391170626265,0.048919537448636974
-0.050125107864316815,-0.16416608621195172,0.023524639782861685,-0.006097532077737697,-0.06414326789884947,-0.05026834173020993
0.0026148750772475,0.0711514199878421,0.013809756276199537,0.21739388356272638,0.21297673550832238,0.07515737128369243
-0.050849230037546884,-0.044917737870184576,-0.1102149210333724,-0.022757272434331875,-0.007059578373708185,-0.03806273601705215
-0.1738162078147723,-0.03930504397046644,0.01258033749840449,-0.07754679540804488,-0.0281914029755983,-0.06528368859444822
-0.001669581182219835,0.035735458748600304,-0.041153774195128605,0.09871329093582322,0.11290066370302099,0.03858750730570155
-0.040997351725308724,-0.047247616892426805,-0.0729436212102524,-0.1021400759019956,-0.03981576870115907,-0.04312615697968796
-0.055032318689752995,-0.052905254105424335,-0.02547310050043259,-0.0834196459505274,-0.05076491577248281,-0.04182507056530325
-0.012145644551796904,-0.04307475648058867,0.10982032704925886,0.12115552803569396,0.03272412554650877,-0.008197607302512696
-0.025757265795286345,-0.011751054745934582,0.03156758029969975,-0.061930639771634745,-0.14163030628249534,-0.08491097532978802
-0.1488736786447042,-0.06274891808568465,0.018894004999464163,-0.05393591188038312,-0.07260774543932795,-0.07264264456638427
-0.07214742267355644,0.09196481353224935,0.03531393990024876,-0.0005354785973045894,-0.14589146951695997,0.02726123293498719
0.1491011050666601,0.20831150642499216,0.0759035013784354,0.05382383034071478,0.028450634402448664,0.08252711872879177
-0.033122663181636244,-0.05725169152477266,-0.06824233991879387,-0.020304704899862934,-0.01681803297819893,-0.04335838720319566
-0.026416477930054093,0.026837474161534813,-0.054676762474720905,0.011212388523346049,0.02172666918427553,0.00019920008658392616
0.0024361079833743033,0.0251487454898352,0.07688025928616764,0.17804274539266968,0.08560024886123031,0.08181630261681977
0.15431531287735697,0.028069540790569357,-0.012199408790332787,0.11625137712953802,-0.03572358180556103,0.019733971396456752
-0.030639240296401315,-0.002268948591992947,0.015516606442610095,-0.03904401186672104,0.041818068764935656,0.03044658181323729
-0.017388989443750058,0.15876295401593574,-0.08242338024173114,0.04079320371094294,0.07726977627414586,0.14486276712589963
0.3076507446230389,0.04072658112746596,0.02169700541077745,0.0477831490088242,0.043325797705445514,0.017320348755668697
-0.017668447355375854,0.0017149492125275916,0.10274717973438913,-0.030727498928053276,-0.04315917352148869,-0.003466844865146882
-0.03267477021317726,-0.025863684977304673,0.038286353788283156,0.002700904967500761,-0.002043426438665738,-0.006455462052851204
0.22299765777083363,0.06066533551001551,0.017071788861186273,0.08446200594247433,0.049466385398703336,0.10016180706069502
-0.05479480317619342,0.001533120729339839,-0.08336429474696287,0.01544543460292312,-0.00883521217068222,0.034276860336933675
-0.045168859248836624,-0.07597186490002515,-0.056111412873186044,-0.06918860484854851,-0.053709302884133024,-0.045807223154668696
-0.03295881824658831,-0.0033621659828866404,0.039543021353122494,-0.045967919416590355,0.040855681282792926,0.041208424687478006
-0.06134695270951352,-0.09046742238275791,0.012114580811503137,-0.024744881167688703,-0.016128923431975653,-0.04396054712326544
-0.04669016367530833,-0.034807137627455874,-0.002817845380288933,-0.060759185837474666,-0.07595892969870788,-0.07052002583503368
-0.05971714532005532,-0.04015904468682664,0.02380759875038085,-0.04620350941509571,-0.0384823209670249,-0.07358342267101517
-0.03664155240984582,-0.056261113160053035,-0.02620358590833863,-0.041024822511075254,-0.07549363152701083,-0.013625531678687802
-0.04207491957174885,-0.10051825761781175,0.021137928680370486,-0.0214439024499966,0.017719432798732067,0.0029940612025581743
-0.006429562639998958,0.03568716607797735,0.09241325626970895,0.02827846367638912,0.04870066956186737,0.012319298634607763
-0.007636868542974513,0.030916675954152272,-0.07827505400407045,0.1706184479188067,0.0250491344100388,0.0013347084865896989
0.19336421149133806,0.09679426483057825,-0.010546813381518236,0.017135603020556466,0.036422287028768825,0.03837220639685506
-0.03757837819133337,0.19891965430248001,0.04030764511829552,-0.008403333015388044,-0.03914537020074905,0.03846585754669674
0.006746562494448896,0.042005796854618964,0.17492998637947807,0.02520150289399956,0.029530741232631323,0.017395801626445204
0.22079032032323573,0.19855377866126775,-0.0454799726108479,0.08012933579459325,0.028848179706642857,0.10038340381715061
-0.013347287834108506,0.0026704880282619305,-0.05661394287921881,0.1191449787746144,0.022492198713709135,-0.013814721728316855
-0.015392113080629207,-0.11040482548001056,-0.008187320235385952,-0.04830555802824613,-0.04798821200467959,-0.03139790803286467
-0.02048395099420121,-0.029901288800021804,-0.04662475974965103,-0.026396610478940718,-0.06876112418247833,-0.034676317540915096
-0.018056529947736297,0.09161569437628699,0.08095733650770254,0.22336853473856438,0.07680935315936635,0.08514001795599146
-0.022275676706178176,-0.04736543231052865,-0.025091160265619094,-0.04778214524599094,-0.10281087857349132,-0.06033095682914948
0.005370557388877606,0.05031186500745952,0.0773002668698663,0.12057588559169057,0.04050253664396636,0.029795916672777728
-0.011241528007901352,-0.012708491247086168,0.09774850048959664,0.029448725537076215,-0.07216264751181876,-0.011215418541768414
-0.03475589229955088,-0.12910983753548327,-0.0565869368567488,-0.007928178143310618,-0.05442302133411753,-0.06984247396565144
-0.038739339612089384,-0.1023421696639579,-0.028160937447817495,-0.04545007122656341,-0.033440427377127296,-0.07023088742222905
-0.046974736789533525,-0.03576071662026578,-0.09715371152801501,-0.05379810652520345,-0.01774005527293633,-0.05056741051954229
-0.04421416369969674,-0.04280692469229012,-0.01984225868854052,-0.052995275228225225,-0.01658435202590036,-0.04143387403728019
-0.048766593411954356,-0.013626347941749146,0.03310465108973337,-0.052236929918015734,-0.02899444064363033,-0.07927946168249993
0.01054992944660252,0.06543129574008436,-0.04454572540832528,0.07173327126811602,0.09405696771942787,0.07907961228352763
-0.061701234419762156,-0.05687328863618705,-0.012962815894864659,-0.0388775133802278,0.0011893891985015504,0.014092860628777359
-0.05114374447513217,-0.09203724766938902,0.034337809994604736,-0.09317783201034739,-0.10082006874476301,-0.030983555194507684
-0.040791193964689276,-0.006909491316955384,0.06750480275945495,-0.017910553279401418,0.05991551841105476,0.03620979669993447
0.12865465444092195,0.22568762846926424,0.04038104181951921,0.06367152160191834,0.025666998709125175,0.12343502604811643
0.0011930415468673005,0.05153642667348044,0.012134175418883545,0.09786178488713805,0.039173686538404584,0.020819310336329534
-0.04818718312000962,-0.045192104370742135,0.07342669714275876,-0.02164394760311484,0.02237624488237522,0.05333884059729941
-0.037517232561996613,0.0306277742947642,0.04458277827142548,0.01695350317251665,0.0533786253462806,0.008152300360793814
0.11947126736062551,0.22847330177803546,0.053435972826047194,0.06635222427766713,0.037341679249187104,0.09574936663012532
0.17248264060344032,0.23338642183040234,-0.07628658863776322,0.06643755368780722,0.03278662972924924,0.08684522084846412
-0.02880304584087087,-0.04592400838826035,-0.015926359592081375,-0.02081914802951513,0.024988267223272794,0.0227173065577245
-0.058934480207311915,-0.023097185887245325,-0.04935905529935115,-0.026592535852154545,-0.07439868084486344,-0.049173705193861515
0.3261817424603868,0.08836815551577411,-0.07240378956084477,0.04940964216092447,0.051895359447872436,0.05110840373608728
-0.055899545093949364,-0.039154150814173096,-0.03945608221811,-0.08299251832332513,-0.03827775245202274,-0.10691758098501906
0.008276005724666876,0.03146091730051374,0.021427481374192602,0.09324147858209281,-0.0068103257580411,0.07270638908183542
-0.05515208638795289,0.01171708237841866,-0.01140105138104248,-0.18734152490658806,-0.01825416950682637,-0.09566050566686055
-0.04410250629565689,-0.04279640809119521,-0.051225314899806175,-0.06353406927888942,-0.0648976067903025,-0.0014219926266579295
-0.06102222747439587,-0.03665671517883812,-0.00215138531323843,-0.0740481135329173,-0.05981907706479053,-0.0672185131691109
-0.05021488014636805,-0.04932066403823409,0.09091074690400368,-0.007118084761929633,-0.02776632100631683,-0.02299827052999588
0.10556985066022977,-0.081678032224016,0.10375163367280162,0.02121496840465601,0.02890307108568668,0.031942545345666144
-0.040859710436721375,-0.03475907877401757,-0.020153117974344385,-0.035967163234954046,-0.05712322540862633,-0.06681215646857395
-0.005712413840364589,0.03265256463039206,0.0699386407640886,0.015805442656084554,0.07722954806792565,0.032074564046556994
0.0015926038506239443,0.011468474765609278,0.07299255644576237,0.18183709008299404,0.1012127217288274,0.09580375335749199
-0.06057811653153328,-0.01662921089937413,0.018239803735656396,-0.005411528942434289,-0.11336770365215831,-0.04421659214033876
-0.02540237352161442,-0.01931204575010226,0.09142242772811336,-0.026765918111634413,-0.03054188609934477,-0.051059480930351696
-0.018234265293772114,0.056149634006280744,0.12051417976661315,0.010673224940664517,0.03723740839057088,0.02183453120920707
-0.030341351097585175,-0.12107473429310155,0.01488423694079224,-0.11068886603383303,-0.04433021601524459,-0.05483764221672805
-0.03818911505129942,-0.0517115757139283,-0.060780907508270074,-0.0766368466752987,-0.029531470349083357,-0.0677440936161302
-0.03917099790684939,-0.13461450108585296,0.0066224520998288934,-0.04936414179407213,-0.01607189435641825,-0.05375182495407815
-0.043176482025114864,-0.1056583796461617,0.020616549257705803,-0.003916240476538711,-0.029765256974913595,-0.058541736923387926
-0.018195989635286364,0.09471044854294111,0.00556275768214717,0.053874571626043546,0.10428956217488132,0.04784592440492451
-0.014762207275045083,-0.05105366471141961,-0.00600858464021114,-0.050049650111003215,-0.05945386897270667,-0.018433436759027415
-0.07230019940403935,0.07218264985955437,0.036366117874263575,-0.04726137684497715,-0.16967001621301553,0.0295241789483226
0.07528912910108172,0.018047035257923127,-0.04492331746617346,0.012925614431488344,-0.0018714917941750984,-0.09797533829946185
-0.036662843790324966,-0.10689108002491031,0.00024151042357750742,-0.05992498135010344,-0.06115741713198758,-0.0668875848488463
-0.047748130564528264,-0.14517840460817943,0.01711179586078826,-0.020382246864167737,-0.03653927771548974,-0.08624127825654498
-0.09891064877343894,-0.05035383339191125,-0.010822751945750988,-0.11950958383037749,-0.016806635675205753,-0.07690826539715963
0.1801621420112736,-0.071690813297794,0.0013476081656949642,0.11032566774847848,0.035008746278314455,0.04968633728151838
-0.05014458258690977,0.025592506663170752,0.02373921968215611,-0.13005754185682472,-0.010461972375201136,-0.10176206582295574
-0.030069369739771194,-0.04249443054033101,-0.04356068883329733,-0.06503478478507095,-0.0737256991387762,-0.05610549763630582
0.14691736352746962,0.2215449263560971,0.025458272429320503,0.054431738161173936,0.018624721867111917,0.08356466199258218
-0.03240065665837012,-0.012286086003471459,0.02449410357351193,-0.055121055244099215,-0.02335253267482375,-0.05469850350517991
0.1956498675084812,0.09886382376835331,0.009636440098096576,0.06240575259836806,0.13919652893275417,0.053576773957851744
0.05534094312911439,-0.14022000426817874,-0.016453996637877354,-0.04551090268743144,-0.018971208592013605,-0.06467713163068807
0.058699378229294524,0.12823979711988467,0.011414690526687723,0.11596901383952161,0.023923158686580674,0.06515376356234955
-0.011154068171585556,0.07750778484903414,0.009270521389338527,0.155605059611302,0.08866092166495569,0.09180041748935325
0.1618883417995694,0.20338628499321285,0.041367176585765816,0.05320581849620602,0.026133982006509137,0.08110481328243922
-0.02827120208824003,-0.020740321738085085,-0.04712030721437147,0.0009188297365254701,-0.03517617958310424,0.01186925634379944
0.06886572968033589,-0.16244517828767255,-0.04090403388751665,0.012245569287373331,-0.021332872246052646,-0.04585311760090234
-0.03885871214660254,-0.03937959067713495,0.06968295500782233,-0.009056655556053386,-0.03822745731434407,-0.03659322221437931
-0.04637659620545906,-0.02938314757210135,-0.06824134543568791,-0.03295108344155593,-0.11172152910521249,-0.03813285085160521
-0.018346241008326707,-0.006981654070295589,0.11820551084537252,0.048773595193226014,0.057345135155694775,0.07745414333458871
-0.03601201856572902,-0.08408530503383704,0.048118082023488544,-0.05667188113754064,0.039509441976894426,-0.104100456671939
-0.06330356288291168,-0.04726770599360027,-0.03447490430534523,-0.0867897989129825,-0.03867934951176819,-0.1029900560877401
-0.048599994420708746,-0.0851922986852291,-0.013450341290389486,-0.047218497573501696,-0.07001764244743185,-0.03472376587633452
-0.07185606188090378,0.018987296781277547,-0.16468925843289217,-0.04594336060777673,0.02773260229452626,-0.023877442368759643
0.04521247065837141,-0.17556868542877402,-0.1814317927208121,-0.00899920902198746,-0.014951469273798387,0.02614488284401244
-0.030400761965729578,-0.05978936344181443,-7.669753838001075e-05,-0.07508231418736766,-0.05649548014215941,-0.076729476653902
-0.03976054407266552,0.012160737619958862,0.06640921737069426,0.022265087775793273,0.01819492676260841,0.050326009040122764
-0.045103684327323076,-0.06366161509473837,0.014138859278400282,-0.02878222210365801,0.006423179598535022,-0.01630880083049633
0.2532048024653477,0.17693080080570395,-0.0038357469855044204,0.05136450652700099,0.030150016416652475,0.09883532045521923
0.16330191028938235,0.011204012746211914,-0.0583382474109915,0.0992733403382942,-0.03652041464528035,-6.916894036724504e-05
-0.02479195434479733,0.08957014530786335,0.08157320936029445,0.2565591814016807,0.08933924561237194,0.05395264942028847
-0.003787795912425138,0.08828102686580387,-0.048724217103913045,0.11068531280033679,0.16747877443897938,0.1155119354011044
0.003604632980389268,0.0014365564103913054,-0.021824287910655618,0.1103361173509959,0.09833349031299243,0.19032872569314266
0.015509011987845421,-0.20070250170547732,0.01117502786063138,-0.022551540786108406,-0.08404799664114151,-0.09482467211054627
-0.020631136264895825,0.06482654460884828,0.12646688556653904,0.04130963465057871,0.12301715748427323,0.05864390828779516
0.12808562136007873,0.17425625932766267,-0.03373242563311006,0.04506927175786568,0.014591627571309454,0.079732094718378
0.1058097177879523,-0.09435868584095114,0.05702661505491072,0.00858775958320804,0.01981753961734806,0.02039851697129721
-0.03732655936026591,-0.003636915631966275,-0.06299280930085935,-0.015985134965081,-0.053031340199689546,0.025354443439995458
-0.020141847888297842,0.11260641343694727,-0.031245281876133103,0.05709850312640135,0.08394174250072688,0.022702873759525517
-0.07230019940403935,0.07218264985955437,0.036366117874263575,-0.04726137684497715,-0.16967001621301553,0.0295241789483226
-0.020201383036890827,0.008037621925463017,0.07638456905903823,-0.027360304302582874,-0.0090312717566924,-0.013792973901138175
-0.017443742791468667,0.014467727797929548,0.12155843995059225,0.025739380573168536,0.001999196434304856,0.02559307720422747
-0.055682761095814666,-0.03459832432500633,-0.0070213072734723065,-0.12936305003613408,-0.0723002083234673,-0.056729110746005146
-0.05611013536437347,-0.02046269908680591,-0.03270116721597815,-0.05109894914694269,-0.081715992054841,-0.049713561187261425
0.06760757172392155,0.009305685816465108,-0.05204861257012511,-0.13934204244835754,-0.009683417852960502,-0.07795632212056058
0.0332285238733243,0.0133605405040531,-0.07650369310310903,0.02752802994891229,0.02494777399978014,0.01323470116916373
-0.03824785666940841,-0.009660443924376365,-0.015336307505607886,-0.08012789784120364,-0.0337984231717314,-0.05206790829924513
-0.03856700750031578,0.03718424742377866,-0.01135117923002593,0.031003686761362257,0.07988479336712796,0.05393620151869444
-0.01891641602290108,-0.05327250587742128,0.03770159503230798,0.018888280508890107,0.029369872360527183,0.03415712143509436
-0.08316908417979532,-0.023847012780781773,-0.10294356872616729,-0.07206672529755753,-0.04059460804602901,-0.04166322133836975
-0.05753309745106686,-0.08719763203863964,-0.002314939895696185,-0.056458605523953355,-0.01651568414641966,-0.06829502708656811
-0.04628837525807594,-0.04653910797374705,0.014215151716925124,-0.05868242257671223,-0.11717522771304294,-0.043199681972642276
-0.02613905696539865,0.09269704098985139,0.050650171339802465,0.1561037030778355,0.08144653257150332,0.03955213931503132
-0.052272682907671716,-0.04457073680294386,-0.05742383347286129,0.013997885971592617,-0.11267326620575115,-0.047283967154282104
-0.04991163148965945,-0.09244984308371523,-0.01351427369020191,-0.034003957709058376,0.015840118114699188,-0.00048710528169397185
-0.043846013524533774,-0.052496688512391546,-0.09446479561331178,-0.10246261438613025,-0.032290759981551564,-0.04988870975738676
-0.020182292961189473,-0.017122154791384455,-0.08115145242546076,-0.10554730797562385,-0.0033810915606901186,-0.05539555217176956
0.20751277391244816,-0.06288589562608222,0.05284799215960897,0.05016381506977657,0.03029894495732156,0.016613995329600298
-0.05083847699935094,-0.0927398079202428,-0.01053666760660839,-0.051288405441918816,-0.0066061685459763465,-0.011636908751624118
0.23855322602890325,0.05071097944902897,0.06962522259069676,0.15096285241309873,0.027504667639621866,0.0370079201663936
0.22468206789473552,0.06252133398988308,0.013033609772087085,0.08510290103571835,0.047954035709748564,0.1001024607131635
-0.040452203118689335,0.27120519998823145,-0.012178874041329339,0.05491680300426248,0.08371577650936904,0.14455237291711748
-0.01880892819077001,0.0405150644186524,0.03234536958933747,0.0695685780976723,0.0855630805360751,0.11378669526320723
0.11155991908331887,-0.07194526963908891,0.042903879764659786,-0.06586632960102543,-0.03657515096046642,-0.04264432256385863
0.00782295820858994,-0.06137155589967392,0.0038105132946202923,-0.2036481690746477,-0.045016176275048406,-0.08987928332591309
-0.018129785526432657,0.09079619144487665,0.09891606339107518,0.04397132591172729,0.09644982521749497,0.19094928007422618
-0.04962296260861741,-0.059712694444457204,0.03276507733791624,-0.03803493895072422,-0.09344199315461157,-0.07511911441203564
0.11425460450108818,0.1355658091299514,0.06926516583301694,0.06397537516468109,0.03950836567462862,0.06817074137543659
-0.11438044466131199,-0.08234886812324908,0.016706945482953567,-0.053313750126236056,-0.0810425163066644,-0.06808171442796605
-0.006778232910495041,0.07219745180044627,-0.02036527151254092,0.11636734029097019,0.13143466155977346,0.02590345836589045
0.19344368023517242,-0.026712877068453388,0.10251775933418852,0.07609043555439701,0.01982203639684011,0.006490633637102857
-0.03757837819133337,0.19891965430248001,0.04030764511829552,-0.008403333015388044,-0.03914537020074905,0.03846585754669674
-0.04374636011485359,-0.022779914141605906,-0.030618287750181137,-0.06774241663418198,-0.014002368169129455,-0.09338783588611409
-0.03853486468432426,0.05905208684708103,-0.0005099376418848693,0.2012009145876399,0.10127012678202878,0.02602167547877163
-0.04088779832658037,0.0175947458909744,0.007619259320065291,-0.022445227800019462,-0.005875641049251027,-0.021879479220566694
-0.04260779334927414,-0.07776697410464943,-0.04028492644194068,-0.02945436772822814,-0.07681405038731967,-0.07058005967257049
-0.059762985980444536,-0.021313134334365776,-0.027678205934304007,0.051857315136052226,-0.08486895224405616,-0.04093983277483354
0.2329177550395262,0.07229829587357724,0.0037481182205807415,0.05726267117283588,0.060718832008092326,0.03585599442579422
0.3186853938449601,0.07782821737898453,-0.04269676959204061,0.1384057770295318,0.044046739215057085,0.02939324617222081
-0.027380142563724615,-0.025856089263279092,0.014114488796806266,-0.0859593040608745,-0.149435712719841,-0.026270386204103772
-0.03501374374156676,-0.07097396687294721,0.018159973013783942,-0.09385612793927973,-0.09333246720472978,-0.03647712102901531
-0.11517813325534919,-0.041300658202670044,0.010963364596974872,-0.12939818628657138,-0.029555851038805973,-0.060750588323992
-0.032934212972410656,-0.0718994140181613,-0.03035692246000611,-0.014722109053951363,0.01741601220710887,0.05162007890525728
-0.027189771139396263,-0.10458742014833358,-0.05603608730808124,-0.038706030197692406,-0.044793545801934724,-0.08576780381234721
-0.014822412487775695,-0.041093050033161466,0.07968294761179845,0.07695683341475279,0.05301501572378241,0.12347971500811145
0.17667331733361022,-0.04768635813013783,0.03260738071477078,-0.037283888093710235,0.024346427418141095,0.04280034728022956
-0.09950229189273047,-0.11744881470121818,-0.02462316140556812,-0.06617128189440581,-0.0294276108479034,-0.03187844557769573
-0.054245936133772446,-0.034206456977125065,-0.07239989381055256,-0.06552391262561376,-0.027237955047886342,-0.04726371910748602
-0.03257670157348162,0.01307369345102643,0.05327995136245912,0.0018677890808724924,0.021732646409234096,-0.029129621731570195
-0.04086578989537904,0.019044100159644597,-0.0506669152063656,0.04886531530623599,-0.02724160905336658,-0.043406401042054614
0.003307861509986764,0.06110465440816088,0.030398991621560102,0.22073769476245422,0.1883038362928475,0.07281960280197541
-0.04512710906413502,-0.019632267710765247,-0.06259608902186001,-0.04754789763033314,-0.12300760987614484,-0.044919946794175804
-0.029992161592650498,-0.05018387904395059,-0.007551005899035977,-0.19104745226688524,-0.023392994009980617,-0.08078691134557296
-0.024560086917147825,0.08861031803679262,-0.09473349596386837,0.03945384943947124,-0.05472822887447586,0.015795739916188378
-0.059838010731120134,-0.04643687565977816,0.006039132900785957,-0.06813584558893891,-0.061610465172558596,-0.10634475223786141
-0.02017285199707859,0.04829509076547684,0.06598054800423972,0.058374339000223784,0.03227971564804824,0.037609411173111354
0.0029001969511991497,-0.028632727596172133,0.03504854849482617,0.061943363866235564,0.14666408305075015,0.07651694113687868
0.016933336912394768,-0.18439940457527068,0.02002866408109559,3.509668979604366e-05,-0.013193506742606843,-0.10858061011895961
-0.09627216312404013,-0.08920054929519548,0.017610221614684125,-0.07820099625224158,-0.0317908414218452,-0.0804142604626635
-0.06646949546274983,-0.0464959000663427,-0.0018097192710909617,0.05416626998713709,-0.06039497851686079,-0.11480339968264149
-0.036798106880962536,-0.07723678863178692,-0.03952208626179018,-0.06581534605467078,-0.07779278066761504,-0.01913097927496473
-0.03929448083534031,0.013947171740593022,0.028974286365662433,-0.04330884788981471,-0.02254576350449799,-0.035485851290077225
-0.006233062413399076,0.10928625960137711,0.15507974918179526,0.0471190193004846,0.07082567560584307,0.06668153901343755
5.941637597992141e-05,0.03711991275229351,0.04184036143292068,0.09756243625982867,0.012442368129964692,0.0061886715084965615
-0.07185606188090378,0.018987296781277547,-0.16468925843289217,-0.04594336060777673,0.02773260229452626,-0.023877442368759643
-0.03058475416469841,0.1887575127929619,-0.025021348608959135,0.09488414591959622,0.08701123597317728,0.08980212663912517
0.17660870211967697,0.02916217278215174,-0.09112619590431746,0.01617671791963839,0.05025974647094941,-0.00228643451610588
-0.030712342096165038,0.13700220874197705,-0.007942809150787721,0.026594466126516416,-0.07509320056754681,0.005333169399054943
0.236338354079956,0.08322268296196475,0.03830096470635271,0.14474863587570197,0.039034337917939574,0.051792308075599536
-0.03223236554013298,-0.09113917489934989,-0.06649286376989155,-0.00969443966847499,0.008634423398145387,-0.017780013258583412
-0.02787230178594545,-0.03235502769838114,-0.07190785180708653,-0.05767181184757708,-0.09319113458154953,-0.03684549208960876
0.15846628357690082,-0.081869786652097,-0.09043163433918107,0.012208576734587166,0.01063234086695492,0.02531137613761679
-0.032252848532118454,-0.0706635078863066,0.04951257777424703,-0.062146143995822356,-0.0633288156873203,0.005610977548220894
-0.03171409307657675,-0.03236438500990969,0.030589568869714187,-0.03566720465041797,-0.08130962948213692,-0.021308765325838856
-0.03622041989478204,-0.04125166248612902,0.035110805301245204,-0.06442588367986485,-0.0901818341547955,-0.025235650759938933
0.07726099590234478,-0.10093390546545879,-0.02106330938912325,-0.09112210392099493,-0.06187435602340764,-0.07915150686614383
-0.02594293697324129,0.07892351675877972,0.004246410235673651,0.1328081179341228,0.08228730414448636,0.04379317413966895
-0.02275460926401075,-0.023872097305130402,0.039687166263113,-0.017720702290638997,-0.010976884409582614,-0.03335741040151529
0.3046845311727916,0.03929190502379296,0.03477066301127604,0.049165484174667526,0.04463522042682176,0.021451854567903626
-0.05025042733245414,-0.027143850895283404,-0.06163572811438328,0.03441871003769429,-0.11531087793521798,-0.01130188166331943
0.03690743569910272,-0.1950328957612047,-0.01612903010491735,-0.037395602529590975,-0.07593882112463611,-0.06527995229386285
-0.039649774396745656,-0.0225487660162614,0.09246222202154568,-0.014480752626120145,0.006700447753404922,0.034678176076543846
-0.06267619823744507,-0.018735865742138647,-0.018458112510636362,-0.05174435966111442,-0.009791817473122239,-0.0832802125130505
-0.04024234019325527,0.03483716568112134,0.07682449260898833,0.14347961084610608,-0.10406927017709819,0.03766326649242693
-0.04479475023849345,-0.060456896301805334,0.025389846199188836,-0.054783979919426115,0.002074770410896302,-0.005227227915529714
-0.03059247277765514,-0.1428477712878772,-0.012025730812421608,-0.04088014476473278,-0.020657424049822157,-0.05242904311448508
-0.0595467862312288,-0.03761932211589288,-0.004216198166661995,-0.06640159942320273,-0.0434602465738134,-0.05871804083098856
-0.09307542464282215,-0.009312044352049395,0.02523541576652265,-0.17003178946590766,-0.01991736600674927,-0.10797442123851322
0.02556625870722806,-0.006848623879322487,0.06990165852524807,-0.06116176697865552,-0.02628417212917511,0.004149520088659338
-0.07816767914251081,0.003132395994833113,0.04954269668246776,-0.003599053373414143,-0.03332765607946459,-0.06655342806945747
-0.054130962563702145,-0.03487736560787145,-0.032122069854622605,-0.07529634425470501,-0.09715879961305657,-0.04673841150354268
-0.020627025007139643,-0.0016991237479935153,-0.057845685841259556,-0.12476463068621285,-0.04240799851913263,-0.03507606114068805
-0.01081998154450701,0.03139887982639525,0.0689539411637228,0.13106628021965747,0.10751756938984976,0.20251281784556677
-0.03502477932472298,-0.07366713385976317,-0.01706290770292223,-0.06276454679558362,-0.08197843877910292,-0.056181159003502776
-0.004420306608128743,0.11260063029251392,0.1529828914061565,0.04929982905752385,0.06971265309987144,0.061575657533774746
-0.015831450551383786,0.03650703121409144,-0.016364245666822923,0.11549616166478834,0.09133889672953928,0.09726567210488134
-0.026995631602690577,-0.12049965402686143,-0.16162059214562413,-0.002954786843242005,0.0005181660179546134,0.013115801898325712
-0.018129785526432657,0.09079619144487665,0.09891606339107518,0.04397132591172729,0.09644982521749497,0.19094928007422618
-0.025293685748865084,-0.0060708535390114615,-0.017863995626605414,-0.00844830986404326,-0.012886895893839862,-0.04827203165324268
-0.05363870724077855,-0.03204005007853545,-0.029609560713538867,-0.06722841679574079,-0.008701463759876935,-0.0521503220313941
-0.010734693935052648,-0.056732787090019346,-0.14241376810683568,0.0385687347657335,0.03729859990405428,0.012837107706635747
-0.04569407959921906,-0.026466755151733,-0.022003807524137855,-0.050228456343877965,-0.1383133968374235,-0.03826937001219824
-0.05054374508495556,-0.07943053730703166,0.04108570649001856,-0.05730227632414383,-0.015921286872765887,-0.05867619616263211
0.11082301638640954,0.012780002474260003,-0.10031254530734714,0.12436725001543851,0.014752289982542017,-0.011409702575874212
-0.05053227481238964,0.02479970998408267,0.002912543339070803,-0.0010034367327776468,0.007378919846838523,-0.05077914246209509
-0.05971714532005532,-0.04015904468682664,0.02380759875038085,-0.04620350941509571,-0.0384823209670249,-0.07358342267101517
-0.040359351547746856,-0.06852225463720966,-0.02976177843114944,-0.09594041589478106,-0.09781411471625029,-0.01636188756567535
-0.04749724044686461,-0.015021198016843306,-0.052826651639383965,-0.05633311285158842,-0.053140726548556234,-0.05386577284550218
-0.05089472186836243,0.004594223340686697,0.06610491310972545,-0.021646491360961327,-0.02722260042485385,-0.04073684634767859
0.004520026567030628,0.03692509275383367,0.05622461463746725,0.1905581972016011,0.11829927146844457,0.07606715185943905
-0.0332891415160905,-0.05167379359524942,-0.026501682501931773,-0.05544564180756126,-0.023684543482188812,-0.029050170632219725
0.13005775972104025,0.2266378581647953,0.022200300747796508,0.06308097016179944,0.03249463146871466,0.12351087836907083
-0.0023545715361332053,0.04278012858289193,0.1321055227543611,0.0790486272534545,0.07327786842601124,0.010463944325570197
-0.010477829915439829,0.2701915080316249,-0.044687141095907955,0.08508937481147082,0.05974640597170459,0.06158906149649678
0.01908600588156091,-0.04480423333606375,-0.030501554237276598,-0.17514672623782687,-0.08084989868680141,-0.07200390047034805
-0.034214852066608854,-0.12015780581404585,0.06304423681632408,0.031093944387957807,-0.05303087618852545,-0.08461518138420657
-0.0010473549698349317,0.09404560331235137,0.011248856359630034,0.09889808888996476,0.11592543452260091,0.09288098698661552
0.10154895185564307,0.0056114670989275885,-0.17033919910508205,-0.0169890189828645,-0.042574341431171316,-0.015210530505497456
-0.04782944934448038,-0.07720939577832968,-0.010588162387043649,-0.03148583768993895,-0.13497115984665753,-0.051589546579229255
-0.04982402586848487,-0.03897540942044478,-0.10140505417405839,0.03906117190431653,-0.019431378410433613,0.007300402764742789
0.008628382512197256,0.05507578121466231,0.011011624571107454,0.1030657595537184,0.25352711703153075,0.08284726861781441
-0.09164425441587325,-0.10398694948680863,-0.061563956306019824,-0.06408287256430605,-0.02875485308998899,-0.03318025336805886
0.2481331930368104,0.05279357085692884,0.09142848541070968,0.03923744273908749,0.047599074595342475,-0.009582934798348368
-0.04821771021892743,0.06793899313047909,0.06654714712643633,0.04611593864278468,0.0695728718210259,-0.004223312266438117
-0.03960074121200672,-0.08644168168756833,-0.06267891135189982,-0.039990889097846025,-0.09193287833273085,-0.03551572831688484
-0.08486658987604229,-0.045582484962234944,-0.06479904840114781,-0.05854142385479556,-0.02217930957582754,-0.08307652900393592
0.0036490407798899834,0.01643077028446469,0.09061333551561025,0.1826217889923589,0.08832233907920269,0.09154173710159436
0.012870728949792094,0.06560874609251084,-0.028979679721198612,0.05480501221581444,0.273553555222708,0.053239977938057126
-0.02089932889602126,0.12112112231145648,0.020077575444758917,0.07741386267474769,0.11255356303223167,0.08512791798613188
-0.026416286812341788,-0.04701443248801252,0.004873388530937207,-0.07840966585347015,-0.09560839329853002,-0.06676209464509816
0.2603587584774774,0.06448245271966299,0.08240592822607958,0.03568424832345633,0.01525902154144804,0.0547567084495161
-0.018454607706425968,0.12992731958423884,-0.05909356598407303,0.06884727420312635,0.08262172480304686,0.03319730076164949
-0.0346323043836695,-0.15339384079942386,-0.06274114261302755,-0.06943793211242144,-0.05454076824680918,-0.002813141131439672
-0.020515174524472206,0.09626212602903263,0.10434732900996752,0.018561533829134308,0.06332940319158425,0.018535570384707586
-0.011085707985183352,0.06835660655513735,0.02570507849835936,0.09672211041961044,0.15588554706915417,0.10701910828442873
-0.017885806618161186,0.023127351554242725,-0.08449024705950499,0.023779474304011033,-0.0013561106358077899,0.07645414950117321
-0.07915300306458396,-0.05988303932649696,-0.01908200358926726,-0.09348155850442988,-0.03573317286642105,-0.0939937340597921
-0.04062820863427151,-0.08765547269654306,0.020870017341675397,-0.03393100866323161,-0.03577919646063872,-0.029741920829908473
0.074487084556365,-0.01062975711722213,-0.014458571563186456,-0.17358383796192878,-0.007479338660002424,-0.08723330703034936
-0.036493742850404666,-0.07268030589119956,-0.04026785295454785,-0.009000694440217607,0.01699705294989237,0.048172208818599405
-0.047042752555364734,-0.021227638227109234,0.010651641144296894,-0.014121602331105694,-0.065631530850546,-0.018495015696362773
-0.031082892019902324,0.011560523063571184,0.020636918636778065,-0.00668807904899435,0.006607038502376563,-0.023357984164571133
-0.1335983316678185,-0.05505992472381727,-0.011225427466183541,-0.06359966880535231,-0.00941754769659749,-0.1085378027810593
-0.03960074121200672,-0.08644168168756833,-0.06267891135189982,-0.039990889097846025,-0.09193287833273085,-0.03551572831688484
-0.005062920901625448,0.02919146442555068,-0.03076456746945719,0.07517669063439858,0.01191748791921925,0.0016651579254752134
-0.03731074932099204,0.014695821481139992,0.006520340163460998,-0.004530603996709397,-0.07472471099103672,0.009907643381592994
-0.06338670232446271,-0.015284359650985218,0.023821073979729476,-0.05068449823759275,-0.02987195995633592,-0.15337505437563717
-0.02836295642324073,-0.01918524667185574,-0.03448661781542277,-0.03507318571962727,-0.008987846158608174,-0.08341585227610386
-0.03793802885589779,-0.11606297041499948,0.005868243800451593,-0.055759086319133365,-0.08100042322034486,-0.07031574046064783
0.16032738093715626,0.17619682729108813,0.07652062293610844,0.05635781781475504,0.04151444873500124,0.08288184385329304
-0.007557241277816547,0.0543898073437544,0.044582885519887795,0.0816729902406003,0.06460883578612144,0.03433796849951043
-0.010404800978016928,0.15088117934653192,-0.04719873573455956,0.05401553902841046,0.08346368203613501,0.09677170015766663
-0.005473903761476175,0.17450819851101537,0.02224768371344305,0.05664728590289377,0.09919957582669221,0.12684642024187603
0.15899965141419697,0.17655165284336416,0.08013248200863035,0.054944596968520394,0.04169173990374451,0.08206705372306503
-0.053639557026029364,-0.03158439467199754,-0.018416738766288528,-0.06345847507753692,-0.027570227141458865,0.009527073384266524
-0.015167941968548223,0.012344769071987807,0.08177148042645752,0.051461851363507526,0.08929362730553538,0.10994741061235835
-0.008977138232284926,0.027214171496650327,0.12986998481001127,-0.007900256346885074,0.03238346180711395,0.004735822109595412
0.2732083127935706,0.024970134854204545,0.03857210260253514,0.07431396023642184,0.11921584893254439,0.04560101678583602
-0.05862210911619945,-0.029875735806757505,-0.0451751864264271,-0.105276183608546,-0.02174444618101286,-0.07022320599475669
-0.07275223064527767,-0.0047825118223994555,-0.1103749101225374,-0.0542889572217843,0.009367201837897963,-0.0006095355733825212
-0.005844679289090217,0.02418452520299364,0.002871341260660148,0.06891511852075839,-0.007862324845618017,-0.0017728562372614583
-0.03777328333124049,-0.021571120469344077,-0.011222489218530276,-0.05822538042272792,-0.03190574601740781,-0.09302387189859297
-0.05071361927845577,-0.06876885356204329,0.07914904905226894,-0.015102509382367036,0.007173541527548832,-0.025054023275615924
-0.06247476821539868,-0.009444112197953618,0.0252839531417647,-0.17150790833747473,-0.0285510303632131,-0.10372968565340074
-0.036950603123520165,-0.023600593910996382,0.026030729356434922,-0.06837775844585904,-0.02996207353172001,-0.12472938425534652
-0.05834072226343543,0.06720865256208404,0.06371260987357681,-0.04060143334450468,0.004184252368824706,-0.023834451167320168
0.2629244303411648,0.03718497696021714,0.035687398024402954,0.0770076448902455,0.10108314765758893,0.08930240361425584
-0.019830771502202024,0.058500483541611956,0.04358089621627981,0.03363390378030972,0.09629083399103301,0.04316830585793659
-0.030639240296401315,-0.002268948591992947,0.015516606442610095,-0.03904401186672104,0.041818068764935656,0.03044658181323729
-0.177661493450216,-0.03247632035631954,0.010106270597172118,-0.047517748494829266,-0.08826675388460428,-0.056098848028221605
0.11469642340129901,0.04271683460579846,0.07246794959300144,0.055416510835355794,0.09834117216239427,0.054753684717989644
0.02109732509341866,-0.18264051979167883,-0.07467995851866834,-0.022958464128078393,-0.017940906677268307,-0.06704091271828896
-0.03545859703636213,0.03594856248410131,0.0012334356379266156,-0.028838387623669158,-0.033475614653186485,-0.037492220086406514
-0.037686240908821354,-0.06005361713512382,0.01831349326108828,-0.09735945487104897,-0.045596143572074636,-0.0534525761349323
-0.026015237654196634,-0.020838276012268255,-0.020349973753968853,-0.04083189669169725,-0.05762040971209026,-0.04056045280939686
-0.03463132366884917,-0.056009351991301956,0.0032609223403590086,-0.06326362322789349,-0.006886494606912688,-0.038149268840710626
-0.07931319786533028,-0.06453186134359937,-0.05740379711431227,-0.07952229690512402,-0.040862862379676755,-0.060185639913741255
-0.03566043242999127,-0.01618202474788379,-0.047596609282100334,-0.0616149825172401,-0.026828565610164112,-0.03302414483311334
-0.013126800868352884,0.05279770711640284,0.03141789719013604,0.12313620606959429,0.04748676307751785,-0.0038481566692890948
0.2055356222401038,0.0020636525372225815,0.052543060216903366,0.12186068873915974,0.0699559169556326,0.01747745655995707
-0.03532650351726116,0.05719505668343588,0.09374994256685902,0.17780323725463182,0.028148884911890413,0.020139789571224323
-0.050193134258999524,-0.007905420424614777,0.00929401609555448,-0.061683008657082025,-0.07101462601241774,-0.027462096639065823
0.2521458638918799,-0.018147998502147104,0.07263601471865765,0.0905461648021457,0.09052725162426423,0.11107939584388446
-0.039310851095766194,-0.03837082882526941,-0.08438349393095823,0.05106667615221303,-0.01567893329960212,-0.006386422103285336
-0.021933656909622765,0.22868011543593963,0.05145595418330159,0.08948839298935166,0.06872217625884076,0.15760514551036187
-0.029803459022770377,-0.06772031866723857,-0.03736066129646578,-0.09838583170338884,-0.05206742356094067,-0.044308613440591414
0.14609667449891311,0.1606775540131387,-0.02192967029243639,0.05905643018328817,0.04883642535958407,0.11800930878210945
-0.019337309441459886,0.058450000294518314,0.02950197350371873,0.051502651407834193,0.12469063859590658,0.12642962687121775
0.20055669806450327,0.03859234558439745,-0.0812294730657313,0.018748681872115723,0.07488781549350577,0.014493076846757979
-0.016400105463297957,0.047060351025797226,0.04139290382102153,0.050699694775226324,0.06523871755242558,0.09006985496866987
-0.03644290498043757,-0.06314183743905304,-0.03360166185196368,-0.06484555130713995,-0.07543554839783066,-0.014120544149825828
-0.08637497674582581,-0.05209591876461299,-0.06270969490419845,-0.07992324991436693,-0.06271016015074907,-0.02715059343696765
-0.04248962659738364,0.007634980093961502,-0.11513740345527303,0.007510182514941888,0.004207416870032976,0.015632126294711828
0.011551829672898377,0.06638975281229659,-0.035644663711716935,0.07631833958112422,0.09559536948243785,0.08227313165880416
-0.013359654102544005,-0.015653005846620736,-0.13102080089700843,0.011453325251703003,0.048625682288843085,0.08540605135466696
-0.04226048335203447,0.08489059362345103,-0.09249238983618353,-0.01750347945944334,-0.07471591417538918,-0.028494844421436075
-0.04620977802613178,-0.07479180283033439,0.04998292798743186,-0.044507899795629274,-0.0519044510657498,-0.044502726679259974
-0.034401024708459044,-0.01696883836457822,-0.03682807263706909,-0.07004270785927423,-0.08192998811551859,-0.05357057099173948
0.15431531287735697,0.028069540790569357,-0.012199408790332787,0.11625137712953802,-0.03572358180556103,0.019733971396456752
-0.042528179485357025,-0.036140209434090347,-0.0600240817183384,-0.05578071213988965,-0.11447123313236929,-0.03559022550660205
-0.06379551920109572,-0.05443152020511924,0.016477432383387385,-0.03725192365082217,-0.12355426307818566,-0.0940709852020718
-0.03237975211689819,0.033088509563344456,0.013089015254068127,-0.02355360234778865,0.07238901944872159,0.0031616638641779565
-0.01465162280767432,-0.028954322732050657,0.12908966802644886,0.11627548183245562,0.07167693421541516,0.09061852935320001
-0.04472893391929739,-0.006513673411733059,-0.06345183724693373,-0.011073280456179167,0.0038265927695924538,-0.02687828637691666
0.25760066582410973,0.06073177929706693,0.02714848776351146,0.10434288821147873,0.029518807205735888,0.11266549950410334
0.004583713061377759,0.1908330762163869,0.03916500865848559,0.053734346951306994,0.08691824520050599,0.1211221820085743
-0.05944346518904043,-0.058053561125347854,-0.03602831975624653,-0.04572887956023767,-0.0347299882287791,-0.0610505730843575
0.06536704631100347,0.03683248343085409,0.06987441452282621,0.019061339181121347,0.04047664296524073,0.004722135823444956
0.292370964450527,0.03296186974755051,0.02560938965675723,0.06768916504983706,0.05467676652672928,0.04162618260228152
0.2795656518534584,0.03875410039648438,0.02635979599391629,0.03914662911465464,0.04603072904973428,0.03474417832043277
-0.017388989443750058,0.15876295401593574,-0.08242338024173114,0.04079320371094294,0.07726977627414586,0.14486276712589963
-0.0524694057301497,-0.08730937654357088,0.054933892469341154,-0.01570836953112009,-0.006721153859193162,-0.025292044761132233
-0.021080958893355525,0.09843162084342075,0.1450988095808528,0.041829782212256895,0.013718643857145465,0.043378264984200894
-0.020298360203472463,-0.03527788515879946,-0.055184671147597855,-0.15395747154796705,-0.033488430301770386,-0.0873808863173212
-0.05820253389015612,-0.030760702921248523,0.07066437158836374,-0.009930530975680266,0.0016813036278407532,-0.05536631563543617
-0.036583894140343735,-0.033634565214038764,-0.01837967181359573,-0.028171043837917107,0.00327299998579047,-0.0923919891916557
-0.04894435982598641,0.0040436895512578515,0.03023528408444554,-0.1413416082174363,-0.005727304006468086,-0.07974368733945453
0.25113627688600854,0.06319355927683892,0.031930837625662484,0.06203073471079197,0.13339470681270132,0.04985615585322021
-0.044917386417052466,-0.06661603883775823,-0.0573289009329769,-0.11140135716303619,-0.017809718362258378,-0.03317407968079838
0.08824910561368286,0.0076371125317254585,-0.11811222485322083,0.09788606424216033,0.015561271434003585,-0.025745287840721325
-0.0462350762183781,-0.02115128699577879,-0.021414613678994693,-0.15854521074799907,-0.021304493027448232,-0.10306091624512365
-0.07093267599202842,-0.056994604938782785,-0.029656981542976746,-0.1173448740501243,-0.0273322798108567,-0.06987468662846173
-0.03975344103060537,-0.07128263426555582,-0.004675623882531276,-0.003276865024450939,-0.07403963558860112,-0.02927304848804462
-0.022654793087609666,-0.033791106823526866,-0.011816964410948505,-0.07778193593884467,-0.11957520147745121,-0.0675213837775458
-0.06645939029338763,-0.04577063965102868,-0.09245261334449056,-0.08209279484573805,0.010363942030236275,-0.07711170260621136
-0.05958484086108242,-0.06819487937225374,0.0027615038275825344,-0.0734133075825662,-0.038569816895815,-0.12362332906766312
-0.056792453814815104,-0.08198533855439856,-0.016603391267139816,-0.0031300878391895656,-0.050958160153691194,-0.09240801500131302
-0.05189558531841564,-0.1161895927563131,-0.0181881738475869,-0.03157882901327415,-0.006175047684499597,-0.030704686862886348
-0.026269644347146973,0.0405982813108809,0.027449065518873658,0.00024378476193344972,0.01647159872944051,1.8394153284455482e-05
-0.053639557026029364,-0.03158439467199754,-0.018416738766288528,-0.06345847507753692,-0.027570227141458865,0.009527073384266524
-0.021590344540186886,0.029121763263618223,-0.014391978524003335,0.01296604463160888,0.09790116397806974,0.04113321416517698
-0.04461920495442567,-0.005007524843553172,-0.05809479692372374,-0.004743655924580165,-0.06853527167845594,0.058650240923549146
-0.10397673161966332,-0.07227500565077674,0.014135687533358598,-0.07035677871630786,-0.014207553887299067,-0.12834455912322124
0.015100092447416183,0.12040690898896805,0.12391462993283699,0.10682315646501955,0.11886535047490536,0.005458230667520535
-0.013091070178515391,-0.013409888786697709,0.08771715989156365,-0.036183193155186325,-0.024486529309031512,-0.03332048531866404
0.012048045166905158,0.23487263515902945,-0.018230364529923472,0.05517029685518369,0.08138392225697876,0.13686274146168437
-0.024882447363096253,0.03827834093693756,0.10664661030409296,0.01290493724980986,-0.03052622108801734,-0.002268952051113454
-0.04428936337263663,0.021417084668859214,0.06682083377715999,0.03975395253518565,0.03747667195929509,0.025355673656971518
-0.05038525161539415,0.0016789069632671585,0.05686691125500893,0.06685188515192572,-0.06375336840083866,-0.024859096620118943
-0.020022148174147034,0.0658768431769766,0.040927245878008146,0.035077433443297605,0.09311232378577447,0.03748765751576347
-0.04038294035960477,-0.06831444694223598,-0.05818838015758215,-0.094358641809509,-0.07690067515351938,-0.01592695413175467
-0.07058458476547955,-0.06364485336422221,-0.029540503295684327,-0.06436640121041466,-0.05707333522257891,-0.07464262787975802
-0.03217367993642593,-0.07231943520938004,-0.02086275896818596,-0.0401529366566227,0.01680299461509381,0.04841572437924533
-0.05209521418877438,-0.04876234487167509,-0.03328723045678621,-0.00734171914901902,-0.11474414032013923,-0.03968731332835493
-0.05230665242206768,-0.021721194737117734,-0.053046909221506185,-0.05600113141707614,-0.03625285007221773,-0.12735063851067124
-0.0524694057301497,-0.08730937654357088,0.054933892469341154,-0.01570836953112009,-0.006721153859193162,-0.025292044761132233
-0.018688554807824855,0.027644077334125307,-0.028099417737417386,0.028081932905294777,0.012968352892150687,-0.0034281635356787953
-0.03944625371516205,-0.023962399266407166,-0.0074900289347931606,-0.05701954067324414,-0.12757816923362658,-0.050706469688529564
-0.039622500595232486,-0.03779822648338039,0.037235200728171707,-0.07918979537064967,0.015899513310269266,-0.07656634435204122
-0.01728112922801981,-0.028124389692941357,0.0934333164592211,-0.022027649649068063,-0.06355693256859724,-0.0208629190489315
-0.05303064820472766,-0.030563882804729936,0.05959276269055823,-0.01411691930744156,0.00031817178862923035,-0.044113892368605544
-0.009283571054703952,0.03728203473382437,-0.09865829921630023,0.16290676513243876,0.026993920804191104,0.004116805930029675
0.2629244303411648,0.03718497696021714,0.035687398024402954,0.0770076448902455,0.10108314765758893,0.08930240361425584
-0.03297294277173079,0.05602487037036253,-0.05859949336041421,-0.011301329592569378,-0.03827002549099894,6.874873210194517e-05
-0.0771962639620939,-0.05587478012008747,-0.03050081734931765,-0.08694029277273882,-0.01836539113502551,-0.0985771156998777
-0.03571175779316814,0.05637366532821689,0.07329363398337654,0.04225408249142124,0.040748161232731346,0.0031583359561093965
-0.018575673443386596,-0.004174579098124299,0.02943232003563091,-0.033927419918750326,0.04490829265559944,-0.02673682449260637
-0.05895104677246464,-0.08330197513846009,-0.029261810034330843,-0.10332738148346703,-0.015741342362531146,-0.049264684271520885
-0.04248983711854167,-0.04222709843555434,0.0008920410680379341,-0.08254426334438217,-0.07783240122460067,-0.08069372511661488
0.03148826465307164,-0.1358012240702547,-0.11928846087723978,-0.02605297748188562,-0.005436016051431079,-0.027569425632910902
-0.029530440406015938,-0.08751454409960129,0.043985437214877,-0.02902139527726027,-0.043775895205730594,-0.02493950769672637
-0.07364719523185337,0.011702144339708337,-0.04932251972900274,-0.05666110573985747,-0.19812317131383544,0.017679348496885596
-0.040160220628817016,-0.08507088811538906,-0.022763294876266167,-0.09022625406189251,-0.0965310448615446,0.006709156737315442
0.1080245088520703,0.07064686607904272,-0.07251600516400272,0.09634492480864229,0.0027365066546095915,0.0890172558269885
-0.01951211761812029,0.0027636670687580293,0.0490028316104107,0.10258340492357475,0.08866320758538461,0.09264557054486286
0.11277580445769883,-0.029202291968626514,-0.0024888155343324816,0.02778691364309593,0.038224737875408754,-0.01721151331027173
0.13636848855696637,0.22559637445698316,0.014440620272791173,0.0661000603755194,0.027541138722883076,0.11920018870372336
-0.05177334151099518,-0.16518523824964118,0.005765355120877751,0.0001702916855207273,-0.06178803501784713,-0.03815009853995894
-0.02089932889602126,0.12112112231145648,0.020077575444758917,0.07741386267474769,0.11255356303223167,0.08512791798613188
-0.013130670179212212,-0.011788833382773823,0.0883706209441814,-0.038064719193849426,-0.03050542392352525,-0.03779961595806021
-0.04961509719672746,0.02411225760532837,-0.011135053043034521,0.024835980757984485,-0.033504677835342694,0.0018813341962984206
-0.039293260900871374,-0.004088398399311169,-0.08887107645701546,-0.02816725946691282,-0.07709413488077974,-0.017440316980501292
-0.04084514392778909,0.13542084039015473,0.04259076153580042,0.015663922146700263,-0.04800389259322193,-0.002081307752517992
-0.02683543987483524,-0.12695099533708942,-0.001999490151170075,-0.03530744834550402,-0.013375788811294718,-0.04559704396554624
0.09065887252412164,-0.11915814254046583,0.04864817996631287,-0.0511657661397673,-0.007323774711216027,-0.059401051252547986
0.2632748049824811,0.024994047391281603,0.030613314391200585,0.054394280274859,0.042652318666451666,0.03498949509538741
0.18956841339724737,0.21887351962881976,-0.02060213912060627,0.05911109566214207,0.03971512601768693,0.10798319336179951
-0.04302099860159712,-0.13437621801979263,0.0378536792862641,0.001798364143159587,-0.06278064475955589,-0.07566995779506579
-0.03815903359903856,0.030019526258736464,0.045558416421716985,0.042303324486833487,0.055532653172937325,0.03428389302278762
-0.02803452393694119,0.052996691112736576,0.12683995412513263,0.02357355429370117,-0.024697546180611065,0.031100337415699526
0.040089906425847914,-0.19394060011998557,-0.0108474178818401,-0.0350728858740577,-0.07554700716635324,-0.06988419483205349
-0.016703120034010255,-0.11579567559201935,-0.04618343903250791,-0.04544418116894806,-0.04899123878064195,-0.08998565579385394
-0.06032992279843085,-0.055087332449999,-0.06921128707239087,-0.07523619096752665,-0.0474541588426179,-0.028915779780605444
-0.006361187613681587,0.0906367928132306,0.027456288663346276,0.049245107928533004,0.05453706189339495,0.06248362230404273
-0.03168456570427086,0.014149137048928069,-0.074899261066169,-0.010171666813985753,-0.013323722236886725,0.003620825556576207
0.20683697774005685,-0.03696833211804702,-0.04423496829004507,0.06585534785339446,0.07574136025909346,0.08270294753133697
-0.07559233374786567,0.019492797834378284,0.07992462754556459,-0.0025189211481140114,-0.046983087644700376,-0.06683128158596714
-0.04148037420434814,-0.03996476959899512,-0.03251027245135808,-0.05262225449551457,0.03734774469959985,-0.06104470674808612
0.0015926038506239443,0.011468474765609278,0.07299255644576237,0.18183709008299404,0.1012127217288274,0.09580375335749199
-0.144004413201325,-0.0788158231752421,-0.023952925511690325,-0.05304110736908488,-0.01650215443864212,-0.04903648118513334
0.24383904247723268,0.07230569479612817,0.01872113242779924,0.09658290387089148,0.07554780166682701,0.09401211083238875
-0.05078262298464553,-0.04627459665811685,-0.01323117729326035,-0.053920117293598954,-0.11006562493018844,-0.057890983899596384
-0.018264301791201785,-0.00876463207308134,0.059199180244581,-0.004091562321013563,-0.05282575986438467,-0.033361203423648136
-0.03961185361150741,0.003527101129824041,-0.07011715282215686,-0.015286302357447807,-0.097284098540158,-0.030571038049907334
-0.03704953536665307,-0.02787244624119986,0.016706332362141384,-0.20323104039433157,-0.031191931931302333,-0.10836718113657932
-0.03537569769287764,0.02395069937080695,-0.01662169051104363,0.011078912206055233,0.01718062017570086,-0.00027674403441768587
-0.0004996167820087888,0.008019775883246844,0.16991607992329696,0.09622550058040003,0.019607190207713867,0.03745124611633031
0.12900913658026678,0.2294279587684112,0.033339976943289835,0.06471684127985573,0.028409633520518434,0.12318155929064065
-0.060439734333967675,-0.01672357613804782,0.015417406535586407,0.021147822373259458,-0.08677189802719809,-0.04931513404571243
-0.09418012625717143,-0.08327577929756559,0.0034373547078074794,-0.056793666243913306,-0.08455261787060166,-0.07488339198890834
-0.008211683589268716,0.05143579378654458,0.04145867410321047,0.12594675206793798,0.0904586514807479,0.09398065199055856
-0.014070354429300989,-0.012299239093895208,0.07714976794490186,-0.03492315609076445,0.01738421856125724,-0.0021599018085278155
0.06578877213875778,0.0021590204798365106,-0.1661291463619163,-0.024851941299713732,-0.04569928313817483,-0.02776007431956375
-0.1570299639213642,-0.034820579594399846,-0.001111846963553252,-0.040884115661530274,-0.0685234554961449,-0.06206874150383599
-0.06922600020417968,-0.0645868575542617,-0.07609316733938543,-0.048939409258436144,-0.02483163760486297,-0.054105842456361485
-0.019349902829849705,-0.00445830702380924,0.0574053510559708,-0.02230651747258566,-0.021811656308418168,-0.015249204221904204
2.493591861439333e-05,-0.1089378752138243,-0.1257930796520156,-0.030055001181141197,-0.012105994429726014,0.003076429381168893
-0.030892308547255776,0.012714420433349236,0.020207658872348797,-0.007041371536137093,0.011132710930655822,-0.02316174736487038
-0.042555417667749625,-0.09674247677056982,0.0037282896123589817,0.0016936919506642127,-0.029985607884064343,-0.0678397026269625
-0.035034149383429476,-0.06950323087649384,-0.04908672850943356,-0.03735889308809996,-0.04605706250377592,-0.052535580269479874
-0.02878014698469942,0.07952091521908007,0.03000929074014949,0.24965914927568275,0.09607013703563443,0.04844360325153735
0.003347442202718632,0.09071017470863826,0.09870173618428302,0.12008195938083822,0.19161958337080126,0.027669502876655063
-0.014024607030584491,-0.04080955376714841,-0.0034897427352303906,-0.19834149422048647,-0.03542942027292648,-0.0970010833718624
0.29623016389896883,0.06394908258821164,0.02596881671599015,0.08221381608470395,0.06024484407696696,0.01963565517481845
-0.05893541476902445,-0.035396821752964325,-0.030301975207057786,-0.10421770690407052,-0.029857762743899795,-0.06659939077388806
-0.047042752555364734,-0.021227638227109234,0.010651641144296894,-0.014121602331105694,-0.065631530850546,-0.018495015696362773
-0.02298474174116669,0.018129135651354013,-0.07753975776033249,0.017876472398333003,-0.02522824104729565,0.05252724199774553
-0.025495244423902507,0.08306246553379802,0.0003727982382757248,0.12312289974633656,0.08035309896385323,0.040596745711201136
0.01976469328583003,0.11703704788348526,-0.04609117559565384,0.030560352929959542,0.03310841297859308,0.045411411600912645
-0.029392239962268325,-0.05242522429833951,0.015521981858485497,-0.057365071618390225,-0.006397591233756945,-0.03224088990315464
0.14102192407972858,0.21639786637012048,0.059331321817403505,0.07308601593093689,0.034755884906336514,0.0834920932784563
-0.07731593525472974,-0.07202088430813083,-0.03293740323387266,-0.086525972589689,-0.0542475736287279,-0.06539093412568185
-0.04285081669663252,-0.04630255769459161,0.013118019706464059,-0.07751174637628515,-0.03518179886690732,-0.0628731468953392
-0.05927083236790972,-0.07093158400475792,-0.048579950558445835,-0.08341515362110472,-0.051346879920233866,-0.04985892751749163
-0.04244850105133787,-0.10179468146632413,0.007661139062135486,-0.04936978786823858,-0.03582397461258824,-0.12247151142390836
-0.04185464904564558,-0.07294087669692001,-0.08456168160731742,-0.08444987169780806,-0.03183388965838777,-0.054544156937122834
0.015455050653580802,-0.02095201674642761,0.03063053496214667,-0.16531387641906714,0.007655338757546112,-0.05828601265509538
-0.04339860485532117,0.08488436602791824,0.08759000925233663,0.04736139092749291,0.0776394492259982,0.01510367444772055
-0.004658347921384847,0.10113722474414713,0.019847182465661098,0.06308455787984193,0.07228950841434036,0.023655846462432614
0.25177649901262583,0.0024081771013642374,-0.011802728291619453,0.1342338133246828,0.060834783291322504,0.1415860744843545
0.003487421841542222,0.0765293211409903,-0.06959621619827677,0.011980038907137263,0.0346391883865837,-0.0008557845609005577
0.2757222027354334,0.10618547279460841,-0.040791273560552906,0.056246439662566476,0.054552821220559274,0.0574153333026409
-0.035553521720434085,0.04127079392070526,0.06581589098108157,0.019230349495277403,0.007071402406207399,0.03168249505356375
-0.04531402730941058,-0.08955065127704519,0.027476070853762562,-0.049451536122071246,-0.12470783301565447,-0.055313245271878586
0.23611516057977977,0.1108196317854316,-0.0719839716026711,0.12219251533365547,0.030327798213540553,0.04579826163989024
-0.03636068206310424,0.061047594857336324,0.03141839491743683,0.20976850628537005,0.08784561975201355,0.04732602951131132
0.017233707717768547,-0.019423071971710348,0.036998996207667924,-0.16294117165364821,0.008833100967113714,-0.05705061575258191
0.1359168003824978,-0.101897257286392,-0.10058932325716612,0.004005545553484565,0.004675485713666598,0.014920294995582156
-0.02052364882831946,-0.06617352090083102,0.022364451148191546,-0.033180346717701724,-0.02933101876536642,-0.04827756577302085
0.231044755146647,0.08087028556939996,0.023227646811291025,0.09610087314926088,0.10717253520215898,0.0660817972788544
-0.04161914013070682,-0.08286446780166022,-0.022588271735082623,-0.03603438066126131,-0.10166900694679368,-0.07131897477086603
-0.05834072226343543,0.06720865256208404,0.06371260987357681,-0.04060143334450468,0.004184252368824706,-0.023834451167320168
0.010802477905790033,0.05558525729896132,0.09905726873803307,0.0580753138424903,0.042650781566271376,0.04682648765807681
-0.01239675946972345,-0.018516606132442548,-0.06377249826278839,0.02226212662173512,0.0645410825177257,0.09807134134889406
-0.05487402692879369,-0.049380015648036735,-0.0013426535198007195,-0.05546856314016367,-0.0764869020997388,-0.08633141328116266
-0.02316263600858254,0.024979558073617732,-0.022004764866466044,0.021251096834406187,-0.02613400675694162,0.0496475465665498
0.27391397884433527,0.024462341074308152,0.0478609562058806,0.0716751958401429,0.1216614634162182,0.045652678919467345
-0.06008198232161688,-0.035417921516295095,1.0051156062356508e-05,-0.05403921266545182,-0.027563792028484663,-0.06984495303188959
-0.02827929103551698,0.024604544678077534,0.04510887772632587,0.05639009501953892,0.0324751769237318,0.049110578004653585
-0.144004413201325,-0.0788158231752421,-0.023952925511690325,-0.05304110736908488,-0.01650215443864212,-0.04903648118513334
-0.05699802478325697,-0.039818070130332346,-0.02505174113192171,-0.015813230499735605,-0.11590386333609433,0.03756476623497692
-0.0019386662653385206,0.012701348328812494,0.16034469542985466,0.09223969565164322,0.006968601754806761,0.03511826694011766
-0.024418217664417523,0.13132959246171522,0.027154244162870555,0.07037530212709898,0.044706185319721606,0.10874583725365405
-0.04720667660536602,0.1386940017247827,0.11522709384433305,0.061114904905797664,0.04826049498602616,0.06059963738017286
-0.03708047157995177,-0.07128420371544773,0.013096924753723644,-0.06369746393853433,-0.02370041489212215,-0.05893403417392933
-0.015461591053626413,-0.020975141318134022,-0.008946706115433214,0.0197731050413313,0.029705596933548392,0.04786631805412084
-0.012201156081898534,0.011044197088208084,-0.02720110121937104,-0.010123767590704144,-0.03152155707822051,0.010719418198399088
0.19914295071646057,-0.06514226954381065,0.061484570963395754,0.0507112933255275,0.03345794139261498,0.013672387092154244
-0.026941228246703825,0.0008880960945640514,0.11801628203202774,0.011139815670591741,0.02865930995343589,0.02085757777505787
-0.047690893919721256,-0.11664073700000564,-0.03576720767396412,-0.04400040859057134,-0.05314837296501131,-0.07257661412708968
-0.04453938584499914,-0.03247703590750273,0.04131017518585401,-0.05425688571023445,-0.10212778379575527,-0.05417271620179235
-0.12060978185910683,-0.012244096399706944,-0.06750225628833205,-0.031558301154311734,0.005507217536755414,-0.026488689321488994
-0.034504062161231974,-0.030504830950832482,-0.03294598408826352,-0.09408657772184383,-0.09817664058812547,-0.050458242427268506
-0.032792547941372256,-0.04137579705907268,-0.04062473193351407,-0.0803184827618908,-0.05662887161832147,-0.014354777378210217
-0.01235829156214686,-0.056186805999928285,-0.02805240079493691,-0.12550422482361082,-0.025089938555770953,-0.0941272254618643
-0.03145673378495162,-0.08688682699192171,-0.05786855925993689,-0.046284222955943546,0.006723479375177863,-0.04851306582636361
-0.0228096304192949,-0.08092011993343835,0.004696957392630262,-0.1186880845336418,-0.03545835672809421,-0.10600613728330503
-0.06853702813793988,0.11237901471805517,0.05776539882885369,0.00429644344712462,-0.1596785094650999,0.05169291307269176
-0.04222521729026971,-0.042921174225774114,-0.08037245002392873,-0.03233417419626834,-0.033165264902577984,-0.051318185364470414
-0.04879298760297991,-0.11182135911700443,0.00657501582971207,-0.01128086823756118,-0.019155500845758587,-0.10240770412658787
-0.05767405827979617,-0.06580967598167885,0.015682811322700795,-0.08253995582605277,-0.048311920717140217,-0.12329871029667036
-0.044946616705526195,-0.03448516985015073,-0.06584953112438331,-0.0496282122560942,-0.08877917477003831,-0.05582962613324902
-0.016872483072841244,-0.049703700211443685,-0.014656934051709041,-0.18530249505015692,-0.019597609275184825,-0.08825873410921474
-0.018577681802192336,-0.008036806066823556,-0.07710505956710727,-0.08716733585875547,-0.007371939572257462,-0.03623545896148638
-0.030543609968110348,-0.09042255564763058,-0.05344006156237709,-0.053642476993657325,-0.00043274188748443473,-0.04816058196446252
0.003519511499855876,0.06742835405382006,0.008341951498847115,0.2121201265850225,0.1876134202115807,0.07277892610707241
-0.036290900532058,0.20885549003294354,0.06731860408498577,-0.0016666421683502782,-0.02858406811575452,0.03935624959745579
0.14757188470665406,0.014901739528616715,-0.11771376875534849,-0.015448941792495566,0.011727552731791257,-0.04764973963702901
-0.05517981794929313,-0.10151798660052956,0.03918068741461383,-0.08222590146058413,-0.12046072099247594,-0.022735022991876415
0.008006300123706837,0.04503890203709606,0.08948769039433017,0.22484793427690156,0.09087415950742768,0.07082318634665079
-0.06621790649224253,-0.0629092405367133,-0.047762256630783144,-0.08694784675763585,-0.0221542353253552,-0.04933534763296763
-0.026180195496064262,-0.045614650338848234,-0.07404985824914231,-0.046370292317538184,-0.02597337423108617,-0.04259389495791482
-0.04668916887868815,-0.04999462059437977,0.01417770517570719,-0.0874784533594409,-0.04555625102630906,-0.06722383720323925
0.20235584203656168,0.08358571546156436,0.08830657383434701,0.13681983447182733,0.030372155828413527,0.025211744787617014
-0.16075133793292926,-0.07734523295547233,0.04368848119931583,-0.037981579853053865,-0.025147540146517097,-0.03853555376526076
-0.04093458014730386,-0.03903463364292807,-0.034798787604851646,0.03506469562165082,0.0019293702227274813,-0.043194306678487206
0.0002684453891784934,0.08178733215798609,-0.005678430021946715,0.15190945559063962,0.19607339193832057,0.042561993905663106
-0.034504062161231974,-0.030504830950832482,-0.03294598408826352,-0.09408657772184383,-0.09817664058812547,-0.050458242427268506
0.005628882162375461,0.20858507947658617,-0.057333596180596386,0.05229792947969136,0.09824276000786233,0.1468568285945454
-0.12944675274454667,-0.055597079234093835,-0.014273029303069874,-0.06168918022407594,-0.008728232415467703,-0.11059331810846382
0.026752365632861982,0.13229725931387845,0.03616066955445959,0.06751333528516192,0.1235605536455642,0.17911496554760312
-0.004133128956060816,0.06461976979925058,0.05015399513150353,0.04111743194990918,0.07366643608420734,0.031306104759031665
0.19655318251130577,0.08619789205466355,0.03175044229835584,0.01972219270875233,0.043778808099333134,0.03891269832291941
-0.06014924668562224,-0.04888914574797329,0.05619224669467897,-0.047206399906118295,-0.03446871221824858,-0.05316679083463149
-0.042053615192925255,0.007729254689114434,-0.0724283694501157,-0.008260467721195475,0.00790535195532388,-0.0045933479340567185
-0.038107295024587214,0.015668377237779207,-0.006310727910723911,0.03639009922559604,-0.06125304421321492,0.04379506658887387
-0.03656564012610346,-0.02226806241605611,-0.02568222517709373,-0.0733021291457966,-0.06699218966251444,-0.031984873461160954
-0.07417222107510171,-0.01571661687586231,-0.1326023268654444,-0.05145138590330302,-0.033878500581279516,-0.042225073829614795
-0.001514255130832556,0.0844837704885538,-0.005158963752773216,0.11642908453658277,0.15605038606579083,0.025330991895388545
-0.03844020721917951,-0.08841258612429166,-0.05857355748103632,-0.09149382491913313,-0.044621039999376194,-0.06031887219279413
-0.04557528231663566,-0.07761437598189429,-0.04857509528549439,-0.06997786290217549,-0.05029071748595395,-0.049210597566012544
0.0077824612904557645,0.045446567009837596,0.1441750025980616,0.1215322754177166,0.02800406334478553,0.0718745408447269
-0.05841493864623527,-0.008868699642935234,0.03232183826606097,-0.04923123597245205,-0.018306376710749934,-0.10014554343934028
-0.04316806606567259,-0.0311526927781481,0.052400687938964664,-0.06601630939584835,-0.03517623066800778,-0.13634505931608676
-0.03780996484301751,-0.03667790105058668,0.09188563410803464,0.039861130854126715,-0.025680334687022816,-0.05436913689692707
-0.05905135598674514,-0.020135397494208843,-0.05740816116124801,-0.0815167887956514,-0.05549157810773801,-0.05708333002246576
-0.001556151945013707,0.18819248993837476,0.07852077116479876,0.034731779601157343,0.0001716634485212974,0.023057562833151326
-0.039134050593158616,-0.07620392872532565,0.05817116013604429,0.01830991333966383,-0.04262497024966379,-0.021389922232867696
0.21854840606976042,0.07930423328603282,0.026237073689788955,0.13677931702829976,0.036325840098691616,0.06347659592912164
-0.028624845262648628,0.012570614825432853,-0.10509939177237555,0.017865422578341145,0.0036778473964180006,0.026468269263191953
-0.14635443844849877,-0.06809253618403042,-0.051948144678494984,-0.05005482743186826,-0.017278629985886796,-0.0380022835302937
-0.023933450749783317,-0.039166504168015225,-0.05924599745018627,-0.038554592179923734,-0.023512726471674756,-0.03842876790563201
-0.03976021940240058,-0.1429798545189522,-0.03151026794945286,-0.03827308011484547,-0.0234206238669773,-0.0566694666455768
-0.0478537630720206,0.027166720895074416,-0.0023576028605603308,0.030945890168755492,0.00966065129774588,0.06302874426315674
-0.07766340363355605,-0.03723879865286989,-0.09392043722931646,-0.05873999990014247,-0.018818377386110436,-0.07264647010409014
-0.026876994408896206,-0.007454948664233433,-0.055186391608683404,2.1977013674191157e-05,0.030909527168525797,0.04304878659021917
-0.012026119455431661,0.18793878924185356,-0.06147822904122125,0.07361428373774928,0.08158140938561556,0.1631267745685678
-0.02998535756490294,-0.12136570334730877,-0.05537543290155517,-0.04210492917382699,-0.024367512728140858,-0.048100148637452475
-0.017745788943039856,-0.11380954150378347,-0.09179609569635468,-0.029575366793093173,0.021130247934925208,0.019417420602317312
0.007487783597670946,-0.008286501618547291,0.10399910689660682,0.08904345198026604,0.09739453458265022,0.10110078213050473
-0.013529860590470198,-0.04817214169592914,-0.1228908609726157,0.06227618687504362,0.04875448178628203,0.04583939185332986
-0.03788052079575509,-0.04024163750396737,0.006277883252241304,-0.04798817118757224,-0.13375659520232958,-0.09434036325336105
-0.014009954118943155,-0.052754849184301914,0.03442092405458296,-0.0681640967593539,-0.06915277201367087,-0.02420446832986511
0.1360465157262679,-0.10281949409782333,-0.05241241584864197,0.0027175842755738705,0.01316676237624909,0.005220000789071941
-0.03350098217305034,0.034338058355357574,-0.10391412613007468,0.019834860800962462,0.060184694279329876,0.020584147848720636
-0.05385599315513901,0.02844187780890505,0.023564287929955532,0.0017297380265850074,-0.10775917144216692,-0.058902913208555285
-0.040649888029310265,-0.03645859379850001,-0.029639824228948872,-0.03707232275908785,-0.02788722945405612,-0.06931547617291543
-0.050513938960422694,0.12971259997840318,0.07355898271650663,0.0421885166075146,0.05495548579602238,0.05806880103660837
-0.04360649677524986,-0.022477227496885164,-0.020263713180586975,-0.04998682012964511,-0.03016436131039144,-0.05255420376175732
-0.0447267622823649,-0.01192310466744862,0.0033501746421628724,-0.0798265454940755,-0.13513263857884844,-0.041928231949837434
0.1797192644222335,-0.04329152429884405,0.044019286460102246,0.09582742659523087,0.03467557054433333,0.0027119342905175966
-0.07139979537990948,0.011503533990536137,-0.06133486072945338,-0.016387236683962518,-0.19754890839229267,0.013434952110639225
0.22399514053283265,-0.0002091778118484121,-0.0946183762505975,0.05769574779350837,0.09554097274652547,0.030065374855173747
-0.07824504876492887,-0.06131505212362082,-0.01678750975023887,-0.09443657348243394,-0.03638528849861823,-0.09656729520140708
0.05109958997085118,-0.07605291672463141,-0.0016419888088039852,-0.1200266026453013,-0.04710394563883668,-0.0792772019467047
-0.023608150332623156,0.0800275523583919,-0.07543397946600694,0.08806886616201767,0.03176771491917908,0.016344396437112992
-0.01943930314327844,0.012774333149157933,0.057574238838229604,-0.05445119903457001,0.005480947501780824,-0.022184478941315176
-0.06152284067599036,-0.11915976669679972,0.005228080373010908,-0.02994152307097613,-0.023752012873376173,-0.030704320687325145
-0.05053227481238964,0.02479970998408267,0.002912543339070803,-0.0010034367327776468,0.007378919846838523,-0.05077914246209509
-0.16985687643332634,-0.01861056934332192,-0.02919660990974191,-0.0835933010039929,-0.011453109746584865,-0.06643061765624053
0.1138658982782233,0.22847677257662907,0.05939688405286475,0.06692110607882239,0.03746956964628655,0.09469358148886055
0.2927658026877521,0.058697138647764414,0.09094385826656398,0.06426489428431473,0.029865119422591256,0.04097620013425492
0.002201793226151951,0.15967106816587484,0.04623075655911798,0.05303842383814163,0.06590895929397574,0.06749535798632236
-0.033005987157702386,0.2787668490544799,0.047858855087584924,0.06433169602175917,0.07832810484796104,0.12338920099486096
-0.0019718492968489984,0.04188441625894579,0.15459588772110927,-0.0049664704015263735,0.1229301675258521,0.020309904718469482
-0.0394395255313005,-0.12173124087231903,-0.07672446466822976,-0.01909219162919803,-0.03469538320829092,-0.06660948609350366
0.15189835603197627,0.25838230429455344,0.04112298862698029,0.06181873541477127,0.03593580637867412,0.05690768486679574
-0.05956930662190031,-0.01986077192741399,0.020671599598519868,0.012555767699563836,-0.02146890382300549,-0.058924208666431624
-0.00958387883796155,0.08652837288083236,0.02850074884778435,0.1583188187137944,0.09275468665406893,0.10353197894790198
-0.0595467862312288,-0.03761932211589288,-0.004216198166661995,-0.06640159942320273,-0.0434602465738134,-0.05871804083098856
-0.03626247355722702,-0.13114572219780485,0.020124644767343335,-0.04626210095946311,-0.049113474492997404,-0.10754228621339196
-0.06660133599846187,-0.04128030618051816,-0.02942744344744263,-0.07009737505615436,-0.017431553492277284,-0.07355654971169771
-0.0257046263584197,0.08299460272101516,-0.10728324672291224,0.03978269295754446,-0.05541727783611077,0.013269407223417861
-0.014831705390955777,-0.12294617054886617,0.035908473087017626,-0.05560877775596962,-0.055267307959177545,-0.03535882822773383
-0.03960904736885705,-0.08857054882053893,-0.06856438976790347,-0.03365079213330207,-0.04347960072488112,-0.06572439412753046
0.10925338908863735,0.045363571939273484,0.05576105429301254,0.056414453417560316,0.09518613202890991,0.052513735898206335
-0.03604802737058575,0.05411618734016183,0.06745464586111106,0.03774691722547552,0.04013815798551002,0.0018147528854786763
-0.009579032858870875,-0.046100889657394103,-0.0966966467990683,0.022990605338864184,0.12498349482453215,-0.011883397188611923
0.273923931373871,0.034200353579834496,0.04001937890765109,0.06997364360069132,0.1059795044146389,0.08091137142936894
0.004633365762620347,0.02875648959467034,-0.0261216296019591,0.03280162911519339,0.038209708495764265,0.03788358690386178
0.29479191579978054,0.06023539861352075,0.10182096233754066,0.067659409936945,0.023709193923429503,0.03514228667817985
-0.03277264628456659,0.18635328668188256,0.09491608266672337,0.004111659558505617,-0.022780914948979252,0.03274901435391049
0.25619889118667555,-0.015033751431236074,0.0322029673952373,0.0842522631329273,0.08358855388759878,0.09537138248793753
-0.04413234814091604,-0.05881264777921989,0.003814584315884753,-0.1009767106669482,-0.09802914730286272,0.011776990319958762
-0.013469965232480615,0.1807548826453538,-0.0178156821636011,0.10688416791726142,0.07709837972550987,0.045729704535071684
0.14010234890524895,0.17969505003179795,0.05080526822938664,0.07466540937855472,0.033961804312663796,0.10302696214335831
-0.024324785993894756,0.012731263657863883,-0.08886799713250793,0.015464875877545492,0.0168489691482163,-0.012155079376319176
-0.047690893919721256,-0.11664073700000564,-0.03576720767396412,-0.04400040859057134,-0.05314837296501131,-0.07257661412708968
0.027427713610927294,-0.09720988682777168,-0.12012910619305495,-0.02771909600960501,-0.008339312479952194,0.011753398309986715
-0.019317671045934688,-0.03823280783001414,0.072919427229128,0.09249748683173999,0.05549331767981395,0.06447644725238506
0.28202242024413976,0.0532758591548269,0.008875537414463843,0.0025178715858088655,0.03157124691348772,0.03200124934491854
-0.0530560543020469,-0.05015026175154749,-0.030328863728724027,-0.031484661246381,-0.11874250530046265,-0.05338195384621357
-0.04165818937685646,-0.12745388818408,0.051659834284146465,-0.03783060883162291,-0.055226193595178774,0.00010299610466471773
-0.0261161895583635,0.07112513688973758,0.07654019040557164,0.02860522431703691,0.0076753161507868515,0.04874766565399899
-0.038505258582934035,-0.0881437922761084,-0.05820722844153021,-0.03587826988845527,-0.032905610113757124,-0.08052225000386365
-0.02213913865021469,-0.07950804366956951,-0.030180689447211945,-0.039968503533266524,-0.02949050093885833,-0.049341875384296754
-0.055899545093949364,-0.039154150814173096,-0.03945608221811,-0.08299251832332513,-0.03827775245202274,-0.10691758098501906
0.12105330624938918,-0.0839494078303267,-0.03697026298922565,0.004877235208483199,0.021644504984265883,-0.04305711491027529
-0.032306700985764845,0.0330165157853727,0.03656196379353513,0.053990699721708175,-0.03773790523951273,0.09135836962175937
-0.09868375537421771,-0.042385687752548286,0.008454188874237534,-0.14194291537679593,-0.024919189216294473,-0.0557308248146899
0.2663649414414725,0.08495750144961207,-0.05838364744649825,0.06723983800764434,0.13977593090544652,0.049990575181004165
-0.05300099454579768,0.04906627615933385,0.03081880613758597,-0.002002214190628668,-0.1166717608481996,-0.08751256648158226
-0.018748059878485792,-0.10348175165720233,0.01312385934902204,0.0024072327890491355,0.024618573467883573,0.015213442345714551
0.08073514044079388,-0.16747740592347626,-0.03626841614573231,0.03363519218900168,-0.050084893193115966,-0.08556176239321327
-0.04110095314753818,0.017020013642773158,-0.06588526474075035,0.010176488470149538,-0.0359050516011003,0.006464145579145133
-0.03928669972281017,-0.12872563974729814,-0.030249133150596064,-0.03584747922448356,-0.056241445005943885,-0.07259307031652175
0.2941839941733417,0.06689790206989246,0.02680814687711481,0.14213970287553773,0.040587363379678956,0.029079108118528468
-0.041709332699907856,-0.10489473081929004,0.04865499984508131,-0.014836040399691556,0.019074595023991267,0.006460802942150711
-0.015039602397513391,-0.11423945372339958,-0.08477086759330578,-0.024264809468144515,0.024603258789849952,0.028686315472450354
-0.0478537630720206,0.027166720895074416,-0.0023576028605603308,0.030945890168755492,0.00966065129774588,0.06302874426315674
0.003347442202718632,0.09071017470863826,0.09870173618428302,0.12008195938083822,0.19161958337080126,0.027669502876655063
-0.06008198232161688,-0.035417921516295095,1.0051156062356508e-05,-0.05403921266545182,-0.027563792028484663,-0.06984495303188959
-0.06697294000013955,0.014294383457048417,-0.06969139317409465,-0.04782375952550681,-0.18034308202760055,0.014346693024740058
-0.03557290534372644,-0.053806878469063006,0.030703953659081643,-0.19822002482829928,-0.04173066536450682,-0.08670897227933776
0.18275647859759353,-0.008071261926017616,-0.04555332733116551,0.03799577150982858,0.00879041043486713,-0.04451592521666461
-0.020569468383302078,0.11223896461247308,0.21717164542673398,0.09194268663320342,0.033486594275959465,0.03959532728654067
-0.05003926236397183,-0.05317987334347223,0.01727062792688768,-0.027481667800864345,0.014138061186818722,0.017224558889764395
-0.038117175013842396,-0.033033668214603955,-0.10119842991277861,-0.03824216744888796,-0.025491999630996156,-0.030797732671206716
-0.0407971293120909,0.012046174814085103,0.013778914743601205,0.08960876561718968,-0.06776308771160067,0.0612782067048794
-0.017941416934606158,-0.0006999504016914507,0.10190923887813835,-0.03280618450697031,-0.048184725689837546,-0.005177813739428655
-0.0415441048773264,0.03054397498443237,0.04440763292604509,0.12797321692057823,-0.09792933490051177,0.03092508025463344
-0.042905504160860544,-0.023920654297992474,-0.06167618166128794,-0.04032864399893322,0.010324013274133018,-0.036652775702600615
0.1677685028872742,0.17298232243578354,0.04579829345686359,0.05370537073663702,0.037093119920645415,0.08139683597276116
-0.03807484903448252,0.0098588103376041,0.10275236348794654,0.012308424224786072,0.05130297202360957,0.07040121228025308
0.08104880111923549,-0.034911897894680105,-0.0381451358140654,-0.07083383788430425,-0.07699875737782369,-0.062223167132847756
-0.019209725922325983,0.2500659444518988,-0.043938320782469134,0.06676714175006804,0.05673775696191385,0.05727633672097059
0.1537658225436629,0.2100116401529927,-0.02149418467629793,0.04551728207236782,0.016256229392716436,0.10931435438946098
0.008050030322805032,-0.2009554104251038,0.01762465429875161,-0.023235394444699534,-0.08457368432397755,-0.09886801833772428
-0.038739339612089384,-0.1023421696639579,-0.028160937447817495,-0.04545007122656341,-0.033440427377127296,-0.07023088742222905
-0.052656879240241566,-0.07169385322008512,-0.00839630813276979,-0.026231724243160278,-0.02653044609717092,-0.07237105555923708
-0.07816767914251081,0.003132395994833113,0.04954269668246776,-0.003599053373414143,-0.03332765607946459,-0.06655342806945747
-0.01568902805682656,-0.07513224159415831,-0.024656788820490456,-0.000930276414993275,0.030665244040792242,0.01974746260380315
-0.01990665213376178,-0.004901745933752456,0.0325048244183107,0.01171218390851231,-0.01649377752407878,0.0398705325927649
-0.024204046553356933,-0.035482921141722856,-0.027957287224947534,-0.08548581549836633,-0.10200866982783101,-0.03577141871608172
0.04563571813690695,-0.057865572753548825,0.034555243090125594,-0.09827270087815157,-0.03687232012775751,-0.06749422541002917
-0.03964945719244511,-0.1252434878241867,-0.030118899092564048,-0.0257497665951274,-0.03476086068830242,-0.062342335562755695
-0.02271617499943049,0.08654885832800913,-0.04234671084949436,0.21547807630584517,0.025489370541989353,0.1445158643682537
-0.021567734840735032,0.009059519497251815,-0.10222430711306127,0.012270260355198917,0.04515477025143101,0.054625741080705274
-0.042813454977705674,-0.006333460071524044,-0.06296827368145655,-0.06479368273824447,0.02664174868428708,-0.1123590654716908
-0.023896641953275365,0.049074145754079104,-0.045012986726925545,-0.00765002198997566,0.002995605535273978,0.031395600347722596
-0.01505659071299085,-0.0028538168377025734,0.059441307988123644,-0.024527627783235573,-0.022944463635520974,-0.01499954012761816
-0.027866635091657984,-0.017667021538118357,-0.062367920835612906,-0.03314166282008414,0.02561558148634697,-0.044649116539178836
-0.04316806606567259,-0.0311526927781481,0.052400687938964664,-0.06601630939584835,-0.03517623066800778,-0.13634505931608676
-0.02995103402734314,-0.11410373242043792,-0.038339424673344315,-0.020105476721076064,-0.01085760523398216,0.02586596655467574
0.010321209841765232,-0.061747489189886116,0.012708136889971213,-0.18096842869376303,-0.07352529628590282,-0.06635541300806096
0.1384570642270093,0.21158279358730045,-0.0830381139904511,0.0436859425941412,0.015925181248757452,0.09300410064514707
-0.03609859801256015,-0.039892151517025916,0.010446392018904778,0.006753414937175906,0.03331767544677378,-0.011944870170524098
-0.03928669972281017,-0.12872563974729814,-0.030249133150596064,-0.03584747922448356,-0.056241445005943885,-0.07259307031652175
-0.04000111327144603,-0.038943585445945075,-0.023157292572736334,-0.07350311964570727,-0.03123160521117847,-0.05544831519248228
-0.04493248584495019,0.169247251964365,0.13839141108802658,0.050417019147715146,0.07352130152173587,0.06514962416363031
-0.04163347577034365,-0.01584706190560109,0.06862900367172638,-0.05480554777484439,-0.043618458365837394,-0.05060822704385439
-0.03968868751279593,0.1331375996606212,0.0712664674587682,0.004446404346952478,-0.055004803806325574,-0.0021838798767524854
-0.013031903858924348,0.08461836154971825,0.0025626553868062524,0.18801842508572641,0.09531596863929472,0.11295602217650305
-0.051478732961698026,-0.027917964497844318,-0.02935535880727639,-0.052431193841020116,-0.019715958977782035,-0.039117230928696144
-0.0590116696084602,-0.028450461520211537,0.006265345076778144,-0.05412608809214041,-0.09372111547073804,-0.04593172256495663
-0.031502041563245306,-0.007726947399789059,-0.06689854623298738,-0.006589534497022873,-0.030361762879499474,0.003123943956391701
0.25760066582410973,0.06073177929706693,0.02714848776351146,0.10434288821147873,0.029518807205735888,0.11266549950410334
-0.0507297322437523,-0.1557661327898198,-0.0017117032367896675,0.004385616346976767,-0.053920568375537895,-0.02269297178754691
-0.04056898500208987,0.006108896628900554,-0.07079574378097403,-0.027022891287174985,-0.0809543906252908,-0.007341851148214081
-0.03501491971563902,-0.05625418546378116,-0.09574167271504841,-0.0630316824903367,-0.027510037598929855,-0.04857850531122573
-0.036016887018978413,-0.06125900860027486,0.022012655099351956,-0.05525033266295871,-0.013558417633643157,-0.056118100276068734
-0.03946554050517405,-0.04302900771128325,-0.011028242151103157,-0.04107562650973183,0.013527278961589282,-0.023859212402492336
-0.023017136749745957,0.06373434378620459,0.037666645930554424,0.06008259734279168,0.059466195353256354,0.07485238364175786
0.21773951788495188,0.08201548746050713,-0.04793623218104224,0.10978047620435732,0.024197252024745226,0.10322956435689659
-0.10392957880359974,-0.09195039781786993,0.007232288114627555,-0.07924693650687087,-0.02717580312446687,-0.09039691303128662
0.024455991549438887,0.1277194929658549,-0.00048820045041716466,0.07052148073181086,0.13356578376465625,0.15832710869422234
0.24583209560552535,-0.0038363342601401636,0.021858499453285767,0.111377883563343,0.06635317431963667,0.13919316888155694
0.27085245641185496,0.0719355532190632,0.06227329176253622,0.08366013668472741,0.059683668235804545,0.026884746973149277
-0.01660092924282709,-0.09379056372169366,-0.12333792145751041,0.009906409911327676,0.04606159516947964,-0.014784109369660679
-0.15884133580533968,-0.050037104225199296,0.005848597660922267,-0.04747078082166768,-0.08092844997241767,-0.058576729544226463
-0.04201626890494943,-0.11822800268840994,0.0348346697516585,-0.030646521089026938,-0.04137552916509933,-0.08284528265315927
-0.04686299785070533,0.001986125623986549,-0.0006867147876642968,-0.0009732745183585127,-0.029160919342973168,-0.008385528524517294
-0.05520316323708677,-0.05730650341719915,-0.0627331071890881,-0.0625879610852098,-0.02761412574593951,-0.02912627882707122
-0.01951211761812029,0.0027636670687580293,0.0490028316104107,0.10258340492357475,0.08866320758538461,0.09264557054486286
0.09007712785661594,0.125785010651132,0.09490606830496189,0.048434619420924585,0.027749075453477202,0.06799490998404625
-0.020012718013587213,0.09015281600658175,0.07805115024646993,0.23382754137467374,0.08289168072749235,0.07648199710993146
0.14765549490555824,0.02253599689715755,-0.08699603128979523,0.001249101470173314,-0.020015595022244592,-0.023750674983226267
-0.05905135598674514,-0.020135397494208843,-0.05740816116124801,-0.0815167887956514,-0.05549157810773801,-0.05708333002246576
-0.03514199082254494,-0.0035074998377626052,-0.015815597566928342,-0.07117336333462652,-0.02798174749862959,-0.047278032054413714
-0.034288898242983486,-0.02153123315113103,-0.06219022632179617,-0.07837503322481985,-0.06794031569105526,-0.04442207028646072
-0.02550699789139723,-0.0865913540711633,-0.04465396110370859,-0.05124985292158642,-0.09513603332141089,-0.05169839129409117
-0.01898974817860444,0.030932715655757573,0.03499130030145646,0.01652891503420057,-0.007984452537650509,0.03878573566295248
-0.04147267293430257,-0.14291646271902642,0.00942437234059173,0.01274816560506293,-0.055617400591796616,-0.0960266765950223
0.002577969486625409,0.09981104596485431,-0.09401672734848879,0.04386256829929881,0.05628238797663333,0.031895644478780356
0.013617434339090096,0.12072998457123213,-0.08675347315736517,0.04190929216068572,0.053282421646269854,0.05530009433561511
-0.027850882789557097,-0.01082026343153764,-0.04074874822604753,-0.07934465014568795,-0.07281249160391107,0.035060614987944785
0.12581095201161893,0.2270841440197069,0.04356213710565066,0.06272151367903225,0.025099867957206187,0.12380649160976667
-0.034779430560513504,-0.1602467610670983,-0.02158251376529607,-0.06949401403326963,-0.06009345557975505,-0.008550481292851415
-0.1108866542784886,-0.07015282548001676,0.03556700325615322,-0.06891328909357937,-0.021696056802625905,-0.13062291149514277
-0.05574826633130753,-0.034002949035049426,-0.02625475326574637,-0.00936346551316968,-0.10394404271753525,0.044365176091473786
0.14517683619655675,0.19341312056571686,0.021206975349087036,0.07593921216656543,0.035976877197524855,0.10151347701215778
-0.0342871249997161,0.026902979752252146,0.03591703482710844,0.04780152428888211,-0.042498419146310654,0.05555715165998045
-0.05275033702729621,-0.019864522242403312,-0.00014574352840545634,-0.023413111218452548,-0.1082855343124319,-0.03369396643485244
-0.02208815815492021,0.053119186564062115,0.07756518026246223,0.04152621369340514,0.05995240196502148,0.0711622580528595
-0.06465247224266416,-0.018903246774683878,-0.02823933188443814,-0.055205707275018674,-0.06479548994497081,-0.05643825459905054
0.008897127814451164,0.08429660422925458,0.16542947092144145,-0.003288374273004045,0.0684722727122583,-0.07136483519638365
-0.04952216821333412,0.2296828325515139,-0.011139610696502348,0.05966495997716208,0.07103203620183479,0.10429280715330291
-0.03176699077717075,-0.12125206614756254,-0.08422599780387731,-0.02221573020238353,-0.023390269447882223,-0.041402880314029875
-0.017885806618161186,0.023127351554242725,-0.08449024705950499,0.023779474304011033,-0.0013561106358077899,0.07645414950117321
-0.05256883133078544,-0.05100027789252409,-0.0237186241910276,-0.030858253320354564,-0.11551909197107348,-0.0551746371650264
0.002972874901830087,0.10337989316064852,0.025292689226463994,0.10836942788925694,0.11459883013898231,0.09599802839822184
0.09691399487381458,0.0515962104257844,0.039476716138255374,0.04623181476564461,-0.0009406853572629623,-0.09955322715442003
-0.05670972937401779,0.07872907055402756,0.06640158636567657,-0.0250814179476056,0.018781946162832634,-0.01621986714430148
-0.012041552632296884,0.04267671679697007,0.018921510361612038,0.12229176186730785,0.09277469540627188,0.1752467431299807
-0.016589015212479356,0.10963177759090126,0.12308965528693713,0.1708296682743656,0.08222086478455604,0.05809427202186734
-0.06396193919048287,-0.03337740144175277,0.012600214064919084,-0.08578015602460416,-0.00543299364520208,-0.05496220890464513
-0.02844396749019395,-0.028973658164539846,0.031881256559396415,-0.02091473986426812,0.0381296527689983,0.010128693347817805
0.02158254207307995,0.13229911353994192,0.04421603385495615,0.048634141253673865,0.06848697000199162,0.0689517566859092
-0.02040017292884104,0.009243276411513374,-0.07209920093989208,0.029283113910933307,-0.03074126736895486,-0.06109662670832622
-0.054801847995118946,0.005973071802133036,0.03173953393254662,-0.13610696617089463,-0.003711138175256297,-0.07897487380128683
-0.03105770338172592,0.039451873553260096,-0.09248783424480021,0.008155495207320418,-0.014126393961555194,-0.020551395229307688
-0.02476752567068608,-0.04326412693037012,-0.039477695912538864,-0.08225992739277174,-0.03408215394640453,-0.06411998103438848
-0.045979858520814695,0.037983296085566,0.013294636954786276,0.03167198566590916,0.01220618329454475,0.07164960644736906
-0.023654403970193378,0.012245891811644377,-0.08614282823159375,0.015944121529697198,-0.03698189291614792,0.05360193765171011
-0.02845740849513443,-0.02388120591595103,-0.027914051784254046,-0.16193053719482348,-0.03038484502095995,-0.1003695724786228
-0.05089985146160111,-0.06285467538257988,0.04402318799005042,-0.0312103691079362,-0.0010038491828472198,-0.03533090047154646
-0.06942145634076537,-0.025058413451682228,-0.01950275463103046,-0.05104371484306786,-0.03763601040281576,-0.14402418621845267
-0.04123130962566083,-0.0407654959225721,0.008248050630487676,-0.07182218391676189,-0.03424948999875486,-0.13474183293848127
-0.012041552632296884,0.04267671679697007,0.018921510361612038,0.12229176186730785,0.09277469540627188,0.1752467431299807
-0.07819559918199186,-0.06406592946495898,0.005892469809345274,-0.018392507889174885,-0.03589881197592039,-0.05439277942758487
0.24387467334695268,0.08635701377137853,0.026880625238877725,0.1425402642624203,0.038211451427070005,0.047174987172546215
-0.0536527234887708,-0.0653976540171111,-0.03139606690551353,-0.014967579468014186,0.014741588438152788,0.0580364977251471
-0.05295420534061337,-0.0499681957438365,0.017777050468589017,-0.13229481778575433,-0.023735428374158814,-0.09255814466009263
-0.027041687742097642,0.2237326364050219,0.06558576065893608,0.09876878698361964,-0.017410468410639493,0.05818181596291112
-0.024746944545630162,-0.06757046497462114,0.016683090108807388,-0.10231662024902913,-0.05864043674832201,-0.03754219977054717
0.19655318251130577,0.08619789205466355,0.03175044229835584,0.01972219270875233,0.043778808099333134,0.03891269832291941
0.1454122950566852,0.1616145610193724,-0.016244796045110997,0.05973587153827705,0.04891259664813571,0.11370255796360125
-0.01344632627230039,0.08802462302184529,-0.0020381895811156466,0.10937404092254327,0.172163211796263,0.1128337174535758
-0.0107911131167005,-0.01957949554537905,0.06529790967681555,0.03313172935294529,0.08231288576683708,0.0622631574965259
-0.04371304526270701,-0.02941771298643646,0.030080868137684715,-0.08180196596882684,-0.027142948980141378,-0.04815656713656225
-0.04024234019325527,0.03483716568112134,0.07682449260898833,0.14347961084610608,-0.10406927017709819,0.03766326649242693
-0.014873342159182512,0.2302281447596661,0.057784243836968466,0.1007792224591928,0.06473008739165588,0.05298421162008209
-0.01270062689854041,0.013147091035788462,-0.05846393368781423,-0.07418400894343238,-0.04763076454164,-0.04562053054099112
0.12385626780468097,-0.07816149928266952,0.045802554622339814,-0.06926271636238909,-0.0436354222518844,-0.050166458446538505
0.11728418942500875,0.22795326989598333,0.047444042420835525,0.06847438459037046,0.04024596274753248,0.09513624875624208
-0.02420984340075062,-0.041363216445557766,-0.008937819949442644,-0.053326141935793006,-0.07741405092992133,-0.06702384335479221
0.11536021076126134,0.14690526791793215,-0.13962393928718103,0.03864309245689954,1.772270163947089e-05,0.05725899909737638
-0.0392560275313806,-0.038228628335356965,0.024896047897776368,-0.06945333521696125,-0.06909822789229518,-0.07812176172980807
0.005750580549968143,0.07905663411343787,0.16225132494289657,0.07631733868332115,-0.04660260068264688,0.06955148225035179
0.2060455611328181,-0.03125304399666207,-0.10295015936214574,0.05786176559869456,0.06266174700997203,0.07234201443016482
-0.04020236138742029,-0.06710758201312819,-0.021448783919005544,-0.038101386060803356,-0.06682150035923866,-0.06640973867058189
-0.08608873170351614,-0.02205022245257978,-0.09714992466154207,-0.05163119898028918,-0.04421046877520728,-0.0078183147102059
0.052652803950684196,-0.1258576118267286,-0.051422268184001696,-0.040477592113455335,-0.02251241948008748,-0.04970452261279453
0.21001349797251917,0.08439328269637046,0.08209827939739872,0.13324512477817646,0.029062641654562106,0.02517237325463601
0.1271069408532192,0.21401833820511715,0.08000666326769108,0.07522535424464186,0.007063934279671873,0.0937230385918055
0.16294365548945172,-0.06405585132641504,0.07260417660929357,0.04879632888250981,0.037738506498961766,0.005474973777828194
-0.07118756252710925,-0.054027223099995726,-0.06924815639413708,-0.050208613903537466,-0.008877252053297303,-0.07076912459345333
-0.02778244810521059,-0.07004152960466106,-0.06838036338474894,-0.00971583765310067,0.016638919629897296,-0.008917727164979704
-0.06715447581663711,-0.0629928639935804,-0.05560910501668256,-0.08492869841700354,-0.021756860148281692,-0.045001070663628295
-0.03759661755289188,0.11606418206121331,-0.09201180567967286,-0.002401606961394321,-0.08004335640903651,-0.015965292524038072
-0.05025042733245414,-0.027143850895283404,-0.06163572811438328,0.03441871003769429,-0.11531087793521798,-0.01130188166331943
-0.06102222747439587,-0.03665671517883812,-0.00215138531323843,-0.0740481135329173,-0.05981907706479053,-0.0672185131691109
-0.04375104533419278,-0.07219552866288577,-0.044593929825856325,-0.11152161608535499,-0.029297589935624205,-0.048367660941621905
-0.026291022018288673,-0.031179750580068416,0.025878673152078546,-0.046385606029622266,-0.03119045020346575,-0.0406669055836283
-0.040313044414407445,-0.02862959012584135,-0.006488136068081952,0.047840584175915996,-0.041236094812399635,-0.05751133571339254
-0.03356127130787985,-0.003825418881763826,0.034427708823535054,-0.04412159822067843,0.03770005137099303,0.03966487655436899
0.11908382773467026,-0.049668899987112,-0.04609497132718112,0.080198257485194,0.06152193626599501,0.0014322070324882482
0.24383904247723268,0.07230569479612817,0.01872113242779924,0.09658290387089148,0.07554780166682701,0.09401211083238875
0.04726809741359154,-0.005701497474402124,-0.0647766843620922,-0.15276187928787818,-0.01250866664485924,-0.0852931005025698
-0.033582920771391356,-0.03126368231873696,-0.07088016720498866,-0.091042737987797,-0.025131038989465403,-0.06184962729176528
-0.018240406090600975,0.08411732412248502,0.12111876377040308,-0.00512894372915577,0.04047907911404117,-0.02489247877975608
-0.04872575987031209,-0.07508126585041945,-0.01133334418064262,-0.034189154823267884,-0.13552945668515878,-0.05284651049781868
0.043193883934229724,-0.1983122845280976,-0.14335221021125832,-0.013308554370283084,-0.013603900839139371,0.02634496717138328
0.026762314595917807,-0.06412685855870606,0.0015296073345029643,-0.20170211370641264,-0.07986911378615602,-0.07079444378187887
-0.0403461569744056,-0.033472813204661216,-0.01302798586598015,-0.06153436547659656,-0.09957663757498934,-0.03429061003651416
0.26827511535802634,0.03550785514500931,-0.014196938552579636,0.09123541414283957,0.11024100437073191,0.07778596124108313
-0.044334574687428616,-0.032482206735058514,0.03179633852340565,-0.04318674674192781,-0.05502575874175835,-0.04726913468061043
-0.06715447581663711,-0.0629928639935804,-0.05560910501668256,-0.08492869841700354,-0.021756860148281692,-0.045001070663628295
-0.01895133538620234,0.15200433922290735,0.10336007947114036,0.06962916112260191,0.05274271158932929,0.10344656930374085
-0.02124854702184723,-0.09922172412939817,-0.03419338091541849,-0.01075086673434857,0.0019140423092309632,-0.025490481445783125
-0.04128092202885878,-0.033620969440323466,-0.02322861958736559,-0.03266857277868115,-0.058653941122386706,-0.06504323053642548
0.033359387969021145,0.16667884149977882,0.02517353328347856,0.05869354592602276,0.10033774543909602,0.08966344879691546
-0.04399335628925488,-0.028398648933518907,-0.041800645026060596,-0.04734740485313223,-0.01760155279091965,0.013040431914395719
-0.04344144644920051,-0.09542312715327507,-0.03631076549594544,-0.06991556140147884,-0.09726204887954247,-0.02028888029397018
0.14229623657533286,0.136557675226761,0.10760795676159537,0.06342127065400545,0.015819984571921773,0.0010902108546120115
-0.0771962639620939,-0.05587478012008747,-0.03050081734931765,-0.08694029277273882,-0.01836539113502551,-0.0985771156998777
-0.02186686518435234,-0.023310350688668394,0.12740720264832742,0.005826892531122477,-0.00827941211479537,0.006939935092509292
-0.03190515806203476,0.008134001822726908,0.08515879477872641,0.01914147979048698,0.03411809816798002,-0.03587485542232312
-0.04551641931851569,0.006803794673162948,0.001883417657284748,0.09654061393263022,-0.11478192700742354,1.2452583239557931e-05
0.2535665580059824,0.11193025590386899,-0.03472803070204992,0.11125402389940399,0.020335565511204995,0.12993827222611457
-0.013681664833394941,0.05130243152915329,0.06567113944266678,0.059728678687506254,0.10791640626165043,0.13391693348700873
-0.019954462341016936,0.051011896187281885,0.024810964199696597,0.14764172395606906,0.020268908813385205,0.11241244782447614
0.2198851908320373,0.09170114938116534,0.0010267879484977833,0.09362670843626482,0.06824694863686309,0.11095075818480149
-0.041283083102955635,-0.037234884937646665,-0.0014930914593651204,-0.06868616303893066,-0.11958978159219569,-0.05057253001742957
0.02351472531645363,0.06996435596724096,0.14476142018897883,0.04787414559584616,0.0772301197312175,0.05475543011617442
-0.042484728429164044,-0.012491942246367502,0.0555525005226064,-0.057860941728208166,0.0070097951884229015,-0.08677533095356327
-0.015271533269374629,0.07073490231232858,0.03355967291564975,0.18281557105865956,0.0769325196533497,0.16783677518625306
-0.038105711603839826,-0.09096014535508097,-0.054185667755815084,-0.035704859496012605,-0.03297391325645214,-0.07732139755373403
-0.054094677253342244,0.04996523117247772,0.007780305819467036,-0.0032187516697789725,-0.12504029301741407,-0.0889493715610938
-0.05462520526069049,-0.04986160918041739,-0.059218428991308594,-0.0625771533560678,-0.03096606776490763,-0.026215701004272386
-0.03575954893272067,0.00023523164137543014,0.05385592709660255,-0.012544332560922666,-0.00751465632093747,-0.011595642579094564
-0.021576980928329118,0.014098197997610746,-0.025171030795202345,0.1524959269224755,0.04915878241391523,-0.0018458089313585163
-0.049596683822029856,-0.03211907722160301,-0.08933421055501208,-0.023915013804537064,-0.004604229637856685,-0.03440697933987594
-0.02113792749314477,-0.059229552266926264,0.002502295788496325,0.0636055941187474,0.04087115032719619,0.09402941732477367
-0.04630782825955501,0.18448588668207797,0.024945390592445014,0.06033409904240025,0.06229012359593344,0.07951722909422212
0.3730621856410431,0.057235018745537124,0.01430738723023922,0.04985963541459316,0.05952020260788365,0.04880153144453592
0.1887213536813965,-0.015065308740965734,-0.031634043390723815,0.04171220412408011,0.0013721396748539137,-0.04964653472253408
-0.19239679441168736,-0.03802051743580475,0.020820512661768917,-0.08009234198000044,-0.02259130943343371,-0.07281626119967842
0.011538924847458509,-0.03185131301548818,-0.0017587872082934026,-0.2089450396580959,-0.036175987418653674,-0.1118468170380698
-0.040313044414407445,-0.02862959012584135,-0.006488136068081952,0.047840584175915996,-0.041236094812399635,-0.05751133571339254
-0.032390730093275415,0.16678279546537744,-0.029314017205968216,0.038434363573695604,0.046424669380064766,0.14276279377156428
0.09691399487381458,0.0515962104257844,0.039476716138255374,0.04623181476564461,-0.0009406853572629623,-0.09955322715442003
0.06356953777486242,-0.00020937737921137,0.04810828928977382,-0.05743617411844252,-0.02633257659155915,0.008949505890772987
0.1558841533884224,0.19972963317746376,0.04807198568604142,0.0733656090000837,0.010720145565256387,0.08629139341853147
-0.04489437381217634,-0.045849358474425395,0.0486694479569743,-0.004008517843267756,-0.04039696052053881,0.013853831638174302
-0.03037191895015939,-0.1390485622665004,-0.019267440321123663,-0.01605813969964462,0.01148468595691255,-0.01449175878542857
-0.17722795366902583,-0.030860405362083513,0.009394540844826552,-0.046758889235539024,-0.08900704608019906,-0.05745514011499744
5.878758717687775e-05,0.06874720539029028,0.07219887504947185,0.22442896387452052,0.09426213837925951,0.05798493415204472
-0.050418674752193506,-0.02029629616366621,-0.055450820580437904,-0.05552225866756125,-0.0978060615897874,-0.035211133284282777
-0.062494460758004335,-0.02297577373285983,0.028598063594907776,-0.005529988051512096,-0.11405828165872994,-0.05518385187992798
-0.02158312600624923,-0.030702710425749093,0.023643853963609192,-0.044045771397810324,-0.051278799218733545,-0.05155910747005106
0.18230832396853722,0.013005177921041208,0.03421476077444541,0.07686358518282228,0.04653356035113665,0.07977092648198499
-0.018854602730426984,-0.032977353151717376,0.050210085687259355,0.03060867080611415,0.07361549683462482,0.10413040921266614
0.28493867603165307,0.07838389311916744,0.002733283584813962,0.09927666454516501,0.013751582219250685,0.11906636636005827
0.11228716048011005,0.008234050180599552,-0.062371301369632794,-0.027613318790216442,0.013718233687259822,-0.05116833863735194
0.2527607360725075,-0.01780965015440473,0.06909451032363942,0.08948766559348702,0.09116140163207213,0.10956571312190949
-0.033039605172417656,0.03156629519914982,-0.02320680532159642,0.0006536818185011616,0.0003253922808408437,-0.017931611937077204
-0.03300814905022795,0.04709669384913181,0.04680611508712927,-0.028558014907460728,-0.09478586538835197,-0.02081984672674716
-0.014140646249328748,0.08811385556199092,0.006791557588683757,0.10680519463192494,0.16634896552809203,0.11188033318118096
0.3046845311727916,0.03929190502379296,0.03477066301127604,0.049165484174667526,0.04463522042682176,0.021451854567903626
0.06185739910350508,-0.05022420337836241,-0.03155649156354214,-0.046874821150856734,-0.00707132632059627,-0.0029903384084015118
-0.0864337921911404,-0.053594652431560745,-0.05352828875024208,-0.08356003124841958,-0.060439156619796625,-0.036270986831994215
-0.0420646807411724,-0.07771986061106975,-0.08152826738381741,-0.0880775831677232,-0.033963697219127266,-0.05683223385237161
0.1708487821257383,0.03492547881532445,-0.03400381979427629,-0.0006342637091122998,0.030940454341699834,-0.0025777201707205414
0.27623007287531437,0.03386531749557539,0.03764897202639818,0.06988117335201532,0.10596963145110952,0.07959483428746117
0.16350190262735687,0.2094884413663272,0.05909507353333415,0.05524376597814727,0.02681916115979098,0.08129078024851318
0.14010234890524895,0.17969505003179795,0.05080526822938664,0.07466540937855472,0.033961804312663796,0.10302696214335831
0.2511257673297826,0.05129921143715387,0.09658233570086049,0.03825515419814685,0.049551390186064484,-0.008346663153114296
-0.02767706496128664,-0.13387570042452213,-0.12164741850555985,-0.013614085994887044,0.0006932684277807101,0.022262557927314557
0.03770930566358469,-0.029898195125742634,-0.14415956974179375,-0.009059230392187319,-0.03694669741347885,-0.06452410889741132
-0.06324120300210685,-0.07862857387501193,-0.038643700497867806,-0.09327151793569055,-0.03645606538576313,-0.05146054748352217
-0.020413608423536258,-0.0016146300829667415,-0.02082178608223145,-0.005289821571362339,0.006526072931480211,0.0018970435773851965
-0.06153250854099775,-0.02310961323635799,-0.07299443547461436,-0.08245441981100723,-0.032423443813372095,-0.07384731225548284
0.22734348393143092,0.11428938963311969,-0.026713865694084155,0.11502085971623181,0.027516417361838692,0.028473975463424266
-0.026876994408896206,-0.007454948664233433,-0.055186391608683404,2.1977013674191157e-05,0.030909527168525797,0.04304878659021917
-0.028599035004006387,-0.02878936508467581,0.0030874256106398308,-0.18900085102707798,-0.03071648372558108,-0.10446214137834305
-0.0027151216097932806,0.0106973654577683,0.10078094009551558,-0.009889848524477059,0.09639109043309815,-0.046602451662540935
-0.014524013835694799,0.009364157769405367,-0.06882141913722443,-0.07683587909989466,-0.05069738885253457,-0.04842795248231001
0.18371250087542423,-0.015847957201494935,0.01760072974897068,0.10729989148851814,0.06151505332437442,0.005704852561858386
0.27623007287531437,0.03386531749557539,0.03764897202639818,0.06988117335201532,0.10596963145110952,0.07959483428746117
-0.07819559918199186,-0.06406592946495898,0.005892469809345274,-0.018392507889174885,-0.03589881197592039,-0.05439277942758487
-0.031982224721735376,-0.04038356526900682,-0.043590407825288266,-0.07727479956161604,-0.05788939972953515,-0.04775655734152811
-0.006778232910495041,0.07219745180044627,-0.02036527151254092,0.11636734029097019,0.13143466155977346,0.02590345836589045
-0.025145841871693966,-0.04823493865909847,-0.07049497192386202,-0.038552672567678525,-0.02098292001271769,-0.031005673536504318
-0.007956036504562695,0.10018372549052132,0.0009859213620746498,0.1337654882047827,0.13269767083144315,0.07408341008243231
0.231044755146647,0.08087028556939996,0.023227646811291025,0.09610087314926088,0.10717253520215898,0.0660817972788544
-0.04371214389020793,0.00976111802126969,0.053703519378807546,0.021820653226537978,0.0018245171327532475,0.003410926279749357
-0.048763539968704084,0.009769352477823751,0.02861184933013234,-0.1198590258956109,-0.019914837676701387,-0.07287000811331125
-0.034877761997868094,-0.005030194626938446,-0.042374665921441304,-0.062371624305638265,-0.06313097842451172,-0.025700501489555577
-0.02995103402734314,-0.11410373242043792,-0.038339424673344315,-0.020105476721076064,-0.01085760523398216,0.02586596655467574
-0.04262526046205512,-0.04542621656667111,-0.04429634357008292,-0.0753197099339396,-0.03587731470449237,-0.06047055497652188
0.2078308269270005,0.061955538224939675,-0.06322725574572867,0.024855092542761924,0.03923299806896444,-0.004568202895642387
-0.05234638220740956,-0.021711735936267774,-0.04787584742630754,0.040300123584968844,-0.05430178231415908,-0.07949548811086854
-0.049656103738211756,-0.07730296495286082,-0.07102083896363028,-0.06323163371819528,-0.01605554986358,-0.038912801270542446
-0.028509336983220123,-0.0503360990763707,0.001849039270258249,-0.007635168530179448,0.015517032439421902,0.03264691695337645
-0.02845740849513443,-0.02388120591595103,-0.027914051784254046,-0.16193053719482348,-0.03038484502095995,-0.1003695724786228
-0.029685347937908464,-0.022569515918997276,-0.05673925889478541,-0.0392688956520319,-0.006613819974770254,-0.05718860933071547
-0.020182292961189473,-0.017122154791384455,-0.08115145242546076,-0.10554730797562385,-0.0033810915606901186,-0.05539555217176956
-0.018834539853928235,0.008884682573045255,-0.06831850516921072,-0.08302425358169924,-0.00823955579632484,-0.018935402033431654
0.09731538452955761,0.062145944951540605,0.05709498373218419,0.04934539646091596,0.0002309857940745373,-0.09778616015474476
-0.05210349243916054,-0.04667218846031927,-0.01767650396250454,-0.011026234205911983,-0.11774205863692813,-0.0359732989228906
0.2673869432968237,0.07870286320270774,0.020142420304447593,0.09809096595113649,0.015127998138007841,0.11981038607809646
-0.0019386662653385206,0.012701348328812494,0.16034469542985466,0.09223969565164322,0.006968601754806761,0.03511826694011766
-0.038242276741301186,-0.04390516168868919,-0.09195406583720867,-0.03593455695823256,-0.025777442033391988,-0.037409193550714114
-0.23091506249917063,-0.0138627060611858,0.021977206629798796,-0.058188199894427264,-0.04327866827869639,-0.0547472109880811
-0.03600305815925934,-0.013937733293248301,-0.012237456663559713,-0.046304521976607144,-0.10543355632597008,-0.03636571908340775
-0.038620737913857554,-0.03806302512060466,-0.033977776920753704,-0.0628804788858273,-0.06058160524130733,-0.08071041238356351
-0.026531292682362675,-0.038746944020014225,-0.05665239437174651,0.006954110772698622,0.031798318722048795,0.08264417953572056
-0.04953508036417753,-0.022620201458832666,-0.015063207319197648,-0.03724590619900667,-0.09532175521454428,-0.04772696340642132
-0.021916380787550118,-0.03344730893140178,-0.06396762250327476,-0.13042603192322558,-0.02395501157593799,-0.07214550505918707
-0.041217222815350424,0.017783345157678463,0.09086179057233272,0.04739583451745989,0.012855005330779268,8.29037930325931e-07
0.008241381775296673,0.05247639610361096,0.1178737053133822,0.13706421364105661,0.09672164173830239,0.08650788436144541
-0.026006224514887908,-0.07076711457118545,0.04926121273254874,-0.04917053311054082,-0.07134367989708762,-0.04749105192007483
-0.05569946675853354,-0.03346497255246541,0.042216231465565454,0.007962552345043747,-0.0293394113736789,-0.0706172613099024
-0.02773065083990264,0.23051092574860646,-0.10543646010223653,0.05490888378958761,0.06984438419166214,0.10657104922976035
-0.12733695776631765,-0.04451603851437202,0.01599566213997701,-0.11699884212862925,-0.020499424309037957,-0.07279453002387622
-0.010877765915876967,-0.09410962073574407,-0.06799793547279458,-0.0021189452519719027,0.11894966687489403,-0.03030727657956062
-0.041371023848550535,0.010644115679822324,0.01408805822995706,0.08659237815894201,-0.06960436555968974,0.056911767554668174
0.31652475802528957,0.04797516940481194,0.0749651020651375,0.030136040784326024,0.05293237830563316,0.030433303929426395
-0.04630782825955501,0.18448588668207797,0.024945390592445014,0.06033409904240025,0.06229012359593344,0.07951722909422212
0.0024361079833743033,0.0251487454898352,0.07688025928616764,0.17804274539266968,0.08560024886123031,0.08181630261681977
0.007487783597670946,-0.008286501618547291,0.10399910689660682,0.08904345198026604,0.09739453458265022,0.10110078213050473
-0.03907124452152619,-0.08209463978325468,-0.021752672731280898,-0.039627460948967436,-0.10755450751383262,-0.025537153449128394
-0.04235644565400788,-0.002807939292702184,-0.08224928566812152,-0.04162943918942749,-0.10721165904261498,-0.02418080042144376
-0.03761377042196544,-0.08506503183450062,0.029553548347941168,-0.12670072466298743,-0.032269345020101495,-0.10509004791353058
-0.023715553723428987,0.2078239861103606,0.11905154535506249,0.10282591891923089,-0.0061574228707017955,0.055326680965136925
0.20228621427639934,0.014972090610143776,0.05189342298494453,0.11164740948698318,0.07533056953959767,0.02142534946956891
-0.04488254413379902,-0.017184810918095473,0.014931721740843604,-0.08852587340828709,-0.0015041062552531457,-0.0013569280429969884
-0.03313388456878661,-0.05441504909730752,0.09083074347412631,0.0435784536732681,-0.0279308833259159,-0.0047828757343737795
-0.041919453720811566,0.014886237121775479,0.08542933464255745,0.048416922003471544,0.01249804228813269,-0.003152035412886244
0.047607696939287306,0.02055646428037081,-0.1293806441546843,0.08666002513816298,-0.019952126679076056,-0.02416105186137947
0.08402771330556587,0.05238821959972418,0.11189286947088524,-0.05791271026975392,0.023202130648446097,-0.02610540524062603
0.2732083127935706,0.024970134854204545,0.03857210260253514,0.07431396023642184,0.11921584893254439,0.04560101678583602
-0.0198107273721994,0.22242294878864935,0.05158963101153123,0.09157666953441507,0.07492370083865776,0.1673176945439085
-0.04741274450438369,0.009189022183669383,0.04973764856639825,0.06067791337161682,-0.05928344766334445,-0.012423087759788697
-0.050763578578568766,0.15550529734873086,0.01092538828646352,0.04467355242480382,0.05343022122800559,0.059431420872547706
0.007755973817466785,0.03666024776701271,0.04814897915040504,0.04512219846436329,0.10744252995360205,0.062456070575180704
0.08686371781138266,0.06540074521184454,-0.060761593869291634,0.01366326890284522,0.02186139001884044,0.06624845541270974
-0.0420162649581976,-0.08784886018217888,-0.08430694438349742,-0.02550768929938008,-0.03146426161371481,-0.05585939058102152
-0.16465987486849074,-0.04728152304231017,0.0072147424433305326,-0.04656465500527273,-0.0813116555039087,-0.057402836731276385
0.004633365762620347,0.02875648959467034,-0.0261216296019591,0.03280162911519339,0.038209708495764265,0.03788358690386178
-0.02659767225981828,0.09512673208116491,0.17061118493913763,0.10429124370735157,0.002108428584707615,0.07418483736104135
-0.018575673443386596,-0.004174579098124299,0.02943232003563091,-0.033927419918750326,0.04490829265559944,-0.02673682449260637
-0.027821164802303375,-0.08795541837851965,-0.1196556614677252,0.018501710395204967,-0.014094407006141422,-0.03245548039675035
-0.02984557958233494,0.02844595771238491,0.02476134014204669,0.03693748212974639,0.018333252702112696,0.041860765477183745
-0.09418012625717143,-0.08327577929756559,0.0034373547078074794,-0.056793666243913306,-0.08455261787060166,-0.07488339198890834
-0.027575591867042223,0.28861324881822636,0.04382490909963114,0.051451107981754625,0.07955146548819854,0.15543529320253835
-0.03770207425227501,-0.07201418742932551,-0.0033713904544211437,-0.0788334501839453,-0.09529313589721346,-0.03589984655955798
0.1483227880532887,0.043001941169880355,0.059038053182521345,0.05592884712587921,0.09822805253675344,0.05707889557851687
-0.055032318689752995,-0.052905254105424335,-0.02547310050043259,-0.0834196459505274,-0.05076491577248281,-0.04182507056530325
0.25966548640178105,-0.011277475446732771,0.024646187018344333,0.12035154206582288,0.057788221830407854,0.1465778111800266
-0.04141505797372361,-0.05072690052699038,-0.07058167909193844,-0.10522363365357898,-0.041327585603776494,-0.05359674466183305
-0.051646340331882694,0.1330127556844984,-0.011976642030001861,-0.010043649894504389,-0.0939627713140919,-0.021835713544574642
-0.06511920905549255,-0.05908615535897697,0.02510793311993342,-0.03482879960356859,-0.06294538962928779,-0.0827866325399395
-0.04523952090145656,-0.007898449757042493,-0.06115003491608488,-0.04299292214080418,-0.14634634092276808,-0.01948079796263562
0.21180895221707194,0.08980526041195079,0.004379396925487418,0.09283317819542765,0.11232006988759666,0.06760591441311475
-0.022581796205074008,-0.08348917914325618,0.051439963392766776,0.02174089590868155,0.04068419672632284,0.015401256469438403
-0.020848746019249763,0.061723367291841275,0.13880810478280164,0.05326601544798857,0.002340335680651098,0.08159106504545485
0.25823205809576194,0.07472713949519737,0.10772929833434505,0.040861697119782686,0.018750535682846035,0.05921793021360301
-0.05636115042806493,-0.04077125861146934,-0.07474306844840402,-0.040607345837208285,-0.026964752859666284,-0.020563837875981646
-0.0173047557664144,0.2363198531982244,0.058124297032200165,0.09578296065000073,0.08216992364585353,0.04393912113868108
0.0006240102932006311,0.06548940595582181,0.07916258355938631,0.2192836518718434,0.09648402085468197,0.05922410785022631
-0.03656564012610346,-0.02226806241605611,-0.02568222517709373,-0.0733021291457966,-0.06699218966251444,-0.031984873461160954
0.07667910781588248,0.10826678392117345,0.04941624010428594,0.04795920819921937,0.033820125546516915,0.06178345728316533
-0.05958608201237438,-0.05483984213464354,-0.03837314824368511,-0.04695991814750385,-0.03115699147655279,-0.062311112621556954
-0.037917975301188955,0.011191685115914613,0.05483868557920773,0.015902542258643487,0.011603694448431222,0.0716658910845925
0.18587326610405033,0.10101611180805593,0.0037931988760887313,0.1218357925033587,0.02137139979959521,0.12340787475437154
-0.047986605213424016,-0.0800640343362319,0.020775771036304885,-0.02382596416963465,-0.007834389931624011,-0.009747070336454468
-0.11389315413054238,-0.024344236830119395,-0.07670199401393171,-0.040926172856721885,-0.016630966500113212,-0.07661361401334282
-0.0250907171019667,-0.043077300034197276,-0.054886870211865016,-0.08608378205904059,0.002603861704914958,-0.05283560180420457
-0.04335954421433102,-0.0971749866833478,-0.0429354097920187,-0.06552344110392445,-0.10240982875577001,-0.01680580887871094
-0.03170017200046743,-0.06944998628988559,-0.021759499182811663,-0.03372046375002484,-0.03151575845283845,-0.062166817934385055
-0.013319335942096014,-0.025374150146140702,0.13761743711914134,0.11845375262749412,0.07698958595988632,0.09685487085342462
-0.05267111105606172,-0.020844529621059052,-0.013170508516721111,-0.043317254418931805,-0.0785609379040118,-0.03256089523623188
-0.02998535756490294,-0.12136570334730877,-0.05537543290155517,-0.04210492917382699,-0.024367512728140858,-0.048100148637452475
-0.06384746694818069,-0.12617048809618464,-0.02112172077523627,-0.033427438571731624,-0.032471339131489245,-0.033660500205204696
-0.02367669462958166,-0.02000602088358202,0.005674573679665361,-0.04919838699077457,-0.11974514309298011,-0.04193619637697442
-0.024252106178480004,-0.12187088744311549,-0.000615786802311623,-0.04410430143574959,-0.04470034512672428,-0.08866987655404891
-0.022705069852527255,-0.058080241479526944,0.06087175633034108,-0.03545180772417562,-0.018924679871209518,-0.025982386418526997
0.1797192644222335,-0.04329152429884405,0.044019286460102246,0.09582742659523087,0.03467557054433333,0.0027119342905175966
0.0021786997752010853,0.09065435452020278,0.10125516384408696,0.12444184450526678,0.19133397432072802,0.02778574792783494
-0.06373699781171155,-0.053285876503249334,0.001563065914244426,-0.038162638071331856,-0.12638135246447352,-0.08965869430309877
0.0860983406036094,-0.03269394195080165,-0.05099784030581364,0.01633991041283139,0.027650016887120554,-0.026341741445644048
-0.03705639895195408,-0.03937318108970439,0.01387763974295509,-0.04273857575166761,-0.12895719439116435,-0.10179280536031844
0.1417840874719447,0.1459283706378411,-0.03791925017410722,0.08101850274388306,0.030542004045397846,0.041818796083663574
0.02826530672359818,0.07804710477392894,-0.0644598205591863,0.15541493766881548,0.1335505388089821,0.1106011337378834
-0.017745788943039856,-0.11380954150378347,-0.09179609569635468,-0.029575366793093173,0.021130247934925208,0.019417420602317312
-0.062025865805567605,-0.016384347979952526,0.0218555210041818,0.02094942270501525,-0.10161917722849766,-0.04858261382820715
-0.06541910781523495,-0.06117468507738783,-0.0026079779270991844,-0.05473365225766733,-0.07436671587713098,-0.06939128169102904
0.14171433599684058,0.1556852749195918,0.15961463286458624,0.07194225388787177,0.02119859353498725,0.00021423117810279085
-0.03780996484301751,-0.03667790105058668,0.09188563410803464,0.039861130854126715,-0.025680334687022816,-0.05436913689692707
0.013165582857112276,0.05394763199310271,-0.05808066154679057,0.058518546387137334,0.08197640401644332,0.03867479253549522
-0.008908828777051233,-0.016463007460019264,0.04049461573539507,-0.0238790563727319,-0.0044697223438403206,-0.012340339046449026
-0.055826630146116926,0.005981847012492031,-0.01363594683998721,-0.17183101733264758,-0.02138143774875991,-0.08979686706362908
-0.046459028331699036,-0.06559743436253909,0.08633741634276602,0.015735549160393783,-0.005640325616194236,-0.02990539465127191
-0.021868879997606103,-0.029440820171150617,-0.06337532327672638,-0.05807475070891037,-0.06667819848083104,-0.065736667032378
-0.07289011832933845,-0.06212893350942707,-0.05854894044986622,-0.05527224255061338,-0.045897658009266984,-0.07181885646183526
-0.022569497951187015,-0.02519040149916977,-0.051054795850627735,-0.053345715199216714,-0.0906965813188006,-0.08714409217310938
-0.012743007233152285,0.05310899706778735,0.022341094646342395,0.20076065412023156,0.1037574005146302,0.025811294556702054
-0.033944243265689386,-0.0526531097387989,0.02424620250770903,-0.006084273810408663,0.019777578597468495,-0.02098359557211811
0.0005449446399374019,0.029478411607857014,0.0579107219453446,0.09368596237143353,0.009188759384442526,0.06046340258614752
-0.01836473304977541,0.002903037826973533,0.04713148149365241,0.01596865524850479,-0.013280124218620638,0.04617690927712088
-0.0460549530767888,-0.1439979934878535,0.013408738585816076,0.009343930529800471,-0.060421901305331156,-0.0769998485184815
-0.05991542553900601,-0.033014260629772085,0.016942122265953333,-0.15585919257183953,-0.022378244815761155,-0.08718835439084649
-0.04265117518866093,-0.07091307765496299,-0.0655526143585784,-0.0073180226321147455,0.007149279432441351,-0.026689023001566926
-0.01526937966549499,-0.13724248531814104,-0.021327968390081595,-0.020092122055927912,0.025981620296899335,-0.03490837855309591
-0.022474189211426153,-0.10524664541114355,0.001706564231453885,-0.004838252307730544,0.015525307840096907,0.003081638575103236
-0.01287500533182643,0.01610056146037446,-0.05377038859606991,0.004536972912443294,-0.061904649597546,0.007348166260776247
-0.05522873899540938,-0.03654313624832309,0.05979566486257319,0.07071405116069698,-0.029831638424163746,-0.06091159974256728
-0.040452203118689335,0.27120519998823145,-0.012178874041329339,0.05491680300426248,0.08371577650936904,0.14455237291711748
-0.024933826572739102,0.06265836736782149,0.0666737417909536,0.05083339884073353,0.09855928690810824,0.06284433490964618
-0.0840153493100815,-0.07154612340400911,-0.04067258243429211,-0.0804386982061035,-0.06516281487455192,-0.03765757778075166
0.16330191028938235,0.011204012746211914,-0.0583382474109915,0.0992733403382942,-0.03652041464528035,-6.916894036724504e-05
-0.032703309313399424,-0.037997800269539216,0.01871580553963619,-0.1921942026184638,-0.04189179055358189,-0.09285543125055912
-0.020506898747910885,-0.0311889530094945,-0.06116731972063078,-0.03346007785525048,-0.11993302150103376,-0.0034395347433896274
0.000766299625599311,0.00934090266827923,0.0839002125388211,0.012828296984519875,0.0437332071259377,0.00611567056552616
-0.05872241851119312,-0.0887897159063249,-0.021064488455454493,-0.10442228608377092,-0.010510018407357661,-0.05318170440366025
-0.08297526261154477,-0.07155661432684673,-0.02880789119139158,-0.08817986662513749,-0.054449099622166014,-0.05673908853286378
0.05727672948327561,-0.0015256241828354978,0.056944485770745186,-0.06033038234794737,-0.028074058081584335,0.008615796482284624
-0.06267170565062488,0.15391409836820627,-0.01139875805468306,0.005162405523771052,0.011745057895193135,0.060962548364406496
-0.029840145448233255,0.04163345055719074,0.09308086774340563,0.06749507146303263,-0.0395044675030126,0.09509262484498224
-0.03822331727479081,-0.12383842138879268,-0.07342031855962133,-0.03508952704807981,-0.025832318513626155,-0.0539546673645403
-0.03177078104265913,0.015873578369440308,0.004876647118428204,-0.02018667068964714,-0.07598792315168215,0.0034498534537025674
-0.037667895868560945,-0.050727502303966464,0.003912782349976316,-0.10362451506454413,0.004061721707439091,-0.09227357544439796
-0.03893406887455703,-0.0032416542402573054,0.0006446776010987467,0.11210914119769917,0.0029057528113554123,0.07632402965491424
-0.03198114894888675,0.12208421893341949,0.13995166777013227,0.07838246719819489,-0.009649482694476024,0.0035355974842765764
-0.0485697315573416,-0.02723195695516167,-0.06199154927206605,-0.003802962385559785,-0.029505811486281182,-0.04921832864863859
-0.01503717108836087,0.013240283169502097,-0.12948282073228104,0.016764572535253874,0.052853781209776955,0.10778980378942021
-0.020490629957506827,0.05606117669219909,0.08335446802311315,0.0450443210516528,0.05332284419008936,0.07551171057515024
-0.040351580011821576,-0.05863354862600047,-0.032812030784779525,-0.07914344220311761,-0.09235062182611439,-0.035253319927189615
-0.041882996657008224,-0.04564394337847913,-0.048974917197635255,0.03137565611509751,-0.0004240581944313781,-0.051602836461883926
-0.015973384602407086,0.09063927941888375,0.17802053942421134,0.031355831415516566,0.07074379372757936,0.03191468175288614
0.01811874072679737,0.07953141824826884,0.18153848647716192,0.07020338574658622,0.05714790911157153,0.051087502179277176
-0.029236533505432476,-0.032865705024701194,-0.0700745324758745,-0.06588748252869601,-0.11622179139138959,-0.05480591753549172
-0.018550185525978206,0.012533639933229678,0.0634062638062481,-0.05163370654197447,0.007270493111705921,-0.021767255023001537
0.009086062410367931,0.05949894678813415,0.1031868753506028,0.1380399174253825,0.05488575300542183,0.036044108167599086
0.03485088781227722,0.07345307474052225,-0.0027593479493684568,0.16396570369231794,0.12264832000803295,0.11707189720011518
0.09320774822664445,0.13055797549154932,0.0934067335179292,0.058263903692988735,0.03922077662007743,0.07543059473386515
-0.026912406830792227,0.09185523675685889,0.17029975747775555,0.10534174971301169,0.003626943725488596,0.07645455643475842
-0.04403744049919877,-0.029354223120673963,0.042061778437090365,-0.04924620010034121,-0.10615165491071551,-0.048715727767779174
-0.03047510279869209,0.01375351479867621,0.04894938807271921,-0.029319046511322604,0.07264529902427912,0.05947650657781081
0.10399969182488028,0.06373647160794033,-0.0362804692056403,0.09909781894731927,0.0010671939659182858,0.09271338245749172
-0.04724101141303908,-0.017436401952095934,-0.08257088475812066,-0.0471450494420152,-0.09926399905978706,-0.004238516225660245
0.02158254207307995,0.13229911353994192,0.04421603385495615,0.048634141253673865,0.06848697000199162,0.0689517566859092
-0.024693585282495323,0.016703989374359535,-0.0643519063003862,0.0217959334969529,0.02723834609615523,-0.008506261303171947
-0.0383845499076891,-0.09005517988607264,-0.07485441764682679,-0.02964597677465724,-0.021668376496508397,-0.044409316827288166
-0.1570299639213642,-0.034820579594399846,-0.001111846963553252,-0.040884115661530274,-0.0685234554961449,-0.06206874150383599
0.016614939826798646,0.049600720119214146,0.056112089474988025,0.03397578972030529,0.06119214129149233,0.03690609799112507
-0.016054999166835022,0.11482648187871021,0.07839729482100206,0.17384458614948003,0.09663327742197186,0.06001507014596434
-0.16773110389240464,-0.041038304106174914,0.02816878834048783,-0.04554900266787277,-0.06385976416988676,-0.0842340813247422
-0.014762207275045083,-0.05105366471141961,-0.00600858464021114,-0.050049650111003215,-0.05945386897270667,-0.018433436759027415
-0.05309407361112241,-0.08375975187292502,0.023910802998108004,-0.07906973859003828,-0.1192746313425608,-0.025971977109131017
0.05423413473661225,0.02034548777219682,-0.11679078964973427,0.03054570621724534,0.06397962519940541,0.012836088304365341
0.02502246838533213,0.06748152438255764,0.07985748749711705,0.09400918653441798,0.10138792232113351,0.07954776254320797
-0.062322300325936095,-0.0401387757132655,-0.021585236309020206,-0.06287969168362868,-0.0317945381696944,-0.07440911400277322
0.17248264060344032,0.23338642183040234,-0.07628658863776322,0.06643755368780722,0.03278662972924924,0.08684522084846412
-0.04696837134604909,-0.013187014469946802,-0.05881867834399456,-0.09947690284643217,-0.06195415327642427,-0.06909260520145041
-0.027674310065209116,0.026832540182643316,0.09512430822833831,0.06587490469449497,0.020580312219523715,0.02517746719379214
-0.012732953354134094,0.07295034877498698,-0.03474004352738105,0.14908677795114902,0.09226216628013029,0.07342736755008616
0.32583063078763735,0.08708297550127764,-0.0783809135741699,0.05429969013793814,0.0533694703410867,0.0507465494553194
-0.0263461333616675,-0.09436586221407255,-0.057148093311487215,-0.006796227326199838,0.01665804750089561,-0.015701159848389077
-0.030543609968110348,-0.09042255564763058,-0.05344006156237709,-0.053642476993657325,-0.00043274188748443473,-0.04816058196446252
0.25171078197940866,0.023547450653138895,0.03465362566912034,0.06023124160928938,0.11427910017905588,0.042987203643127775
-0.035339767461652814,-0.014058852892121363,0.016807132465152697,-0.10282657782734558,-0.058151901720909914,-0.08713963257607561
-0.01379012953310574,-0.005295069606604941,0.09472411430665251,-0.03006787011625518,0.009466676196569124,0.024651865502278998
-0.031138515016361813,-0.02484340109523919,0.027470307544749842,-0.06410313988050974,-0.03337933637090675,-0.03598838744782475
-0.02460539999953876,-0.0864558570808958,0.03391666826581712,-0.06297425381068804,-0.06528795513125275,-0.0843261525208382
-0.04226048335203447,0.08489059362345103,-0.09249238983618353,-0.01750347945944334,-0.07471591417538918,-0.028494844421436075
-0.021515152865395907,0.011460691535550066,-0.06533054739728797,-0.07608909090308508,0.01831562301075156,-0.10867220446945594
-0.027850882789557097,-0.01082026343153764,-0.04074874822604753,-0.07934465014568795,-0.07281249160391107,0.035060614987944785
0.027226437345260708,-0.16260729018160777,-0.0828698163456584,-0.03271017015434867,-0.012260846307129265,-0.023792566947894233
-0.016766976815735787,0.02689934593539528,0.006318943097631727,0.11640719015514378,0.09712496770783985,0.2133916789375187
0.01631223584924464,0.06985364597366858,0.17471227957752258,0.06964098655031985,0.05558402838624093,0.05284337397720856
-0.03346198377090229,-0.08769616569151893,-0.028066139078958625,-0.026194271978807845,-0.0235222452882067,-0.04299788332729809
-0.0313831472500283,-0.029462465477156197,-0.0493548227595234,-0.14057592668833338,-0.054164778889625745,-0.07433788025471652
-0.0005700421585131267,0.13902425709512778,0.021719453426025156,0.06060602458776428,0.08840427369362028,0.06517448509335459
-0.020980258946849902,0.01370060007265312,-0.08560006885128102,0.012879475844268417,-0.008395385646032366,-0.012344004331372114
-0.05611013536437347,-0.02046269908680591,-0.03270116721597815,-0.05109894914694269,-0.081715992054841,-0.049713561187261425
-0.03170017200046743,-0.06944998628988559,-0.021759499182811663,-0.03372046375002484,-0.03151575845283845,-0.062166817934385055
-0.024083641176612793,0.211113720513625,0.12188307879895892,0.09973608482994809,-0.011018004447723356,0.056276802240350324
-0.01868728789603517,-0.04116739803039818,-0.11455863455717749,0.035662205418022716,0.03370123075829037,0.044406702196939624
-0.02888362058855552,0.29202513684085873,0.03480162745714421,0.051401519095421,0.08024789290453808,0.15263094985609213
-0.04878013339692908,-0.01898458574939239,-0.01963009811367508,-0.08379585575189206,-0.03306708634649851,-0.048780186076588516
-0.1433903953997246,-0.041289090202971584,0.02217537932114776,-0.1241720568269517,-0.021330157203390213,-0.07729241168896851
-0.022197506682876154,0.05603987018230596,0.12792740274305714,0.05570513356554455,0.0014235939455100118,0.07470947130670898
0.19726387059292183,0.07358022505350943,0.012748658221743231,0.16833073558965747,0.0008750554145404483,0.08359102957436665
-0.04946213620467568,-0.000982179278927602,-0.03509318361542013,0.07573796719910433,-0.11551492624129975,-0.013418541475409869
0.24123307592009255,0.08895406450531711,-0.048830410200467265,0.0891301449961115,0.10569862465687832,0.05873150121852544
-0.0588969740587172,-0.015170494659264955,-0.018710913315857027,-0.028364966801195303,-0.0411834847105584,-0.08503093079719333
-0.020117414589110986,-0.010040372507860891,-0.024128452589367688,-0.05843028739718911,-0.03655526403803514,-0.03975430226648138
-0.04178439344840782,-0.0832141709238834,-0.0188148897368439,-0.03499376521338587,-0.10046527157176753,-0.07301000734033745
0.011411313752111673,0.055208116649552094,0.19622533384944674,0.030826892239975454,0.03989301325372098,0.03064704263813658
-0.03679680509164181,-0.13283651886172648,0.046217201048388445,0.016287367792184156,-0.0573429690756279,-0.09061755380231874
-0.00719200437244941,0.01901698886947715,-0.10598255146042211,-0.05801892035514709,-0.006514123391584451,-0.04457438567927208
0.31652475802528957,0.04797516940481194,0.0749651020651375,0.030136040784326024,0.05293237830563316,0.030433303929426395
-0.1263386386501475,-0.045567537867539774,-0.04450863556190331,-0.048101732473094176,-0.06521556840259549,-0.062182780661738844
-0.02272778310151945,-0.032797028475165454,-0.06994020189098483,-0.12444874774297468,-0.016348928307360015,-0.06512619579359673
-0.01580598913631738,-0.015696216464855504,0.02876932145181153,0.007919434758478158,-0.08016213051614587,-0.012679474177319303
-0.01457958904138342,0.18892365044757362,-0.012357596273533139,0.06880315177299193,0.1007044785635977,0.17931418806337773
0.0021786997752010853,0.09065435452020278,0.10125516384408696,0.12444184450526678,0.19133397432072802,0.02778574792783494
-0.147164468664353,-0.037830109181929424,-0.04427058960132571,-0.041153110419229526,-0.051694393780138286,-0.061230793398615445
0.03459093773108412,0.032961595263020484,0.021693863641611726,0.04641430007775301,0.045168733167886735,0.03814742037866193
-0.04160655028939183,-0.08487086347506095,-0.045828805561686975,-0.030660466035528078,-0.08827555405976845,-0.0668426855531166
-0.05119159161800096,-0.023500354279834212,0.032365861913916646,-0.028532820320746943,-0.09689584377562047,-0.025094567540148317
-0.05625452342084809,-0.03978943037732536,-0.012028583591648568,-0.07089359805757794,-0.028688645694838498,-0.00019757117933961706
-0.054094677253342244,0.04996523117247772,0.007780305819467036,-0.0032187516697789725,-0.12504029301741407,-0.0889493715610938
-0.1384890541397523,-0.04213196815853335,0.020782832554777628,-0.1238835292882523,-0.021594698069808165,-0.07798231489928974
-0.0310590318419567,-0.0047362154175064255,-0.07387909542558488,-0.03978819648949848,-0.03833353162014293,-0.0427679595717999
-0.031244835086843212,-0.027712694539089224,-0.046163192655500875,-0.04616150600073645,-0.01023955837993258,-0.051305833117645694
-0.022218235513542132,-0.017008656452506397,0.016913944016842267,-0.041710806993527846,-0.11865238675803065,-0.044236150445472404
-0.0356114500804086,0.025179931398444995,-0.08103229981288507,0.0012556716535282832,0.007032614580049623,-0.017016293002199923
0.15379992204000809,0.2184735583548938,0.033444976568289396,0.0773961901964361,0.0337095586828728,0.08929661482619554
-0.058037476529070785,-0.09908262711260163,-0.01800080088443139,-0.10329774879731565,-0.020264507428735822,-0.05435288948602467
-0.09183222827545358,-0.008596447769534134,-0.106611761313687,-0.028970589281710764,0.005719348932742247,-0.024731810531128277
-0.012145644551796904,-0.04307475648058867,0.10982032704925886,0.12115552803569396,0.03272412554650877,-0.008197607302512696
0.028715444561022742,0.16011670212791548,-0.03695799595533888,0.07153665811507408,0.09827936642567749,0.10871190704634583
-0.02628287768094804,0.0633823123993291,-0.01868266010442833,0.06539494573568272,0.10827953867007764,0.06189317324741646
-0.005293878800543749,0.0772896017279516,0.03400645776891495,0.09759719038191657,0.1514943767502778,0.02476599057019249
-0.032219097732205014,0.011802677216847315,-0.08235829123358471,0.02950538073941966,0.07336494276661845,-0.015315119533608222
-0.02838753320597289,7.262701289992238e-05,-0.07725670478041323,-0.021094743766075633,-0.06098345367530135,-0.016895971668662232
-0.013681664833394941,0.05130243152915329,0.06567113944266678,0.059728678687506254,0.10791640626165043,0.13391693348700873
-0.005947016977011721,0.002780330543117029,0.10009618540519227,0.07462707206913649,0.004353074913537333,0.023456807244349443
-0.033105586466679035,-0.09809785560764075,-0.07107338317189235,0.001225167325300472,-0.040057280899648,-0.020972421609886945
-0.05108753489377363,-0.028082833071630144,0.054060271480476645,-0.03173948609268274,-0.031046556469071472,-0.05043165448643061
0.221380935086811,0.040419749633013716,-0.022023259735221543,0.022781234439239857,0.042267697814853636,0.018796673809916852
0.0037663138199972145,0.08166272341537943,0.16462403788026894,0.003232052823053663,0.16146975773796832,-0.015389666432692918
0.14727541267000738,0.2535616837992263,0.05152594791870867,0.05895270181751217,0.033718964325074444,0.055008437810495255
-0.03885550040543564,0.011358762558533164,-0.04129026108119732,-0.0008018611342750994,-0.05048672941219645,0.0008486557085437624
-0.02693977983984824,0.07702559266408877,-0.10538079024712847,0.0793636955347708,0.03247636444512073,0.015976536863129182
0.160657346207374,0.09545477602866488,0.06526439536913965,0.09311029270676709,0.05072764749685352,0.010474492270903859
-0.04392017344371175,-0.13933669059931303,-0.004604400272122271,-0.04212264865088045,-0.016490048621353903,-0.07040134253416824
-0.075985884410308,0.0248894936036183,0.06545314773864996,0.00023902368388506164,-0.03971431573478678,-0.0593830223931802
0.008897127814451164,0.08429660422925458,0.16542947092144145,-0.003288374273004045,0.0684722727122583,-0.07136483519638365
0.0033280991003010896,0.03825890616178259,0.04480998441772346,0.18658773884975063,0.12175853791908936,0.07876782979414525
-0.02570430495253977,0.03298512551396151,0.09696717606590881,0.013715785061658525,-0.03603161469209122,-0.0007786705022144006
0.16176799631658453,0.1579291436537495,-0.025541370680951008,0.04896647456302367,0.04193541985776816,0.07097089490341059
-0.06537870338316028,-0.01593571732303843,0.05180572223396507,-0.013254543665906235,-0.007428115504257214,-0.024429090539348913
-0.022787080252452595,-0.02787344990493769,0.004602780452117751,-0.08196135225061504,-0.16258917032887105,-0.02183334364650551
-0.04242937761076426,0.1593412059978634,-0.027737623432992704,0.04485820483732812,0.04810026045014429,0.11169997034094475
-0.05032809439227133,-0.031361999587897545,-0.04313147524700158,-0.07505509903667658,-0.100391182806258,-0.022477560884787633
0.3254910851802109,0.04575166088175316,0.05892667724864101,0.028914082767488875,0.05656385971334454,0.030663637243906708
0.003276587187149299,0.009671832723334666,0.19539513202210945,0.02695632589317632,0.04723193445660571,0.018308824195738503
-0.053399932343896984,-0.09997380833746107,0.07365613446070401,-0.01971845864680826,-0.006638688148455536,-0.011335519903396861
-0.06050942374218613,-0.0869331888771245,-0.01340936033670575,-0.01993006590262047,-0.07545694922466946,-0.007491000672440489
-0.008717887008480439,0.05119555432560612,0.03655310018638045,0.12379692973851951,0.09088502527887214,0.08681857338502838
-0.038105711603839826,-0.09096014535508097,-0.054185667755815084,-0.035704859496012605,-0.03297391325645214,-0.07732139755373403
-0.023422392071216543,0.2169114805433275,0.06358594937309692,0.07580594940077477,0.06288994768978035,0.1547243567937601
-0.05221614612194878,-0.0273633008103597,0.05857204513462765,-0.04580359388622694,-0.07175377360271092,-0.03586049101579439
-0.017150450505990334,-0.004916541329304348,0.06796629337738012,0.12230739253058556,0.08675290012440261,0.17142862854838564
-0.024286685550670904,0.08489543586833076,0.024244470560626247,0.07546774286805459,0.11935163730564959,0.06097313314702347
-0.02594293697324129,0.07892351675877972,0.004246410235673651,0.1328081179341228,0.08228730414448636,0.04379317413966895
-0.04808547156676121,-0.03158113442286735,-0.003977458342569664,0.039847856867382125,-0.10960734850416651,0.013554500066018837
-0.048103880191200196,-0.08833010719408589,0.003722140791024929,-0.017891161177420328,-0.12146360504518994,-0.043564726934091
-0.02628287768094804,0.0633823123993291,-0.01868266010442833,0.06539494573568272,0.10827953867007764,0.06189317324741646
0.006296783327590911,0.08179305470257925,0.16092310482311364,0.07631203608959852,-0.050004012839630706,0.07221717897151844
-0.02608475132809416,-0.06952246894852454,-0.006077205802407824,-0.05556406990381957,-0.059395588700224954,-0.08364057513543997
-0.0062583045232794685,0.1715289651735455,-0.026569996174276557,0.06497649210372371,0.06852103611883163,0.1665851753900467
-0.021082426231963845,-0.01800052880167448,0.003515991404995009,-0.024989409187429,-0.01326427893461276,-0.12106042858916552
-0.16985687643332634,-0.01861056934332192,-0.02919660990974191,-0.0835933010039929,-0.011453109746584865,-0.06643061765624053
0.10471148644291699,0.12756446622131745,-0.14530340887828394,0.03029709110537078,0.006879663321588869,0.053075919348880896
-0.047878732960421215,-0.018295435935129785,-0.05491189714308308,-0.07337309335566183,-0.09579762372650726,-0.03333064629375345
-0.03897946721045298,-0.16511218231329058,-0.012743135013994164,-0.045204560678363,-0.006097451129214354,-0.07629538145810745
0.0073295942700994906,0.05401836219590565,0.12468068038840444,0.13514673143785647,0.08209616946167234,0.07804267285814372
-0.00829143427611892,-0.030724489133574014,-0.06711354983149395,-0.01859123068906945,0.032653005670209595,-0.07795564324984855
0.20683697774005685,-0.03696833211804702,-0.04423496829004507,0.06585534785339446,0.07574136025909346,0.08270294753133697
-0.03006232347669106,-0.0303394460394524,-0.05312875424062881,-0.1301153938403139,-0.04792390650174368,-0.07432617338164807
0.1331717789454317,0.2009012136652596,0.017935957145895208,0.04579333886042173,0.010848454664306314,0.07872900331697101
0.2560087567388936,0.05906526348469214,0.05820992259134585,0.047131521368048906,0.05460512760792122,0.037656110732437874
-0.01994222722489666,-0.0449121663932056,-0.07048178283553481,0.010434486373207534,0.05169032541479228,0.040767811527816736
-0.043157867541318916,-0.019947800770165957,0.00124047031173185,-0.07918640067220455,-0.018422150097307004,-0.12425016240414487
-0.013622981415238714,0.18027315842626818,-0.03537661983691235,0.05920556693073336,0.05522189546433996,0.15465141017669926
-0.055584745373446154,-0.022474854315765427,-0.029075369512371285,-0.06659403732753955,-0.13056969113162897,-0.05791955029807179
0.010631352697331155,0.11531222278949056,0.02919612168463928,0.02126237805060925,0.03948206195176257,0.015338330206952702
-0.014009954118943155,-0.052754849184301914,0.03442092405458296,-0.0681640967593539,-0.06915277201367087,-0.02420446832986511
-0.04141505797372361,-0.05072690052699038,-0.07058167909193844,-0.10522363365357898,-0.041327585603776494,-0.05359674466183305
-0.013063138814540295,-0.0408466993947647,-0.05444797845785304,0.07181046895015576,0.05279190163426063,0.05905138440124178
-0.04215902917712553,-0.02363878248826812,0.05301244783015399,-0.03201636967995774,0.026933281280346215,-0.10032823801690821
-0.04738568944266516,-0.003832134070050963,0.05527470545158809,-0.032824743054367875,-0.020093965970478186,-0.023656366879919778
-0.038778205933890544,-0.033181091995569824,0.0678672202035304,-0.04064629550568841,-0.10625163198800659,-0.008556346471579877
-0.05114374447513217,-0.09203724766938902,0.034337809994604736,-0.09317783201034739,-0.10082006874476301,-0.030983555194507684
0.0008285718045672269,-0.020319748514569146,0.12419203444988433,0.004977938850110579,0.039918018770324325,0.01181664021688006
-0.038778205933890544,-0.033181091995569824,0.0678672202035304,-0.04064629550568841,-0.10625163198800659,-0.008556346471579877
-0.04041809456720749,-0.05343992654407986,-0.09954414617407552,-0.009798908927667063,-0.04242280738514644,0.0016410767669178899
-0.042255643215933274,0.1784996550380828,0.026845086629841423,0.10648418646086596,0.06545358915843505,0.10197483041946284
-0.01656399138195401,-0.07421184440910421,0.07971499452211123,-0.023445551488907174,-0.0241358267368623,-0.04945195460280306
-0.06384709411680542,-0.030137709258408075,-0.00048436706726847403,-0.03803319304692159,-0.04462409934916746,-0.11839657263659173
-0.03930163215316648,-0.00571088309372885,0.08152974724064876,-0.017916336809181307,0.06866193166036945,0.02388700484540957
0.12586536289164318,0.2154913310837964,0.08393566696185964,0.07462932002736426,0.007364256422562995,0.0931916653882534
-0.08344277837772708,-0.07023623023341255,-0.029702784790312322,-0.08312009243106035,-0.06115832853753676,-0.04637381722474427
-0.05072574175901969,0.004159816223955479,0.06984899649291842,-0.025525881724229996,-0.025783152601525534,-0.04279144115216797
-0.03623902877332675,-0.001883142693849798,-0.046159641445083784,-0.030845925349342437,-0.046317155793023375,-0.02751267365131781
-0.032195503858394994,-0.010722718099602934,-0.10403921968580314,-0.0221393026881983,-0.06857675341610263,-0.022668215568855933
-0.02303901323447761,-0.09358271899605917,-0.06927636902808992,0.02048951041073031,0.02222524911615602,0.024641963816993396
-0.10134068444060111,-0.053924002941108475,-0.060750179375773844,-0.060406158347626054,-0.009921034628312772,-0.10446172277248707
-0.07021037782018497,-0.06721813905327352,-0.010260331291776512,-0.11665115290752137,-0.03710916953325121,-0.06968895445792976
-0.029881516542258055,-0.04423449725856701,-0.05165379962640607,-0.03860584011500168,-0.02078453778908516,-0.026056520106543846
0.008989763279280824,0.08879741298601812,0.16687070159504624,-0.00015033304606694643,0.0691868505360648,-0.07098872587892222
-0.022581796205074008,-0.08348917914325618,0.051439963392766776,0.02174089590868155,0.04068419672632284,0.015401256469438403
0.13291365318542306,0.21020851968306545,-0.010984048490366551,0.07091705853515734,0.048291548933364535,0.13471727064023795
-0.05634069002055912,-0.01523289197171432,-0.04024998615098598,-0.04383227126848089,-0.08231817091628048,-0.04960315518505949
-0.03698133885282517,-0.04200062699378717,-0.009435825986952043,-0.0759451018253932,0.003959266778647929,-0.06669097225945823
-0.03495558219380347,0.06369446240163076,0.038019551742041045,0.21389236742480688,0.09163571443187321,0.04596094843522576
-0.047299535640639226,-0.013643827384937848,-0.06263489268526384,-0.10064728541591522,-0.05944460299946966,-0.06540586418635444
0.27391397884433527,0.024462341074308152,0.0478609562058806,0.0716751958401429,0.1216614634162182,0.045652678919467345
-0.037657139185049184,0.019523373875730724,0.039182982412732055,0.04706887405194457,0.01494767569070874,0.014038576716327515
-0.04721404543330036,-0.045899557755930666,0.05342894612687195,-0.05223969445024831,-0.011953972226034351,0.003748708241535119
0.00795119137694311,0.04970313293361863,0.003440622778193481,0.052022164213928204,0.05519460158307032,0.04676071278951096
-0.023819625437779365,0.04497654727781837,-0.0077460781455733095,0.15382794439138853,0.025273352546130716,0.11540497842356358
0.16742562087006035,0.031122878300347236,-0.006722770590915084,0.12680710606898704,-0.03334170239989989,0.026067367407793817
-0.01235829156214686,-0.056186805999928285,-0.02805240079493691,-0.12550422482361082,-0.025089938555770953,-0.0941272254618643
-0.045011320075701376,-0.0015574367450199792,-0.09919911153371246,0.02232426463495995,-0.06502496940493815,-0.039519940775552063
-0.028427812391002217,0.0012590747203567953,-0.08111984459813613,-0.06082359065162919,-0.05547662127294899,0.05334806969131451
0.13251093760317692,0.03523128204556628,0.11644244741034987,0.02833509266917556,0.024175077870516978,0.006645213315067981
-0.04194174156655983,-0.037805881709664514,-0.006969067361748277,-0.06425568936317018,-0.12541799842316464,-0.053054719107193456
-0.012883324719987373,-0.11802606243910137,0.02625309433412368,0.02284880211359929,0.018316410373773597,-0.038167544221689206
-0.03595091416713766,0.0008618079415397029,0.007370451827225554,-0.05391784884832256,-0.0077757594283571615,-0.08042251769297316
-0.04820163680635218,0.15679209061805802,-0.06819442744646245,-0.0036905973204830207,0.02961211239033289,0.09308320668040557
0.018754776974638808,-0.17871599736285088,0.037353692770849115,0.0048450713632974835,-0.009853516053260077,-0.10271467222544652
-0.03294982344721285,0.008733457737547677,-0.07146505785009477,0.02496815372931028,0.06879382565988462,-0.01525656543744891
-0.038614454447507364,-0.15808994657724398,-0.04477222648377327,-0.04933847881679287,0.0020445407035916503,-0.0768358546059411
0.1453353227771872,0.19600181549931706,-0.0930233635259507,0.03787525855086509,0.015363492330225978,0.09918167207109276
0.0055314923363086205,0.13816842215052524,0.008324953265741218,0.09222496646258437,0.08046546514171884,0.049398676831075176
-0.07564336805767786,0.024096574287401706,0.04678999659379056,-0.003390028327536051,-0.03745711496843653,-0.06216100196055657
0.015557906519271919,-0.10578957703316083,0.007547112372180658,-0.09482478607681921,-0.018246306735122557,-0.061807064226052214
-0.04922467603579032,0.02082559048686266,0.002908080237931565,0.026151677241278856,-0.03118448151915616,0.000586836269656309
-0.03453690932741458,-0.021823879152618093,-0.049788400731155834,-0.09464206673787315,0.00476240162179428,-0.0199151297501905
0.20228621427639934,0.014972090610143776,0.05189342298494453,0.11164740948698318,0.07533056953959767,0.02142534946956891
-0.048376602155966654,-0.06828017503016764,0.08664932523674382,-0.04452477418803325,-0.02124416844529706,-0.04148857030082494
0.003307861509986764,0.06110465440816088,0.030398991621560102,0.22073769476245422,0.1883038362928475,0.07281960280197541
-0.04714766955473557,-0.010696482049761964,0.02813633920765328,-0.06900485618395721,-0.07958310342678675,-0.025205376701867947
-0.04167226367562163,-0.052579251697142615,-0.01624581750873194,-0.05851637971300491,-0.11728367172223461,-0.06129710519458791
0.24351703329943655,0.041910802016811535,-0.013475816088762279,-0.003916798941164283,0.01621103198355645,0.0224825418666987
-0.03575954893272067,0.00023523164137543014,0.05385592709660255,-0.012544332560922666,-0.00751465632093747,-0.011595642579094564
-0.025380214113743256,-0.023552059629535035,0.032146178254428524,-0.032498765205346426,-0.07058521458255358,-0.02565384726182758
-0.061804391355436014,-0.04105736385075625,-0.05142594012655949,-0.07428009724964152,-0.019791471515835803,-0.08265177520317255
-0.027650259042289467,-0.1302626423650403,-0.01106720424260965,-0.027781036623550862,-0.0045182540949047145,-0.04855345473916441
0.14377951781126427,-0.045332792402807146,0.059843694211966086,-0.029209501936440375,0.0326706509720651,0.037029503955407383
-0.020074025782873255,-0.019333148700005614,-0.06426319209088185,-0.013347516458844222,-0.08292833802407802,-0.006615493571135556
-0.045530248531538156,-0.024804593985308866,0.0206891509328593,-0.053653200876878644,-0.0011277351637770804,-0.07408336658500313
-0.01593524055538851,-0.03238125744777859,0.0221383285518481,-0.20635766658531382,-0.03781227312629728,-0.11128269354499588
0.018642346660368226,0.06795503444634404,0.18707991054718887,-0.0008942741960505685,0.010338607968321681,-0.008915989343609267
-0.04023379393768339,-0.05441473006079929,-0.011014207277363934,-0.05300455045927809,-0.026014778980509922,-0.09942792989656489
0.25895715938568,0.061523796785757895,0.008809597209093441,0.10929147480547591,0.02490686223380031,0.10805137191833243
-0.05055433376678862,-0.04939736888436016,-0.01490418052362715,-0.06395057440333528,0.03577102348650651,-0.07403980799187934
-0.025559954690465406,-0.06898443514136547,-0.09597400228779794,-0.01248956578454578,-0.012664687991318431,0.011661139130697657
-0.040545790993885895,-0.019935226779047212,-0.05276322311697142,-0.04960390319298946,-0.09170369613238089,-0.04729418254363671
0.1610858997614256,0.22844962687649165,0.039903515935695674,0.056689263056443964,0.029125235680171817,0.08163338580104594
-0.0609964068871156,-0.05461318310401223,-0.010204106805596467,-0.08507737069976502,-0.04735527537842285,-0.11758255851796057
0.1677685028872742,0.17298232243578354,0.04579829345686359,0.05370537073663702,0.037093119920645415,0.08139683597276116
-0.04807803328043024,-0.05356625233563597,0.04202707797302021,-0.03554132192504235,-0.09571821200319247,-0.06642029591666111
0.11947126736062551,0.22847330177803546,0.053435972826047194,0.06635222427766713,0.037341679249187104,0.09574936663012532
-0.06243282135869086,-0.08706953117491745,-0.0738288579365425,-0.041807462788716596,-0.025122419891313363,-0.05202483626490739
-0.03453508677130886,-0.027801876577181944,0.01439169394562413,-0.20343256981034125,-0.0314575512515455,-0.10817041224317082
-0.025706357268036984,-0.05780401038442051,-0.08450381365976256,-0.02161968567097164,0.018266077064210202,-0.035466422011234254
-0.02830811771977661,0.003887244893670046,-0.09725114686609374,-0.013282044463169574,-0.05214905237141029,0.00028562586762300574
-0.057778170212068165,-0.027710605303970577,-0.023622203088451664,-0.0751885892362554,-0.04188737975848645,-0.0992189704723124
-0.05091252813297349,-0.025084955354355194,-0.05860471416614424,-0.06233759931212876,-0.09576091032967422,-0.04408678169645782
-0.04915249596711151,-0.05528445152692478,0.018440019094598276,-0.009267188588661431,-0.011050271779092683,-0.08271618868017218
-0.04967427368494131,0.016660404612868007,0.014560121875929423,-0.1109320521996753,-0.008510033842957782,-0.09176425962344398
-0.02853758074895442,0.04145887585723395,0.014191761388818853,-0.025955022435092064,0.016508209974265463,-0.039468366077301344
-0.08344277837772708,-0.07023623023341255,-0.029702784790312322,-0.08312009243106035,-0.06115832853753676,-0.04637381722474427
-0.05874330735344293,-0.10602168908962037,0.002770460284449691,-0.036821873405130864,-0.087437514492385,-0.025756685926996946
-0.031165688438144875,-0.12881231189989623,-0.004836090431938945,-0.020320926844919974,-0.02154165850974665,0.0302961458495959
-0.03148767228208846,-0.005766112831949933,0.036332093591131306,-0.03454566550742949,-0.0596801275271555,0.0012866315128919723
0.05226710540780335,0.034181954910160975,0.07799836422095148,0.011581082981766053,0.032549179443080806,-0.001453989527872846
-0.019743034720951003,-0.01796841825975101,0.003911576076462969,-0.08837285090574848,-0.04884993455578109,-0.04713202324754401
-0.04667516644423567,-0.004893316579552883,-0.10327891047177537,-0.03670905039767428,0.0020465933290734675,-0.07841789991321005
-0.06313898860797612,-0.049604389667797816,0.03980184456793686,0.05732545982336715,-0.04985105825393627,-0.09136395589800758
-0.03664155240984582,-0.056261113160053035,-0.02620358590833863,-0.041024822511075254,-0.07549363152701083,-0.013625531678687802
-0.14792325707304704,-0.04923291621900761,-0.024906232036793395,-0.04732826181619539,-0.06720581729167104,-0.05531840918030445
-0.058582967305668275,-0.09600903451417994,-0.01947514028018275,-0.10086864253698127,-0.018221525352670378,-0.05260784447760124
-0.163521667105798,-0.03823293874474523,-0.006169283594415953,-0.08253034088701969,-0.03097919701255642,-0.0704814662724831
0.0015341383532108347,0.11214923385897108,-0.047241681661037635,0.13867065685495059,0.12487407923228941,0.091571988514384
-0.02641970144540251,-0.01772624519406898,0.08939592716571246,-0.03839339027749593,-0.03424344801772479,-0.05320221134574683
0.16244119084319736,0.028295257327066812,0.05545106364762482,0.08294926033549394,0.0876469340639089,0.051150400580478504
-0.02657812239253277,0.005565261955194962,0.05279138240103595,0.020017827676211533,-0.005435932887608197,0.012610683179271463
-0.02271441142272165,0.07817596544586512,0.1066282304082444,-0.011700375833002633,0.03833418760186312,-0.0350584709425844
0.29167896941796395,0.061277837004323765,0.10375183391370836,0.0681613886781896,0.0238508737794061,0.033910991768531004
0.19911990769853402,0.0716229772961153,0.039690682378390144,0.16587867602146492,-0.006087827539497253,0.07488996972830904
-0.05143765810972117,-0.03520351667780121,-0.04218191774367104,-0.07184285269329899,-0.03858671208831061,-0.06427317048751087
-0.018323448869151045,0.031473496216448314,0.04274281218948618,0.16060118573192975,0.04947159171886827,0.059522366335059994
-0.05145449162439979,-0.0658156410732915,0.0010378880822577475,-0.08190713918128371,-0.09552819769828746,-0.01220736105776901
-0.032384197749653586,-0.11726115631132411,-0.039132757768719204,-0.04161744180140413,-0.04221214657138922,-0.05636294705604535
-0.027003385110038875,-0.12041480775639272,0.00574796871171071,-0.04238067189238102,-0.043330889788376833,-0.08960135897479268
-0.04651430074790373,0.053357216312304646,0.09915406860309452,0.018339008629159693,-0.07623145050299335,-0.035184321721467404
-0.023886445350469982,0.03880675220502471,0.0748144540451746,0.04394844178005757,0.027654756938008895,0.03755204699997938
0.1808444703908443,0.11201831878492326,-0.022619407943085295,0.11947158207019652,0.018196996065463326,0.12601472210621711
-0.03633660659380369,-0.07499395947110421,-0.06682798279682182,-0.021918846702021672,-0.03974623304177445,-0.0733293732341421
-0.018998051224333703,0.053861692020223464,0.07743096386332081,0.12692703582136222,0.02855722425486842,0.11843256535822545
0.04089160809471977,0.011884168360440187,-0.09662671808684369,0.01907414199869398,0.018021584168401182,0.01583237674829165
0.026306547299957593,0.08124078367505094,0.1936750982381994,0.010858455038358361,0.05183767200875967,0.02425316087815114
-0.009688913170353104,0.010317418965853921,-0.004602987793989239,-0.050963385167170576,0.06280837621505707,0.0011223154324758713
-0.05120142798095935,-0.05787931010028645,-0.021186592942750947,-0.09281040856594731,-0.03581852862224111,-0.06941021123782516
-0.004522424339778985,0.035566812182773924,-0.04691312350382897,0.0969903632422142,0.10458333726895126,0.030438148042072663
0.1458551727361015,0.1477591794874464,-0.020880263341070425,0.08503844190824586,0.03391727675418253,0.04778284086261553
-0.05171152603276485,-0.002078670257193114,0.007963797857958027,0.02244579408180733,-0.006167570054190919,-0.0010898429986637799
-0.06942145634076537,-0.025058413451682228,-0.01950275463103046,-0.05104371484306786,-0.03763601040281576,-0.14402418621845267
-0.03801600336164406,-0.014769133252432523,0.07604025485342344,-0.061643497047375304,-0.02822063061973831,-0.12147737936075123
-0.06583823070485738,0.00797089628861679,-0.0922205525975273,-0.016813280278970603,-0.17856873832365505,0.014744508450633765
0.00975515325285029,0.05695134609991866,0.02673155493238989,0.11364489399354058,0.24546790084781936,0.07408524310467023
-0.014336299553902945,0.24529310896938666,-0.007456354225402894,0.06773067674467823,0.07396133165483115,0.052520584682941227
-0.03233012789614992,0.04187006387084305,0.10588332089887358,0.03367610240919626,0.07911236469275221,0.027779646117865767
-0.023836896615985093,0.2577805366062568,-0.0037939477377709756,0.07367523496360404,0.1079625915833021,0.14585728184527993
-0.0052183342392608575,0.0862072237266982,-0.03237294561421698,0.18148788636527666,0.12734171554105728,0.02728752458962101
-0.02274838294014883,-0.0034596277656489143,0.0656375837786086,0.035644369704050737,0.03993681882481542,0.05650524437157821
-0.04055381716211908,-0.02645855998774326,-0.03772065939674541,0.001965081773673422,-0.042595652783357654,0.03853694332920742
-0.024786698126477647,0.0365922129860824,0.08175319990742473,-0.004790772877686692,0.0788802245629956,-0.01065164403441463
-0.05014185888366323,-0.02016560584289213,-0.10380701654688732,-0.07858103636292284,-0.04613617664783268,-0.04626940242542182
0.1779718258913875,-0.05926628316828725,0.04256616337753701,0.043198869385074404,0.029993521432203178,-0.0014594209833978546
-0.07797438150964854,-0.017405967137225378,-0.130547555391574,-0.0343466857771164,-0.039103185799918255,-0.005333711930484925
-1.334997964300193e-05,0.19119104293615347,0.0904438409681279,0.035591071632055125,0.007232489364876158,0.026142814214214192
-0.02031409475802657,0.017097706227925533,-0.015403006478731525,0.15751714370816522,0.05528222743786191,-0.0037806297178223664
-0.0413248240113784,-0.051466817181570874,-0.029128566073127297,-0.0434538170530034,-0.010551038349063851,-0.10035465000322416
-0.018577681802192336,-0.008036806066823556,-0.07710505956710727,-0.08716733585875547,-0.007371939572257462,-0.03623545896148638
0.02163954995052209,0.0829893502021887,-0.025552592156572452,0.12027029555058921,0.14092107520910577,0.11226355387074322
-0.04027652600032345,-0.04804952870818546,0.03615706117104924,-0.06189599123845379,-0.03874556548373475,-0.0185871282529994
-0.032979018076650025,0.15432499113303774,-0.04379908797734798,0.03468664500594944,0.04307733037646794,0.14098264302362948
-0.05487402692879369,-0.049380015648036735,-0.0013426535198007195,-0.05546856314016367,-0.0764869020997388,-0.08633141328116266
-0.021496852191745047,0.023183846721597897,-0.09588652032880166,-0.0019663682918437918,-0.015871256614819616,0.019281572192831435
-0.045035406314328404,-0.025018305411865827,0.05357645744704686,-0.04939724478085372,-0.08636396784158527,-0.04685252243213369
-0.022275676706178176,-0.04736543231052865,-0.025091160265619094,-0.04778214524599094,-0.10281087857349132,-0.06033095682914948
-0.031105160085815202,-0.015616936246977587,0.06546290401209393,-0.016303374039854542,-0.03146684978676324,-0.019945901003435195
-0.02209756534615347,0.033109607599638644,-0.04859778663453944,0.0559088327080286,-0.022197075190100342,-0.03353006959857269
-0.009900541086445494,-0.08230778512719153,-0.09438327540650762,0.006571433019839795,0.04067407241052246,0.05804904065068664
-0.04676579001105769,-0.0026221597762985343,-0.06694995172692654,0.02474423246204013,-0.07806485524570086,0.03170859730347041
-0.04794105826331635,-0.09815793323641935,-0.004302555782953714,-0.013303221238644766,0.01500883792373002,-0.019041549871360662
-0.013859268058066927,-0.045849636844656184,-0.07045817653571894,-0.016681954896917667,-0.020825828849910417,-0.032298569690374715
0.218355352946114,0.01763852841090979,0.03552357087125675,0.08461376287060401,0.0497302133857573,0.08759499741129909
-0.04741274450438369,0.009189022183669383,0.04973764856639825,0.06067791337161682,-0.05928344766334445,-0.012423087759788697
-0.05887089015223606,-0.04050383315985059,0.007560414685472406,-0.018246358687675178,-0.10359419567887572,-0.040547835550324395
0.07941823566054122,0.01623044320582886,0.02704100926368109,0.03958525483217603,0.033815135268198585,0.02947327071322731
-0.0029169917983704386,0.013299072347029399,-0.1197593846419736,0.13007929573691365,0.06231014587237424,0.02088202678647113
-0.0895308015541895,-0.04668493217761104,-0.0805671516392577,-0.0786307614296793,-0.05467515364349387,-0.03237554372223956
-0.02003922539409039,0.00030936019029306197,-0.05451091531198426,-0.12251088266488329,-0.042725488649517154,-0.03638779342420033
-0.023773210092497457,-0.09870632212532063,0.010619493163367917,0.0030980596703227324,0.03232649731661143,-0.0031331526032022635
0.12452937343686883,0.15810162218393192,-0.06704851695367516,0.07057270189002222,0.04237172988951758,0.10746472568107908
-0.01593524055538851,-0.03238125744777859,0.0221383285518481,-0.20635766658531382,-0.03781227312629728,-0.11128269354499588
-0.040526608322049754,-0.02200535880672424,-0.08429490546609887,-0.052295681562734876,-0.07799176508261454,-0.03568530137479227
-0.0600459032709731,-0.05178902579520308,0.059929953375425705,-0.051325105684179646,-0.03352163320016105,-0.04943176705246705
-0.008355156220264599,-0.038520183944305536,0.009627455375326938,-0.1770612205156136,-0.0951496140542066,-0.0726533300433488
-0.04628837525807594,-0.04653910797374705,0.014215151716925124,-0.05868242257671223,-0.11717522771304294,-0.043199681972642276
-0.03680533970767458,-0.08230242898139346,0.029733865280407158,-0.02201338202096076,0.013885786790690392,-0.0022378950938497758
-0.06396193919048287,-0.03337740144175277,0.012600214064919084,-0.08578015602460416,-0.00543299364520208,-0.05496220890464513
0.1077060878256518,-0.08278733260564179,-0.14175123340936666,0.015476187654391104,-0.015345583969868456,-0.03780674734668096
-0.013931065689001492,-0.03937680648759064,-0.07193179881317266,-0.0077769826411596,-0.019376081139072996,-0.031762590803654976
0.22529116466595553,0.0903977970083975,-0.07354376860448815,0.09410188909014146,0.06365023203616489,0.11770238651061592
0.13290530624075977,-0.0262272245755246,-0.04003136387102665,-0.15610365626478812,-0.01824367328707035,-0.07843528933772861
-0.03743985995325833,3.376856123671095e-05,0.006251602250727161,-0.06075708202783709,-0.011598642861782577,-0.07345994062465927
-0.03877510387140129,0.051257228209211726,0.0903683644561678,0.1795201910666465,0.014430433788554024,0.0032141209389280013
0.08760002375976128,0.1252316170698745,0.09470402619247786,0.04493259260505272,0.02697074724523655,0.063324876615827
-0.018234265293772114,0.056149634006280744,0.12051417976661315,0.010673224940664517,0.03723740839057088,0.02183453120920707
0.006938622629063045,-0.02215867333393186,0.1105001607180908,0.09250464766471936,0.08237202146489055,0.10383014648906598
-0.045893581283915,-0.11484007854900637,-0.0570854959207044,-0.030190736414813384,-0.05160917716256667,-0.06689961664471013
0.001847297990972011,0.2335618911115095,0.07199107462874049,0.10470413980933585,0.056527414919892174,0.049653875733413046
-0.0021245984253944854,0.06877054144928499,0.06609855473465234,0.04757900592707994,0.0794461631584482,0.03432469091987262
0.1417840874719447,0.1459283706378411,-0.03791925017410722,0.08101850274388306,0.030542004045397846,0.041818796083663574
0.06521734638559042,-0.17890545483112488,-0.05072018047591344,0.019485011155381135,-0.06270435178853086,-0.09222168829831709
-0.0324114004716336,0.00824165715887526,0.08901735060900463,0.020824812756072272,0.035517096099149804,-0.036637271994577066
0.05342560839224757,-0.0773557536718355,-0.006200753249609414,-0.11714323067521926,-0.041881602040754244,-0.07727915273007424
0.07010811254966177,0.06810672061520678,-0.11087377743112982,0.02361723919213884,0.009656462304371248,0.04574357446542952
-0.0779181829654654,-0.07247663767016721,-0.03608633397006902,-0.08518971994518369,-0.05274243813369029,-0.06469205712292292
-0.06018442314678744,-0.08182231703911362,-0.02075043589192388,-0.016541455574068206,-0.06665864068227485,0.004412917355124916
-0.040921473658619166,-0.043976723334459435,-0.04520102403323657,-0.054808234989964906,-0.06752839583771854,-0.07763873992949913
-0.0459938789097738,-0.0693493955175097,0.014395985681252207,0.0008242632062898325,0.028986287362978112,0.00014389023287707278
-0.04505482697554219,-0.06907605377622394,-0.05314440249641699,-0.10801631202751161,-0.03119446968994712,-0.043900646479234244
0.1869428546990361,-0.016284907118144384,-0.033801877795497065,0.04192301458735339,0.0002530423646021763,-0.05073898277791061
-0.04038000457905684,-0.0871373834090205,-0.03344618674403671,-0.03687647594612048,-0.10906660037924752,-0.02901344808469389
-0.08279202439907205,-0.04655858741525818,-0.061768800003162545,-0.05719812951040767,-0.02035179046953026,-0.07580534680584608
-0.04539589199852882,-0.058772982209856724,0.03803368228594687,-0.06562386184665865,-0.11409412432614627,-0.048846014160111154
-0.027963071115343765,0.31001742385249936,0.017049853389429256,0.0568957044777563,0.09156036713885443,0.1491523122672676
-0.01083131589964242,0.06985449415129195,0.09471141604293298,0.19418612566063898,0.04310831804819694,0.107944203421331
-0.04056656078150263,-0.0010937788935325803,0.03181884304630986,-0.019844716453232335,-0.026540226424362393,-0.016936295438932946
-0.057744688800833624,-0.029540006264312753,-0.03999408453142794,-0.11419482263680264,-0.05295679381241541,-0.05681428559664456
-0.042905504160860544,-0.023920654297992474,-0.06167618166128794,-0.04032864399893322,0.010324013274133018,-0.036652775702600615
0.06627990126419638,-0.13600024608435032,0.02978243439418077,-0.06704326036308399,-0.016913952300468205,-0.07826773511021302
0.2711585035320249,0.04905953241415649,0.019871781563746884,0.11253584497355663,0.05774682313273722,0.046814154037410564
-0.061701234419762156,-0.05687328863618705,-0.012962815894864659,-0.0388775133802278,0.0011893891985015504,0.014092860628777359
-0.027260271379291524,0.04377864203434955,-0.1442211269017132,-0.018721853373555003,-0.003002259678615301,-0.055572665229157915
-0.012882992292115827,0.0022285296707186906,0.0519813487651813,0.019342769932162777,0.03273148930816048,0.0492267744886085
-0.024671578815789377,-0.09081410985037427,-0.00871882526349122,-0.05549241475311014,-0.10805435282853126,-0.047078572593265686
-0.016300931128818242,0.003062536008093417,-0.09467881434122498,-0.08168359925157115,-0.017279729500890136,-0.04960868912610949
-0.1010252102668876,-0.09209740558563302,0.01614511548683427,-0.0798343290166641,-0.03484548189212367,-0.0901357874707495
-0.014336299553902945,0.24529310896938666,-0.007456354225402894,0.06773067674467823,0.07396133165483115,0.052520584682941227
-0.02997913414585018,-0.021793145891727442,-0.05092976179739788,-0.012623656098047843,-0.005990656328444528,-0.037153775600854845
-0.06002752093553522,-0.06810434040903568,-0.00775090917645505,-0.06957242982349615,-0.03206277203412295,-0.11904008363153941
-0.03166639651047051,-0.1101560794011508,-0.01197217328916721,-0.04761486932017292,-0.01821497454488885,-0.06988955792974097
-0.05378450883001987,-0.062360500506284194,0.026537029150490984,-0.08031987203745362,-0.037644023299088725,-0.11914142801807637
-0.01667754190151526,0.006294841603479495,0.07092867701919456,0.04916105375164184,0.08713537350664863,0.10060954436789471
-0.03442860903968421,0.041398960030247026,0.06517742340206942,0.04410768650452587,0.05497392613149153,0.036485728924441144
0.0512033153670762,-0.04341269311811844,0.08202385042939078,0.03188341559655832,0.03001631931433232,0.0357310923927115
-0.05274407014825287,-0.07972457318017631,-0.08298182589655756,-0.07157624443602104,-0.023466205084266032,-0.051274880990208084
-0.027667202004595454,-0.13284422734696416,0.00997671549990054,-0.04731682468331835,-0.04816346738672408,-0.10629557534100746
-0.040598458671795436,0.01703447887892395,-0.06624048864933169,0.005892830360569096,0.011131999903274558,0.001415594414665834
0.15009059300648128,0.1864955461111029,-0.031233555401385137,0.0416341090647627,0.02211537867374412,0.09546135970807272
-0.025962483789207874,-0.07423826208148435,-0.04820522776884287,-0.0030555642386771984,0.002433612109458275,0.009423788459931599
-0.041529884510586826,-0.003440935746238092,0.05299369985124487,0.03369173083320846,-0.04392559538625432,0.04567934762668033
-0.033612593375197494,0.018866700568989765,-0.04006673378317636,-0.005650552091580519,-0.00033691276965526473,-0.053606711847608846
-0.051872143475003366,-0.019210796783845244,0.024010085728561982,-0.07213618270137451,-0.0413112961424101,-0.09338572627902529
-0.05055334821342536,-0.06705920923164554,0.006582072979728506,-0.08321216433267777,-0.10377130977930757,-0.03809918729095999
-0.1405411422775609,-0.07595071562308463,-0.019069647190153118,-0.05376655745092618,-0.01597869353958005,-0.0469860144896784
-0.03050941381158076,-0.035623237637210585,-0.03586690589712819,-0.13807303138460783,-0.06575279964547019,-0.07330007245159226
-0.07119080810071592,-0.015518626847165443,-0.11791325149074067,-0.05360046608432883,-0.0344927135984083,-0.0378682707051537
0.132417579842696,0.21222845398407622,-0.009304738440014558,0.07060002600487741,0.047579181709214005,0.13254349938603244
-0.08101273647348217,-0.03420737559790303,-0.08303362608335439,-0.07008898242176939,-0.05331457016051955,-0.04362326394252197
-0.041344078096482745,0.0005881660169588612,-0.09493125381558838,-0.02745122513228407,-0.11543067336229584,-0.052335866967367556
-0.01705982557237174,0.07660016697096407,0.027039860918945436,0.22199553479562845,0.06716854114674008,0.16217289287410194
0.07701256066751999,0.03439512581460936,-0.026687146682745123,0.048029772435614966,0.08027442227699928,0.03477707528915991
-0.056792453814815104,-0.08198533855439856,-0.016603391267139816,-0.0031300878391895656,-0.050958160153691194,-0.09240801500131302
0.013648479644920896,0.04941714199001882,-0.05413397026130565,0.05470333852927268,0.08375390242041834,0.03951698506630517
0.07989789681048506,-0.01383347297769005,-0.00722188651068017,-0.17273637618767468,-0.006901272345949512,-0.08879706100925876
-0.041679175708912004,0.026969745950584975,0.03551874408128903,0.005103350690459627,-0.056436565906325786,0.020540276881147602
-0.014830408857184731,0.03778898774507817,0.11899883130903574,-0.002827930005226133,0.024215672207591948,0.09421187891515262
-0.037326037657184716,0.10486532644336231,0.13363520246105437,0.06072310361040575,0.07918613856743785,0.021747612528444565
-0.07931319786533028,-0.06453186134359937,-0.05740379711431227,-0.07952229690512402,-0.040862862379676755,-0.060185639913741255
-0.028295854359875895,-0.14547645274783236,0.0383066697969726,-0.044966975955856955,-0.027220707691608614,-0.04862543029241393
-0.0239428488671686,-0.03546205773728575,-0.024792673837698176,-0.08891616755736947,-0.10007700408930213,-0.037631924911000106
0.2578258232945631,0.049817178175499466,0.06225487253999818,0.03340371231685514,0.047760698914208366,-0.015180767752909158
-0.09307542464282215,-0.009312044352049395,0.02523541576652265,-0.17003178946590766,-0.01991736600674927,-0.10797442123851322
0.01200195495007444,0.07241423407034761,0.013157851228360443,0.04885114371069461,0.25179699192876476,0.057511758910844604
-0.03520273714033752,0.050136315069198044,-0.08392413353556871,-0.02611498612166151,0.014492388144531503,-0.006096558689170023
-0.03571175779316814,0.05637366532821689,0.07329363398337654,0.04225408249142124,0.040748161232731346,0.0031583359561093965
-0.005834181293240447,0.17050718081184754,0.01884091592287677,0.0566132922379572,0.10195529742133554,0.1266856846265959
-0.018667954174889444,-0.010656013436083925,0.12364044987696103,-0.04120804307335109,0.04260257805672208,-0.08979764329706434
-0.04268693573558204,-0.02754697440091579,0.043423458881308295,-0.028135686549302125,-0.028424744716542383,-0.0691864569767459
0.1058097177879523,-0.09435868584095114,0.05702661505491072,0.00858775958320804,0.01981753961734806,0.02039851697129721
-0.027380142563724615,-0.025856089263279092,0.014114488796806266,-0.0859593040608745,-0.149435712719841,-0.026270386204103772
-0.010864237318553698,-0.08148548392862259,-0.10309265727546629,-0.000746149944330341,0.11820419626987796,-0.03356493045160665
0.005397284002473009,0.04505836261718069,0.06890064470139366,0.22335457814027415,0.09521695164344296,0.06484743812054101
0.00040227309846838685,0.15852356411420304,0.03984962618343295,0.05427809950964303,0.06672485367250121,0.06676422640066222
-0.030941448976280823,-0.12255715110816681,-0.09121771875957663,-0.02041463973238854,-0.021580921487608762,-0.04329815963498962
-0.03279601269551317,-0.03236432948725034,-0.02946431026625019,-0.07214116026336863,-0.1004124586053557,-0.024164553489041195
-0.038231777124079394,-0.0808173579894011,-0.035391168504379344,-0.07102966997984571,0.008797105588064857,-0.04798356863607654
-0.009215917536333766,0.06446217958043268,0.06780313387330035,0.0367592465643256,0.043478149372382056,0.023076016834661327
0.023465063886254234,0.07788576146597492,-0.0014251863643208063,0.12962551009018775,0.12661448788280427,0.10652682987032443
0.035002773427698995,-0.06266397522545351,-0.009451363643030558,-0.20130820739866231,-0.08143713014980622,-0.07134270491347972
-0.045233420756088855,-0.060324031340365236,-0.020201691267887827,-0.1059427370496265,-0.10249730337919277,0.010917064896494407
0.260785918174502,0.04071315460588076,-0.08885847644279979,0.05252834343803121,0.0392263276461576,0.04152038749763985
0.0025912626230197664,0.2437970991687561,0.03435654276483913,0.09829218271106153,0.055438156754593466,0.05836511918678705
-0.024744586078878254,0.09012840138800048,0.08160687407542079,0.2559927018813704,0.09256309149043723,0.05558009073794819
-0.031172855838570764,0.04799753438401593,0.11679435718532506,0.03782337150240046,0.08333414599611927,0.030714089616510676
-0.05220070153299769,-0.019433062135672637,0.023820480448388144,-0.06520969859385853,-0.04074599582752255,-0.08970861916992645
-0.05196117160808663,-0.11230956028612224,-0.0026612308986023727,-0.04191893986215858,-0.02796377514484742,-0.035903251804008655
-0.05015574497154069,-0.0809826542220778,-0.08580813449452974,-0.07022713254388604,0.0007663192306427125,-0.0492431820119801
-0.05564361031576159,-0.1068167077776806,0.03714832637105,-0.08245832614844294,-0.12659613458697758,-0.0243913682571796
-0.034123780900194495,-0.07654120956580047,0.0568575018576308,-0.05841190569864616,0.0426888850838332,-0.10311263507333336
-0.014036939710986159,0.08300047624805534,0.04920303153250173,0.049316270016133326,0.050846464337388896,0.04854216590520236
-0.01786108552928618,0.09066256900527489,0.09749639370079465,0.04726795737362032,0.10053106490856135,0.19127505332789352
-0.02847578080621415,0.17484959051187704,-0.028504813698211832,0.10465304168015688,0.0959367540802365,0.08980300475505885
-0.044829113455956554,-0.012832668778089036,-0.056024378080949386,-0.04409417897069893,-0.14004249944392405,-0.018289556875502124
0.1618883417995694,0.20338628499321285,0.041367176585765816,0.05320581849620602,0.026133982006509137,0.08110481328243922
-0.025812278242780054,0.10378960747426799,0.09095489913151882,0.012838879935442415,-0.01649468265768571,0.059857704684949255
-0.04445724766588935,-0.0772083801442607,4.9745881987585734e-05,-0.05003880033721996,-0.002230559822443828,-0.08347606665591799
0.0028150953944108864,0.030939632297392827,0.0530926897791812,0.17691429036361989,0.10063711100596591,0.0693979737320377
-0.04708189434160443,-0.038170083565153085,0.006859522382382068,-0.04550885698237204,0.0494393129464286,-0.04971057737785251
-0.047299535640639226,-0.013643827384937848,-0.06263489268526384,-0.10064728541591522,-0.05944460299946966,-0.06540586418635444
-0.04453938584499914,-0.03247703590750273,0.04131017518585401,-0.05425688571023445,-0.10212778379575527,-0.05417271620179235
0.3114512116388766,0.056624419353056385,0.08832236462289733,0.06686513620386916,0.029535291964029802,0.03251204220796493
-0.041173681550267675,-0.04975529972002317,-0.06784290961666227,-0.10791631156973715,-0.04079293858785698,-0.0550527981296308
-0.06621790649224253,-0.0629092405367133,-0.047762256630783144,-0.08694784675763585,-0.0221542353253552,-0.04933534763296763
-0.045252810872016734,-0.13253282878133246,0.02733129201281647,0.004233045717721294,-0.04196310340917141,-0.05223210423202207
-0.05597983092316129,0.003975863855633752,-0.012670118166050343,0.019782953322190246,0.026384205333470998,0.011499436833753809
-0.03540607005986836,0.021590205857390354,0.08527356545430122,0.01253015111376509,0.011256678431769637,0.04546227114152772
0.06330265888853683,-0.04273467842164596,-0.053640278849526574,-0.07857824025034822,-0.07847629933647136,-0.06410588010480649
-0.07798720971855927,-0.058660447471786406,-0.0249404517993197,-0.08790690198405572,-0.02368397477422746,-0.098185654201171
-0.04760752726536802,-0.04469219466600905,0.05687861939537802,-0.04553252408523558,-0.004404519125389941,-0.0019460729250853005
-0.029724290376755926,-0.0649305895974372,-0.06824445757637772,-0.018283773031546387,-0.024139125465956934,-0.05415058944615239
-0.051478732961698026,-0.027917964497844318,-0.02935535880727639,-0.052431193841020116,-0.019715958977782035,-0.039117230928696144
0.2521634248634806,0.07227801081191629,-0.054818738498058545,0.09864060235954718,0.05529881986328429,0.056074276465604395
-0.04103879090797387,-0.002575370952967545,0.04083230353768834,-0.07045045844321254,-0.06061264303864274,-0.011634820722387989
-0.032616318079248134,0.0227037972547754,0.0027959395553455793,-0.09865337009146562,0.01131009953440074,-0.05185735679608567
-0.035339552281223964,-0.05404927083183663,-0.006689388803292869,-0.021624848802260375,0.01340903355607903,-0.02783067593186458
-0.0514616495126085,-0.05736290901788353,-0.07875038276328437,-0.04341898799477831,-0.023661340931796625,-0.034071225921507665
-0.027144121262489357,0.2151516902629237,0.05274083466094647,0.06503831751368734,0.05517575045515732,0.14363328907476428
-0.0250907171019667,-0.043077300034197276,-0.054886870211865016,-0.08608378205904059,0.002603861704914958,-0.05283560180420457
-0.03167548314918165,0.05300156186612823,-0.11949223177204908,-0.001343917322919158,0.019054758112403352,-0.004207950193396725
0.021883577580013837,0.04449444746163066,0.00945349417967884,0.08855997742797977,0.09079438424337459,0.07790959212469012
0.1536090266800126,0.2572608832939106,0.02910242593573278,0.06311946874934453,0.038408414907375434,0.057273830226137426
0.08991467696767959,-0.01134802126054821,0.020662892648907603,-0.0300799993170642,0.013408209477228006,-0.046289612134005884
-0.04493248584495019,0.169247251964365,0.13839141108802658,0.050417019147715146,0.07352130152173587,0.06514962416363031
-0.06324120300210685,-0.07862857387501193,-0.038643700497867806,-0.09327151793569055,-0.03645606538576313,-0.05146054748352217
0.2817525855044,0.051409335073645,-0.04771538524120912,0.06689878042135498,0.04948035857513998,0.047380812303384534
-0.011189251177455983,0.05976315914146906,-0.025903691374456105,0.05820466507711988,0.1056359318009953,0.1160399484559199
-0.03277264628456659,0.18635328668188256,0.09491608266672337,0.004111659558505617,-0.022780914948979252,0.03274901435391049
-0.05559222214879513,0.07818518939726365,0.08886571569819904,-0.02617221718804585,0.0016663860927696305,-0.01932775390097578
0.0026148750772475,0.0711514199878421,0.013809756276199537,0.21739388356272638,0.21297673550832238,0.07515737128369243
0.26418559674358494,0.05662655215607132,0.02532460917823332,0.0793686612872172,0.06611162889768722,0.05765108342821213
-0.022887287909923826,-0.000588878798353657,-0.09772404155145686,0.0036042325114317778,-0.02162105774693338,-0.01784009573589894
0.18798257159198886,0.18197392454802963,0.039027273790476165,0.05678163910809839,0.037864764790986466,0.07214098996004824
-0.06756576367751188,-0.041092647099549545,-0.0320124554099339,-0.06957856942632748,-0.019436000500496785,-0.07248049529409996
-0.01213558049686199,-0.07748703278520971,-0.11299434901176755,0.006425706065362389,0.03871171684915288,0.056868835070698065
-0.033446473026339414,-0.060529244587037935,-0.041642098269592975,-0.02462351349528521,-0.07573929973289141,-0.04158522244681448
-0.012743007233152285,0.05310899706778735,0.022341094646342395,0.20076065412023156,0.1037574005146302,0.025811294556702054
0.3076507446230389,0.04072658112746596,0.02169700541077745,0.0477831490088242,0.043325797705445514,0.017320348755668697
0.004536258338353845,0.056505097434936175,-0.0036665884238371582,0.0954304317066768,0.26919719972308376,0.06584319436502546
0.09130966937993251,0.047914971245085806,0.10835286674420082,-0.06503689460404663,0.019043486290188913,-0.028670230370068522
0.031807061536853615,-0.18348673174586316,-0.07823424087928049,-0.030811272208460482,-0.015769521975153987,-0.06575008067500827
-0.054496872046167454,0.02911378251781028,0.0003572928437585699,0.0009797828449204628,-0.10762231449047742,-0.06320758203929058
0.005398898224561246,0.079009925022837,0.1683964834708231,0.006268792550268569,0.15955411318617388,-0.019829371277068426
-0.04339860485532117,0.08488436602791824,0.08759000925233663,0.04736139092749291,0.0776394492259982,0.01510367444772055
-0.04982402586848487,-0.03897540942044478,-0.10140505417405839,0.03906117190431653,-0.019431378410433613,0.007300402764742789
0.2470942572005181,0.07892065426331736,0.12213297518418559,0.04097145888284143,0.015807641680503255,0.05840119553969336
-0.04699028883742218,0.05957253555793254,0.07143235989956932,0.025962824129856024,-0.07050228143123305,-0.02548954809173071
-0.05309407361112241,-0.08375975187292502,0.023910802998108004,-0.07906973859003828,-0.1192746313425608,-0.025971977109131017
0.004281938996403218,-0.005881533584532505,-0.024380306565802836,0.11287453569863685,0.09682209604567155,0.18916704477068336
0.19600451090435897,0.09285931889861988,0.018865467544628485,0.09211966594352888,0.01638271439697518,0.07495882987264284
-0.028366584076170834,0.01866414602001224,-0.10798943446453207,0.02113030627084623,0.004629625820992652,0.028290511622119128
-0.03669693895008672,-0.09874331319060418,-0.06822098226519256,-0.026287872847009213,-0.023097063956695096,-0.050410660531626794
0.18606122607227113,-0.07777436523771784,0.06304391135864745,0.11698372446969339,0.04936007071398303,0.06734624464033945
-0.017295789066892626,-0.1353742589709969,-0.06105864853633408,-0.029979454216278175,0.030046222583518474,-0.04507442173149631
-0.07766154747807616,-0.05553396141517374,-0.07706680066289077,-0.06647405818388724,-0.03735423111416001,-0.06268143761997619
-0.03313512357015888,0.04240861404784244,0.04196783653130259,0.0471162059619474,0.05857462463330864,0.06027057686271653
0.011538924847458509,-0.03185131301548818,-0.0017587872082934026,-0.2089450396580959,-0.036175987418653674,-0.1118468170380698
-0.04285954213827873,-0.09797513394274979,0.05397064375909747,-0.0044651799209893496,-0.017968786916936322,-0.09278986346482225
0.18879004800982135,0.08894202311288339,0.029498092232027526,0.01916983937879514,0.04453295621212053,0.03987497302935468
0.032333995365430156,0.11822061272747814,0.18467442330116007,0.012337083698992998,0.07173205615292803,0.022512400252646086
-0.023329211184203898,-0.028988217951411852,-0.08664277886569642,-0.11929985607480917,-0.011903289086127661,-0.06381142827936524
0.15911842673701726,0.03688358073635138,-0.023100679641257976,0.02552861009882824,0.04910690556308645,0.0012614728815759757
0.0013019745087159663,-0.05880241016100949,-0.055985313685838166,-0.11625085080156111,-0.025614074947362682,-0.09686011759134262
-0.015392113080629207,-0.11040482548001056,-0.008187320235385952,-0.04830555802824613,-0.04798821200467959,-0.03139790803286467
0.2927658026877521,0.058697138647764414,0.09094385826656398,0.06426489428431473,0.029865119422591256,0.04097620013425492
0.02163954995052209,0.0829893502021887,-0.025552592156572452,0.12027029555058921,0.14092107520910577,0.11226355387074322
-0.06032992279843085,-0.055087332449999,-0.06921128707239087,-0.07523619096752665,-0.0474541588426179,-0.028915779780605444
-0.08488803778333572,-0.0632854629908933,-0.05161493876922595,-0.08440945554188922,-0.03975025250247475,-0.06510960317205942
-0.050027834791042454,0.021208074377815102,0.02216525465000026,-0.13309889906043698,-0.011302218101987489,-0.10448253631463587
-0.03522961020080931,-0.014410649266903245,-0.08949822210874381,0.05457546667466933,-0.011497144221073567,-0.03663120124539824
-0.04211695528180871,-0.03798348482729815,-0.037710018533361464,-0.03876496994047008,-0.03322807534253916,-0.0698303980898651
-0.036836675015486396,-0.09064499356480922,0.015985126301367954,-0.0216424601474154,0.01358398144831855,-0.012594011146980659
0.24019548160601636,0.057741334742884946,-0.09039197466968993,0.09516045634279328,0.049302885149376495,0.04282804064422088
-0.019652578457301454,0.21452361208568066,0.03603559995453592,0.08004725473309528,0.04322162195002212,0.0343907350760276
-0.020569468383302078,0.11223896461247308,0.21717164542673398,0.09194268663320342,0.033486594275959465,0.03959532728654067
-0.040791193964689276,-0.006909491316955384,0.06750480275945495,-0.017910553279401418,0.05991551841105476,0.03620979669993447
-0.0071032080268816815,0.027914541231277054,0.05317279692735693,0.05851124617930549,0.04394300653338032,-0.002464586719828628
-0.043744340961910974,-0.01901943949878549,0.04399479481711287,-0.040676813934069446,-0.002552346431764495,-0.02088776944782046
-0.05058573176746816,0.013234049181595592,-0.009066735608866014,-0.08806198535169564,-0.0762431787797609,-0.08791985415319362
-0.03951522046467877,0.03498038643435533,0.08835921808451731,0.04907555986386823,0.05152953908229715,0.04203176424930999
-0.023812103226794914,0.024666359701951263,-0.08337226864271959,0.012883459967677873,0.013640042117060958,-0.014747378483858277
0.20418567615012317,0.0619872177431666,-0.016289636295585257,0.15512855083788246,-0.001925694694104008,0.06995176780750971
-0.04244850105133787,-0.10179468146632413,0.007661139062135486,-0.04936978786823858,-0.03582397461258824,-0.12247151142390836
-0.041437645753261365,-0.0214836069212816,-0.09102044783449693,-0.047997707838137005,-0.07461830531274184,-0.025823126200143057
0.023871407281258115,0.06409542167614947,0.07940692226322826,0.0930131645030426,0.09877571573343313,0.08344820738614069
-0.03856329400272071,-0.045198994766377044,-0.030805489664651978,-0.10327145162974334,-0.05690720916198575,-0.07627236100256155
-0.05591700520631102,-0.03415081864417746,-0.019368901189022222,-0.026585670323062045,-0.06102223630596097,-0.0926068389679596
-0.044286655933488135,-0.04087093348596063,0.006533748791636303,-0.04366299309198024,-0.11601161076511957,-0.03964779800595168
-0.03049949781114794,-0.061406792107292066,-0.04551953688458887,-0.04241299369110046,0.0030118709369087505,-0.03569552885441978
-0.034920700048749476,0.01544923619215461,0.03559935721777135,-0.10587972953210077,0.012794183138239877,-0.05603879546736249
-0.025487572715974873,-0.047778544023720865,-0.05822654797531298,-0.07343093916802297,-0.010824440335382273,-0.06723566538654017
0.016072855204606273,0.11829174512072047,0.11793103158139248,0.10131147268574026,0.12236074144999311,0.002481208914900384
0.21175703701698867,0.052696008137577244,0.0800123630929324,0.03990323598316343,0.10559041394592898,0.036489167113627895
-0.026358194408099538,-0.03949765608630791,0.04055240726044042,-0.07064989906153304,-0.07881537907003239,-0.06291355178969896
0.10576890829406242,-0.08383921923123862,0.03112700365181624,-0.07530421151095011,-0.04817145292545151,-0.05822223479804395
0.19839733323524886,0.07140416280701554,0.04259747765757919,0.16663238077781328,-0.006876954616994553,0.07295998572265361
-0.02878014698469942,0.07952091521908007,0.03000929074014949,0.24965914927568275,0.09607013703563443,0.04844360325153735
-0.04746947015379112,0.06913972194193863,0.08904628107381236,0.017230882971800004,-0.09551636409032388,-0.07003685257845584
-0.018847887946037804,-0.018695911931247144,-0.07777546875684684,-0.025513040821522545,-0.09502444448650209,-0.0074144223669365935
-0.013248399383469852,-0.02624671480217194,0.05215403630865804,-0.014690977739106017,0.004235897487695186,-0.030249202624842143
-0.025461365880554587,-0.04109318992289689,0.01232541621071799,-0.18486451988914673,-0.034036649780946567,-0.0898929539892443
0.2060455611328181,-0.03125304399666207,-0.10295015936214574,0.05786176559869456,0.06266174700997203,0.07234201443016482
0.08073514044079388,-0.16747740592347626,-0.03626841614573231,0.03363519218900168,-0.050084893193115966,-0.08556176239321327
-0.05385599315513901,0.02844187780890505,0.023564287929955532,0.0017297380265850074,-0.10775917144216692,-0.058902913208555285
-0.02946578708439876,-0.13278185467636694,-0.12099302646386507,-0.015949923748479405,6.702566750869075e-06,0.018211892761646344
-0.021364624518143555,0.0663838334288155,-0.03346810218054133,0.18051516435513365,0.053687179413711386,0.13189667902511226
-0.026952549164298897,0.01187750741408902,0.09729490373347999,-0.00855588485598033,0.06341435616062131,-0.006506437643472574
-0.05336742033927258,-0.014665478867703727,-0.005589462527985924,-0.024245455285553927,0.03946252399393404,-0.002280132502545294
-0.030995491381770376,0.02637035564584727,-0.05209414259461966,-0.002049475667549209,0.05388547368669658,0.013441999795305143
-0.030490643525836796,-0.1149762080050543,-0.013603762146765872,-0.03543959749804639,-0.015463665753028757,-0.06577599380267829
-0.02761235076425848,-0.026940915009413913,-0.058025707371188534,-0.08415694303119976,-0.10155819042271495,-0.0445945938613812
-0.15512918925809177,-0.0387161348078059,-0.01607169553392519,-0.0798990963672521,-0.033208267956498234,-0.06889050969344422
-0.007190508833498978,0.07697440856732528,0.022385182706863373,0.0995157122183971,0.1476868429793354,0.11207613223804362
-0.05206038216818323,-0.025989779550017605,-0.05178252333812935,-0.06437498139838276,-0.10216696673509747,-0.0562883127523803
-0.010415329745569968,0.047232213136228635,0.017719968674748374,0.1297777891226516,0.09629914777574315,0.10481123156937697
0.20433262214936895,-0.03438227170783995,0.07834761771789628,0.07211862086774899,0.015595415278065825,-0.00047738583304214
0.24351703329943655,0.041910802016811535,-0.013475816088762279,-0.003916798941164283,0.01621103198355645,0.0224825418666987
-0.007360568546748924,0.033541082924608376,0.08527218679197171,0.022812533879405465,0.03301869877033391,0.008442329694569931
-0.05032945756413847,-0.049845814180423206,-0.04767400166534569,-0.016092682538844584,-0.031053643820608948,-0.06660851432317616
0.2573254559761038,0.04901405510612716,0.03524300079197297,0.02648502226209474,0.08960131856869785,0.025669482475330883
0.07989789681048506,-0.01383347297769005,-0.00722188651068017,-0.17273637618767468,-0.006901272345949512,-0.08879706100925876
-0.035034149383429476,-0.06950323087649384,-0.04908672850943356,-0.03735889308809996,-0.04605706250377592,-0.052535580269479874
-0.09183222827545358,-0.008596447769534134,-0.106611761313687,-0.028970589281710764,0.005719348932742247,-0.024731810531128277
-0.05672662588753579,-0.05015198831963049,0.005867679172733239,-0.07368587910775592,-0.03845526704003997,-0.09228518570136181
0.09576372807853821,-0.010130264677210198,0.013584327807599966,-0.1551442855712869,-0.007261114333799971,-0.08650944256370047
-0.029073410854381712,0.033217943328987795,0.08181262457751046,-0.0067641284996030355,-0.04887294784560065,0.009876347867187623
0.24788066716833676,0.01260615157324264,-0.056728861800032955,0.13880629333733305,0.06257482339668381,0.145704183053807
-0.0588969740587172,-0.015170494659264955,-0.018710913315857027,-0.028364966801195303,-0.0411834847105584,-0.08503093079719333
-0.06204742149234916,-0.07678301184884372,-0.08374159603405384,-0.04621976006710655,-0.01291597498682408,-0.053201486109231255
-0.03705639895195408,-0.03937318108970439,0.01387763974295509,-0.04273857575166761,-0.12895719439116435,-0.10179280536031844
0.1391802829637714,0.1820483396359783,0.062386486786886505,0.07412353944019054,0.03303112733943346,0.10361077645845973
-0.05032809439227133,-0.031361999587897545,-0.04313147524700158,-0.07505509903667658,-0.100391182806258,-0.022477560884787633
-0.04711389353150003,-0.07201494214643768,0.0497689517962763,-0.043982201844020255,0.005743485410280843,0.008771795703696942
-0.017487563826189614,-0.06146252137994654,-0.010915058854837262,0.0068145447376040166,0.05463156351902301,0.03653746017652424
0.012870728949792094,0.06560874609251084,-0.028979679721198612,0.05480501221581444,0.273553555222708,0.053239977938057126
-0.02274838294014883,-0.0034596277656489143,0.0656375837786086,0.035644369704050737,0.03993681882481542,0.05650524437157821
-0.049107522413391884,-0.15461982597524682,0.028580622570818833,-0.001784676657801323,-0.06408887832915135,-0.04874749840462066
-0.07155474618823471,-0.05459084890261088,-0.06315179347234458,-0.06032717724472005,-0.03929732846369454,-0.06047468187857
-0.02776261655750625,0.07891920610826374,0.051198102611248415,0.2622207589582743,0.09197619779380006,0.05451340751541148
0.017758029234538383,0.11608926650865688,0.014988756467608963,0.047742380223818257,0.061535377948587724,0.07636854010652439
0.18769651434368953,0.21799184397474047,-0.024828005051558688,0.058931635610925015,0.040719613851048435,0.11104236812300695
0.06369694212734435,-0.04778787860384469,-0.03094340603265293,-0.046547550045303865,-0.008183273140301142,-0.0011788651077446206
-0.012442048500530429,0.04772574547932859,0.08299410345062071,0.07912482949813256,0.06735274749161047,0.1176627857973295
-0.025019479756224705,0.07773303054396212,-0.09336751953125506,0.03502858891336917,0.08087351699983661,0.0305267188160452
0.035002773427698995,-0.06266397522545351,-0.009451363643030558,-0.20130820739866231,-0.08143713014980622,-0.07134270491347972
-0.005834181293240447,0.17050718081184754,0.01884091592287677,0.0566132922379572,0.10195529742133554,0.1266856846265959
-0.011822724390175147,-0.09988022805083632,0.02968757518761178,0.013826409248119545,0.010687534261320745,-0.04442583260524858
-0.00023095701796471842,0.07137866555807536,-0.028799832437284803,0.10181508250185167,0.1552352043936543,0.1150632728521994
-0.03313388456878661,-0.05441504909730752,0.09083074347412631,0.0435784536732681,-0.0279308833259159,-0.0047828757343737795
-0.04523482089373919,-0.027767820449068968,-0.04908412652641423,-0.018130751900881516,-0.04154913047782305,-0.021011305763818596
0.1997878871493669,0.09920031489170675,0.01160699020499718,0.06175506513065204,0.13488919652221062,0.0529230662983039
-0.22098876180425442,-0.011399090063226319,0.02369639739392791,-0.08670464979227238,-0.006091868777772698,-0.06985457625107579
0.20800716749618903,-0.011168390234355965,-0.048064850686169225,0.05953935084582308,0.0916398702950713,0.03172165002081792
-0.043144134183878,-0.04235944583030626,-0.0736492711698547,-0.04730044320909471,-0.006858908777910389,-0.0766292988530781
-0.05958484086108242,-0.06819487937225374,0.0027615038275825344,-0.0734133075825662,-0.038569816895815,-0.12362332906766312
-0.048599994420708746,-0.0851922986852291,-0.013450341290389486,-0.047218497573501696,-0.07001764244743185,-0.03472376587633452
-0.036941260826914825,-0.01885880164023157,-0.06158510501494196,-0.049769301871659094,-0.0029609014934391577,-0.014579261556648519
-0.01532336292809643,0.03724856166065935,0.09235374073938159,0.15844903978616823,0.05373642250070603,0.06489716019473374
-0.05050665280599279,-0.09545540907211714,-0.006622145021120254,-0.0469899014626603,-0.005771861998313829,-0.011907035337004827
-0.11166148474384434,-0.053699592368015706,-0.05509991823635196,-0.05394716513526586,-0.009534701501111546,-0.10463869829909742
-0.026498507105546385,-0.15623322771673231,0.04181283191097257,-0.0397932409335357,-0.017612445110424424,-0.04760170919289574
-0.04528283193777261,0.16703795812778457,0.1354250384588986,0.05389665230977869,0.07351736582592089,0.06377991483588785
-0.048376602155966654,-0.06828017503016764,0.08664932523674382,-0.04452477418803325,-0.02124416844529706,-0.04148857030082494
-0.03237995499630347,0.006610321586905745,0.04119202502852226,0.10607936053516664,0.007575676452865425,-0.02728711840995834
-0.03227188516328755,0.28178715624873524,0.03504420511823919,0.06362480538196089,0.08200472321866853,0.12258227814718985
0.22737507162490336,0.053498626067507736,0.06229740305701232,0.1447331763721117,0.027885279165480045,0.04827612262800968
-0.026855856006468594,0.10993634690336264,0.006620836353874619,0.08670490932482564,0.1281351013542187,0.09202814430619821
-0.041609031772534014,-0.0573388389024785,-0.056628634099306796,-0.046531926259382,-0.030533766526176204,-0.04894070831847446
-0.02652573727471858,0.07900041510261364,-0.04747454258878795,0.1389749599896096,0.05853525560615272,0.005424618103852668
0.16518491980697922,0.17589360427525114,0.06267689275231252,0.05385613478859505,0.039177462169923974,0.08378432984286044
0.004668954306467956,0.2535397047384341,0.025734242093647185,0.05988088949409071,0.0677388140436792,0.12621240022105
-0.035061724614989256,0.013035076394999819,0.0037413130583976266,-0.03270129289039388,0.03936189107777184,-0.012524347961584135
-0.04566343242166264,-0.13304027755962425,0.03126742725056582,-0.03348385276443094,-0.05470013799384778,-0.08537799548132136
0.00039405596486982855,-0.05464120984022845,-0.013247601556168222,-0.2011759037139835,-0.016011556694873474,-0.08522718327113765
-0.017138304174074147,0.014148182260050164,0.05455539887442336,0.08026308944174294,0.0708941297403732,0.06880359207467449
-0.04774951065416244,-0.14154073704756132,0.00210654481993091,0.010911709847602761,-0.059692974836101725,-0.07275552782438935
-0.0472736586323971,-0.026441709980338277,-0.01864854181018447,-0.0029821700359325613,0.03403799807985422,-0.01141421906959597
-0.03525719326359905,0.12855395531947966,0.08794234778269552,0.05919569681403013,-0.013477307139867795,-0.016211213322294367
-0.12509546213519435,-0.05953032980986029,-0.009276405625386444,-0.05406031172152998,-0.07615964207250396,-0.06779274225254417
0.07136957385120646,0.06297244106254712,-0.06654790706689324,0.027447332379322974,0.031116636136819604,0.06108361096053794
-0.0005700421585131267,0.13902425709512778,0.021719453426025156,0.06060602458776428,0.08840427369362028,0.06517448509335459
-0.04783928716062479,-0.008872297263077217,-0.020344761761314042,-0.03919333819080454,-0.06645028016867503,-0.037578763657137706
-0.03219006937142718,-0.051598594489534154,-0.06016717363126937,-0.04175935248249617,-0.06234197461162189,-0.05734419659738134
0.027550728801650215,0.13298923294462947,0.04258629456597528,0.06630116392646655,0.12402413581741616,0.1775107242365222
-0.033229008824412196,0.0023097913029902044,0.057636792331440326,-0.021255778240331626,0.04661936885547624,-0.07389380100610175
0.033359387969021145,0.16667884149977882,0.02517353328347856,0.05869354592602276,0.10033774543909602,0.08966344879691546
-0.0546480829137215,-0.03550606809770997,-0.053206130280231675,-0.06162299973515199,-0.032559660657527495,-0.09124000055072773
-0.05354471344345411,-0.03319644916745854,0.008448270228105233,-0.0912175380641507,-0.061359353301187636,-0.038352411278824376
-0.0199613144357248,-0.03154287536502248,0.04003908087890981,-0.08174127612977411,-0.04674181509979426,-0.017543868844384823
-0.049107522413391884,-0.15461982597524682,0.028580622570818833,-0.001784676657801323,-0.06408887832915135,-0.04874749840462066
-0.015669424518250714,-0.07482641850244008,-0.15933095986920479,0.007842218352611804,0.043105005242281114,-0.01407692059156686
0.0012548863303643515,0.0008198300376965962,0.18875264223585875,0.025692141307033674,0.04345988808762409,0.020465697135455378
-0.04807803328043024,-0.05356625233563597,0.04202707797302021,-0.03554132192504235,-0.09571821200319247,-0.06642029591666111
-0.07088432500748765,-0.06090336734202522,-0.022858178081627448,-0.12058720824426149,-0.02936564931627966,-0.07117373860791301
-0.021382347978285015,0.03703197792066713,0.1460547339065306,0.011287615647344509,0.09989750548669789,0.0028729659508983834
-0.06074242288415956,-0.020080336548171814,-0.06009985664319693,-0.08794984376022688,-0.05788002909642817,-0.07228529037569575
-0.028990404645733103,0.2317473440728148,0.0889591499308933,0.06872241290621821,0.04161752855427143,0.1401266641940509
0.1215087298207638,0.2141329210977618,0.05778361725285015,0.05452544282923506,0.019484004579913634,0.08510696875322898
-0.03809567051331345,-0.013102059479031892,0.026197795245203402,-0.06130685525428026,0.0016264405385798173,-0.085936673500739
-0.048799331444075895,-0.10023184538435002,-0.012778352820958168,0.003221839471402489,-0.04550554596837468,-0.03268691782063269
-0.05373598871495331,-0.03317025322576598,-0.019476728913487642,-0.11815401428146398,-0.06951525992331391,-0.058308406406804264
-0.04883081543252377,-0.02781194974263056,-0.03766299313593385,-0.07327115644491113,-0.1038492711533208,-0.018881491647899082
-0.04525822059213955,-0.07533122512156117,-0.03799337889093301,-0.054331881315910796,-0.03177356267897251,-0.10736795228926695
-0.06511920905549255,-0.05908615535897697,0.02510793311993342,-0.03482879960356859,-0.06294538962928779,-0.0827866325399395
0.24819389642760462,-0.011934445190336594,0.03772878265799542,0.1156612913007462,0.06083495427743178,0.1443192606150179
-0.046041126846228686,-0.03881059325328617,0.09068538050857525,-0.01695841920997266,0.02443976580490829,0.06816036644718475
-0.04566343242166264,-0.13304027755962425,0.03126742725056582,-0.03348385276443094,-0.05470013799384778,-0.08537799548132136
-0.00414629469963131,-0.03406820528521086,0.00427711904199719,-0.1955565086067744,-0.03914604496548864,-0.10920177983020068
-0.05517981794929313,-0.10151798660052956,0.03918068741461383,-0.08222590146058413,-0.12046072099247594,-0.022735022991876415
-0.052608467485398075,-0.03551218852880663,-0.02740985207775843,-0.07392796817417108,-0.03322070688657732,-0.09604023213802712
-0.025495244423902507,0.08306246553379802,0.0003727982382757248,0.12312289974633656,0.08035309896385323,0.040596745711201136
-0.05257825057389056,-0.04356303244416174,-0.026531977813300557,0.03076889614858738,-0.12144016295261988,-0.03913211623688342
-0.05980845757922605,-0.028989750970095766,-0.0015341752275685385,-0.07437235892255306,-0.0594528300705194,-0.06174062591917958
0.019218151866093616,0.0826500463511915,-0.023065941380178784,0.08657135826794696,0.22344244354531131,0.07696356425840085
-0.02138945631022648,-0.039238538551855745,-0.0038557966193405913,-0.07610670570397667,-0.10231944443400114,-0.0630335206511887
-0.014524013835694799,0.009364157769405367,-0.06882141913722443,-0.07683587909989466,-0.05069738885253457,-0.04842795248231001
-0.05964027335069963,-0.03597851780482081,-0.033722667228262886,-0.03965287740387756,-0.01646768013280702,0.002429126134333875
0.008630816274265518,0.03340684448212077,-0.00015977259287281085,0.037996680270770154,0.05307599585006874,0.05145689325123386
-0.04613328150056212,-0.07715003220989786,-0.024098074670467005,-0.04281990212896347,-0.08942035792326038,-0.037538165657274136
0.1274811982760107,0.202207675049613,0.0646411149418549,0.07560607878887263,0.015306645598248885,0.0931317155177058
0.002364499339072155,0.08652334770327032,-0.0002755040662022335,0.15348027852268048,0.2024957582763204,0.04649082994172093
-0.030490643525836796,-0.1149762080050543,-0.013603762146765872,-0.03543959749804639,-0.015463665753028757,-0.06577599380267829
-0.06927804000807578,-0.06520875691909137,-0.008841530546264506,-0.061811725965499886,-0.05036472189363858,-0.06901426644730316
-0.02317216699378118,0.09904892145494412,0.1461272366693182,0.07567197722128334,0.02522113288939744,0.0408219168162685
0.00975515325285029,0.05695134609991866,0.02673155493238989,0.11364489399354058,0.24546790084781936,0.07408524310467023
-0.00693261459437325,0.03223378787510985,0.13172266341627434,-0.014603994368596305,0.11205500543703815,0.016522704376045163
0.2436427010539046,0.07742970486429995,0.11173186226541333,0.03876881884692,0.021821929725230477,0.0652058932680169
-0.04249600093907799,-0.13039675727027839,-0.015210838121472073,-0.05783466355257802,-0.02560225354582727,-0.013066980430159946
-0.06113646447765425,-0.0573604866686098,0.021589039362819102,-0.026935075710758247,-0.05005922916589901,-0.07755375304126363
-0.03543085158188889,-0.034106367975826765,-0.007931265469158521,-0.0639281018932173,-0.04854137375484826,-0.07659341049031665
-0.05197316924582803,0.1489467006748082,0.09287906808184705,0.04827190612644599,0.07425642713956297,0.05501924986974732
-0.049962946886784085,-0.03376187064340897,-0.016497364702433577,-0.1436264566998254,-0.02343846423429962,-0.08503511699469192
-0.03990500794181319,0.021767481948419477,-0.09376303682262303,0.09778302528028283,-0.01620247816963559,-0.04289881168745261
-0.007405782446612533,-0.12084533539192399,0.008025014978471065,-0.006062380145880166,-0.007844307368164823,-0.022309735447243465
0.24819389642760462,-0.011934445190336594,0.03772878265799542,0.1156612913007462,0.06083495427743178,0.1443192606150179
-0.015542960667489374,-0.010075008737589456,0.08437280429832966,-0.02870605135899078,0.005119090540047383,0.02362247139363346
-0.051475491964418835,0.03821023832613348,0.020061829882177917,0.022958063076094447,0.031557951393021436,0.029973443885490114
-0.019243815952856243,0.012987372624215296,-0.05398108628114334,0.041371080350297865,0.052682196723048004,0.08052625535420742
0.13636848855696637,0.22559637445698316,0.014440620272791173,0.0661000603755194,0.027541138722883076,0.11920018870372336
-0.04249600093907799,-0.13039675727027839,-0.015210838121472073,-0.05783466355257802,-0.02560225354582727,-0.013066980430159946
0.06627990126419638,-0.13600024608435032,0.02978243439418077,-0.06704326036308399,-0.016913952300468205,-0.07826773511021302
-0.046974736789533525,-0.03576071662026578,-0.09715371152801501,-0.05379810652520345,-0.01774005527293633,-0.05056741051954229
-0.009842062162275988,0.004254888617271012,0.0010553706665869555,0.006863316486599668,-0.013547280198201716,0.009784209438253916
-0.02730691819442829,0.041609987057977124,0.04131013168348898,0.012477100518108514,0.038943464229172275,0.008284088469973992
-0.02158312600624923,-0.030702710425749093,0.023643853963609192,-0.044045771397810324,-0.051278799218733545,-0.05155910747005106
-0.05786480382105575,-0.020589807730975535,-0.046926385970379576,-0.05851474903914637,-0.039395237278940703,-0.055436018595782524
-0.01532336292809643,0.03724856166065935,0.09235374073938159,0.15844903978616823,0.05373642250070603,0.06489716019473374
-0.055666340110363005,0.21381624022393958,0.023821986250969554,0.04114593144551307,0.02370691666670444,0.09122535493830337
0.0009698544975141863,-0.03927059538050399,0.06433085027991182,0.05877341411622115,0.1421630260836717,0.06410288699843388
-0.04885305060751183,0.018028061487981677,-0.010295427791990313,-0.09782546530287362,-0.07139305284075748,-0.08570553095026626
-0.04352646375655198,-0.025604494364711988,0.048388552274533,-0.025186014179178044,-0.0344812349144784,-0.06919973314750387
-0.008977138232284926,0.027214171496650327,0.12986998481001127,-0.007900256346885074,0.03238346180711395,0.004735822109595412
-0.16474160386166856,-0.03341385737695346,0.0030523029639747206,-0.040539124424838195,-0.06808347288057633,-0.06059389994171879
-0.048261731121784106,-0.007665334535085201,0.035913027150495117,-0.02825187381106656,-0.0572896218969781,-0.05206574437896221
-0.024204046553356933,-0.035482921141722856,-0.027957287224947534,-0.08548581549836633,-0.10200866982783101,-0.03577141871608172
0.2511257673297826,0.05129921143715387,0.09658233570086049,0.03825515419814685,0.049551390186064484,-0.008346663153114296
-0.05648418505745397,-0.03271077527393692,-0.029738286351596293,-0.037893174780367064,-0.0632380098307843,-0.09484804222835817
-0.037675746174048855,0.03462087995399731,0.04428343204743146,0.041221877884893544,0.0515047689270064,0.0398683122279618
-0.0031748484592811948,0.060350245515143494,0.08402144194131454,0.08517320725152427,0.08385676945369996,0.029409193337819526
-0.00023095701796471842,0.07137866555807536,-0.028799832437284803,0.10181508250185167,0.1552352043936543,0.1150632728521994
-0.03469307520643279,-0.04787693727532187,0.012365878045894807,-0.10652232890720237,-0.07431869142436937,-0.07373231931001208
0.18936020287899333,-0.0573235268588818,0.13206802179249347,0.08290117370997853,0.07468941410452555,0.1389644697910491
0.08918323906880182,0.07370589512689382,-0.04387589197399156,0.01871040458785499,0.026221955005383425,0.06841696175996916
-0.030863239437910424,-0.02315343912958673,-0.030997851187240674,-0.01742222720725296,-0.02973555367995402,-0.01394720841499432
-0.026538410300809282,0.10408603336289772,0.07236626712142007,0.009045309707827017,-0.02146289998047715,0.062222790495977814
-0.013529860590470198,-0.04817214169592914,-0.1228908609726157,0.06227618687504362,0.04875448178628203,0.04583939185332986
-0.003937314953189787,0.11268344900425833,0.005387735590451298,0.07082716707949362,0.059545684207674296,0.026525117123510498
0.06841897195601827,0.060815111398321,-0.14523637413909846,0.02386967971279456,0.016835663554744647,0.040696124246777154
-0.024638995703867475,-0.004244500265802461,0.019711142371823094,-0.05070496667562902,-0.09289279259845805,-0.07424776755651369
-0.01857466288532262,0.060891124063692265,-0.01844028285117035,0.00014155649655875647,-0.007905083128021602,0.028462496052451637
0.0054426258636594395,0.08569229658798137,0.05790977673161805,0.12429260139466317,0.1969546954717207,0.030706834680882953
0.003253045332709906,-0.03618767385984122,-0.05768752718771879,-0.1755526612812651,-0.012337132203211379,-0.07262043221025677
-0.000786402798368856,-0.029148078265192223,-0.061122253246570356,-0.16772188080433437,-0.03324360337134756,-0.09989267513120452
0.3159737587840051,0.0479655835353498,0.0707578786371884,0.028777046634814767,0.05180769180024297,0.03201812645635675
-0.04708189434160443,-0.038170083565153085,0.006859522382382068,-0.04550885698237204,0.0494393129464286,-0.04971057737785251
-0.02879194288351223,-0.1003228877105043,0.08514360569364758,0.039578478679834106,-0.03418475884136408,-0.07190334553752188
-0.03648312012909434,0.11011528770028566,0.14303759660754514,0.060695511217199696,0.08252596906197131,0.023649960264294632
-0.03620591906667964,-0.05085333519641469,0.08822288761326005,-0.06504534385420586,-0.00862925253531602,0.01793671653733192
-0.03168456570427086,0.014149137048928069,-0.074899261066169,-0.010171666813985753,-0.013323722236886725,0.003620825556576207
0.2487680016000318,0.17096638650696894,0.009781061487511214,0.05578083740524134,0.023476220880313585,0.09878628271344493
-0.037657139185049184,0.019523373875730724,0.039182982412732055,0.04706887405194457,0.01494767569070874,0.014038576716327515
-0.05173662567068473,-0.0002452577968435351,-0.006020554485517749,-0.13673121178635647,-0.02461721421009147,-0.08329828504922793
-0.05075977472720664,-0.04139043668458414,-0.06976085680048832,-0.05906993760503325,-0.04044371783564347,-0.024492409166882237
-0.037484272996135694,0.0035223216150522024,-0.10259838823440413,-0.02111039715776875,0.007677170427565343,-0.02317210792342552
-0.019256662294512998,-0.1139016736114674,0.0015441792746873745,-0.13049590417534912,-0.06051881768716856,-0.051099201936395194
0.16384049625858732,0.15366637416901113,-0.035173310506825324,0.04793960748374242,0.03942927448399057,0.06899819464715785
-0.045536470378198385,0.0710126671193646,0.09398213956154597,0.019333144656785387,-0.08859935919312134,-0.06530477685824972
-0.054640677237537204,-0.023109226856962158,-0.038192960770885166,-0.06531098403079445,-0.08681002888204875,-0.06186988731934695
-0.019160885122620822,0.011988637755824325,0.03442360572373101,0.005842810932334798,0.0028333053211856704,-0.008578361258850628
-0.03849882963121217,-0.07509603918856479,-0.041522015363866696,-0.06737503500159789,0.005037234370030228,-0.042756166927604845
0.00016717894232581336,-0.03844890816144244,0.0035102033143786294,-0.17756407700160376,-0.09479885802335122,-0.07450960817715198
-0.052654295106532883,-0.008241218049186955,0.038721012842685254,-0.1321869721392534,-0.022519115569548644,-0.09000813431204815
-0.05841493864623527,-0.008868699642935234,0.03232183826606097,-0.04923123597245205,-0.018306376710749934,-0.10014554343934028
-0.03527124195727444,0.0032077370767925354,-0.041307455503575154,-0.036958905045727394,-0.008862915631702328,-0.07006991198551644
0.23309478872122222,0.04226865187392225,0.0013829854202431534,0.10419500818228525,0.051492440970363866,0.03841792285663752
0.17245388008170764,0.22113480774736125,-0.06754197744124714,0.06611932344670124,0.035534665078025,0.10808646053433107
-0.05190206957531073,-0.038254719095915796,-0.041087460014147995,-0.07110842188398507,-0.03860634204814446,-0.06194402879104916
-0.02550699789139723,-0.0865913540711633,-0.04465396110370859,-0.05124985292158642,-0.09513603332141089,-0.05169839129409117
-0.050781192933863434,-0.010778314419897241,-0.05741057670299317,-0.010846887946702372,-0.058963255596658035,-0.05444502645110802
-0.007343712160829693,-0.05855645544901003,0.012309869629075975,-0.18634258389421549,-0.042919772382077725,-0.08627275433518246
-0.03893406887455703,-0.0032416542402573054,0.0006446776010987467,0.11210914119769917,0.0029057528113554123,0.07632402965491424
0.008365752837154437,0.04645613353363992,0.0013508944544139846,0.060589615311112205,0.0726597456350153,0.04124846440537317
0.28784259713708954,0.03533140174958134,0.048495971673138794,0.0464919365073008,0.04996195832530377,0.02573690409595098
-0.051646340331882694,0.1330127556844984,-0.011976642030001861,-0.010043649894504389,-0.0939627713140919,-0.021835713544574642
-0.04878013339692908,-0.01898458574939239,-0.01963009811367508,-0.08379585575189206,-0.03306708634649851,-0.048780186076588516
-0.031249705495519035,0.02358518011569265,-0.019793858373166422,0.023879646326960036,-0.006787933942899323,0.02027348659524902
-0.04820163680635218,0.15679209061805802,-0.06819442744646245,-0.0036905973204830207,0.02961211239033289,0.09308320668040557
-0.04676579001105769,-0.0026221597762985343,-0.06694995172692654,0.02474423246204013,-0.07806485524570086,0.03170859730347041
-0.03346198377090229,-0.08769616569151893,-0.028066139078958625,-0.026194271978807845,-0.0235222452882067,-0.04299788332729809
-0.05786480382105575,-0.020589807730975535,-0.046926385970379576,-0.05851474903914637,-0.039395237278940703,-0.055436018595782524
-0.013056438246554357,0.0750276110277343,0.07882460884122876,0.0627158435460706,0.07434628464799493,0.08794027273196812
-0.03294982344721285,0.008733457737547677,-0.07146505785009477,0.02496815372931028,0.06879382565988462,-0.01525656543744891
-0.051902335448906975,-0.041842180235248994,0.05118752745563641,-0.07042898831015044,-0.006928556176620316,-0.1075802320883356
-0.041865837009364845,0.014907837516984605,-0.042340421018622884,0.05461790044315266,-0.05331022233410528,0.04658717127040136
-0.0470822122380371,-0.023187918353430422,0.01282597074265479,-0.03433817810934386,-0.0940044110508608,-0.02813793106693609
0.023154827677406512,0.05581276060104707,0.06942672586483607,0.09235435852366608,0.11679003828758752,0.037003919575217994
-0.0263461333616675,-0.09436586221407255,-0.057148093311487215,-0.006796227326199838,0.01665804750089561,-0.015701159848389077
0.12848057474227503,-0.05106327171018241,-0.05655345351110964,-0.039772362076080904,0.018090199385433964,0.01812078444609392
-0.0228096304192949,-0.08092011993343835,0.004696957392630262,-0.1186880845336418,-0.03545835672809421,-0.10600613728330503
0.07626507536848433,-0.018855048639994102,-0.09308288193387643,-0.0476889710460288,-0.012561188854953779,-0.06256738197813208
0.017137275394720503,0.04492869197153145,0.1100534817466578,0.09300860110918596,0.10226571496187903,0.073795796587752
-0.05067064490978634,-0.08156867636795882,0.03494419240309004,-0.06526506871223713,-0.01890061325823796,-0.05702405051017618
0.18573010920635974,0.09888623024025946,0.0036429944996963027,0.12217364592435744,0.02264327499610694,0.12422138897874048
-0.01652640951223297,-0.11732007873410964,0.004370298242210961,-0.1314679501976781,-0.060668207765372656,-0.0493689792162706
-0.04512710906413502,-0.019632267710765247,-0.06259608902186001,-0.04754789763033314,-0.12300760987614484,-0.044919946794175804
-0.039970537716085025,0.01530951555514992,0.02709630648827036,-0.044712153869514444,-0.02690878668267845,-0.03632369886421784
0.1558903700122284,0.14955069106564212,0.11729884822333579,0.0760905997319557,0.018302109171515254,-0.007649164340144538
-0.029967514739676984,0.04314872068933525,-0.016199419890425643,0.03917223678174343,0.03478738691895432,0.059720369615663536
-0.06699869347926028,-0.060147635805506104,-0.004576767341826688,-0.06137116387030135,-0.06947885292157191,-0.08836357376446724
-0.0378815238665494,-0.1313843167157936,-0.03413406689519776,-0.03402097359291718,-0.05491330109257063,-0.06970513360047466
-0.025019479756224705,0.07773303054396212,-0.09336751953125506,0.03502858891336917,0.08087351699983661,0.0305267188160452
-0.01638569664979071,0.2574534518279754,-0.04632175345604372,0.07890949935442582,0.11030947291615566,0.1450818274289645
-0.1726758389679495,-0.032576715774157876,-0.014786021974671371,-0.04549750569205323,-0.07133392278194585,-0.05504488842624059
-0.010127780392634192,0.0727462100602746,0.05333835816424026,0.19748427549553924,0.04452168636274091,0.10492470140692677
0.00043843859819313227,-0.13616081851882378,-0.09237580158686841,-0.03791917776960207,-0.00790182145137239,0.0038092490483803755
0.29066325583111924,0.06434941218501257,0.03749182564254337,0.14135379684429897,0.03828836460696753,0.03004956238415053
-0.04005044608985417,-0.05627620036150877,-0.01212676369279053,-0.0502629322203483,-0.026336784711619217,-0.10022492015266414
-0.05451826150301358,-0.06966347703505901,-0.0615065722083742,-0.0602849970710862,-0.011271455438713914,-0.028765938536939643
-0.0003532402733090932,0.013820901765092514,0.0877206262559994,0.09118588824836574,0.16319371231258445,0.04879458153465975
-0.033229008824412196,0.0023097913029902044,0.057636792331440326,-0.021255778240331626,0.04661936885547624,-0.07389380100610175
-0.1275068478126768,-0.03157685828773762,-0.03949067327475619,-0.10891405182516715,-0.018272204210138056,-0.060453708755994644
-0.048576578616464396,-0.03701811341399582,0.0058217798064784144,-0.05009449438449772,-0.10641865630585562,-0.05295015390819834
0.027226437345260708,-0.16260729018160777,-0.0828698163456584,-0.03271017015434867,-0.012260846307129265,-0.023792566947894233
-0.010975244128085827,-0.03493421428180977,-0.0748685861422888,-0.022787861378168236,0.0203422507252121,-0.08303194016200888
-0.023165094883998438,-0.015308732518541047,0.033359156608942384,-0.03268436401476995,-0.01600187815323943,-0.14839810436408582
-0.06113646447765425,-0.0573604866686098,0.021589039362819102,-0.026935075710758247,-0.05005922916589901,-0.07755375304126363
0.12732696184901235,0.17488457328728693,-0.04072434015255099,0.044343553964931864,0.01522669668953057,0.0832426225115922
0.06958704805738736,-0.16259011367024684,-0.050192174539608204,0.008583753265062211,-0.022968403833436308,-0.05104195036047875
-0.07342200053798024,0.011517800340461602,-0.045363981588743565,-0.05710800946397701,-0.1974396403785854,0.014693332450869586
-0.06465247224266416,-0.018903246774683878,-0.02823933188443814,-0.055205707275018674,-0.06479548994497081,-0.05643825459905054
-0.027540315911032592,-0.022341927597584764,-0.08911569557746465,-0.07397727922139585,-0.06729552901754894,-0.03742962748136711
-0.06204742149234916,-0.07678301184884372,-0.08374159603405384,-0.04621976006710655,-0.01291597498682408,-0.053201486109231255
-0.04220441232765176,-0.028882058661672268,-0.04750091936941656,-0.06356923824146736,-0.11080407711234877,-0.049659556714375316
-0.040160220628817016,-0.08507088811538906,-0.022763294876266167,-0.09022625406189251,-0.0965310448615446,0.006709156737315442
-0.06023798345646843,-0.050282685827330656,-0.058620953272159396,-0.05038628890801645,-0.0420324115479574,-0.03932382290643532
0.2376733695184653,0.01499386011829938,-0.07565531229626758,0.0629433360488393,0.11524718059073541,0.034538252933489624
-0.03398774445842747,-0.01320855562767362,0.025959788787671884,-0.06905541854197872,-0.029532694594227575,-0.06355895780628931
-0.06835111879217168,-0.008908631810620508,0.026414765483870183,-0.1718102622557921,-0.029934197514207863,-0.10592754108018815
0.12607206247999386,0.21075589917979623,0.07677927025773304,0.07654789291802347,0.013344697736133839,0.09631111353713373
-0.12229530674976265,-0.11550306189952979,0.014477961264102985,-0.0689183881846932,-0.047831385333136016,-0.03965423652352569
-0.03317523320872114,0.011978118681783653,0.04878269359804632,-0.047530913081431876,0.021962727991220673,-0.00803759210889645
-0.044992431751295456,-0.04189529657031328,-0.04527159263500558,-0.046071166740570685,0.053396420121258455,-0.06707232211811742
-0.0485064365898068,-0.01223222788652006,0.021077444262366206,-0.0701400945152205,-0.0806247298644725,-0.021999760377415245
-0.014024607030584491,-0.04080955376714841,-0.0034897427352303906,-0.19834149422048647,-0.03542942027292648,-0.0970010833718624
-0.12274377458510499,-0.10867518624636868,0.044661889365824436,-0.061822151082928004,-0.048917091440425144,-0.042778719488156806
-0.03761377042196544,-0.08506503183450062,0.029553548347941168,-0.12670072466298743,-0.032269345020101495,-0.10509004791353058
-0.034401024708459044,-0.01696883836457822,-0.03682807263706909,-0.07004270785927423,-0.08192998811551859,-0.05357057099173948
-0.06485980152041462,0.043871916938905145,-0.06707638394021236,-0.0124267145208499,-0.16714793988822252,0.020465021654765478
-0.07470969398864487,0.046288863993433384,-0.08165253555421872,-0.017313538884243914,-0.044338621079239846,-0.09000333402294888
-0.019941044198521562,-0.029994309777121798,-0.055385242207169484,-0.03238180599193734,-0.11752916770649831,-0.0016683307227082955
0.009086062410367931,0.05949894678813415,0.1031868753506028,0.1380399174253825,0.05488575300542183,0.036044108167599086
-0.06189236935633271,0.1664294348353791,-0.022828619529544684,0.017200940163430534,0.020884200730591867,0.06714989920758453
-0.029094574239912744,0.04381102349699832,0.05193467497873378,0.046723850428137224,-0.03407999214080148,0.04311375121286293
0.1860787650351448,-0.04948744336742316,0.0893303491974392,0.08913320813726239,0.03952544984265005,0.0029487481606175715
0.14313301008010065,-0.10117102677244082,-0.04805857250863514,0.00240908404491413,0.01145326081900752,0.004535335028124471
-0.03677720748443003,-0.06506392952377639,-0.040365041666238444,-0.06578813423794388,-0.037201559285786626,-0.03872404152520563
0.2034247815091836,-0.03359419210264617,-0.03744095502338734,0.06644585715303253,0.07382183203401815,0.08342985555943508
0.008628382512197256,0.05507578121466231,0.011011624571107454,0.1030657595537184,0.25352711703153075,0.08284726861781441
0.18371250087542423,-0.015847957201494935,0.01760072974897068,0.10729989148851814,0.06151505332437442,0.005704852561858386
-0.016707228982804908,0.04359806254810397,0.16633552899376108,0.014745450034670989,0.10873122012332699,0.007657903065279725
-0.05159350601624185,-0.016315702628020116,0.01131127740767701,-0.02336728830765666,0.04228426038460213,-0.002213407420645652
-0.039353048901787514,-0.041987813925975545,-0.026920387780108083,-0.05422122866745655,-0.11780279568634902,-0.07969755021565393
0.1491011050666601,0.20831150642499216,0.0759035013784354,0.05382383034071478,0.028450634402448664,0.08252711872879177
-0.07325903529612222,-0.05270894753660072,-0.07073262162421236,-0.08556855413778669,0.0074184109255298015,-0.08377195937623058
0.24454388671544888,0.08757549324075946,-0.04602652808009543,0.06323417978459474,0.13156549049629498,0.04849217782123775
0.017684185300459624,0.08765787712407375,0.05329043434715012,0.09432168522185423,0.20739794700002134,0.07613365539123391
-0.02629302993814381,-0.0013362580960917757,-0.04363246048910022,2.402160876740257e-05,0.028418449586100073,0.051047163395530754
-0.020155330215271827,0.046859628540782614,-0.04905895210243146,0.06209730058253765,-0.008097001608292317,-0.025630592989914408
-0.07651192438407778,-0.0274048755905643,-0.07177361485853818,-0.04131850796405294,-0.026334323339374147,-0.06782369488261557
-0.05310306757127805,0.12925112483210052,-0.03682359876828062,-0.015637219098265293,-0.10065815068545354,-0.026099567015623798
-0.007956849680501142,0.021126602241483713,0.1185956453567866,0.027369853042214454,0.0745871699868153,0.06950251213635207
-0.04676831731493696,-0.11309019958222305,-0.007147281171440263,-0.01422072433192102,0.013304802388071723,-0.0010885928178271645
-0.02686528037618227,0.021904085081590523,-0.0761643230427918,0.008183162968813969,0.010487927860006189,-0.02004062251240362
-0.027346889681143634,-0.008083666265077769,-0.07058720796650755,-0.13279531913253836,-0.04853568356415966,-0.06431563218343382
-0.01935254342703835,0.2186440975654064,0.04121293635158428,0.09219334404697468,0.07958557753758877,0.17104007669901755
-0.01868522320356105,0.05935123093514647,0.012490639994129518,0.05549140296785709,0.11580081350239677,0.12393594603225959
-0.035676136840213944,-0.06185682389077392,-0.02450252378562104,-0.10554023530564968,-0.12275996920281362,-0.0048729484392334675
0.14972121028894725,0.2119735402667537,0.07084381575498354,0.055230374227179566,0.02830252864245185,0.08281545793095796
-0.04016715814864474,-0.06641663755720036,-0.02457160657494206,-0.038204710714859216,-0.06232965631130171,-0.06232282852447586
-0.04178439344840782,-0.0832141709238834,-0.0188148897368439,-0.03499376521338587,-0.10046527157176753,-0.07301000734033745
-0.04906066666056884,-0.02482214687346858,-0.03132559942539978,-0.08204680047532667,-0.09745587366304519,-0.03284314267325423
0.04761330244840265,-0.12836051338968513,-0.11400241975047355,-0.024147791020383877,-0.001814159268662543,-0.024206222737812942
-0.01858563483981034,-0.010651889898256535,0.05431591512435775,-0.01650306703782001,-0.009258936523521808,0.01679696093309854
-0.04067468221978955,0.03237424659428572,0.007488375062992683,0.010561477431067981,0.02235668462242196,-0.007175616846461357
0.09731538452955761,0.062145944951540605,0.05709498373218419,0.04934539646091596,0.0002309857940745373,-0.09778616015474476
-0.07392070209773227,0.017809668837015073,-0.05208318805200661,-0.03197237642588433,-0.03948472306522945,-0.11138193939671948
-0.02799123780841414,-0.004990282254856351,-0.09648245825264526,-0.04782512407370738,0.06895871195147454,-0.1037521798864105
0.09645962613248367,0.0625704718797587,0.05075606431869756,0.05080028146968936,-0.006510518517863045,-0.09074774334788648
-0.020000662504716726,0.04433074542735648,0.05284291845308824,0.06289931878723767,0.027968579459175268,0.04143147968365349
-0.04190404754952509,-0.0923115709458019,0.01123902631965275,-0.037373687296838855,-0.03900410267935399,-0.03383987099451371
0.24947867929403333,0.17129582158970574,0.008963132109001572,0.05530690721616936,0.023103679876523422,0.09869628479379329
-0.04906066666056884,-0.02482214687346858,-0.03132559942539978,-0.08204680047532667,-0.09745587366304519,-0.03284314267325423
-0.028908164405274123,0.005458895092204876,-0.036717733608149575,-0.007240786819091249,0.04941615942732978,0.021903076222991837
-0.05290080232086319,-0.04110568058145564,-0.0010383229537741184,-0.09637313443068059,-0.06446555623035691,-0.04564131779308576
-0.025057878874514196,-0.015538779127728728,0.03659493361317001,-0.05890780999793144,-0.13352359888487864,-0.08317584975246406
-0.050193134258999524,-0.007905420424614777,0.00929401609555448,-0.061683008657082025,-0.07101462601241774,-0.027462096639065823
-0.04641976966340436,-0.015159695754867721,-0.08223641408825458,-0.04202850419498121,-0.10349491518923648,-0.0019566600324837885
-0.06539372066042143,-0.04366995846375363,-0.08814386693686918,-0.029113532389487225,-0.04675745051879474,-0.041600779355030246
0.2390648529125861,0.07146127702916673,0.010337337486668331,0.05587569084658254,0.06229217635017447,0.038758158014819105
0.363467849601204,0.05979205320456148,0.028407518987341746,0.04849153184450687,0.05273247597769064,0.04320854425313143
0.0334421256951783,0.1686852021028692,0.019015344585565946,0.05764375122401458,0.09929055737762894,0.09082148829602146
0.12453477903158704,0.026224846340312875,0.041117668274244325,0.010209871007952242,0.01293529485414992,-0.0016854467382799658
0.11155707988804775,0.008167268473745744,-0.05650384038891361,-0.02522681228316896,0.016501998490059448,-0.05348382029184822
-0.16465987486849074,-0.04728152304231017,0.0072147424433305326,-0.04656465500527273,-0.0813116555039087,-0.057402836731276385
-0.029672025960565323,0.02303729934993248,-0.01774603582146882,-0.013908159213098367,-0.024449830289784355,-0.0026910682606799555
0.07136957385120646,0.06297244106254712,-0.06654790706689324,0.027447332379322974,0.031116636136819604,0.06108361096053794
0.19947755488855973,-0.0209731307347656,0.08751009191052606,0.07061618601934458,0.02403672214355647,0.0023752695030526128
0.00652607700632174,0.08501218388116608,-0.0028616153159974427,0.16147220527039757,0.22510442955688933,0.07130511924580654
-0.02596934013856557,-0.011900889161980262,-0.050752017574879,-0.14836868845207465,-0.0550204051673962,-0.07326805849384853
-0.054771723109937484,-0.029862987220968883,-0.03189330113681688,-0.016338265188625026,-0.054407380265228136,-0.07381048391618589
-0.03991901345634217,-0.04487143781857222,-0.024988962876976082,-0.10803382236950257,-0.05985165269481594,-0.07839280619089173
-0.024744586078878254,0.09012840138800048,0.08160687407542079,0.2559927018813704,0.09256309149043723,0.05558009073794819
-0.04573670424479788,-0.028906766801351364,-0.04056979604537371,-0.06950314720914298,-0.0723352093416967,-0.05453120770598596
-0.04145629891816668,-0.0033080443104679795,0.039829585886080085,-0.07591097978650363,-0.06501708389166344,-0.009704871594686986
-0.02271441142272165,0.07817596544586512,0.1066282304082444,-0.011700375833002633,0.03833418760186312,-0.0350584709425844
0.0013552524307760586,0.007088036098176161,0.03442455522534058,-0.041586367427334084,-0.016560733358588535,-0.03710979443933874
-0.045252810872016734,-0.13253282878133246,0.02733129201281647,0.004233045717721294,-0.04196310340917141,-0.05223210423202207
-0.046949712043110554,-0.12523408586181475,0.013251409200976425,-0.0500770918071534,-0.04439039508863036,-0.10039830140057109
0.05378826495851316,-0.0724243675283456,-0.0839649900545796,-0.08546229125840363,-0.05946172304859383,-0.07573556104481179
-0.04556472609873517,-0.07294324658878308,0.024459343859765278,-0.0013865132531769126,0.01999531634896011,0.0017846781925390902
-0.034390163327280614,0.10871339454633773,-0.09906012759228858,-0.003108353875313071,-0.05239656853800103,-0.010308665571228977
-0.05003926236397183,-0.05317987334347223,0.01727062792688768,-0.027481667800864345,0.014138061186818722,0.017224558889764395
-0.025376304015075842,0.2263147604312282,0.09155063955524106,0.10338050321808316,-0.013820103023929834,0.059913451588309186
-0.049300642170936895,-0.02465515531933686,0.023855544943340513,-0.036403061965281064,0.0069932134948033,-0.07888703232163702
-0.02279269622336918,-0.07558518089349293,0.029904808392824,0.09162656720608012,0.018638311632107427,-0.01955458215993259
-0.02451259444331366,0.02925874249702382,0.07921083425094652,0.0549005884150254,0.024486091463749606,0.03858964284423699
0.20235584203656168,0.08358571546156436,0.08830657383434701,0.13681983447182733,0.030372155828413527,0.025211744787617014
-0.0024260677684708612,0.00379018231567226,0.043899325983930065,0.1730845453651452,0.09766939960166443,0.0897110991960319
-0.05547532505293779,-0.03574568056637637,-0.004062704660523017,-0.12598827138124652,-0.07252785474655421,-0.05800021342636689
-0.03299335669979357,-0.15901504038978145,-0.01668225547682911,-0.06704263304686153,-0.05602966161014432,0.0012438689022025377
-0.05363870724077855,-0.03204005007853545,-0.029609560713538867,-0.06722841679574079,-0.008701463759876935,-0.0521503220313941
-0.03455269907862451,0.03478732094718373,-0.06292395112410512,-0.03952040344033799,-0.0059848925975315185,-0.031422313825674196
-0.06925786998877256,-0.06364153715983048,-0.12387875369417316,-0.03444214928728917,0.045259204016201586,-0.08840142320079336
0.006178050545988128,0.05201491141834102,-0.050661027573621384,0.15348600035007137,0.11141285113064052,0.05329230042735024
0.17667331733361022,-0.04768635813013783,0.03260738071477078,-0.037283888093710235,0.024346427418141095,0.04280034728022956
-0.03531046636915562,-0.10282955937867319,-0.03333872125045245,-0.0577373117456542,-0.04513399082683972,-0.0430550731900045
-0.04883081543252377,-0.02781194974263056,-0.03766299313593385,-0.07327115644491113,-0.1038492711533208,-0.018881491647899082
-0.039963998973560094,-0.07643185379093301,-0.07199853344453175,-0.04144139315075217,-0.007514382468962073,-0.022646572834173373
-0.01687697301478933,0.08876220493601583,0.1684914737570447,0.027441484528561738,0.06579707641675304,0.026939442440581794
-0.06238051597263195,-0.04749697764946124,-0.04040903255636896,-0.08242844997146799,-0.03338526357561966,-0.10136667643033691
-0.016054999166835022,0.11482648187871021,0.07839729482100206,0.17384458614948003,0.09663327742197186,0.06001507014596434
-0.017728748095982686,-0.004083964312121754,0.06550115951622147,-0.033019409976317055,-0.050054110673009716,-0.0493475553217226
-0.0574899791870981,-0.0979741552497705,-0.003833917184022351,-0.08244312647559171,-0.11816843286919292,-0.015124631850149894
-0.03313512357015888,0.04240861404784244,0.04196783653130259,0.0471162059619474,0.05857462463330864,0.06027057686271653
-0.024252784573758398,-0.0005113752667305865,0.034881475356451294,-0.08580598922711782,0.016178606120651067,-0.042012367348612425
-0.025757265795286345,-0.011751054745934582,0.03156758029969975,-0.061930639771634745,-0.14163030628249534,-0.08491097532978802
0.09713119936166953,-0.0031955465151964034,0.017602829454532273,-0.14117078675341638,-0.003936753393156358,-0.07677721673998537
0.008630816274265518,0.03340684448212077,-0.00015977259287281085,0.037996680270770154,0.05307599585006874,0.05145689325123386
-0.05944346518904043,-0.058053561125347854,-0.03602831975624653,-0.04572887956023767,-0.0347299882287791,-0.0610505730843575
0.10790809073664778,0.12255796330624816,0.052988869514705446,0.04600995530149354,0.027521726203876856,0.06410651046772392
-0.01580598913631738,-0.015696216464855504,0.02876932145181153,0.007919434758478158,-0.08016213051614587,-0.012679474177319303
-0.03809567051331345,-0.013102059479031892,0.026197795245203402,-0.06130685525428026,0.0016264405385798173,-0.085936673500739
-0.05354471344345411,-0.03319644916745854,0.008448270228105233,-0.0912175380641507,-0.061359353301187636,-0.038352411278824376
-0.04038000457905684,-0.0871373834090205,-0.03344618674403671,-0.03687647594612048,-0.10906660037924752,-0.02901344808469389
0.21648824144463208,0.11649388855958553,-0.06485146149491734,0.1149017821838862,0.026217274904501,0.026963265972004307
-0.015239599125119869,-0.12602449903947788,0.02989942247667393,-0.0513146020935041,-0.05132297003306129,-0.03681269169181863
-0.029629297397306784,-0.038345326305156656,-0.025970343361139635,-0.07857055729595402,-0.12623682090095825,-0.02013262069678208
-0.019212837617790125,0.09125964506666773,0.09039957533093453,0.23536321905768498,0.07231312028491281,0.08346688779796888
-0.0468664448208457,-0.03275300428293988,0.019970596512814794,0.005351830989786235,-0.03520931600811252,0.044853317548503246
0.1486752995937266,0.21008263844617764,0.04115612435606147,0.0638199184848893,0.048471194043269,0.0865875016664269
-0.11389315413054238,-0.024344236830119395,-0.07670199401393171,-0.040926172856721885,-0.016630966500113212,-0.07661361401334282
-0.04072665415126261,-0.04702014601520516,0.1258737215998526,-0.02057952644096559,-0.005730610899376646,-0.02546841623090266
-0.012630103682807405,-0.032831630962265455,0.01852257403164612,-0.2070732317143735,-0.03856708920078393,-0.11137274975077018
-0.03182832213247832,-0.026508478323574516,-0.007469311477136012,-0.06865122538843242,-0.09439035650296027,-0.014702164445809454
-0.011822724390175147,-0.09988022805083632,0.02968757518761178,0.013826409248119545,0.010687534261320745,-0.04442583260524858
-0.06426900593319149,-0.04333443634983712,0.01359763692820346,-0.05036565286400294,-0.12113290329965981,-0.08257817083234935
0.108050058982796,-0.05091236050166642,-0.0913258526612533,0.08703927176099294,0.06163897123177438,-0.00145624996158061
-0.044312526948678085,-0.043352982679813905,-0.052310115500904496,-0.04786839191171348,-0.01849021638848787,-0.07203680579904749
-0.16356526157866522,-0.042043300508570663,0.010997463135151988,-0.042617562403636546,-0.06979255892534582,-0.0770615055037858
-0.14948302456187956,-0.03338542815417177,0.01464427086076645,-0.11266170136971915,-0.016354823495108205,-0.05212745503399978
-0.041709332699907856,-0.10489473081929004,0.04865499984508131,-0.014836040399691556,0.019074595023991267,0.006460802942150711
0.2759068546379958,0.07243096156646169,0.057590253923199865,0.0811575305409635,0.060913765956213076,0.026381395753210423
0.21950264699804434,0.05647559871926656,-0.08388937441479338,0.05493321517986831,0.03986096454110742,0.011488138856784855
0.26818502859363325,0.03533967195064155,-0.01857244167576461,0.0931908397210623,0.10978420093615762,0.07961158836985664
-0.03979885613188082,-0.042271012203962975,-0.034725338494300734,-0.05868828364841762,-0.09493268582307669,-0.055131825336402006
-0.05153532814213237,-0.01658376403266401,0.011901760864267757,-0.03790038550746199,-0.06977611851368591,-0.055650882567495896
-0.07155474618823471,-0.05459084890261088,-0.06315179347234458,-0.06032717724472005,-0.03929732846369454,-0.06047468187857
0.19158116746162937,-0.030930753550306465,0.09672169534779826,0.07399241285765515,0.015817632150094258,0.0033860139888777304
0.004374749940629442,-0.19432946562055314,0.03295235195667374,-0.02743633730781721,-0.08721432374633466,-0.09428405498680353
-0.03777328333124049,-0.021571120469344077,-0.011222489218530276,-0.05822538042272792,-0.03190574601740781,-0.09302387189859297
-0.07915300306458396,-0.05988303932649696,-0.01908200358926726,-0.09348155850442988,-0.03573317286642105,-0.0939937340597921
0.042744174590909206,-0.030062479668404703,-0.18567337169360454,-0.007189272473180085,-0.03034288862257149,-0.0613990303345485
-0.043937411880443374,-0.00552412181059011,-0.08347054447995604,0.013236172553091568,0.013254784976109938,-0.005358816624294349
-0.15843439160732392,-0.02648395397374201,-0.04671478077162487,-0.06821821306909703,-0.02696383654010614,-0.062004479559885056
-0.03368146371412547,0.05423839618146913,0.16763653450254157,0.03617762645291495,-0.006096661976819541,0.02857717714613018
-0.028166079864326357,0.2113171363874722,0.02440426276593399,0.03843721744337132,0.04622633029768183,0.14953711584888377
-0.1677549222891132,-0.04240339984201492,0.026480075951440803,-0.04766823286156851,-0.06363471120338879,-0.08435406079273199
-0.04287943478913537,-0.12849698512463636,-0.05810406961068668,-0.02809729580862907,-0.025234636294532712,-0.06821019862808764
0.12236230280912312,-0.0884627209829474,-0.050052735285725763,0.004368381054837551,0.017463388175037755,-0.046238863216522985
-0.04433789230194137,-0.007533043830619636,-0.009540858432333287,-0.04133562855013011,-0.0413487022055875,-0.01586880777063458
-0.046972409294223014,0.18561158843012862,0.008907609739930334,0.059411273748415025,0.06791418514607975,0.07524259306977943
-0.03353504887957752,-0.03541562937608799,-0.05649205462223828,-0.06670969754809243,-0.023978978212460925,-0.05652510447018396
-0.04119725032463081,-0.08957554819365803,-0.06231388245046652,-0.03646642104268748,-0.006472216184250065,-0.030943004516106893
-0.0134089742382578,-0.06359447732614446,0.030799123248454387,-0.1966156649123754,-0.07239285957751897,-0.06661213072126594
-0.024300181186048903,-0.034054025572105705,-0.05066717966743132,-0.08179122716308504,0.01275973843608743,-0.04726901343025526
0.15189835603197627,0.25838230429455344,0.04112298862698029,0.06181873541477127,0.03593580637867412,0.05690768486679574
-0.0330391336871128,-0.07573044564110559,-0.00024204399025085178,-0.05508224806985066,0.020889317002874736,-0.04487254450136742
-0.04885305060751183,0.018028061487981677,-0.010295427791990313,-0.09782546530287362,-0.07139305284075748,-0.08570553095026626
0.24123307592009255,0.08895406450531711,-0.048830410200467265,0.0891301449961115,0.10569862465687832,0.05873150121852544
-0.03037191895015939,-0.1390485622665004,-0.019267440321123663,-0.01605813969964462,0.01148468595691255,-0.01449175878542857
-0.1488736786447042,-0.06274891808568465,0.018894004999464163,-0.05393591188038312,-0.07260774543932795,-0.07264264456638427
-0.04078786811452895,-0.04116197912058407,-0.029334681622258496,-0.07676009314559445,-0.03525325505408366,-0.05819584334672022
-0.046421785605307395,-0.023372963588986915,-0.05394159136195575,-0.06395884142021543,-0.08819393586705764,-0.011048843246720024
-0.02982247200585375,0.055908320228624284,0.06845833637839623,-0.006416032443883084,-0.04570293614466518,0.028607966165001237
-0.040526608322049754,-0.02200535880672424,-0.08429490546609887,-0.052295681562734876,-0.07799176508261454,-0.03568530137479227
0.222997233345919,0.06621352430340305,-0.006704601244730194,0.06411391787996767,0.0542507319072374,0.017633105723456645
0.07941823566054122,0.01623044320582886,0.02704100926368109,0.03958525483217603,0.033815135268198585,0.02947327071322731
-0.007809476583780876,0.04615914122953466,0.1522065235752588,0.01586661983215145,0.09402351121852907,0.024568676666177187
-0.06541910781523495,-0.06117468507738783,-0.0026079779270991844,-0.05473365225766733,-0.07436671587713098,-0.06939128169102904
-0.04487801319594811,-0.04734480030195725,-0.01465684213814965,-0.04827870955339856,-0.05294366623236006,-0.03966533933976096
-0.020467498433415308,0.05210555251853073,0.07360331237798966,0.12713417201919366,0.025521631325696858,0.11151447673588814
-0.05385290916674945,-0.01037009852722049,0.016490081119720647,-0.15009119623054076,-0.02291211445873447,-0.09145732867091819
-0.04498558110818057,-0.08993170991212888,-0.03936217504614692,-0.06455291888447524,-0.09936753684633111,-0.01636295904720062
-0.038849878703274325,0.03151585602611332,0.055058558343804326,0.008213918271257092,-0.006052982523051705,0.04608496087373535
0.09866404890147387,0.07824322008864594,0.08018478130655222,0.05452189094047536,-0.0046051381831644185,-0.09163315469663633
0.09719117843914953,-0.023429569299848765,-0.022619116537433124,-0.05921412493503989,-0.06120201359233658,-0.05665226492089564
-0.04914067793162475,-0.05081986248135339,-0.01422257550523349,-0.06476310200043615,-0.11631808279088582,-0.02216376862066206
0.2941839941733417,0.06689790206989246,0.02680814687711481,0.14213970287553773,0.040587363379678956,0.029079108118528468
-0.035406920683082876,-0.03907632395344069,0.02611022995552871,-0.12044633789188143,0.019245755883437035,-0.05246511458738989
-0.1296636107672419,-0.02827095550703743,-0.05675846530824974,-0.09142515461930585,-0.016034971700882566,-0.06976173571430064
-0.02540237352161442,-0.01931204575010226,0.09142242772811336,-0.026765918111634413,-0.03054188609934477,-0.051059480930351696
0.15388179480162797,0.02619996127630483,-0.014790905463739977,0.09701176452244738,-0.033774324583483714,0.01675892825987891
-0.039776886652270145,-0.03100989970107381,-0.034187388211543275,0.06576818054360314,0.014680825318179972,-0.03627363838606494
0.10790809073664778,0.12255796330624816,0.052988869514705446,0.04600995530149354,0.027521726203876856,0.06410651046772392
-0.062876635978773,-0.048052570478113815,-0.03178011854764299,-0.05579610372853299,-0.04717381692630835,-0.07823550214213586
-0.051902335448906975,-0.041842180235248994,0.05118752745563641,-0.07042898831015044,-0.006928556176620316,-0.1075802320883356
-0.03955857484379272,0.03314352542638671,-0.0008738278031598346,-0.0015230483100085006,0.0680760221128938,0.027703321881777567
-0.002337536783891236,-0.055684966267336586,-0.051351635211408,-0.120033623432865,-0.025321648099392885,-0.09748138288350461
-0.16356526157866522,-0.042043300508570663,0.010997463135151988,-0.042617562403636546,-0.06979255892534582,-0.0770615055037858
-0.01982829759740158,-0.07631640681759419,-0.11318281773705959,0.027001632111531938,0.02220861930574414,0.029990708829122453
-0.013848808953486998,0.006534264017026461,-0.06872331069705728,0.026082660672200924,0.01776426591090646,0.035475008829896584
-0.02351717959413998,0.0838628715610962,-0.015772114798839786,-0.016583009618610582,-0.01857831069215725,0.008819084559946374
-0.13949111190219923,-0.019919511159980956,-0.03967411671959027,-0.044637311929866905,-0.015796579265287616,-0.08810898619105285
-0.020413608423536258,-0.0016146300829667415,-0.02082178608223145,-0.005289821571362339,0.006526072931480211,0.0018970435773851965
0.22399514053283265,-0.0002091778118484121,-0.0946183762505975,0.05769574779350837,0.09554097274652547,0.030065374855173747
-0.0604378305210658,-0.06089681000915836,0.0006881030050316223,-0.03645631624037847,0.004415754961320418,0.019893170425607103
-0.012294143628574788,0.039031725024959205,0.021982312162380047,0.03769521676888071,0.04076770826679626,-0.002049427267146848
0.20340091307644886,0.010317764096838643,0.06316781967441625,0.1182922977267504,0.0722268181791757,0.02189186785643116
0.06958704805738736,-0.16259011367024684,-0.050192174539608204,0.008583753265062211,-0.022968403833436308,-0.05104195036047875
0.00483642428598866,0.09368730220602492,-0.0621092392056589,0.19133182510871785,0.19023904525536017,0.0612273074483377
-0.047748130564528264,-0.14517840460817943,0.01711179586078826,-0.020382246864167737,-0.03653927771548974,-0.08624127825654498
-0.03974610929026934,0.01286766186607726,-0.04036096315351534,-0.0005415384491502646,-0.06391488385709597,0.0018157589049261442
-0.03331830616820518,0.003078174277273893,0.06448604134116762,-0.039541793102208095,-0.01348779368405314,-0.0071204940827546215
-0.02364830994020973,0.081393700163926,-0.03818202570271119,0.11409070018797977,0.0784790611531892,0.03518891120278151
-0.06927804000807578,-0.06520875691909137,-0.008841530546264506,-0.061811725965499886,-0.05036472189363858,-0.06901426644730316
-0.01831420433167161,-0.01821606894239176,-0.06041826515092294,-0.12409189011177157,-0.04723480391597488,-0.06973148729481392
0.02426226839739435,0.08283227270089172,0.09113506996624952,0.0033267190813905377,0.07274269328624938,0.009793002639255722
-0.0674421249475281,-0.04802367567317074,-0.047969193492326034,-0.04725648298236977,-0.044854738504897386,-0.06659169033678498
0.0338643591464894,0.11683172812361983,0.18995612289427746,0.012115596258654368,0.0869877618602859,0.02046016096605557
-0.04274910939844615,-0.04838381045269632,0.06553683216485803,0.0016893506308141091,-0.0002654094829639194,-0.06910238733869488
-0.03853844712243093,-0.014378121184539922,0.06605342248002219,-0.029071249316466093,0.03218002593843195,-0.0927587205485467
0.02502246838533213,0.06748152438255764,0.07985748749711705,0.09400918653441798,0.10138792232113351,0.07954776254320797
-0.051475491964418835,0.03821023832613348,0.020061829882177917,0.022958063076094447,0.031557951393021436,0.029973443885490114
0.0005554359968434171,0.06459926096752583,0.0802082371645476,0.21531700978442747,0.09416817506811312,0.055765546727529106
-0.0048895952176223985,-0.057949683619802315,0.023512130330304,0.06350852225716795,0.07008639672533543,0.07896020769868702
-0.02659767225981828,0.09512673208116491,0.17061118493913763,0.10429124370735157,0.002108428584707615,0.07418483736104135
-0.1275503754855933,-0.06095968036694493,-0.0006407885594867229,-0.05623282335532167,-0.07653039408081565,-0.07000083176885756
0.17086610938802752,-0.04926464653517957,0.010931773044849966,-0.043093658888444526,0.01571798572697036,0.03652854601556193
-0.035954174161873236,-0.09602722660815925,0.0744363086969672,-0.02105684722228449,-0.024619128334737055,0.008660756522060397
0.09296692556822461,0.13694173823484432,0.11313340421333949,0.06491637616407958,0.0411318733773306,0.07426473890432277
0.025701844706679473,0.0022831609935159976,-0.1692047012385499,-0.003135840914161287,-0.03443452372315185,-0.05425991159848964
-0.03735821629900127,-0.030118999150752092,-0.04757105952116536,-0.06800847868765919,-0.005521552379388365,-0.09421384044315052
0.2988209008929514,0.06407246490626947,0.03806285446375372,0.08204222965474633,0.05949149793533472,0.021979198363372164
0.0005554359968434171,0.06459926096752583,0.0802082371645476,0.21531700978442747,0.09416817506811312,0.055765546727529106
0.21001349797251917,0.08439328269637046,0.08209827939739872,0.13324512477817646,0.029062641654562106,0.02517237325463601
-0.03490292843516779,-0.03752821900708729,-0.05439276352887104,-0.07435828706196966,-0.0017465511352527964,-0.014897248221731411
0.10727806837615297,0.06517319811066144,-0.037237090280932,0.09821468565143683,-0.0012919337785239802,0.0913638281857804
0.13290530624075977,-0.0262272245755246,-0.04003136387102665,-0.15610365626478812,-0.01824367328707035,-0.07843528933772861
-0.03200543538003811,0.1604815140414664,0.014534948591099212,0.1129404660269755,0.10402279499256077,0.0923562613931213
0.3186853938449601,0.07782821737898453,-0.04269676959204061,0.1384057770295318,0.044046739215057085,0.02939324617222081
-0.04605323919197353,-0.03434974049043953,-0.08267689785593017,-0.04554647337545145,-0.01773188355107469,-0.04365871133915134
-0.014501016232941944,-0.06175831002126817,0.03480141398629773,-0.19847072325471357,-0.07011124039123783,-0.06735933730512217
-0.020668803524907155,0.12161816713720534,-0.022558029651939617,0.0577504881546563,0.08175872720341773,0.025760378899788924
0.17540885179191598,0.24409218746836625,0.03757804248282202,0.023097872918141336,0.01017332920313944,0.07110184060713308
-0.015309912331397547,0.005843321988292381,-0.06042587083784419,0.0002603876075237868,-0.021449414254690928,0.0220165151219763
-0.03298747318290791,0.01523183908695905,0.02494994128771284,0.13687892209436836,0.016621044936885803,0.10382976276839587
-0.07941493363756233,-0.006993258937176848,-0.06903741383241524,-0.0952488659374046,-0.004970669805161279,-0.024057109142303957
-0.04965559362206962,-0.07458605217912775,-0.035039802801998206,-0.10367799597260088,-0.06468858376520063,0.0018233082363131403
-0.05003220593883944,-0.031023973912005506,-0.033899216593291724,0.037494348592579434,-0.06022656479431579,-0.08630031575519684
-0.07021037782018497,-0.06721813905327352,-0.010260331291776512,-0.11665115290752137,-0.03710916953325121,-0.06968895445792976
0.1775241008372963,0.24197118100408388,-0.01960222115021555,0.06720936570423347,0.03788763097229939,0.07306525038254783
-0.038505258582934035,-0.0881437922761084,-0.05820722844153021,-0.03587826988845527,-0.032905610113757124,-0.08052225000386365
-0.048574294741977136,-0.1088086894653601,-0.007125245740074839,-0.014590421098198523,-0.016324128230885186,-0.10292849905471625
-0.04993301057741537,-0.022126031656577023,-0.08892118959947236,0.0004736901378992893,0.007178702293745305,-0.02122322230367414
-0.04087777096693826,-0.06383919803528045,-0.028949169817721034,-0.0889823843867963,-0.09581064189526366,-0.03714467845397043
-0.16808920253199067,-0.05751252205279816,0.00809507044719581,-0.07771621108130848,0.009023489835398545,-0.07683274822574634
0.0023321906986604824,0.07990463110197678,-0.06083478632812925,0.15671926836344635,0.1940415130109595,0.03554836362537287
-0.044985809295467624,-0.014783621408793654,-0.0016499851640528335,-0.07878551051059744,-0.136901690334368,-0.04202692018856087
0.3141422371842745,0.07482008587021184,-0.005990722542774395,0.1272775813594132,0.037474137377204474,0.02810510375954662
-0.009701162364194734,0.025470704410525822,0.12356790749350889,-0.01606055672259656,0.025589211486375153,0.0008089785873284308
-0.05634667038873871,-0.04874624767196612,-0.01733000254014669,-0.05790228464819173,-0.07979185935369659,-0.08546446140287964
-0.04449481297487293,-0.013670571820672793,0.08997184647960411,0.006564789378935713,-0.0066344299701952955,-0.003907577090003208
-0.05095420512519742,-0.019640746954429293,-0.05081661972067063,-0.0397614259851541,-0.13508744530346734,-0.021267574359995076
-0.029629297397306784,-0.038345326305156656,-0.025970343361139635,-0.07857055729595402,-0.12623682090095825,-0.02013262069678208
-0.03679188913503907,-0.12760187066246317,-0.06582830442630447,-0.026367610814656304,-0.04980333508893846,-0.06747732828085022
-0.04739865249422019,-0.05803857332260699,-0.04996400817794136,-0.010685117651244698,-0.051099770295311306,0.01654144832666831
-0.015581783028026987,0.04081855623881902,0.011271268302116878,0.18960674040531242,0.08512592879165178,0.01701802481540504
0.1477143966874154,-0.01562841011829172,-0.03323781421084471,-0.1568779848305085,-0.015367076184694458,-0.06761825819270326
2.9123687349321303e-06,0.21229318198255678,-0.039118486582475125,0.06749926904506025,0.12105203021044401,0.15677844296472793
-0.013042352133316098,-0.027048852834923417,0.12403098063008947,-0.03099414326304385,0.0077610715138552305,-0.01091478416971284
0.1537658225436629,0.2100116401529927,-0.02149418467629793,0.04551728207236782,0.016256229392716436,0.10931435438946098
-0.0009979582266482327,0.031615782881618475,-0.06436035309009228,0.023274666928745573,0.06913946000050362,0.022544276280567547
0.02974775854857845,-0.0267027217328069,-0.04666322821120662,-0.16785679683434768,-0.0046776128078566915,-0.07011444043152604
0.01872509277845489,0.08472375454227729,-0.026065816899294995,0.09793435936422627,0.22816439511385178,0.0766000358114483
-0.003049237591719319,0.04895524763492517,0.16809692058035006,0.025827971156137115,0.10439086747709875,0.02786246300031435
-0.0463609639526261,-0.053026144954378976,-0.05829324128957058,-0.04229809477335557,-0.03742413003468038,-0.06935946798007112
-0.05322140667016981,0.011258429166110093,0.010741703748156702,0.02500993380270492,0.028094122092684234,0.013549518418195749
0.0023321906986604824,0.07990463110197678,-0.06083478632812925,0.15671926836344635,0.1940415130109595,0.03554836362537287
-0.043541837950752324,-0.00861697433527072,-0.024896504211799127,-0.01202851138982239,-0.0792662817054276,-0.025994799230547545
-0.044864430172671825,-0.09855958156410384,-0.013274209282761072,-0.06866778952883579,-0.11726668584657639,-0.01894614438602061
-0.012064369419987408,-0.007837075845401463,0.09298944907794472,0.032211494306254564,-0.07667256128020826,-0.011168338446107609
0.222997233345919,0.06621352430340305,-0.006704601244730194,0.06411391787996767,0.0542507319072374,0.017633105723456645
-0.043028035882610643,-0.09530685360099528,0.012126331214248876,-0.0535938668799242,-0.036606439388292424,-0.12396207919631436
0.13098902049855765,0.17784647686984056,-0.11149386877958657,0.04551856062472459,0.038913992423356726,0.09152712847700056
-0.054148117150645096,-0.0426788935509523,-0.029073689470002727,-0.057217124387140814,-0.058701354524000694,-0.09225431544003974
-0.018639341457674926,-0.0854320844154353,-0.12412116072703987,0.007193722475465863,0.04171171869518015,-0.015637882660889228
-0.03474767368144506,0.18486422487373627,-0.017070093063033486,0.07580413440499412,0.0640446816191634,0.1324548626796618
0.053340430455396236,-0.18034741875949,-0.18362007210829862,-0.014957263371782471,-0.017035375487276128,0.023134752749819788
-0.06386503658888328,0.08136554842301792,0.08729835240224268,-0.015485748114069093,-0.014849157122279105,0.010077315352243018
-0.018854602730426984,-0.032977353151717376,0.050210085687259355,0.03060867080611415,0.07361549683462482,0.10413040921266614
-0.04346173993151,0.009865382959838834,-0.018423918292601933,-0.02858263234780708,-0.013507095080688017,-0.02324905179231424
-0.07479595218999803,-0.02988185042533149,-0.015386050673622621,-0.021192247302405647,-0.011954598548706633,-0.04026906211665745
0.1951050398631677,0.08041715425563246,0.0711213611653659,0.1417643409675624,0.03730885984568161,0.021050578188388215
-0.04262133036112095,-0.04242876933459112,-0.02384885764667449,-0.043272955250918115,-0.05770177874896048,-0.03533142862353621
-0.026106592489651193,0.03160957500944828,0.1009997672744866,0.07322912844888742,0.02821351540942029,0.02780598395019057
0.22618431200774078,0.05029189931528181,0.050847936354930234,0.038426971419618296,0.0404060096855151,-0.011082644904535872
0.016933336912394768,-0.18439940457527068,0.02002866408109559,3.509668979604366e-05,-0.013193506742606843,-0.10858061011895961
-0.08280300357694886,-0.0698098167460767,-0.023710355011881547,-0.0913861760443574,-0.05751457722744216,-0.06602429834364765
-0.00829143427611892,-0.030724489133574014,-0.06711354983149395,-0.01859123068906945,0.032653005670209595,-0.07795564324984855
0.04285588982288927,-0.19707802846063324,-0.13610088032520706,-0.013545409019211101,-0.010194197188980628,0.02616341521686579
0.011573590973965783,-0.03659651273656205,-0.028439763357830068,-0.181380016154591,-0.04605972732595883,-0.08702406452764244
-0.08567765213992827,-0.0642825059087763,-0.06560547447280657,-0.07328870176807864,-0.05094321068049405,-0.04023827596523347
-0.12185730564896587,-0.11680992568306468,0.022266963958857276,-0.06930909061166038,-0.050917440476518534,-0.043097618965191924
0.1558841533884224,0.19972963317746376,0.04807198568604142,0.0733656090000837,0.010720145565256387,0.08629139341853147
-0.08336122349777035,-0.07134054431929816,-0.026139711673041775,-0.09058853878612243,-0.0555834873972825,-0.06490138794350557
0.08467940003827884,-0.15972404027745693,-0.048312936786623316,0.02257945090576643,-0.013219997982689606,-0.04330964508557606
-0.030400761965729578,-0.05978936344181443,-7.669753838001075e-05,-0.07508231418736766,-0.05649548014215941,-0.076729476653902
-0.04235644565400788,-0.002807939292702184,-0.08224928566812152,-0.04162943918942749,-0.10721165904261498,-0.02418080042144376
0.24763875992580203,0.00019605447935273023,-0.02336090752198645,0.13269429506405497,0.05884142654833081,0.144287710099659
-0.04347989950771588,-0.05981189443298821,-0.04976145279623538,-0.0171972840947672,-0.08755532109187313,0.0033831483061013217
0.12147559913874385,0.042763563281029794,0.07654370835359033,0.0561120802722564,0.1030498610263673,0.05497885714994486
-0.05379604397825382,0.22075462581098038,0.017808591532225186,0.05020641960652424,0.03192623056406641,0.09472223557649423
0.2992256997105847,0.07684109913763298,-0.05075307593823483,0.15653583154443734,0.04200542312298691,0.028809854635299743
-0.04794105826331635,-0.09815793323641935,-0.004302555782953714,-0.013303221238644766,0.01500883792373002,-0.019041549871360662
-0.029909142202270755,-0.06685124273007331,-0.12153795500040275,-0.018327811113196733,-0.008756285063704057,0.0163056700427514
-0.03687452133059384,-0.05241183136279117,0.08425110326959517,-0.07148144233678834,-0.014863608548598348,0.018493760149657795
-0.014041670741238544,0.011663858729052236,-0.03731167613187177,-0.0035995462427255913,-0.014400345035061764,0.026613030221090978
-0.035650013093184024,-0.01694659276259456,-0.02616031056838849,-0.058721354593376685,-0.03801966333231016,-0.022041597750894884
-0.029073410854381712,0.033217943328987795,0.08181262457751046,-0.0067641284996030355,-0.04887294784560065,0.009876347867187623
-0.00814915585728304,0.10733901342692966,-0.031498511226717,0.038506783324186535,0.07479893781878495,0.04233612151655991
-0.026774141383929827,-0.05445168768448255,0.003131382287554023,-0.07638267332403173,-0.09389868772595493,-0.06539791099949045
-0.0465884125477791,-0.03780232203560884,0.008844010928679728,-0.01725305081192164,-0.04547507339482616,-0.0067680375662850486
-0.026238722727021536,-0.00028775255140093056,0.011876672093460864,-0.018194350058346586,-0.023659103255565653,0.03519520550508852
-0.060210375726335384,-0.08213952824267153,-0.025458333339573168,-0.039101442967466156,-0.0920679791559969,-0.029086775128632288
-0.026799724418124383,-0.028109154982506823,0.019393731998166203,-0.08322782325691024,-0.14233705442268865,-0.02699345959429108
-0.05221614612194878,-0.0273633008103597,0.05857204513462765,-0.04580359388622694,-0.07175377360271092,-0.03586049101579439
-0.04232357534366659,-0.08050640917291443,-0.08800644708114248,-0.034149712541171676,-0.03918440194918828,-0.05113595649162733
0.008198861011599268,0.08878163192172123,-0.04416736753973266,0.15950192532704868,0.23435124629509266,0.06912957327654098
-0.03576248888091376,-0.0527299620500371,0.0025326250164979117,0.0018262153880525633,0.00800946103319789,0.035168864994985886
-0.04904335157238206,-0.0009113313455730415,-0.0019615970451718917,-0.023439180362358265,-0.0026794936348276547,-0.06302556733015438
-0.03723492480146192,-0.16356293422233553,-0.009141411961256113,-0.044803719437094894,-0.0010853141482677344,-0.06678569141482506
-0.013130670179212212,-0.011788833382773823,0.0883706209441814,-0.038064719193849426,-0.03050542392352525,-0.03779961595806021
-0.005772266381101915,-0.028944758900726692,-0.011990253060052705,-0.2092805890056212,-0.02563994004522685,-0.10957280051000198
0.21919522886242662,0.011421024040459572,-0.004563372755282774,0.06237420543826898,0.018148517001840447,-0.03240464200045673
-0.036906557458842075,0.036805642318533796,0.07889825091150023,0.06843797427006745,0.05849522835105455,0.07006799885348233
0.024455991549438887,0.1277194929658549,-0.00048820045041716466,0.07052148073181086,0.13356578376465625,0.15832710869422234
-0.0398946366294322,0.032883756597041416,0.04133849867850921,0.0009219622385524067,-0.005954221865478246,0.04657095516527279
-0.04953508036417753,-0.022620201458832666,-0.015063207319197648,-0.03724590619900667,-0.09532175521454428,-0.04772696340642132
-0.02513507547509401,-0.009086169802233215,0.01641551498350121,-0.05210007743530414,-0.00857234731088912,-0.027138487708351994
-0.029626516416818016,0.03424360111761805,-0.0717772102139444,0.01677542139062556,0.053655771798051796,0.01225194338296009
-0.02767706496128664,-0.13387570042452213,-0.12164741850555985,-0.013614085994887044,0.0006932684277807101,0.022262557927314557
-0.027337341882760942,0.019221124930808065,0.05801159379244489,0.060296626187567925,0.03323427690827032,0.04124159631695729
-0.06486877781056431,-0.02087394038351749,-0.04316629247860689,-0.055793667216685466,-0.06736614411714055,-0.052841284930357696
0.06904671439617813,0.03641680178642464,-0.02557789394119756,0.04862058562616846,0.08073267779442991,0.03313290970913963
0.21357440487325877,0.05111037092670611,-0.017670225449839896,0.08961818245671886,0.07185168429358109,0.0866812843410934
-0.023361896650414743,-0.05962875063671707,0.06934118298830555,-0.010639801642935392,-0.0043703208222763655,-3.6169848732631964e-06
-0.046421785605307395,-0.023372963588986915,-0.05394159136195575,-0.06395884142021543,-0.08819393586705764,-0.011048843246720024
-0.05190206957531073,-0.038254719095915796,-0.041087460014147995,-0.07110842188398507,-0.03860634204814446,-0.06194402879104916
-0.03926668726531363,-0.08485872713822819,0.07678541214160907,0.015281581783124441,-0.010868703237019849,-0.08342470988371134
-0.06645939029338763,-0.04577063965102868,-0.09245261334449056,-0.08209279484573805,0.010363942030236275,-0.07711170260621136
-0.021003502882945255,0.021815781655986535,0.030377148729600484,0.04785369195032089,0.08105393572748135,0.10970769501488913
0.20308965568056198,0.08218389796219384,0.08363152075911062,0.1427146306228033,0.035797072736622235,0.022235088659039035
-0.017423167110862028,0.028211262224686114,-0.0578147002610895,0.032049753769649664,-0.0016589299261471958,0.014708382933662065
5.941637597992141e-05,0.03711991275229351,0.04184036143292068,0.09756243625982867,0.012442368129964692,0.0061886715084965615
-0.015627863851486876,0.029217473576203006,0.031779131086800444,0.1296712707218868,0.0985765384921308,0.21062474839553413
-0.026589843784931278,-0.06857197549527322,-0.04861406328211189,0.0014197224898932095,-0.0059954506331515766,0.0002652166613998587
-0.032792547941372256,-0.04137579705907268,-0.04062473193351407,-0.0803184827618908,-0.05662887161832147,-0.014354777378210217
0.07152526986024951,0.05629844615491727,-0.08031916263511789,0.02346444507026508,0.02927145418691707,0.057764005249080895
-0.045035406314328404,-0.025018305411865827,0.05357645744704686,-0.04939724478085372,-0.08636396784158527,-0.04685252243213369
-0.02351717959413998,0.0838628715610962,-0.015772114798839786,-0.016583009618610582,-0.01857831069215725,0.008819084559946374
0.06356953777486242,-0.00020937737921137,0.04810828928977382,-0.05743617411844252,-0.02633257659155915,0.008949505890772987
-0.05653996937186433,-0.05212435850128048,-0.046863897809663255,-0.0821494421071283,-0.03294772259940794,-0.04121016772353226
-0.054813020434426825,-0.0473936889508552,-0.020058449753695983,-0.0775816250300949,-0.04963684606331751,-0.036969078923570854
-0.03140281839619764,-0.027102252049962902,0.02121303835530364,-0.09506252730646832,-0.06609374769270111,-0.06815014644125236
-0.052499678968493974,-0.03645861231197751,-0.021903340453349022,0.047897787528150104,-0.12316340923553755,-0.029071379226579392
-0.03872425967080139,0.03341658664575279,-0.00561828827978454,-0.026255346384896548,-0.06681923781533997,0.0073507038764007195
-0.04141459658522685,0.02093435530195424,0.029872611374528443,0.0033403140698560012,0.0009661843114223004,0.03585763931605675
-0.04082023833547737,-0.03288499081270964,-0.018117722656046387,-0.05775074880026353,-0.10743289345060121,-0.036696003329490634
-0.04974125561449374,0.025581570486948885,0.0015953362738644803,0.1491309540358907,-0.009902397900014338,-0.04473773442255717
-0.07775329054790936,-0.035920430392906905,-0.09490964446526574,-0.058815514864507944,-0.048687413340551024,-0.028867721702896487
-0.05033796647651356,-0.019248443657377077,-0.09285737500232782,-0.08539503104205207,-0.04913541848713115,-0.0479352916779841
0.026752365632861982,0.13229725931387845,0.03616066955445959,0.06751333528516192,0.1235605536455642,0.17911496554760312
-0.031105160085815202,-0.015616936246977587,0.06546290401209393,-0.016303374039854542,-0.03146684978676324,-0.019945901003435195
-0.06699869347926028,-0.060147635805506104,-0.004576767341826688,-0.06137116387030135,-0.06947885292157191,-0.08836357376446724
-0.05644979457749519,-0.04170527787191767,-0.051144177965521787,-0.08363881054080771,-0.0199984649913042,-0.11216694809539651
-0.03152639629051918,-0.030865426274364317,-0.01655541306368141,-0.043409231775987316,-0.06696765876165159,-0.047533694817212695
-0.03907124452152619,-0.08209463978325468,-0.021752672731280898,-0.039627460948967436,-0.10755450751383262,-0.025537153449128394
-0.0604378305210658,-0.06089681000915836,0.0006881030050316223,-0.03645631624037847,0.004415754961320418,0.019893170425607103
-0.04019472356794145,-0.0071331032534940235,-0.004841088119358108,0.028943857621063267,0.06270175652459402,0.03517257905507815
0.12579551179700185,-0.023282379850313933,0.00863918947811138,0.03235198088852887,0.044244048779179014,-0.015454785770804549
-0.052639989525823654,-0.02848726192013388,-0.08862877072113384,-0.037644174126562846,0.005326222830906899,-0.057067593807418264
0.18143705435347127,0.20955016166904936,-0.0933640551422683,0.062129180848507416,0.03790180802642539,0.10214596895465247
-0.011761703884912406,0.0327373927313711,0.13204845769207565,0.037595923172812344,0.023574785127410583,0.014133101796766653
-0.021082426231963845,-0.01800052880167448,0.003515991404995009,-0.024989409187429,-0.01326427893461276,-0.12106042858916552
-0.15798081744018905,-0.03632428083544111,-0.034092570963654346,-0.03953147644582448,-0.05812844490740068,-0.05728587445308096
0.26827511535802634,0.03550785514500931,-0.014196938552579636,0.09123541414283957,0.11024100437073191,0.07778596124108313
-0.03869182637912007,-0.14836443971032295,-0.06062067200783398,-0.03488536398132275,-0.005377041439608247,-0.06665858520096715
-0.045980047896443624,-0.025514197282641527,-0.026436855016258712,-0.048249532473420724,-0.14344200433247808,-0.040178264542382956
-0.04268693573558204,-0.02754697440091579,0.043423458881308295,-0.028135686549302125,-0.028424744716542383,-0.0691864569767459
-0.024693585282495323,0.016703989374359535,-0.0643519063003862,0.0217959334969529,0.02723834609615523,-0.008506261303171947
0.011573590973965783,-0.03659651273656205,-0.028439763357830068,-0.181380016154591,-0.04605972732595883,-0.08702406452764244
0.023161610144282162,0.06073148585888608,0.17395703186093203,0.0437541081766153,0.057720136215554205,0.05356501365134588
-0.04839290193204058,0.020221336724030797,0.02927491270900242,0.013027806294052367,-0.06016079774259576,0.011652137886634956
-0.024514123099904906,-0.016190045762889734,-0.02778520682703185,-0.04781375224001722,-0.09336833835248423,-0.0445545630313989
-0.04882685139830873,-0.14715231127317224,0.006767719968440559,-0.016268745137661234,-0.029485402725285444,-0.08812960843508655
-0.001859184175481435,0.06490449030145229,0.05026995812198006,0.22511415529393675,0.08586530140493422,0.051799487502187394
-0.0024583295895616217,-0.20045516330491456,0.032864599260443945,-0.028553128186138064,-0.08791277418938555,-0.09311095619332199
-0.016713456650427592,0.23199780750397903,0.0505970586328168,0.10034697429856008,0.08346246101736715,0.044703081458776245
-0.05193150988544379,-0.1317095949780199,0.02853356712985998,-0.046998603302224974,-0.05533922472705844,-0.1064953631299694
-0.04702370378971738,-0.07829469072491874,0.02776343077429927,-0.017377101403707677,-0.007500698902350771,-0.007512097661272687
-0.0330787651767179,0.011407800715050076,-0.0005949235104796806,-0.027109642874009684,-0.07324635439572359,0.0020141607766486435
0.26279873829321826,0.03818496681688754,-0.0517111587159513,0.0959524418856135,0.11432828601268148,0.07844580700450628
-0.05435322979348351,-0.03599484783992069,0.0164346427704624,-0.15660738445099048,-0.024127133337258785,-0.0924724737371517
0.2333396360793833,0.05265609968822605,0.07485267972460159,0.14957061357380072,0.023993788670327473,0.04619014578949886
-0.04133957018403667,-0.043283363194144886,-0.007269780803162393,-0.05932113890432431,-0.10903345981932538,-0.05825903435642274
-0.12185730564896587,-0.11680992568306468,0.022266963958857276,-0.06930909061166038,-0.050917440476518534,-0.043097618965191924
-0.02646081785748587,-0.06768490235148972,-0.10947198102514308,0.001085895230320894,0.021866779281375044,0.09525604746967413
-0.01895133538620234,0.15200433922290735,0.10336007947114036,0.06962916112260191,0.05274271158932929,0.10344656930374085
-0.02553882232695738,-0.07227251370767583,-0.056769470478408794,-0.0013474866243621117,0.015493496744252561,-0.013888378609428667
-0.060857925294664904,-0.03936324075989188,0.002640598431415908,-0.05801850726777418,-0.049929768041418306,-0.07068296308010391
-0.041150260523551856,-0.0046998051121308,0.018344104568368748,-0.06174126572764239,-0.061670320956631476,-0.016891417480092635
-0.04371214389020793,0.00976111802126969,0.053703519378807546,0.021820653226537978,0.0018245171327532475,0.003410926279749357
-0.034041579269087255,-0.03675324548012999,-0.01903805007542255,-0.09561725387373843,-0.09331766870691763,-0.050824107048440155
-0.02273984600563011,0.09927398041736019,0.08363442050857234,0.16298222723005462,0.08429835904722895,0.04843048871254342
-0.0600459032709731,-0.05178902579520308,0.059929953375425705,-0.051325105684179646,-0.03352163320016105,-0.04943176705246705
-0.022807286488286293,-0.0330481831485536,-0.06814535632567331,-0.13039484233831727,-0.02316326178911946,-0.07308861323031059
0.004520026567030628,0.03692509275383367,0.05622461463746725,0.1905581972016011,0.11829927146844457,0.07606715185943905
0.11228716048011005,0.008234050180599552,-0.062371301369632794,-0.027613318790216442,0.013718233687259822,-0.05116833863735194
-0.04484674785613752,-0.01432277420422545,-0.0799472146829788,-0.06204968009709833,0.04987673918763267,-0.11209067821953711
-0.10506689207936813,-0.029883956009389815,-0.05924858735716758,-0.12005378940827577,-0.019273633724771068,-0.05608034273035384
-0.03951522046467877,0.03498038643435533,0.08835921808451731,0.04907555986386823,0.05152953908229715,0.04203176424930999
0.1658546764329692,0.02069354603575161,-0.10717045475935151,-0.017764237698192364,0.013578870246275675,-0.006960987318000396
0.16294365548945172,-0.06405585132641504,0.07260417660929357,0.04879632888250981,0.037738506498961766,0.005474973777828194
0.20953252575928022,0.06008121299039579,-0.016353165659070135,0.030425227015997154,0.03956007952617961,-0.007293699492952471
-0.04295279387083083,-0.023940859312419228,-0.058878706674175246,-0.06553512935786135,-0.08475291794440339,-0.050045764015897755
-0.05049489102371363,-0.02786820253770359,-0.030221649663725755,-0.058363180644461596,-0.017755205475056796,-0.03624852701301096
0.20953252575928022,0.06008121299039579,-0.016353165659070135,0.030425227015997154,0.03956007952617961,-0.007293699492952471
-0.03190515806203476,0.008134001822726908,0.08515879477872641,0.01914147979048698,0.03411809816798002,-0.03587485542232312
-0.10791334330784419,-0.08977073406291755,-0.0015806825176468181,-0.07936692771518628,-0.0178319741304631,-0.09233701276874107
-0.05054374508495556,-0.07943053730703166,0.04108570649001856,-0.05730227632414383,-0.015921286872765887,-0.05867619616263211
-0.06186446026433362,-0.04307622148876296,-0.13294436563560516,-0.02075778278070972,0.0326274400776989,-0.07575902923351818
-0.05504262270348318,-0.07805921721120161,0.00927734906012118,0.007432993598761666,-0.0496156564666291,-0.08944944630433813
-0.032710371329746864,-0.04351369649734381,0.07503088093920511,-0.027032903447263876,-0.017220529220343724,-0.022696779728924883
0.014129755191181922,-0.10380559190649682,0.01317729471005121,-0.10297514186016711,-0.018958429832677166,-0.06287627247726502
0.11728418942500875,0.22795326989598333,0.047444042420835525,0.06847438459037046,0.04024596274753248,0.09513624875624208
-0.015167941968548223,0.012344769071987807,0.08177148042645752,0.051461851363507526,0.08929362730553538,0.10994741061235835
-0.061816297421132746,-0.06155952467191532,-0.0727091754892462,-0.0879520115707813,-0.05004152856963539,-0.03801647100651333
-0.01597016515755984,0.03725649748365072,0.09488350778405874,0.16224630696080428,0.05645479157823219,0.057244480558223315
-0.03443909124633613,-0.009984370176290664,-0.04499239399633944,-0.004005524990799496,-0.03439586799586348,-0.02125470226537603
-0.03424630925251671,-0.04511001915540412,0.0022958691145728303,-0.07371543404105543,-0.04330161220933804,-0.06623522061010052
0.16787395263367694,0.25243331048925266,0.035270324404213974,0.02980406690947875,0.01113207110746138,0.08048028841049971
-0.21329888431269614,-0.011706782883390622,0.02012148049382145,-0.08725219938879124,-0.008149507871655774,-0.07048847351377889
-0.041482094985019105,0.08527302191660993,-0.08276249531381895,-0.016201347680660352,-0.07425298847616608,-0.027288821279013498
-0.019694570914875323,0.15375621330205633,0.102230991076268,0.0672729795934247,0.0546956262713127,0.10713820141324669
0.2583016719742819,0.0869998066096168,-0.03240834758512649,0.02259358566503565,0.03630684856952657,0.03791976278069497
-0.10155032420338485,-0.06677533550418911,0.03186568292238158,-0.07099635896517781,-0.018769451034011255,-0.11957622483159612
-0.030826400808494653,-0.11899474403061416,0.010308442954384782,-0.018615566442435047,-0.013322673505327612,0.026462940597024143
-0.03942715192068357,-0.02061319744916851,-0.1149618675642149,-0.007619645807426699,-0.014602705587166559,-0.023667877308099543
-0.003049237591719319,0.04895524763492517,0.16809692058035006,0.025827971156137115,0.10439086747709875,0.02786246300031435
0.00473427100276856,0.1943412048212413,0.04044457401869805,0.052764122981396454,0.08473067220932502,0.11939728261876387
-0.05817034975973601,-0.014861912743754063,-0.01715788766754502,-0.04793280894304366,0.0029252245584897325,-0.05969161953470605
-0.025293685748865084,-0.0060708535390114615,-0.017863995626605414,-0.00844830986404326,-0.012886895893839862,-0.04827203165324268
-0.03701119228729459,-0.08476995132160961,-0.007236516991619449,-0.07480482357472315,-0.07960573946972345,-0.022781448069770203
-0.017295789066892626,-0.1353742589709969,-0.06105864853633408,-0.029979454216278175,0.030046222583518474,-0.04507442173149631
-0.03278325537144028,0.026585410179443183,-0.062187706445716376,0.004994480071768079,0.05451665444223678,0.01274979176618504
-0.019979915291240408,-0.03856222992446613,-0.11168174822963298,0.04445718712510514,0.029437854885491527,0.10281982948303435
-0.034390163327280614,0.10871339454633773,-0.09906012759228858,-0.003108353875313071,-0.05239656853800103,-0.010308665571228977
0.13750034513849543,0.21085118990628937,-0.05079940913155992,0.05721132967077414,0.025768759017270427,0.09787630366394957
0.1050362748974294,0.01619343018999745,-0.05882730998395208,0.10187199241218214,0.019451450291686535,-0.026792351347268272
-0.0034585593214278413,0.028770828962748147,-0.08497975194051127,-0.06767645370007813,0.002447228372819254,-0.04385331649797549
-0.02608475132809416,-0.06952246894852454,-0.006077205802407824,-0.05556406990381957,-0.059395588700224954,-0.08364057513543997
0.23618310693391187,0.04567405520973178,0.05507142958334663,0.14701413641145508,0.02980914253593479,0.030369699245064535
-0.034053421600768775,-0.017705170139194232,-0.06285567766677833,-0.04699835802898438,0.03745019294736251,-0.032294232559578966
-0.0010364271108921285,0.042041395442827756,0.012684778990610681,0.11825331886849479,0.09948842898852898,0.10965763117437985
-0.009915048560724235,0.11254364462164942,0.007920077344294547,0.14951453702170184,0.13611212049794041,0.08126548084008531
-0.070758682230157,0.007389218554281308,-0.060367282600805657,-0.013150907325692926,-0.1970682945931975,0.017461728349224825
-0.045153501449371206,-0.10093206493993322,-0.01789633808508525,-0.06906849260919956,-0.1181302986845756,-0.019259450374110153
-0.05969932465846405,-0.03848200226100697,0.007983996762974283,-0.05852551470791237,-0.049149997214266175,-0.07231113306897409
-0.06150504755495686,-0.03410705480935502,-0.0535802613331271,-0.10693951575813938,-0.029989672828979737,-0.06511757265669456
-0.048598167940317134,0.15747400997387054,0.022188203410988434,0.04979697069932414,0.05470228002943809,0.06464567847417517
-0.06463322210345296,0.04138506162073257,-0.03877767793146619,-0.04615223732807564,-0.16613719967762974,0.018680427479588462
-0.059731156455668344,-0.04850625474816914,-0.06730694069058327,-0.061395017394358556,-0.052506146454092954,-0.06655933817807744
-0.027572774230428785,-0.033473503263359974,-0.026267615545166555,-0.0717590654886449,-0.1250682924406429,-0.058303127500843675
-0.058729249867242546,-0.052271782804762024,-0.06336821974568622,-0.07185213839505775,-0.054078353406842875,-0.06617926729707511
-0.022356515884520946,-0.05512116315562403,0.06682936289488882,0.029705870800486305,0.05507729873936862,0.05339657888898675
-0.06337610234462375,-0.02941616551903343,-0.029162997514832038,-0.0576037274683243,0.01711924183652674,-0.06277246744392026
-0.012491034618716056,0.020826395439196725,0.08247179724736155,0.12242114432590602,0.09352371953403722,0.14275884494104343
-0.010975244128085827,-0.03493421428180977,-0.0748685861422888,-0.022787861378168236,0.0203422507252121,-0.08303194016200888
-0.04999890794923856,-0.08988975017171885,-0.012142299162613892,-0.03923670706142341,-0.07626325401599994,-0.06998344810859555
0.011817567615252513,0.11344592594752488,0.027070698145218692,0.022489962367739057,0.033669982903560366,0.01924534851409666
-0.038620737913857554,-0.03806302512060466,-0.033977776920753704,-0.0628804788858273,-0.06058160524130733,-0.08071041238356351
0.02501399624746223,0.07946273819273396,0.011757845687821166,0.12648992915826285,0.12992373731324208,0.11508302127427612
0.010746370578554697,0.05763741916198653,0.035214204878992045,0.11321276712321938,0.24919508019066564,0.07679237575401378
-0.01224156620500408,0.007514791235244477,0.12117022199598397,0.12854846485572047,0.0964301532800317,0.1715231445398025
-0.05133548790195483,-0.037683722777944,-0.006147187243902654,-0.04877362497671371,-0.05312692608925453,-0.09101200444607878
0.2481331930368104,0.05279357085692884,0.09142848541070968,0.03923744273908749,0.047599074595342475,-0.009582934798348368
-0.04974125561449374,0.025581570486948885,0.0015953362738644803,0.1491309540358907,-0.009902397900014338,-0.04473773442255717
-0.043028035882610643,-0.09530685360099528,0.012126331214248876,-0.0535938668799242,-0.036606439388292424,-0.12396207919631436
-0.0749139947859424,0.0405684077856383,0.04901714430558247,-0.0624596847160556,-0.17523301961654852,0.0016812241911566782
-0.02063806020408101,0.23036450132318448,0.054357225361457734,0.08734677388244737,0.06757044345558476,0.03420858869533103
-0.045724451714803285,-0.08948099211140184,0.03421054383129954,-0.044578610108872416,-0.12631000235918977,-0.05132974653136691
-0.03866245941349979,-0.08586169098754333,0.057259989457035615,-0.030721608572258325,-0.050903773314415604,-0.020572006055993648
0.0908547052416085,0.11139771944941607,0.05496276186151121,0.04077299210305649,0.021204713706255506,0.059186672830297396
-0.02358561376234829,0.21127276064094336,0.05238825634739931,0.07667642243427607,0.06893207816691908,0.15735305456899898
-0.018550185525978206,0.012533639933229678,0.0634062638062481,-0.05163370654197447,0.007270493111705921,-0.021767255023001537
0.12607206247999386,0.21075589917979623,0.07677927025773304,0.07654789291802347,0.013344697736133839,0.09631111353713373
-0.012699834222502046,0.009133119485148618,0.1177512741969074,0.12804138708102128,0.09583745503771192,0.16717330889138535
-0.0344547580428122,-0.04730262643745169,0.027180906967394426,-0.006450187194546292,0.02143939097893186,-0.022103566587061665
-0.05153532814213237,-0.01658376403266401,0.011901760864267757,-0.03790038550746199,-0.06977611851368591,-0.055650882567495896
0.008989763279280824,0.08879741298601812,0.16687070159504624,-0.00015033304606694643,0.0691868505360648,-0.07098872587892222
-0.048181587748850986,-0.1173387416768726,-0.022298007404367527,-0.04209311343902241,-0.0517130798731643,-0.06543580137018276
-0.014595479247746387,-0.025826181734910282,0.11833021414151622,0.127144195153293,0.07756526274403416,0.10920360625308646
-0.03370864937696331,-0.09936570891972099,0.07247992349792057,0.011630500762626922,-0.036150279256629766,-0.06034052571278489
-0.008855555038247623,-0.04093590526623318,-0.009660824374720373,-0.1989591376658523,-0.0333630194140327,-0.09732145963915262
-0.05054358391702564,0.03850871553191392,0.030709137301124467,0.022262397123980832,0.027006615138746966,0.032970989434250204
-0.01646302485005972,0.137534289078336,-0.07300180960176142,0.061182460201530085,0.04887843017555337,0.032097453779560074
-0.08336122349777035,-0.07134054431929816,-0.026139711673041775,-0.09058853878612243,-0.0555834873972825,-0.06490138794350557
-0.03849282589767065,-0.08982252778134629,-0.07608220656377208,-0.037277650083565705,-0.042941029482655366,-0.0714122402888384
-0.0626809319572055,-0.054509837210970004,-0.15153013368170243,-0.03632399708188302,0.04903045124792233,-0.08404638232912076
-0.027144121262489357,0.2151516902629237,0.05274083466094647,0.06503831751368734,0.05517575045515732,0.14363328907476428
0.029907311455016516,-0.04632006718906061,-0.048026575836228345,-0.1846358128751328,-0.06904228232070472,-0.06842220805173707
-0.01568902805682656,-0.07513224159415831,-0.024656788820490456,-0.000930276414993275,0.030665244040792242,0.01974746260380315
-0.02186815744187586,-0.03281512050580157,-0.06264362425116665,-0.04821780844167264,-0.06443122695741631,-0.05581268556194949
0.05943532874283412,0.011750114608388396,-0.16034255201611147,-0.0003671853052352394,-0.024824592948083053,-0.047325932230797334
-0.028990826458281965,-0.006938774919791277,-0.08964039366565121,-0.07698552869140995,-0.060674425827725996,0.047232640651138
-0.022573290531002693,-0.02501273955629156,-0.02322857215601258,-0.07758052129539954,-0.13449089618478233,-0.028563364572941567
0.023465063886254234,0.07788576146597492,-0.0014251863643208063,0.12962551009018775,0.12661448788280427,0.10652682987032443
-0.010512890268523941,-0.11761610240554789,0.04443136174703176,0.01574713123953174,-0.006707500332491024,-0.04518937073460792
0.0023261433020435574,0.10363209630271394,-0.02648153670119669,0.11606619080686378,0.12716952565293335,0.095582927655881
0.003690257477020541,0.06916347812307928,0.022502041398169758,0.22620974150012438,0.19704238695257237,0.07462922537815547
-0.04557070997586118,-0.015575535974640337,-0.062247941485373895,-0.09473225403660325,-0.052691676986802535,-0.04363688177640843
0.25325336892190203,-0.013690330934038878,0.039095101080208104,0.1161690905422859,0.057853403607562144,0.14431608932667944
-0.04894435982598641,0.0040436895512578515,0.03023528408444554,-0.1413416082174363,-0.005727304006468086,-0.07974368733945453
0.08918323906880182,0.07370589512689382,-0.04387589197399156,0.01871040458785499,0.026221955005383425,0.06841696175996916
-0.045848643123718946,-0.061509838565246285,0.08578846426418708,0.01691011096925304,-0.004841736127459721,-0.031226243995411306
-0.024520897940633783,0.22196718191330003,0.069826048104908,0.07210814860091018,0.05773372118731754,0.14845648668911687
-0.06170170184991523,-0.026795013363747837,0.03183892992248327,-0.0711570440255556,-0.0006322395881456969,-0.04110084489972611
-0.04051972886710731,-0.0024267896996517926,0.02794598213784473,0.0020689184990885664,0.038774465829123334,-0.010892999364329865
0.3114512116388766,0.056624419353056385,0.08832236462289733,0.06686513620386916,0.029535291964029802,0.03251204220796493
-0.019767880989483233,-0.08689409651905274,-0.041943822414399735,-0.01640653725454022,-0.018987864681811618,-0.004292601229919156
-0.012187597546643992,-0.029931707045412207,-0.003397036663583328,-0.2102532082497864,-0.026192921806397724,-0.10923813659090695
0.08178970730786131,-0.010748765210156826,0.01381705841944256,-0.029815237646397007,0.013416576537855702,-0.04677716261237873
-0.03513508450245631,-0.09044051229200091,-0.0910278527872094,-0.010374139502378924,-0.03882299672165912,-0.018883928007308183
-0.014501016232941944,-0.06175831002126817,0.03480141398629773,-0.19847072325471357,-0.07011124039123783,-0.06735933730512217
-0.028431484451652875,-0.06632725383891488,-0.056335923944031495,-0.044484151650215194,-0.08486970102685813,-0.04808401737685053
-0.04675029583753683,-0.014563362902747472,-0.00943149548757528,-0.07639279504664336,-0.08806093915014368,-0.026094404570774242
0.2573254559761038,0.04901405510612716,0.03524300079197297,0.02648502226209474,0.08960131856869785,0.025669482475330883
0.15790728510767146,0.14868505126163464,-0.00709805660872499,0.05159186768978034,0.011859531132595259,0.049701900458086395
-0.058582967305668275,-0.09600903451417994,-0.01947514028018275,-0.10086864253698127,-0.018221525352670378,-0.05260784447760124
-0.04675029583753683,-0.014563362902747472,-0.00943149548757528,-0.07639279504664336,-0.08806093915014368,-0.026094404570774242
-0.0657020875410845,-0.05819481028170619,0.024462249133873428,-0.03387002139732238,-0.0632690750462784,-0.091963219020644
-0.018639341457674926,-0.0854320844154353,-0.12412116072703987,0.007193722475465863,0.04171171869518015,-0.015637882660889228
-0.03801048195073043,0.056723667109636486,0.013302640505522467,0.20299611594126957,0.09890891059855722,0.03156216614807527
0.3730621856410431,0.057235018745537124,0.01430738723023922,0.04985963541459316,0.05952020260788365,0.04880153144453592
0.17261555537298431,0.02820220248313354,-0.06740203081691236,0.0017399387124143765,-0.013759987732090646,-0.017271163963331605
-0.04540351837906858,-0.03470900599034139,0.11848339042535859,-0.008812582897313926,-0.013936961281447847,-0.04239974539532177
-0.045097349032962884,-0.02701099596225105,-0.03802391367967819,-0.07024957993179862,-0.06946299135619752,-0.05710428173606213
-0.0134089742382578,-0.06359447732614446,0.030799123248454387,-0.1966156649123754,-0.07239285957751897,-0.06661213072126594
-0.056219982526474165,-0.025675288113139454,-0.004916279034893575,-0.07574140296621432,-0.037709516634745976,-0.10102827270654033
0.3144991978389545,0.053978753368718754,0.07072487983776868,0.06550803786481244,0.026672039249583265,0.029279072982371708
-0.018667954174889444,-0.010656013436083925,0.12364044987696103,-0.04120804307335109,0.04260257805672208,-0.08979764329706434
-0.0472736586323971,-0.026441709980338277,-0.01864854181018447,-0.0029821700359325613,0.03403799807985422,-0.01141421906959597
0.13643709695378806,-0.028418415461877112,-0.036093676792327584,-0.16618170465355148,-0.01949412484926382,-0.08443775971982971
-0.027260271379291524,0.04377864203434955,-0.1442211269017132,-0.018721853373555003,-0.003002259678615301,-0.055572665229157915
-0.038429285273879156,-0.13020434219235869,-0.02918146559646027,-0.01974698593793845,-0.03443165439340024,-0.06102988288927154
-0.05870682691909924,-0.016423356168651416,-0.0017519100094102393,0.06081692946071884,-0.08273531797492022,-0.03637379998249636
-0.04216875212740673,-0.03805117177613954,0.04541341729323681,-0.04927658451176868,-0.11603758054924518,-0.015974737128923576
0.1673186126295663,0.20591953918988518,0.03244218141129474,0.06200805936960542,0.04612350373548942,0.08453613339830066
-0.038085687345252965,-0.04790860139265216,-0.016632020615808856,-0.0020495968126301952,0.0029174758849411,0.0316060022603619
-0.019476908373747607,0.2766892749066392,-0.04275625561039673,0.07382952913793847,0.1006426764522967,0.14853606732653984
-0.038107295024587214,0.015668377237779207,-0.006310727910723911,0.03639009922559604,-0.06125304421321492,0.04379506658887387
-0.005354991476106982,0.0012989045898704915,-0.12641213631180262,0.09913325618831624,0.04787952705144778,0.018875399543868285
-0.03701119228729459,-0.08476995132160961,-0.007236516991619449,-0.07480482357472315,-0.07960573946972345,-0.022781448069770203
-0.009503956353680714,0.06887966565658225,0.09575177060900224,0.18951235106871897,0.04288200675560905,0.11182749981461468
-0.00899706919257839,0.10701590891967638,0.02586648924845714,0.18983156635922235,0.08028311999306166,0.14427346949816278
-0.06293663711043274,-0.04095874873988497,-0.06459098614326451,-0.03559456573441194,-0.028964195350673818,-0.06842772825769396
0.17692266886121608,0.24277103260132676,0.03142743468283112,0.021690695927954758,0.009940780617369244,0.07150759258890318
-0.06627762663947731,0.09316737553781645,0.08685758247319084,0.0010544299755757662,-0.1523120024625414,0.045109574710532056
-0.030322011576632817,0.037582594646361434,0.02087631460345127,0.001771918941416547,0.02829555517960915,-0.002015389158783318
-0.024197390305715553,-0.0586564169949608,0.05245649173140529,-0.036656992479896885,-0.021117507876166428,-0.02664310924767742
-0.006117742649032172,0.024359162455010155,0.14026351559706834,0.0310469333731824,0.05747015065394889,0.06189533074812802
-0.0261927097998523,0.01043729672701506,0.06659572422934748,0.1073939502531177,0.04465559750102156,0.006796745598443152
0.0060933039817762285,0.02933942626687017,-0.013716597547419888,0.029307119045111754,0.04751616253070187,0.04610267627259117
-0.005293878800543749,0.0772896017279516,0.03400645776891495,0.09759719038191657,0.1514943767502778,0.02476599057019249
-0.045554717673331725,-0.05456791789642896,0.01919020598082275,-0.009121109834775726,0.03076082166023485,0.07328819901217398
-0.02828437964340922,-0.002778154850679854,-0.04299573885201965,-0.06493594737561319,-0.029751588103693487,-0.04477978203787413
0.15744963926196529,0.2575431357399385,0.02489568344582577,0.06145443049616703,0.03636966934318825,0.062231813830165496
-0.04721404543330036,-0.045899557755930666,0.05342894612687195,-0.05223969445024831,-0.011953972226034351,0.003748708241535119
0.2428378011952825,0.04709416088418968,0.05048194073683262,0.11744907320738478,0.06193331817862423,0.05021231514828829
-0.06697294000013955,0.014294383457048417,-0.06969139317409465,-0.04782375952550681,-0.18034308202760055,0.014346693024740058
-0.03297294277173079,0.05602487037036253,-0.05859949336041421,-0.011301329592569378,-0.03827002549099894,6.874873210194517e-05
-0.050916160391182054,0.03144792538863659,-0.014673537498749518,0.01996863972524059,0.0037941373755717663,-0.020256662386263523
-0.005985013414999894,0.08070118795278088,0.04187017077267283,0.10619100778753211,0.1473017229731405,0.03145820490512488
-0.0043147903887207914,-0.0024762437883868787,0.06444532989437801,-0.006998341944202893,-0.0013367386858710013,-0.0040979536107345
-0.05135236927225334,-0.059276203169077876,-0.0965628874062046,-0.05067516573828649,-0.01659104353310451,-0.022922328838198624
-0.06381101965959467,-0.060413792162082036,-0.07388390493028146,-0.03977730269872504,-0.014680686397014626,-0.04824848085980516
-0.0404453122539521,-0.03980531465834467,0.0037086253178523067,-0.07533245060151776,-0.06971310781401723,-0.08713509123904432
-0.04783846061585933,-0.0655447456606101,0.02700483124697758,-0.07042282133795422,-0.019375928298753474,-0.05736209613387873
-0.020243541129996868,-0.020291732624298724,-0.025860322167336042,-0.05600241135561613,-0.12666561941483062,-0.04490073995876105
-0.020467498433415308,0.05210555251853073,0.07360331237798966,0.12713417201919366,0.025521631325696858,0.11151447673588814
-0.012065176197496327,-0.05572646331615201,-0.009291480811844055,-0.20875800028242708,-0.0201541439205463,-0.07861366810766736
-0.03762224378115225,-0.12977951263700335,-0.028229319617443127,-0.0472319425757026,-0.030031851569519364,-0.07166396929796061
-0.014345953716902362,-0.03133878257944315,-0.08418798758041435,0.013179271553407326,0.05526728414058423,0.08651950571081944
-0.040460264733057257,-0.12554483413534223,-0.013160749651357558,-0.057949194956746504,-0.05460368407887839,-0.07348036837015974
0.2849443954761323,0.04326665639910503,0.04563559263205363,0.027502906135297395,0.05051340879192498,0.044481137957455404
-0.048261731121784106,-0.007665334535085201,0.035913027150495117,-0.02825187381106656,-0.0572896218969781,-0.05206574437896221
-0.030509752734267204,-0.12367448996545571,-0.050739547348531096,-0.011606278504006763,0.00877898496143162,0.0071089965231232516
0.281264692570002,0.048331630796935456,0.009711947737407781,-0.0012126262230340655,0.028619385723191202,0.029252468712340503
-0.004133128956060816,0.06461976979925058,0.05015399513150353,0.04111743194990918,0.07366643608420734,0.031306104759031665
-0.029433972985613396,-0.011712769983931792,-0.0549841541934495,-0.020657584522278172,-0.042187740361209425,-0.04052579938024352
-0.04260502023763531,-0.0006987781823592573,0.03830158036903399,0.06783582753859016,-0.0635226789203046,0.05709660575232023
0.11717854019395081,0.2128448790806729,0.037187955588887454,0.0714229587216564,0.042445561136361776,0.09607999798623859
-0.05958608201237438,-0.05483984213464354,-0.03837314824368511,-0.04695991814750385,-0.03115699147655279,-0.062311112621556954
0.00755520939933289,0.04972300901035524,0.07904029944450232,0.20721561194459343,0.09437217443087728,0.06946499377387323
-0.03881630386485407,0.05416913889779849,0.09077785253964,0.18186074708334884,0.016325265692718548,0.008354746083167244
-0.048766593411954356,-0.013626347941749146,0.03310465108973337,-0.052236929918015734,-0.02899444064363033,-0.07927946168249993
0.22868879995334077,0.06138298901657478,-0.06931578404128742,0.044146965916707234,0.04492960632955566,0.024608051874875567
0.2470942572005181,0.07892065426331736,0.12213297518418559,0.04097145888284143,0.015807641680503255,0.05840119553969336
0.07465999041773981,0.01790063702972465,-0.05365019184343286,0.010170874369482788,-0.004218362087106599,-0.09896222574663498
-0.01728112922801981,-0.028124389692941357,0.0934333164592211,-0.022027649649068063,-0.06355693256859724,-0.0208629190489315
-0.05204473284007035,-0.037497573880167945,-0.0033680271376606706,-0.04189616287268965,0.0069093061770736175,-0.0837476432638445
-0.04680581324941986,-0.024445102664043275,0.009278429329899094,-0.10728727603528125,-0.04758089677585358,-0.012932793257432428
-0.03597727021788318,-0.06391999743929318,-0.02235801243408762,-0.10548983034958222,-0.12358593578484939,-0.007466419077437381
-0.015035102803308447,0.15463247992003618,-0.06457165458102061,0.06505595145371337,-0.02167888005677173,0.029217816334132
-0.04182848028536417,-0.09222350137494169,-0.002779036585580891,-0.03855475158557981,-0.04478002543409484,-0.02069250788310466
-0.014638638853120438,-0.09037708320757952,-0.07512804878523598,-0.006716995755746216,0.10802602157550445,-0.0373496872774311
-0.028056634914226605,-0.003918102573181975,-0.07506580862373843,-0.0731169652251861,-0.06867512796962495,0.04243318964283081
-0.029762593677742,-0.0016658414756477212,0.006681833159155835,-0.023597255227371296,-0.0341251587290005,0.003919711601771545
0.0535614380008918,0.014396491598317709,0.03163332622176195,0.03400775898747269,0.028085103376967062,0.027102869048055502
-0.05712291645369332,-0.03673052461621776,-0.06991098009709422,-0.07349919620762448,-0.032580266466533704,-0.05483472117897526
-0.018055329703413517,-0.03705810246568888,-0.051998170305433675,0.010515200733675172,0.04864707997797878,0.04026781213710521
-0.1386593172352384,-0.021281779365429625,-0.03975048950286014,-0.04558934234878135,-0.015968539027441733,-0.08998926079933779
-0.01660092924282709,-0.09379056372169366,-0.12333792145751041,0.009906409911327676,0.04606159516947964,-0.014784109369660679
-0.02803452393694119,0.052996691112736576,0.12683995412513263,0.02357355429370117,-0.024697546180611065,0.031100337415699526
0.2854872651921168,0.036835039312128955,0.04610083410992245,0.04511439229022656,0.04877866987144826,0.02590964807760214
-0.0427495275640387,-0.01114252350774009,-0.03742803766604016,-0.03699755436240495,-0.0048119160182300376,-0.038629240008838814
-0.06007029370173106,-0.021359725451638854,-0.03264122153255304,-0.07416464395693172,-0.03816201148989452,-0.06243054360891644
-0.009546433954811006,-0.11183482462448707,0.03796262722992807,0.02556234207947326,0.014576353066552207,-0.03729004527387275
0.10727806837615297,0.06517319811066144,-0.037237090280932,0.09821468565143683,-0.0012919337785239802,0.0913638281857804
-0.025017620626305668,0.024258983711883668,-0.06509848373901779,0.05472064494582676,-0.01802217135416272,-0.04454368710261349
-0.04133957018403667,-0.043283363194144886,-0.007269780803162393,-0.05932113890432431,-0.10903345981932538,-0.05825903435642274
-0.0015564050433763772,0.07334961843873984,0.015078281525097222,0.22387810775806272,0.18594789059580427,0.0706339501049868
-0.04663476011146001,-0.14587538764764707,0.005141630363316625,-0.05463326044328787,-0.06280675584799857,-0.0094831184483445
-0.007873935698438627,0.04822885366421515,0.004781650651185183,0.11271653185296891,0.08805021782771619,0.07595319813938163
-0.04135452947495483,0.03160774261692014,0.07501738688109744,0.14013218073634895,-0.10576327975261578,0.03291063458502016
-0.06171361869043404,-0.025259261475395093,-0.06524282784956428,-0.10191994989934348,-0.020112145035747996,-0.06806725994170497
-0.019108496252093928,0.1181545854563681,0.07519585049715714,0.1875567898182004,0.09389363075337527,0.054857926938198236
-0.03801600336164406,-0.014769133252432523,0.07604025485342344,-0.061643497047375304,-0.02822063061973831,-0.12147737936075123
0.031620595968022074,0.08549664128097599,0.03854871283116713,0.14244383064595936,0.11089303793193865,0.10934541290942304
-0.025859709421584783,-0.06063267144985993,-0.038135842229520385,0.03010465243061391,0.022910629891132028,0.07616051928759521
-0.02615424000531268,0.024629682320851592,0.0873869750717009,0.14628589773188602,0.04853207894319412,0.007033784919216911
-0.049300642170936895,-0.02465515531933686,0.023855544943340513,-0.036403061965281064,0.0069932134948033,-0.07888703232163702
-0.042800773998442954,-0.04850385183797486,-0.06272113896943762,-0.044399405728837084,-0.009702258858055686,-0.07929569487452538
0.009663780466892338,0.06678242438667487,-0.0812414754566195,0.06767198105658487,0.26499952353913153,0.049360290588561305
0.03471687054513135,-0.18358404562926192,-0.04397043748236203,-0.03008994462878378,-0.07558771118284166,-0.06419567172767239
-0.019620165164270145,0.020751525930725677,-0.02886588494744989,0.14742166839730272,0.05955864690015141,0.003321446590368192
0.15074107540920684,0.15273673356527692,0.1364216956891585,0.07036710564471166,0.018041823358402338,0.00032886257143271795
-0.004420306608128743,0.11260063029251392,0.1529828914061565,0.04929982905752385,0.06971265309987144,0.061575657533774746
-0.015461591053626413,-0.020975141318134022,-0.008946706115433214,0.0197731050413313,0.029705596933548392,0.04786631805412084
-0.05210349243916054,-0.04667218846031927,-0.01767650396250454,-0.011026234205911983,-0.11774205863692813,-0.0359732989228906
-0.00542598111436806,-0.053583684301358174,-0.013331359554160576,-0.20596089563528994,-0.015004172199244676,-0.07708061760949037
-0.057316010223361094,-0.03469800144935553,-0.0395636740749496,-0.05107257431601345,-0.04942019758217224,-0.06894490438194743
-0.0354334273231885,-0.09302652214640678,-0.01901789802629681,-0.06671283307196883,-0.001048597114461724,-0.06033639250762795
-0.03200543538003811,0.1604815140414664,0.014534948591099212,0.1129404660269755,0.10402279499256077,0.0923562613931213
0.10461964869869372,-0.08128542663887178,0.10714358238764982,0.020413718988071202,0.027309565687398722,0.03160017004430514
-0.12484714069863587,-0.010909445427498592,-0.06730293581528139,-0.030116605418987592,0.005654129039962744,-0.025503779295620917
-0.038494462034082376,-0.010953975705459085,-0.09266476067197325,-0.05375984849127388,-0.01534286676867378,-0.04845407399761762
0.0017410084044768683,0.028307389714916725,0.1753791027893374,0.024997725063797126,0.11150183960769439,0.037927583143218944
-0.015006413366756689,0.01335975999578775,0.1037455809722509,-0.029475746879998547,0.06938833214220522,-0.01769921778374204
-0.0122645376968409,0.0031775884073385226,-0.03181130072257183,-0.07014206349961255,-0.02173573316381729,-0.037791503903337166
-0.053399932343896984,-0.09997380833746107,0.07365613446070401,-0.01971845864680826,-0.006638688148455536,-0.011335519903396861
0.281264692570002,0.048331630796935456,0.009711947737407781,-0.0012126262230340655,0.028619385723191202,0.029252468712340503
-0.03373477657151051,0.038834787712407025,-0.04822260169907499,-0.03174241952046317,-0.0042759936357128145,-0.024380753539816107
-0.04079503480108595,0.02036265589447626,-0.0709367203711614,-0.028653794721624635,-0.009694102880210418,-0.026122095238844574
-0.06794002284781914,0.005936645465337604,-0.1360000204269645,-0.04797516295119821,0.006245167229259977,0.0018837998105442513
-0.03849882963121217,-0.07509603918856479,-0.041522015363866696,-0.06737503500159789,0.005037234370030228,-0.042756166927604845
0.14093851861211765,0.2076364741386712,-0.020691190624558323,0.05582083945891954,0.05079497113842575,0.10679184613046669
-0.02451259444331366,0.02925874249702382,0.07921083425094652,0.0549005884150254,0.024486091463749606,0.03858964284423699
-0.016707228982804908,0.04359806254810397,0.16633552899376108,0.014745450034670989,0.10873122012332699,0.007657903065279725
-0.043003625426250976,-0.04481205339958088,0.0644977910781521,0.0006776028018331162,0.0021611374800121442,-0.07219055681964798
0.0010186429912630137,0.046054115955722334,-0.03773349228685538,0.12348433923279888,0.08907773282623273,0.11440092157143261
-0.009701162364194734,0.025470704410525822,0.12356790749350889,-0.01606055672259656,0.025589211486375153,0.0008089785873284308
-0.03532650351726116,0.05719505668343588,0.09374994256685902,0.17780323725463182,0.028148884911890413,0.020139789571224323
-0.025113613006584715,-0.03215444108420298,0.011671906666063762,-0.06607401811280339,-0.05914259134540446,-0.052679628501458645
0.07044433454971606,-0.05117925947319362,-0.06641590627467354,-0.04350110386864408,-0.004022532049709352,-0.0025705747664218955
-0.05049489102371363,-0.02786820253770359,-0.030221649663725755,-0.058363180644461596,-0.017755205475056796,-0.03624852701301096
-0.02124854702184723,-0.09922172412939817,-0.03419338091541849,-0.01075086673434857,0.0019140423092309632,-0.025490481445783125
0.07461819862072187,0.017194001989809474,-0.1048731690579887,-0.022116459790236454,-0.04363373568795611,-0.03376801180065532
0.3141422371842745,0.07482008587021184,-0.005990722542774395,0.1272775813594132,0.037474137377204474,0.02810510375954662
0.2547080922812843,0.05686230205204041,0.04881980446564374,0.043488640159151784,0.053473181521661264,0.03518579315466903
0.032333995365430156,0.11822061272747814,0.18467442330116007,0.012337083698992998,0.07173205615292803,0.022512400252646086
0.13577561239823518,-0.02653307794368156,-0.046822566499530184,-0.17023371239131993,-0.0180698237132448,-0.08032241564092076
-0.02652573727471858,0.07900041510261364,-0.04747454258878795,0.1389749599896096,0.05853525560615272,0.005424618103852668
-0.024560086917147825,0.08861031803679262,-0.09473349596386837,0.03945384943947124,-0.05472822887447586,0.015795739916188378
-0.07765351399257947,-0.07156353009517835,-0.03900893238488491,-0.08348118360746774,-0.050911007153272306,-0.05863727472418786
0.06644340502668458,-0.04313831893710134,-0.048645425107069144,-0.08092020564385917,-0.09609612830918685,-0.06606532512195676
0.14972121028894725,0.2119735402667537,0.07084381575498354,0.055230374227179566,0.02830252864245185,0.08281545793095796
-0.0140606785591316,0.04593379338974638,0.06270720466053813,0.07468897342184036,0.08928362912781002,0.1187897705051503
-0.030327349329164865,-0.060517095382868494,0.008552768715979445,-0.017035190443390167,-0.07423665556543024,-0.025462818859429668
0.045200794959908905,0.1297388659319565,0.01287786952606509,0.1163698334344277,0.02564625322812633,0.06449872456637389
0.24763875992580203,0.00019605447935273023,-0.02336090752198645,0.13269429506405497,0.05884142654833081,0.144287710099659
-0.03362495442242294,0.07519530029915819,-0.03924218357358127,0.06664504723853883,0.10876685893349634,0.053882170858789255
0.1359168003824978,-0.101897257286392,-0.10058932325716612,0.004005545553484565,0.004675485713666598,0.014920294995582156
-0.03335275030895752,-0.006933786619718212,0.03958877720403004,-0.005120888384875596,-0.05410103718174198,-0.0031711154740347346
-0.021416925744572,-0.11254194465502605,-0.0163194194937632,-0.10301470074524843,-0.04111190404853361,-0.053898710708294786
-0.021539112061866997,0.05428742276845565,-0.1167911042423411,0.1289441210240796,0.03134525572624816,0.018466674986432067
-0.05050665280599279,-0.09545540907211714,-0.006622145021120254,-0.0469899014626603,-0.005771861998313829,-0.011907035337004827
-0.057700970106433006,-0.038277881141980705,0.03810756669765289,0.004911334051474549,-0.03238403918281764,-0.07387575544026233
-0.035116080413740924,-0.0067026154274301844,-0.07207099764351056,-0.0564254389384468,-0.007442887794673504,-0.03845164999096045
-0.021978964346599007,0.003428356866072336,-0.07677319071236241,-0.09879609237737312,-0.023769694086833847,-0.026228454335994182
-0.03047510279869209,0.01375351479867621,0.04894938807271921,-0.029319046511322604,0.07264529902427912,0.05947650657781081
-0.037884866247225285,-0.018077057884268517,-0.0403524771993687,-0.041482571259931676,-0.16381227528983375,-0.023575116043384144
-0.023805043530048774,0.0840093825303277,0.022885548952420596,0.07646435292966566,0.11613947950749824,0.06376667850354467
-0.041792599818325823,-0.0434169587054843,-0.059460475965890575,-0.07144360480109599,-0.11436465396257571,-0.03887330898023487
-0.04185464904564558,-0.07294087669692001,-0.08456168160731742,-0.08444987169780806,-0.03183388965838777,-0.054544156937122834
-0.057700970106433006,-0.038277881141980705,0.03810756669765289,0.004911334051474549,-0.03238403918281764,-0.07387575544026233
-0.046297529130930694,-0.10307747140663649,-0.030171729290197413,-0.03290081328036039,-0.04240705453387246,-0.022948279723301383
-0.02732754129295986,-0.10108453837910183,-0.10272541931439846,0.024138604880686757,-0.019701234290928092,-0.03708800093451922
-0.03093539383553947,0.002131982920372616,-0.06377769865227449,0.0036573773747087344,-0.021764838639808833,0.0030255740102751124
-0.03060202997115861,-0.031237665924808162,0.03686681597118828,-0.032554491099688845,-0.08563601956614984,-0.0194926355134798
-0.044917386417052466,-0.06661603883775823,-0.0573289009329769,-0.11140135716303619,-0.017809718362258378,-0.03317407968079838
0.2864346103632703,0.06291806088214137,0.03620569707097312,0.14168582380415107,0.0414490042867802,0.032074449658203136
0.0028150953944108864,0.030939632297392827,0.0530926897791812,0.17691429036361989,0.10063711100596591,0.0693979737320377
-0.046396604237297794,-0.09855769844857597,0.04201884449116502,-0.043283921290736604,-0.07347537340852592,-0.07449722767118816
-0.04372623831080595,-0.01976408434277492,-0.0007421451263295184,-0.07937965720427086,-0.017228541708673096,-0.11622631807362874
-0.04414279862190657,-0.06262302689435918,-0.04735870941471573,-0.04945858013060581,-0.011378181123891279,-0.08221943797457051
0.02351472531645363,0.06996435596724096,0.14476142018897883,0.04787414559584616,0.0772301197312175,0.05475543011617442
0.1447672692701556,0.21413462679530287,-0.0029015275615762344,0.05756166285764618,0.025428672381343376,0.09789273910756545
0.08956905627318527,-0.013688036580172865,0.010013520005741502,-0.15823989526050913,-0.008882377817962426,-0.08722653288735621
-0.05119159161800096,-0.023500354279834212,0.032365861913916646,-0.028532820320746943,-0.09689584377562047,-0.025094567540148317
0.015988616738147936,0.04555052638918002,0.08345917169152899,0.09810659557955129,0.10803906839219517,0.06636106661672864
0.0032185966131309065,-0.17730278993620405,0.03228258211572488,-0.0234245312339444,-0.0745218282998095,-0.09143781456592628
0.031620595968022074,0.08549664128097599,0.03854871283116713,0.14244383064595936,0.11089303793193865,0.10934541290942304
-0.041042747494406714,-0.012343999389066242,0.04822112633612941,-0.04460317622542546,-0.018448438973150863,-0.03388283127365851
0.26601299689162083,0.059060810645125916,0.0027379270484982647,0.14141966678328244,0.04518958045928728,0.025224647365689114
0.015100092447416183,0.12040690898896805,0.12391462993283699,0.10682315646501955,0.11886535047490536,0.005458230667520535
0.24683988429804585,0.03196412757931357,-0.008926998643453334,-0.010942212648263514,0.018260518684780108,0.010861757694437051
0.056109820636591576,0.01785890499318592,0.036327344898347526,0.035198695028176415,0.029476883566902985,0.027463995008919682
-0.023394689604769453,-0.10220689532990145,-0.08430356919408502,0.019519859332642626,0.017892407770958296,0.01756379633298936
0.06536704631100347,0.03683248343085409,0.06987441452282621,0.019061339181121347,0.04047664296524073,0.004722135823444956
1.1787222878503321e-05,0.11772916424914587,-0.06709218694298248,0.1340244794589852,0.12705011748261838,0.08862510305222782
-0.030941448976280823,-0.12255715110816681,-0.09121771875957663,-0.02041463973238854,-0.021580921487608762,-0.04329815963498962
-0.0617223616143579,-0.0541011030348658,-0.013986980784609266,-0.08645927112721072,-0.04822830707855315,-0.11449754441994212
0.12918353997324528,0.20630730524816523,-0.0612616306874139,0.07978273929650392,0.05085731128192628,0.12823619101884956
-0.011241528007901352,-0.012708491247086168,0.09774850048959664,0.029448725537076215,-0.07216264751181876,-0.011215418541768414
-0.012086176866166864,-0.11461321345958483,0.03518605331988038,0.010154000564304747,-0.006177803694588574,-0.045829339777267455
-0.05258143578313511,-0.025487739180340314,0.05047870105759366,-0.049010841503942026,-0.07716108033190365,-0.032833520353994665
-0.02097847587087616,0.05571962102649412,-0.10853230775226352,0.06562679435256466,0.011252824143557561,-0.000874321106762177
-0.02891361023189572,0.22876261003474263,0.07319130000518131,0.0743998753554024,0.040589065811045294,0.15272199660658206
0.030861943711932023,0.0824757385757952,0.029823295829174742,0.13396458939428224,0.10879671158553075,0.10208475200457123
-0.03723492480146192,-0.16356293422233553,-0.009141411961256113,-0.044803719437094894,-0.0010853141482677344,-0.06678569141482506
-0.018454607706425968,0.12992731958423884,-0.05909356598407303,0.06884727420312635,0.08262172480304686,0.03319730076164949
0.014227742165702887,0.07264773072907095,-0.05255598572482257,0.07629849337595984,0.1493000109833474,0.06663727240514813
-0.04669016367530833,-0.034807137627455874,-0.002817845380288933,-0.060759185837474666,-0.07595892969870788,-0.07052002583503368
0.012884899865498255,0.039367538888136606,-0.0663040777416818,0.057890903928638236,0.07590943894128091,0.0557105573417068
-0.011157997022864229,0.08658244516092747,0.014327176349102093,0.18733826376796311,0.0988665425350511,0.10862209318088094
0.2281660650524991,0.09731065542953263,-0.04159033543457419,0.09472099105466897,0.06815350521727155,0.11902658995015987
-0.013911772535491817,-0.054052255497488925,0.04116939858880737,-0.06633491539840826,-0.06861239933446142,-0.02009957365081124
-0.03892494740571053,-0.07252614270888899,-0.08261861367461983,-0.02344247525048359,-0.03869057062064718,-0.0685213513699832
-0.018763010456342554,0.09518434670318793,0.08215531726722552,0.04500568329366815,0.09391585831404341,0.19677550844434083
-0.05092175182883859,-0.041141804177754975,-0.032724351123451324,0.02593958235441117,-0.11744307711333621,0.002612493648801209
0.20852954455357464,0.0844282259735524,0.06569775119107041,0.13326695293101504,0.03708453175966683,0.023566555962558296
-0.032219097732205014,0.011802677216847315,-0.08235829123358471,0.02950538073941966,0.07336494276661845,-0.015315119533608222
0.273923931373871,0.034200353579834496,0.04001937890765109,0.06997364360069132,0.1059795044146389,0.08091137142936894
-0.020659131116358906,0.019634504939605876,0.00826765286871824,0.04420350033450902,0.0737273083853441,0.10761148217511649
-0.0047940551050458845,0.002989942381734797,-0.07774210259314301,0.10329725867272574,0.05775951756296138,0.022483524711190944
0.1274811982760107,0.202207675049613,0.0646411149418549,0.07560607878887263,0.015306645598248885,0.0931317155177058
-0.06158191192887694,-0.029799594199932836,0.06831990475329634,-0.01045224636092203,0.0013052735173167528,-0.059816868377645334
0.06605248113354831,0.0464750277488989,-0.1430799902647891,0.023552135330094686,0.021609375957417572,0.04155441033865124
0.07144574949329789,-0.10441703338742132,-0.055185911485020986,-0.04295373014968589,-0.017257449280495052,-0.047648035754800526
-0.01535790918927299,0.010989682125592053,0.07890147402013782,0.11009653099601881,0.09439647023131467,0.10110681345479434
0.013202787925767498,0.0826885619749365,0.013311196027410682,0.08490429138794965,0.23495170399882864,0.07457368951227018
-0.04262133036112095,-0.04242876933459112,-0.02384885764667449,-0.043272955250918115,-0.05770177874896048,-0.03533142862353621
-0.04455784314760676,-0.008318457549954809,0.1058771734770269,-0.031217651851949458,-0.009552424369572715,-0.022897397917154786
-0.01834354613174773,-0.11987700936960875,0.00843182669242449,-0.13355087571007845,-0.0671540868512299,-0.049662960488536856
0.2657997515842121,0.10737148749080702,-0.04060442266780239,0.1127961706896536,0.019174988214443994,0.12560180678811195
-0.028295854359875895,-0.14547645274783236,0.0383066697969726,-0.044966975955856955,-0.027220707691608614,-0.04862543029241393
-0.05457253950292445,-0.0035847852946105626,0.0075365985719973985,-0.011680339206585066,-0.003854717139749602,0.004813172838322314
0.1686612895112239,-0.055471707334303934,0.14603181836580578,0.08293167982434577,0.07335304032095252,0.1389045047751212
-0.05962671572211283,-0.02586674562594051,-0.009818248922453041,-0.0583261577271572,-0.10376466070161046,-0.04078252782413173
-0.055483812361959206,-0.002355794194475965,0.009053722558892599,-0.015195022454643652,-0.002340698340970888,0.004851484175066228
-0.021494796055707102,-0.02695510982081794,-0.01627378770214992,-0.059059478025047324,-0.10876593529521161,-0.0927130346893863
-0.037953756605036276,-0.021854961221393358,0.0025386615303013404,-0.05620594830246018,-0.12720280342317575,-0.043707980673926054
-0.020220244567096098,0.09113614275653258,0.058425539851163756,0.04233187367257848,0.08704593131791222,0.18384157015862035
-0.039190659919833164,-0.07912440070944118,-0.050584265024691294,-0.03796920355593955,-0.01957750892552917,-0.05561475983073816
-0.026180195496064262,-0.045614650338848234,-0.07404985824914231,-0.046370292317538184,-0.02597337423108617,-0.04259389495791482
-0.03160100270020552,0.01651486247435283,-0.013938448398511914,-0.053029125071775374,-0.04077449983118677,0.07944514650368226
-0.043544109388310555,0.0007358639872502372,0.022176692858360644,0.06934966931189537,-0.07211551454066069,0.06063319651496107
-0.02476752567068608,-0.04326412693037012,-0.039477695912538864,-0.08225992739277174,-0.03408215394640453,-0.06411998103438848
0.12385626780468097,-0.07816149928266952,0.045802554622339814,-0.06926271636238909,-0.0436354222518844,-0.050166458446538505
-0.024324785993894756,0.012731263657863883,-0.08886799713250793,0.015464875877545492,0.0168489691482163,-0.012155079376319176
-0.042782566530447576,-0.05466588684127279,-0.028674923006256597,-8.204955230802141e-05,-0.054672971555630424,0.026462008570089318
-0.05317200845268855,0.14396392698266292,-0.012936371471844028,0.04420806174343555,0.06071515614576659,0.06046095754707212
-0.05067064490978634,-0.08156867636795882,0.03494419240309004,-0.06526506871223713,-0.01890061325823796,-0.05702405051017618
-0.06785607202160422,-0.03894080029092894,-0.02134377533021407,-0.10207027072990206,-0.010738531758501996,-0.06959745036787723
-0.027546901411540696,0.01176151227032608,-0.05152516059799178,0.012449663787413575,-0.04161717925361011,0.031829556572683354
-0.04037813784360998,-0.016480711549088707,-0.04060339443560298,-0.05771067303279331,-0.09440486232223684,-0.03730197914627709
0.14171433599684058,0.1556852749195918,0.15961463286458624,0.07194225388787177,0.02119859353498725,0.00021423117810279085
0.14100817986240496,0.15257058100901547,-0.09409523587622116,0.07228898195837084,0.03689586918713523,0.10082480011358032
-0.0780326086283157,-0.06119890848218778,0.008092299116270584,-0.016778940656902983,-0.03705754346446512,-0.056899689336918385
-0.037686240908821354,-0.06005361713512382,0.01831349326108828,-0.09735945487104897,-0.045596143572074636,-0.0534525761349323
-0.06050942374218613,-0.0869331888771245,-0.01340936033670575,-0.01993006590262047,-0.07545694922466946,-0.007491000672440489
-0.04676831731493696,-0.11309019958222305,-0.007147281171440263,-0.01422072433192102,0.013304802388071723,-0.0010885928178271645
-0.03697226888522313,0.012554759409316881,-0.07402459055722158,-0.01404220954438139,0.004144317217954147,-0.024806660651501028
-0.030933708140777276,-0.023081540282997432,0.04607413727223055,0.0035305436192790904,0.0022543089466509135,0.0005538099040379188
-0.021590344540186886,0.029121763263618223,-0.014391978524003335,0.01296604463160888,0.09790116397806974,0.04113321416517698
-0.014831705390955777,-0.12294617054886617,0.035908473087017626,-0.05560877775596962,-0.055267307959177545,-0.03535882822773383
0.00043843859819313227,-0.13616081851882378,-0.09237580158686841,-0.03791917776960207,-0.00790182145137239,0.0038092490483803755
-0.038991255140513756,0.004997840640064938,-0.019694474560003443,0.02059416724674467,-0.06305164839936345,0.06761025180460835
-0.06243282135869086,-0.08706953117491745,-0.0738288579365425,-0.041807462788716596,-0.025122419891313363,-0.05202483626490739
-0.041042747494406714,-0.012343999389066242,0.04822112633612941,-0.04460317622542546,-0.018448438973150863,-0.03388283127365851
-0.03117058376032416,-0.06159114168514452,0.006298866606901264,-0.029964344352361366,-0.07700778278587932,-0.02853220570334677
-0.04403744049919877,-0.029354223120673963,0.042061778437090365,-0.04924620010034121,-0.10615165491071551,-0.048715727767779174
-0.03428125989702257,0.030895506787463802,-0.050796454057615244,0.11437816494514183,-0.012908325902686557,-0.032668062242011964
-0.03798254668865172,0.019206690251948006,-0.0035675709325859784,0.11136229801087397,-0.054971036996906704,0.06731905485529625
-0.04194462322586864,-0.016791598337972367,0.0545899002768096,-0.04515875935301769,-0.07717953493663803,-0.06450957573815343
0.1360465157262679,-0.10281949409782333,-0.05241241584864197,0.0027175842755738705,0.01316676237624909,0.005220000789071941
-0.017790483393590073,-0.018729001216681307,-0.025860041398862967,0.028859281141719536,0.036778922953965294,0.01501247539028734
-0.007956849680501142,0.021126602241483713,0.1185956453567866,0.027369853042214454,0.0745871699868153,0.06950251213635207
-0.04825825053347157,0.015345827331334992,0.030608003004766144,-0.01814352192062308,-0.006766902650675358,-0.06804491030373533
-0.05950562484192111,0.04877732262022852,-0.09436931197167356,-0.008529916567960026,0.026326500573465188,0.031330488056987106
-0.012086176866166864,-0.11461321345958483,0.03518605331988038,0.010154000564304747,-0.006177803694588574,-0.045829339777267455
-0.014032060479960688,-0.017760324519922713,-0.0016400769645150317,-0.04036669889315873,-0.004973332337184625,-0.016117242654447552
-0.04371240809694841,-0.035669554427716084,-0.04271851210419643,-0.05839601898364968,-0.022539526326755793,0.012703412124107106
-0.050246161701245205,0.019806334320099896,-0.009424623458320576,0.04735466877088247,0.04324697726141347,0.04679620747839072
-0.014855904983357435,0.07374083778749509,0.047267091223203654,0.18465829568949874,0.07299436801147348,0.1729606752465326
-0.046959578310016466,0.00625873146685937,-0.03872833696895676,-0.07343920814494452,-0.06995409799047587,-0.06554817424909831
0.26601299689162083,0.059060810645125916,0.0027379270484982647,0.14141966678328244,0.04518958045928728,0.025224647365689114
-0.06845011832840307,-0.052536517486122425,-0.02510184884230834,-0.052294697233702364,-0.06942098032939326,-0.07241002687285826
-0.05078262298464553,-0.04627459665811685,-0.01323117729326035,-0.053920117293598954,-0.11006562493018844,-0.057890983899596384
-0.0460549530767888,-0.1439979934878535,0.013408738585816076,0.009343930529800471,-0.060421901305331156,-0.0769998485184815
-0.07381826463283285,-0.05376585328784978,0.00939653996759253,-0.021621059770181937,-0.029742809642898434,-0.04250612301852694
-0.018580649328012924,0.09072042405304848,-0.00948869434628492,0.04451255829928422,0.09832468930088531,0.04516504738283153
-0.01638569664979071,0.2574534518279754,-0.04632175345604372,0.07890949935442582,0.11030947291615566,0.1450818274289645
-0.03885550040543564,0.011358762558533164,-0.04129026108119732,-0.0008018611342750994,-0.05048672941219645,0.0008486557085437624
0.012048045166905158,0.23487263515902945,-0.018230364529923472,0.05517029685518369,0.08138392225697876,0.13686274146168437
-0.04383033193254387,-0.023545103405768594,-0.06593901939034716,-0.05954365330104668,-0.07898527283943516,-0.05258190386841684
-0.0780326086283157,-0.06119890848218778,0.008092299116270584,-0.016778940656902983,-0.03705754346446512,-0.056899689336918385
-0.05868682571000405,-0.08538103375680674,-0.001348079790141127,-0.00879743095391183,-0.02851660385554293,-0.049689377310081814
-0.00840896257863249,0.04309710962901113,-0.024451034219233267,0.006097174018030063,-0.041288424329946276,0.05143068411889749
-0.018822317212148918,-0.08856678062716188,-0.03590732254974368,-0.015417622257831118,-0.021322859108191258,-0.001453661090713087
-0.029626516416818016,0.03424360111761805,-0.0717772102139444,0.01677542139062556,0.053655771798051796,0.01225194338296009
-0.04679043298293184,-0.025962213369815152,0.08744795976818914,-0.009489248437658627,-0.07471695929898596,-0.016441694178764035
-0.036327704885400616,0.018704957889449456,0.11150947371829525,-0.005445431917568782,-0.06435361379430246,-0.010092803571876375
-0.05189558531841564,-0.1161895927563131,-0.0181881738475869,-0.03157882901327415,-0.006175047684499597,-0.030704686862886348
-0.04808547156676121,-0.03158113442286735,-0.003977458342569664,0.039847856867382125,-0.10960734850416651,0.013554500066018837
-0.031161104935281198,-0.10055695729631549,0.03755973970764696,-0.03443516781780651,-0.05229068056999623,-0.03078571768224787
-0.04145642911440649,-0.03034675205888169,-0.01662275201219272,-0.06057720841921984,-0.1497079508006107,-0.04985196173098917
-0.042926484977937385,-0.01861087860053816,0.04539977338195313,-0.04790634455710141,-0.08076242818346029,-0.06387041345320728
-0.058975684741931635,0.02956805380228093,-0.0700253110813108,0.015702509755694524,-0.005771539199525592,0.06612499082266023
0.03806992792133564,0.03491986447889431,0.020347521833471657,0.044560554811965615,0.04320838279149074,0.03935111790337922
-0.09672805747601033,-0.09145887092569314,0.019203548048137856,-0.07821241229397323,-0.0349456636476461,-0.08719856121754586
-0.008964945296536006,-0.10632848647203584,-0.03999333947754079,-0.09831606648396361,-0.04609516759691178,-0.048776234989084316
0.04692191911371445,-0.07314849856921274,0.01711094728059785,-0.10884234667848171,-0.049684236707433285,-0.07826235150911298
0.004226171887386147,0.13023920539541387,-0.0015672052780527257,0.09548258918383844,0.082637434526521,0.04596270521477031
0.06358647570034405,0.025253911538225322,-0.11248475742209717,0.10781668084708204,-0.009182463719708081,-0.011416744810485751
-0.03551143959262362,0.01733401206921288,0.037795746028488064,-0.11020799736884784,0.012411450566148377,-0.056053249062454166
0.12900913658026678,0.2294279587684112,0.033339976943289835,0.06471684127985573,0.028409633520518434,0.12318155929064065
0.21132621237011487,-0.038202513095377005,0.06347246561937103,0.071709151089286,0.015276633753408203,-0.0025821297994034183
0.0017410084044768683,0.028307389714916725,0.1753791027893374,0.024997725063797126,0.11150183960769439,0.037927583143218944
0.2673869432968237,0.07870286320270774,0.020142420304447593,0.09809096595113649,0.015127998138007841,0.11981038607809646
-0.062494460758004335,-0.02297577373285983,0.028598063594907776,-0.005529988051512096,-0.11405828165872994,-0.05518385187992798
-0.0682474920629598,-0.06722425454513871,-0.12331168218698893,-0.03327928529409836,0.04397972022012629,-0.08462549504155784
0.0013748382543091477,0.036635973873133026,0.12171266808096792,0.017421784291463994,0.09721385419333581,0.029624057170504405
-0.07398227410071438,-0.031090974750872327,-0.003648358117444518,-0.020867644151436614,-0.015304929368600275,-0.036947051670637686
-0.0362287330803105,0.025200759042067058,-0.05685304715466715,-0.006437146050109257,0.001890723624977715,-0.0490507759550434
-0.04825756343962196,-0.022516604240058028,0.025411466597546326,-0.060848105549891035,-0.03945314662483585,-0.16076709703713443
-0.053019755951801494,-0.07656947828973365,0.007309473154121505,-0.0834676279585068,-0.10012648725031371,-0.01926203868958146
-0.0577932942744845,-0.022699084449825876,-0.027949725423718094,-0.023564504896454345,-0.06862257975513168,-0.05385053108939599
-0.03145673378495162,-0.08688682699192171,-0.05786855925993689,-0.046284222955943546,0.006723479375177863,-0.04851306582636361
-0.039657631731886134,-0.022562274594930178,-0.046579789563100805,-0.051107930464359824,-0.07643110393131598,-0.035261770803189686
0.1655539495441365,-0.052921931546881094,0.10594220288462514,0.07238176394897851,0.06600778523310392,0.13153049398282204
0.06228417324669637,-0.13488731568516452,0.011466287237556256,-0.07217214145725853,-0.018613500577446186,-0.06726408723784855
-0.03976054407266552,0.012160737619958862,0.06640921737069426,0.022265087775793273,0.01819492676260841,0.050326009040122764
-0.01867718407276795,-0.03367471108381756,-0.03447789391880582,-0.047181238938644565,-0.017117508601783016,-0.030434530803760844
0.2669623382618631,0.050667784395954145,0.07843164316365965,0.03834914075168063,0.052593084470974896,-0.01161850530194779
-0.039448866027727646,0.009372010434875533,-0.0983280693265783,0.0021593584355816633,-0.06641865569072201,0.017969501745214445
-0.048576578616464396,-0.03701811341399582,0.0058217798064784144,-0.05009449438449772,-0.10641865630585562,-0.05295015390819834
0.005108907385796459,0.2352442129590691,-0.007708973700761886,0.06653088960241792,0.09476976972578738,0.1504159585760365
0.13005775972104025,0.2266378581647953,0.022200300747796508,0.06308097016179944,0.03249463146871466,0.12351087836907083
-0.035339758520459764,-0.06509075025148621,-0.06523443065103958,-0.08633745716313009,-0.09458557978461969,-0.0007685471248347032
-0.060210375726335384,-0.08213952824267153,-0.025458333339573168,-0.039101442967466156,-0.0920679791559969,-0.029086775128632288
-0.0324602914913293,-0.07079592896807033,0.04569558578744062,-0.0692494694978759,-0.07244095267381818,0.006185704766962156
0.2711585035320249,0.04905953241415649,0.019871781563746884,0.11253584497355663,0.05774682313273722,0.046814154037410564
0.10666645236758057,0.1592835579474716,-0.10726386336947195,0.04365113654178817,0.005110007776535655,0.06363814940811176
0.0005449446399374019,0.029478411607857014,0.0579107219453446,0.09368596237143353,0.009188759384442526,0.06046340258614752
0.14609667449891311,0.1606775540131387,-0.02192967029243639,0.05905643018328817,0.04883642535958407,0.11800930878210945
0.2059026189483768,0.06868473428171819,0.04732002742594959,0.10425996574325995,0.035392403214529695,0.12309672984052238
0.05534094312911439,-0.14022000426817874,-0.016453996637877354,-0.04551090268743144,-0.018971208592013605,-0.06467713163068807
0.01406409662438747,0.03941381974268019,0.09847429641566102,0.12453202353411885,0.01218224312987975,0.08059601898864348
-0.03611935682165909,-0.13092235753359724,-0.030794592520142234,-0.04766109110305547,-0.023870285329710753,-0.07220224481683236
-0.039776886652270145,-0.03100989970107381,-0.034187388211543275,0.06576818054360314,0.014680825318179972,-0.03627363838606494
0.12732696184901235,0.17488457328728693,-0.04072434015255099,0.044343553964931864,0.01522669668953057,0.0832426225115922
-0.04993301057741537,-0.022126031656577023,-0.08892118959947236,0.0004736901378992893,0.007178702293745305,-0.02122322230367414
-0.010599929229880924,0.015243057047766505,-0.08832134047415321,-0.06257841399912542,-0.006134893904387316,-0.0035623011681881938
0.005283493927077908,0.2525668329316445,0.03198741415348293,0.059518717255105186,0.07107522943747957,0.124128670727933
0.0077824612904557645,0.045446567009837596,0.1441750025980616,0.1215322754177166,0.02800406334478553,0.0718745408447269
-0.00023094146501357463,0.07097341986487207,0.028139292632947784,0.23209465532285242,0.1793700128263213,0.07285504719781456
-0.04621574193810897,0.03419585651772554,0.038190635926277604,0.1657182854604226,0.002885911480899107,-0.02848113196288076
-0.055141041840440316,-0.04704483463714187,0.016422858300397893,-0.2032357153328593,-0.020284255536753306,-0.07754816581155799
-0.04587500380114605,-0.010621905637409196,-0.01179280333242654,0.03235437285056319,-0.06452580415212356,0.022657791613620203
-0.011012546933100926,0.043763622960720235,0.033462173151150645,0.04624337323837596,0.03917791302248338,0.0006647419360151331
-0.042813454977705674,-0.006333460071524044,-0.06296827368145655,-0.06479368273824447,0.02664174868428708,-0.1123590654716908
-0.05537874404486008,0.0009286139117338934,-0.07821619823309021,0.006866720571682453,-0.00498812259350108,0.005430464979179417
-0.04146279841031938,-0.03189046073878916,-0.014643249980202703,-0.06489237524241356,-0.1463503410514524,-0.04890944137632202
-0.0393156728863315,-0.041750767605037716,0.013900227025403633,-0.12983354310107081,0.004286902752529092,-0.05409399945105289
-0.057744688800833624,-0.029540006264312753,-0.03999408453142794,-0.11419482263680264,-0.05295679381241541,-0.05681428559664456
-0.015366277769508892,-0.13334860020526126,-0.05310942412021228,-0.014769195753242934,0.021107909275601182,-0.038674282289375445
-0.05197316924582803,0.1489467006748082,0.09287906808184705,0.04827190612644599,0.07425642713956297,0.05501924986974732
-0.04428936337263663,0.021417084668859214,0.06682083377715999,0.03975395253518565,0.03747667195929509,0.025355673656971518
-0.041609031772534014,-0.0573388389024785,-0.056628634099306796,-0.046531926259382,-0.030533766526176204,-0.04894070831847446
-0.03731074932099204,0.014695821481139992,0.006520340163460998,-0.004530603996709397,-0.07472471099103672,0.009907643381592994
0.08104880111923549,-0.034911897894680105,-0.0381451358140654,-0.07083383788430425,-0.07699875737782369,-0.062223167132847756
-0.0308945972645813,-0.04290021812765761,-0.05590512759047857,-0.040212606764836754,-0.043796266019968215,-0.04459261756628045
-0.045209035769906286,0.004546625925095744,0.06478940392101522,-0.029183824738636,-0.05079183376224607,-0.016958064847722578
0.1869428546990361,-0.016284907118144384,-0.033801877795497065,0.04192301458735339,0.0002530423646021763,-0.05073898277791061
0.22829901674165198,0.02157768069458035,0.02571429061652595,0.08440814223944534,0.04898665102258649,0.09124445410495853
0.18879004800982135,0.08894202311288339,0.029498092232027526,0.01916983937879514,0.04453295621212053,0.03987497302935468
0.1477143966874154,-0.01562841011829172,-0.03323781421084471,-0.1568779848305085,-0.015367076184694458,-0.06761825819270326
-0.017317974154590673,-0.03652571017684769,0.07111840143450505,-0.052121786150594686,-0.01526603013681438,-0.0235149032987457
-0.02641970144540251,-0.01772624519406898,0.08939592716571246,-0.03839339027749593,-0.03424344801772479,-0.05320221134574683
0.008006300123706837,0.04503890203709606,0.08948769039433017,0.22484793427690156,0.09087415950742768,0.07082318634665079
-0.03844020721917951,-0.08841258612429166,-0.05857355748103632,-0.09149382491913313,-0.044621039999376194,-0.06031887219279413
-0.11117752510298179,-0.0717564060326496,0.025350858786564227,-0.07116732469673076,-0.016715818431048125,-0.12841586884420683
0.012987452688651912,0.11726400849629874,-0.08742774556221773,0.02901487120984865,0.04643446345960649,0.04670108319760222
-0.03863812151570188,-0.047529733114221005,0.00433559619194081,-0.10575779984845599,0.0013476457669785408,-0.09298011300813544
-0.02768726457710688,-0.0983998859976235,-0.056513168206244156,-0.0166463099426127,-0.002118290903514892,0.01519296208157675
-0.03293345348423306,-0.01794193520466042,-0.0338014616632015,-0.07295092758153864,-0.047856634326229205,-0.03915584262475583
-0.0535385462103763,-0.03812419225308704,0.019105744844610188,-0.09639836347867002,-0.09107285646879584,-0.04991873038417857
-0.048472718634463285,-0.03120009500921316,-0.018140670925650186,-0.006400375369027944,0.028429238854931007,-0.007019134612637414
-0.04983066806215329,0.007225123155005338,-0.00583729894168316,-0.12684519203409372,-0.002691675748394445,-0.11199123704175866
-0.029182545367904947,-0.05982929042144157,-0.05699800149173526,-0.04595426023959004,0.020887227181600562,-0.036978366910854994
-0.030826400808494653,-0.11899474403061416,0.010308442954384782,-0.018615566442435047,-0.013322673505327612,0.026462940597024143
-0.033944243265689386,-0.0526531097387989,0.02424620250770903,-0.006084273810408663,0.019777578597468495,-0.02098359557211811
0.14514852114284563,-0.041101348018319814,0.04894436126790548,-0.027677702775728612,0.028986906688832175,0.04675306157864743
-0.050777711903905516,-0.08158703247871163,-0.07837837242044567,-0.07242837265411418,-0.024040974343957657,-0.04966897229798392
-0.04002947710259587,-0.024723743537295076,-0.030963798203423532,0.08021278215016187,0.01870338090150634,-0.019485991035563074
-0.04425326736683129,-0.03896851166862477,-0.05826500902210097,-0.050105779369094064,-0.012344281113687725,-0.06332707444564079
-0.03557290534372644,-0.053806878469063006,0.030703953659081643,-0.19822002482829928,-0.04173066536450682,-0.08670897227933776
-0.034041579269087255,-0.03675324548012999,-0.01903805007542255,-0.09561725387373843,-0.09331766870691763,-0.050824107048440155
-0.031138515016361813,-0.02484340109523919,0.027470307544749842,-0.06410313988050974,-0.03337933637090675,-0.03598838744782475
-0.009452580780278363,-0.1022236688473046,-0.040326601036312214,-0.005312658958794006,-0.01644780247330874,-0.022104975687870156
0.1324819741143734,0.1321322865740637,-0.11184231957049928,0.03559463099511853,0.024949684841041823,0.10039099143376454
-0.026741167146853283,-0.01360674879361944,-0.055107876619750494,-0.14990003532553933,-0.05564626010026544,-0.07372175544716167
-0.016864241558378353,0.1458434218837052,-0.03964397114175141,0.06007051841451514,0.05294145437461944,0.028433577094060712
-0.03064679505941166,-0.02895030255759811,-0.02566099722870167,-0.023021117980056804,-0.028958396496904723,-0.020510890230893426
-0.04092256001758466,0.010656225593921723,0.05322076798444896,-0.10745162755966489,-0.00874911469737955,-0.04034291147332034
-0.016580771354851788,-0.058649406346327516,-0.0885171914528178,0.05744186471427259,0.0420470967156811,0.042922646043194644
-0.04038294035960477,-0.06831444694223598,-0.05818838015758215,-0.094358641809509,-0.07690067515351938,-0.01592695413175467
-0.001669581182219835,0.035735458748600304,-0.041153774195128605,0.09871329093582322,0.11290066370302099,0.03858750730570155
0.21648824144463208,0.11649388855958553,-0.06485146149491734,0.1149017821838862,0.026217274904501,0.026963265972004307
0.18272740899994008,0.20273515299838332,-0.0963231677877912,0.055264314913338025,0.039808389430267835,0.10343914125682203
-0.014873342159182512,0.2302281447596661,0.057784243836968466,0.1007792224591928,0.06473008739165588,0.05298421162008209
-0.13187467219073426,-0.04300915613465932,0.024531602577089036,-0.13744338331014594,-0.027765450457898046,-0.055496294581366394
0.1693005741613768,0.24022677995866604,0.010427565218872179,0.02365184542974948,0.01473295807431684,0.07160500624614274
-0.05063737064071379,0.03317542487221281,-0.02722297116877378,0.016270622465133496,0.008750729758615855,-0.018085532555016454
-0.1738162078147723,-0.03930504397046644,0.01258033749840449,-0.07754679540804488,-0.0281914029755983,-0.06528368859444822
0.0034824767690606554,0.01866086066354644,0.12179125639300158,-0.07319296426550474,-0.014899671452347874,-0.08121220193012685
-0.062876635978773,-0.048052570478113815,-0.03178011854764299,-0.05579610372853299,-0.04717381692630835,-0.07823550214213586
-0.05458257341507458,-0.06832883522769997,-0.07927633818725853,-0.05805635844311428,-0.014764639530818614,-0.006993550886193933
0.012536557272825669,0.06719778452400348,-0.053896021904041705,0.07480327413459131,0.2712095182802022,0.0554163550151131
-0.045265298196046334,-0.03275750739844609,0.04072986479709517,0.012262296766891147,-0.03052527744185425,0.04129136081650413
-0.036836675015486396,-0.09064499356480922,0.015985126301367954,-0.0216424601474154,0.01358398144831855,-0.012594011146980659
0.06777466742317001,0.033037135836815015,0.06797190396614909,0.00832015406126177,0.036542471918991334,0.002721592223730718
-0.0468664448208457,-0.03275300428293988,0.019970596512814794,0.005351830989786235,-0.03520931600811252,0.044853317548503246
-0.04698068086170394,0.17618943314204843,0.1167596849483976,0.05208713681129004,0.07762603635766972,0.06270453073483996
-0.04187363787364689,-0.03661120232563164,-0.03726088994551678,-0.039092557454100105,-0.04757445078428507,-0.05944500181707996
-0.0565944505670377,-0.0349630005644472,-0.09332677134805689,-0.04301222017877243,-0.040237521780413614,-0.006669557493038692
-0.0392557220800269,0.001339236010804094,-0.017299600995523714,-0.04866550318825219,-0.0800323760422184,-0.030837202161911006
-0.05952350096518678,-0.018459787369462875,-0.028093404822878476,-0.07601941899852546,-0.03575200857844199,-0.06363913603352342
-0.09661334033579845,-0.04045069286840633,0.000895827203003152,-0.13982592357885082,-0.022346861079082722,-0.056867193001173245
-0.03434920036236666,-0.019406225098947766,-0.045661157594630505,0.07240332172585531,-0.001751956817687986,0.011134259979552426
0.11412851181607513,0.018361355915290846,-0.040892494740687665,0.10732381595942218,0.021039955695043053,-0.020176659184069433
-0.007809476583780876,0.04615914122953466,0.1522065235752588,0.01586661983215145,0.09402351121852907,0.024568676666177187
-0.032173862674536376,-0.13643741895959718,-0.02050614550337755,-0.018476222862969204,0.01044415905079804,-0.01874231000492863
0.31351757161610844,0.04779718961320717,0.049761795136293765,0.02571782386930994,0.0547301649341885,0.032310877890656814
0.17086610938802752,-0.04926464653517957,0.010931773044849966,-0.043093658888444526,0.01571798572697036,0.03652854601556193
-0.03525719326359905,0.12855395531947966,0.08794234778269552,0.05919569681403013,-0.013477307139867795,-0.016211213322294367
0.14672761257379102,0.1924703182125934,0.02284047350399981,0.07411416536340981,0.03595816504399757,0.1011157637898175
-0.02279269622336918,-0.07558518089349293,0.029904808392824,0.09162656720608012,0.018638311632107427,-0.01955458215993259
-0.011108660905687231,-0.002284704225216717,0.07540001012032377,-0.031017719252677822,-0.0019705752574184954,-0.0027939413949337887
0.052652803950684196,-0.1258576118267286,-0.051422268184001696,-0.040477592113455335,-0.02251241948008748,-0.04970452261279453
-0.05969932465846405,-0.03848200226100697,0.007983996762974283,-0.05852551470791237,-0.049149997214266175,-0.07231113306897409
-0.020184180654799773,-0.08638146013327073,0.06765118001934799,-0.03050612780452024,-0.031144292505229747,-0.052818671940779015
-0.05997485967715293,-0.06951875147858207,-0.05895005691203366,-0.07796564569085525,-0.05394212334735734,-0.04031854498149872
-0.02231997283686804,-0.0023890303495290315,-0.04450435765723607,-0.06361800296302081,-0.012791867046058893,-0.0235904622628376
-0.03946845085247802,0.015669952931414984,0.06968203883076496,-0.10114396926735651,-0.0021682125467250807,-0.035934133196647074
-0.024891766870731233,-0.07614449278474084,0.06009578627459836,-0.049643512851113396,-0.08743006153623353,-0.03530463187758626
-0.02223857860707832,0.07946562072210682,0.06765996312533569,0.16818433338227007,0.033741083452828294,0.04215087801241156
0.14337480702327982,0.21446788261811595,0.05719019783528035,0.07414627523066751,0.03500695997930602,0.08389898369633274
0.09007712785661594,0.125785010651132,0.09490606830496189,0.048434619420924585,0.027749075453477202,0.06799490998404625
0.13561159101610037,0.22809128964095376,-0.05845675262497249,0.04687250836044664,0.020625115828204886,0.09881491328286791
0.06816668438954974,-0.13885865296131952,0.023102670457517144,-0.06925794728754467,-0.01918653715320772,-0.07961359112924986
-0.04224226532435474,-0.02781775314752857,-0.11786886182229078,-0.022406480476031675,-0.01849194516847417,-0.0438933232725736
-0.03797070865412727,-0.00748448135644799,0.08511637764930463,-0.018895473544387954,0.06905535143284694,0.022791220375616858
-0.04468099312849941,-0.029699384785532017,-0.014732804060696107,-0.05893920531083479,-0.07660819429211187,-0.04246441112244936
0.23855322602890325,0.05071097944902897,0.06962522259069676,0.15096285241309873,0.027504667639621866,0.0370079201663936
-0.013728799949701663,0.011188249326162567,0.023834036458132837,0.008808544070220975,0.051159982984833735,0.04821796071344836
-0.018490606178260042,-0.014368184940922502,0.01320804458309148,-0.08797253783897795,-0.04293919710152859,-0.04210685615136643
0.2348082307972026,-0.05420701553776982,0.036218959173139616,0.01927199261444666,0.0401673325230952,-0.03788689400612746
-0.038849878703274325,0.03151585602611332,0.055058558343804326,0.008213918271257092,-0.006052982523051705,0.04608496087373535
-0.030592329062321802,-0.14099651046789516,0.039438569765397766,-0.02390981342474633,-0.0242666209767474,-0.06662104711592001
0.24454388671544888,0.08757549324075946,-0.04602652808009543,0.06323417978459474,0.13156549049629498,0.04849217782123775
0.036217783733692686,-0.03206655736428562,-0.1496005590748566,-0.009564207306603623,-0.035863257493655654,-0.06347392062354205
0.2047647817872707,0.048660800530664364,-0.11027674794270907,0.027522514629583484,0.033060746170347884,0.01644560811040451
-0.020606669663936292,0.23214539265325912,0.06075195019772231,0.08875040078837446,0.0693074609579271,0.16110086959110395
-0.026563414520776953,-0.009751986409105073,-0.07614613563613362,-0.12265630986632312,-0.04441717002162766,-0.06255753039042838
-0.007045341243636954,-0.03918360270412959,0.004034178013892739,-0.19214704061246746,-0.05060495884175165,-0.08573755677080033
-0.03946554050517405,-0.04302900771128325,-0.011028242151103157,-0.04107562650973183,0.013527278961589282,-0.023859212402492336
-0.060439734333967675,-0.01672357613804782,0.015417406535586407,0.021147822373259458,-0.08677189802719809,-0.04931513404571243
-0.012699834222502046,0.009133119485148618,0.1177512741969074,0.12804138708102128,0.09583745503771192,0.16717330889138535
-0.039199782471249695,0.007028422164355874,-0.10304582817872643,-0.010189424833750493,-0.08676150661772315,-0.015831984221020265
0.19193892918910962,0.02870078732310624,-0.09898715321560804,0.006328366147117269,0.0632902706024576,0.008919580891000605
-0.04572341976629048,-0.02578901044329099,0.046167885852770846,-0.04971259171553277,-0.09341024838465506,-0.045626824823796236
-0.042540006774461535,0.009820670696298201,-0.0743943487393815,0.03209032076542085,-0.03401764132305826,-0.05772245372004911
-0.03370864937696331,-0.09936570891972099,0.07247992349792057,0.011630500762626922,-0.036150279256629766,-0.06034052571278489
-0.03398774445842747,-0.01320855562767362,0.025959788787671884,-0.06905541854197872,-0.029532694594227575,-0.06355895780628931
0.10461964869869372,-0.08128542663887178,0.10714358238764982,0.020413718988071202,0.027309565687398722,0.03160017004430514
-0.07093267599202842,-0.056994604938782785,-0.029656981542976746,-0.1173448740501243,-0.0273322798108567,-0.06987468662846173
-0.0047940551050458845,0.002989942381734797,-0.07774210259314301,0.10329725867272574,0.05775951756296138,0.022483524711190944
-0.0337155179982915,-0.08818270308360227,-0.03365992436898227,-0.021851833902628272,-0.0232566412027437,-0.04370807479934728
-0.075985884410308,0.0248894936036183,0.06545314773864996,0.00023902368388506164,-0.03971431573478678,-0.0593830223931802
-0.04773492021826186,-0.02856909487473509,0.0883076427566673,-0.004171034046235563,-0.0729192048124614,-0.0203050826655097
-0.03963967659648201,0.008110566881295803,-0.06364540291345823,0.036562312329599035,-0.06451970643878749,-0.037512617818142927
0.2817525855044,0.051409335073645,-0.04771538524120912,0.06689878042135498,0.04948035857513998,0.047380812303384534
-0.030849497248526373,-0.0663860506133335,-0.02961952835334797,-0.10344452272359278,-0.057095538205664785,-0.0432219810329044
-0.0015290299313616086,0.018068590533144992,-0.009008439669571542,0.00541958599057399,0.07781615179353522,0.037733685024047024
0.1271069408532192,0.21401833820511715,0.08000666326769108,0.07522535424464186,0.007063934279671873,0.0937230385918055
0.011817567615252513,0.11344592594752488,0.027070698145218692,0.022489962367739057,0.033669982903560366,0.01924534851409666
-0.04818033371093495,-0.08083312872045988,-0.02979231801165832,-0.05981403192435426,-0.0008359930191375609,-0.020612178744764873
0.16244119084319736,0.028295257327066812,0.05545106364762482,0.08294926033549394,0.0876469340639089,0.051150400580478504
0.004196558555575996,0.1645086778112159,-0.026671278610438946,0.09091071741251042,0.08314294678542952,0.0529206498253836
-0.023035980750136124,-0.008461500461741012,-0.07579368207233056,-0.11098153096233013,-0.03898555546254193,-0.032123939643926645
-0.024252784573758398,-0.0005113752667305865,0.034881475356451294,-0.08580598922711782,0.016178606120651067,-0.042012367348612425
0.05495834632215637,-0.07073920391914779,0.0169780055128371,-0.10802830577609095,-0.0481952264877273,-0.07854009597210404
-0.13738638177323587,-0.04072255243721482,0.028798473903756255,-0.1349423916496191,-0.026306677296834675,-0.054472183818925504
-0.05962671572211283,-0.02586674562594051,-0.009818248922453041,-0.0583261577271572,-0.10376466070161046,-0.04078252782413173
-0.0009979582266482327,0.031615782881618475,-0.06436035309009228,0.023274666928745573,0.06913946000050362,0.022544276280567547
-0.04999208202612676,-0.016999160160009148,-0.07747986586133997,-0.04338892518274623,-0.06628247386535514,-0.045365516810234846
-0.03711734760934673,-0.08556934663431362,-0.003447347986507387,-0.0747160246949389,-0.08043522889734198,-0.023717416185332355
0.1779718258913875,-0.05926628316828725,0.04256616337753701,0.043198869385074404,0.029993521432203178,-0.0014594209833978546
-0.02223857860707832,0.07946562072210682,0.06765996312533569,0.16818433338227007,0.033741083452828294,0.04215087801241156
0.19680990089269915,-0.06568047441867438,0.040558206193548635,0.12217471690191944,0.05485722960387904,0.06396256334341185
-0.03551143959262362,0.01733401206921288,0.037795746028488064,-0.11020799736884784,0.012411450566148377,-0.056053249062454166
-0.05055433376678862,-0.04939736888436016,-0.01490418052362715,-0.06395057440333528,0.03577102348650651,-0.07403980799187934
-0.04783928716062479,-0.008872297263077217,-0.020344761761314042,-0.03919333819080454,-0.06645028016867503,-0.037578763657137706
-0.029848946469569405,-0.006966440166219344,0.007899160747659301,-0.032404657386206896,0.04491729025099452,-0.012022382144588619
-0.03501374374156676,-0.07097396687294721,0.018159973013783942,-0.09385612793927973,-0.09333246720472978,-0.03647712102901531
0.07043577492094295,0.03815575862057878,0.08082052973337225,0.019643182472477764,0.03900398064924903,0.0038987535867884295
-0.02687982144733739,-0.07990296119222631,0.04536643682916255,-0.05113232260136614,-0.07225637645110844,-0.054684949298980275
-0.02545422633808978,-0.06955655448570366,0.03839809613381871,0.018399996349128464,0.04583364237463737,0.03831847634045524
-0.026870113650052537,-0.016874903304946325,-0.060453980620349096,-0.1406510530473326,-0.04913360481597187,-0.06543483243056004
0.21533166900973374,0.09112580140719266,-0.0010329074593288618,0.09272456477267452,0.11054262104951794,0.06336871557855178
-0.03828679002903059,-0.04589387609637274,-0.050164230958464874,-0.03343322354814759,-0.052283222474328546,-0.045327199832676905
-0.04965559362206962,-0.07458605217912775,-0.035039802801998206,-0.10367799597260088,-0.06468858376520063,0.0018233082363131403
-0.05385290916674945,-0.01037009852722049,0.016490081119720647,-0.15009119623054076,-0.02291211445873447,-0.09145732867091819
-0.03866849066136432,-0.08657410636285384,-0.06020327415490038,-0.09053567834358574,-0.04529763035533079,-0.05980313027999772
0.22595390143250466,0.19897175161903205,-0.050702042176847095,0.0867331960664407,0.0302797611512706,0.09524605335721782
-0.01905358807765922,-0.004767284365499125,-0.08708036943824478,-0.07945897350358022,-0.007671984302833838,-0.03579442201868179
-0.05220070153299769,-0.019433062135672637,0.023820480448388144,-0.06520969859385853,-0.04074599582752255,-0.08970861916992645
-0.02778654675720742,-0.07356487039240255,-0.056544872242815895,-0.056566712419919354,-0.08669259845967353,-0.048249409890977216
-0.05055334821342536,-0.06705920923164554,0.006582072979728506,-0.08321216433267777,-0.10377130977930757,-0.03809918729095999
-0.07088432500748765,-0.06090336734202522,-0.022858178081627448,-0.12058720824426149,-0.02936564931627966,-0.07117373860791301
-0.027251370231905245,-0.05036099291837937,0.006854260139802989,-0.0040365636675214756,0.017715625996645286,0.032854827629120585
-0.04241426879874879,-0.037018028841908746,-0.05999122050771575,-0.05822981288458666,-0.0656016043034875,-0.07512564223679939
-0.057251638754701004,-0.08857812182563311,-0.011355864556641329,-0.05274630290751149,-0.014054420745400304,-0.06636650985483238
-0.048941850334545595,-0.05663757569777217,0.04217595763767037,-0.005981881084307203,-0.02035750502502015,-0.04652100247061507
0.1352152939255657,0.20722219030597444,-0.07111912258914062,0.0430990476035731,0.008606906971960876,0.10152612080104477
-0.011945820964010099,-0.04365514598709555,0.10862431901768524,0.11711411395516778,0.03309041855052421,-0.006426071005867311
-0.05575912729781418,0.017741889980694713,0.00065962562003129,-0.1919110189549418,-0.02477362149478467,-0.0929676967417299
-0.05591700520631102,-0.03415081864417746,-0.019368901189022222,-0.026585670323062045,-0.06102223630596097,-0.0926068389679596
0.043193883934229724,-0.1983122845280976,-0.14335221021125832,-0.013308554370283084,-0.013603900839139371,0.02634496717138328
-0.06267170565062488,0.15391409836820627,-0.01139875805468306,0.005162405523771052,0.011745057895193135,0.060962548364406496
-0.017039470659874226,0.16929119356405445,-0.11085646159729533,0.0579467251285386,0.07601962929136451,0.14882336463841467
-0.03221451110382024,0.032987225327463815,0.011045310417989208,-0.018995583324024033,-0.06609687122172686,-0.009073598604712674
0.07203568388917338,-0.016036659662830813,-0.09050643486700104,-0.04336314077265242,-0.009383176745201201,-0.05874296012582859
-0.06617036348257649,0.05538795346596208,-0.14375266838696152,-0.021294485480945965,0.03313079523420646,0.006776644681946199
-0.03414403996843912,-0.0022750295821316884,0.03169465216840198,0.043709394690584935,-0.0010346790842049357,0.015970418162798965
0.15911842673701726,0.03688358073635138,-0.023100679641257976,0.02552861009882824,0.04910690556308645,0.0012614728815759757
-0.040170666272153606,-0.05245615933162153,-0.05781762059587561,-0.010225649482361782,-0.06785479242449968,0.017779434526578413
-0.041894506501370124,-0.0029405738703976664,0.012209035477956957,-0.015362007123322087,-0.0571163728137238,-0.004197851675379456
-0.03931302958157151,-0.09807919350076777,-0.019922588565679664,-0.04696145925353609,-0.03555086335872339,-0.0700912704898331
-0.06926987775369935,-0.062143482131639484,-0.0023343627049217178,-0.10666442329163778,-0.03590280860104027,-0.06573575799358598
-0.039657631731886134,-0.022562274594930178,-0.046579789563100805,-0.051107930464359824,-0.07643110393131598,-0.035261770803189686
-0.00029184589587977666,0.06593260784275468,0.05931295294365123,0.20143787426581705,0.09153466341529176,0.06013345810545511
-0.017728748095982686,-0.004083964312121754,0.06550115951622147,-0.033019409976317055,-0.050054110673009716,-0.0493475553217226
0.12307732397296227,-0.08570903211280695,-0.07257452973244605,0.013978829039908406,-0.004745255983738631,-0.0236845555652331
-0.029655478966427926,-0.012328954483881107,0.010088369820150598,-0.09264426417199915,-0.0004942294946925904,-0.04290566965679142
-0.04041809456720749,-0.05343992654407986,-0.09954414617407552,-0.009798908927667063,-0.04242280738514644,0.0016410767669178899
-0.02559450570259567,-0.026742411378460732,-0.06863207361169896,-0.07824787346682237,-0.09538605561387992,-0.03834908880346057
-0.018464800987520458,-0.021648442552940482,-0.08944124266238138,0.011655449101783935,0.013652634788447476,0.029721315237930798
-0.03167548314918165,0.05300156186612823,-0.11949223177204908,-0.001343917322919158,0.019054758112403352,-0.004207950193396725
-0.06255381035135948,-0.0249868735191939,0.03143340957754198,-0.006810467959416086,-0.11257879499965164,-0.058533334566995096
-0.04285614112421811,-0.02445137851518844,0.018252322957096407,-0.06073120238925689,-0.03856682000492762,-0.11139150892183221
-0.02729289092994197,-8.497903761272758e-05,-0.06734039131901319,0.008709464192670397,-0.0148892327716467,-0.01494470557624539
-0.04151595984918872,-0.06608858350183688,0.05430190687759879,-0.018596696061215588,-0.0592903430996614,-0.07539419379223812
-0.015196193660117588,0.013204492465279452,0.0883922420788022,0.103123574109295,0.0704492865036541,0.08458939563089192
-0.055034401963606594,-0.02820336715513344,-0.020909711415192034,-0.06972354282702253,-0.013100095913540175,-0.05049155718952559
-0.037121277788945986,-0.03294972250662253,0.00761298673055305,-0.0363529963031647,0.024941936661163663,-0.014412661837564105
-0.013347287834108506,0.0026704880282619305,-0.05661394287921881,0.1191449787746144,0.022492198713709135,-0.013814721728316855
-0.04758343099411327,-0.046717847219073065,0.012934076036773356,-0.08626346069913207,-0.0430919530351022,-0.06279542652931068
-0.0525028960866456,-0.02763936859760828,0.009511641885942947,-0.0852114601778769,-0.05259494962880382,-0.024284665035531318
-0.030341351097585175,-0.12107473429310155,0.01488423694079224,-0.11068886603383303,-0.04433021601524459,-0.05483764221672805
-0.03351996729251031,0.16789956428054062,0.011140567590040654,0.10909360353239855,0.10209580327346417,0.08883458493603547
0.25171078197940866,0.023547450653138895,0.03465362566912034,0.06023124160928938,0.11427910017905588,0.042987203643127775
-0.0286780085737532,0.13918187104147603,0.005734357788998439,0.02729136765491165,-0.073801771117862,0.011332019537621758
0.14765549490555824,0.02253599689715755,-0.08699603128979523,0.001249101470173314,-0.020015595022244592,-0.023750674983226267
0.14229623657533286,0.136557675226761,0.10760795676159537,0.06342127065400545,0.015819984571921773,0.0010902108546120115
-0.02880575054700941,0.016503515557927825,0.12227534209321671,-0.04277460366822487,0.029009153283999566,0.014769306049272943
-0.04658020037466022,-0.07968311546866777,-0.003869013749064606,-0.016184306220342844,0.03675310750420206,0.013342326030379414
-0.012538183397786463,0.0657146325498045,0.03428211716209736,0.19688963333256349,0.0425618653232431,0.0878597260095057
0.2332982647151614,0.0511826307736275,0.07702154118312861,0.1509777161304663,0.024216853569800353,0.04390595715365413
0.017684185300459624,0.08765787712407375,0.05329043434715012,0.09432168522185423,0.20739794700002134,0.07613365539123391
0.06185739910350508,-0.05022420337836241,-0.03155649156354214,-0.046874821150856734,-0.00707132632059627,-0.0029903384084015118
0.23101168616256906,0.06618910772668461,-0.03928787783919753,0.08380023912144705,0.03770325099811143,0.09163002204427108
-0.03623172903537267,-0.0023804289271123088,-0.0742349737327897,-0.09778728425352806,0.002884283238515971,-0.13416866859175772
-0.019423610973160477,0.1291525299330172,0.060275738456240326,0.08915763875598552,0.10652370685300655,0.09439195256227298
0.24387467334695268,0.08635701377137853,0.026880625238877725,0.1425402642624203,0.038211451427070005,0.047174987172546215
-0.02306943622417466,0.10985423434370435,0.04204361396528771,0.16900289431328488,0.07993753122050251,0.047515222791910686
0.07465999041773981,0.01790063702972465,-0.05365019184343286,0.010170874369482788,-0.004218362087106599,-0.09896222574663498
-0.04668916887868815,-0.04999462059437977,0.01417770517570719,-0.0874784533594409,-0.04555625102630906,-0.06722383720323925
-0.01867718407276795,-0.03367471108381756,-0.03447789391880582,-0.047181238938644565,-0.017117508601783016,-0.030434530803760844
-0.048103880191200196,-0.08833010719408589,0.003722140791024929,-0.017891161177420328,-0.12146360504518994,-0.043564726934091
0.3699707412666162,0.056177072887991904,0.02317189000984215,0.04855596197364591,0.05806903335549267,0.046841261590245584
0.18689888839522445,0.02587540099740966,-0.005511843035061939,0.06957090647364556,0.07785011171974517,0.03749902179123895
-0.026714078362443702,0.06452945576140963,-0.1070163150316611,0.1704119270947569,0.05994616917135154,0.021070610083789208
-0.04286307207752676,0.03710318913573175,0.028536336829140908,0.02752312961170682,0.010823956267361469,0.05751728247183482
0.2854872651921168,0.036835039312128955,0.04610083410992245,0.04511439229022656,0.04877866987144826,0.02590964807760214
0.03679554978836122,-0.008160935324790538,0.05783775879519436,-0.05563656752756999,-0.027704696090945596,0.004178845423461326
-0.03137623952990465,-0.04298345541065632,-0.05454364418224756,-0.07992687730997551,-0.05998752143803128,-0.06610866963585615
-0.0022043028895529643,0.07930462676976191,0.06244276664060507,0.08144857459993904,0.132382366659224,0.10742347779919041
0.09056545959738987,0.13684394631101743,0.11469224941689155,0.06207497810686649,0.04080327042525224,0.07358150181107313
0.002673030989600925,0.04265568172135749,0.10387778639873614,0.07575023146317623,0.020386401701963087,0.04151651940270018
0.058699378229294524,0.12823979711988467,0.011414690526687723,0.11596901383952161,0.023923158686580674,0.06515376356234955
-0.0362455764734276,-0.0902300501362391,-0.035006464383755605,-0.0654333738110773,-0.051383120542675985,-0.05521279226985877
0.005750580549968143,0.07905663411343787,0.16225132494289657,0.07631733868332115,-0.04660260068264688,0.06955148225035179
-0.006224763918613494,0.06994693347520552,-0.013585045270098245,0.07134692657410004,0.12676559983754476,0.0916310931092053
-0.038339563869489744,-0.06504722544606956,-0.060342607018567786,-0.06665431934411074,-0.05366151263227938,-0.04275734706918764
-0.08608873170351614,-0.02205022245257978,-0.09714992466154207,-0.05163119898028918,-0.04421046877520728,-0.0078183147102059
0.18230832396853722,0.013005177921041208,0.03421476077444541,0.07686358518282228,0.04653356035113665,0.07977092648198499
-0.0247089879658906,-0.06923768692210061,0.057749923911591845,-0.05129058621187343,-0.09817520098599182,-0.03209229870511276
-0.040737235183382736,0.13645044165239087,0.07030961901897544,0.0008865070211526373,-0.058210617033669955,-0.0033226848020671577
-0.005216674780875726,-0.08994622610735895,-0.006471316912688836,-0.13192363580198646,-0.03327755534709243,-0.10701085721603619
-0.02982247200585375,0.055908320228624284,0.06845833637839623,-0.006416032443883084,-0.04570293614466518,0.028607966165001237
-0.0247089879658906,-0.06923768692210061,0.057749923911591845,-0.05129058621187343,-0.09817520098599182,-0.03209229870511276
-0.021466011329945557,-0.022819209195192786,-0.06659293179489839,-0.019870391162045926,0.01283765313224922,-0.037492311563997335
0.018328709649020402,-0.06036298537841227,-0.006290490991113614,-0.2041380281815842,-0.04705194620097316,-0.08876697196901064
-0.015542960667489374,-0.010075008737589456,0.08437280429832966,-0.02870605135899078,0.005119090540047383,0.02362247139363346
-0.040950410176550024,-0.036922698934118654,-0.06322620422338973,0.028932960860528746,0.0020513882080659494,-0.05250358272432788
0.16405259008344927,0.034095972700535944,-0.0365513422054649,0.021730868812390513,0.04595993173126549,-0.0019493007061706102
-0.035108588617370026,-0.03810056756470384,-0.06291539794569291,-0.0846516735140024,-0.034618471894830916,-0.06573344999375368
0.20261534229745481,0.02201799105364349,-0.12100093827475311,-0.014122702008345605,0.015695887953419745,0.00306621147312007
0.1997878871493669,0.09920031489170675,0.01160699020499718,0.06175506513065204,0.13488919652221062,0.0529230662983039
0.12652784937374417,0.17849987394807862,-0.03921132822212859,0.1059585568322921,0.0302248346227363,0.0625773839646723
-0.04145642911440649,-0.03034675205888169,-0.01662275201219272,-0.06057720841921984,-0.1497079508006107,-0.04985196173098917
-0.05753309745106686,-0.08719763203863964,-0.002314939895696185,-0.056458605523953355,-0.01651568414641966,-0.06829502708656811
-0.012732953354134094,0.07295034877498698,-0.03474004352738105,0.14908677795114902,0.09226216628013029,0.07342736755008616
-0.031565183776468754,0.02457274638849577,-0.028924494817419537,0.02624016257519327,0.03229309035229791,0.038560017984819436
0.1708487821257383,0.03492547881532445,-0.03400381979427629,-0.0006342637091122998,0.030940454341699834,-0.0025777201707205414
-0.011993872330705004,0.007440487309589361,-0.10027910011727915,0.12407564587566593,0.017342951360746876,-0.015149568846370939
0.132417579842696,0.21222845398407622,-0.009304738440014558,0.07060002600487741,0.047579181709214005,0.13254349938603244
-0.044829113455956554,-0.012832668778089036,-0.056024378080949386,-0.04409417897069893,-0.14004249944392405,-0.018289556875502124
0.15489823439759193,0.2121212572389939,-0.019270117394207233,0.04473328851487243,0.015199084280889417,0.10711796826533378
-0.02306943622417466,0.10985423434370435,0.04204361396528771,0.16900289431328488,0.07993753122050251,0.047515222791910686
-0.06267619823744507,-0.018735865742138647,-0.018458112510636362,-0.05174435966111442,-0.009791817473122239,-0.0832802125130505
5.878758717687775e-05,0.06874720539029028,0.07219887504947185,0.22442896387452052,0.09426213837925951,0.05798493415204472
-0.03141702292062987,0.21080605348231676,0.03267668090800081,0.021735665258129835,0.039641323828816084,0.13709354291146708
-0.012201156081898534,0.011044197088208084,-0.02720110121937104,-0.010123767590704144,-0.03152155707822051,0.010719418198399088
-0.05634667038873871,-0.04874624767196612,-0.01733000254014669,-0.05790228464819173,-0.07979185935369659,-0.08546446140287964
-0.003937314953189787,0.11268344900425833,0.005387735590451298,0.07082716707949362,0.059545684207674296,0.026525117123510498
-0.02732590628030083,-0.04799597912512391,-0.06986953911486579,-0.05630801447070955,-0.03471949048038585,-0.05360285249501142
-0.06881525229455823,-0.02580769218013122,-0.032327483915899916,-0.052172042153382114,-0.0328639305282709,-0.14343051554595243
-0.03052511209082416,-0.12148112943873732,-0.04109696927049661,-0.00554312566387657,-0.02094331905019118,0.014568387725814994
-0.06401679932961434,-0.07893827844075804,-0.040816943086953966,-0.0947208389606778,-0.03336316791687319,-0.05017891377841778
-0.05334693638523611,-0.03258515277987346,-0.008706381519623807,-0.08170958192506897,-0.08838418070595365,-0.05067954044522209
-0.05120142798095935,-0.05787931010028645,-0.021186592942750947,-0.09281040856594731,-0.03581852862224111,-0.06941021123782516
-0.019157162482839905,-0.04334529306751582,-0.0313321163797212,0.004822308949940931,0.024494247297584107,-0.005066422770444806
0.25895715938568,0.061523796785757895,0.008809597209093441,0.10929147480547591,0.02490686223380031,0.10805137191833243
-0.0729685757520389,-0.058679002206406525,-0.06446986597885375,-0.050387149620467975,-0.01918467145859817,-0.07389279231928943
-0.0010364271108921285,0.042041395442827756,0.012684778990610681,0.11825331886849479,0.09948842898852898,0.10965763117437985
0.20206816003149872,0.06665671451800717,0.05614878059729884,0.10475823767345784,0.039698511482960615,0.11699274181780062
-0.16536324896152063,-0.07879448941095826,0.006624770134312883,-0.048849599175084024,-0.02034831876118795,-0.041280526865188794
-0.029035127490826203,-0.09310460799653943,-0.03714425424974879,-0.0014633814195733424,0.01631418465342102,-0.008767473059567921
-0.05462520526069049,-0.04986160918041739,-0.059218428991308594,-0.0625771533560678,-0.03096606776490763,-0.026215701004272386
-0.023619941673900392,-0.0172001340218549,0.10062074350512208,-0.04678631212460793,0.03165849653534645,-0.09166344929678161
-0.03510751782926455,0.0006935896520667845,-0.05801847520257081,-0.10305679154037992,-0.010728788694180716,-0.145649903732388
-0.06023798345646843,-0.050282685827330656,-0.058620953272159396,-0.05038628890801645,-0.0420324115479574,-0.03932382290643532
-0.03564637930687759,-0.12189602594543066,-0.0737516525162903,-0.037793219117711115,-0.028450776849568173,-0.0721357859043887
0.09713119936166953,-0.0031955465151964034,0.017602829454532273,-0.14117078675341638,-0.003936753393156358,-0.07677721673998537
0.023866656292928442,0.05841604106070348,0.06998847174868816,0.09207270934993142,0.11590895417409003,0.03899162385524582
0.19344113648139438,0.0490076806198006,-0.11246983679861842,0.03280014469550406,0.03596282466912057,0.015640257447864306
0.1635114143479029,0.020447107666128964,-0.04170066932371669,0.06224094971661596,0.07444257408161574,0.020925231287776788
0.2116244256275733,0.052052232168414786,0.08188015578055272,0.04148852514581757,0.10412422964666505,0.036612600755138835
-0.03926668726531363,-0.08485872713822819,0.07678541214160907,0.015281581783124441,-0.010868703237019849,-0.08342470988371134
-0.043287419151851025,0.00756330693624579,0.04064632110395343,0.019280557543738263,-0.02172042824861767,-0.0005415176100307132
0.0005339243439908432,-0.020698510230533453,0.12012234688382371,0.004860188448451923,0.03997581023874087,0.006819012099392831
0.0045903525831633655,0.04751760569424324,0.045652797332313255,0.17631423178108682,0.11693556563899431,0.06878346088871079
-0.06831548812840897,0.0760340967660684,0.05350543046502299,-0.03907115022897366,-0.01849894833191343,0.006570672401709697
-0.05564361031576159,-0.1068167077776806,0.03714832637105,-0.08245832614844294,-0.12659613458697758,-0.0243913682571796
-0.08486658987604229,-0.045582484962234944,-0.06479904840114781,-0.05854142385479556,-0.02217930957582754,-0.08307652900393592
0.0002684453891784934,0.08178733215798609,-0.005678430021946715,0.15190945559063962,0.19607339193832057,0.042561993905663106
-0.044031843922238516,-0.003766685904345794,-0.01758845443201388,-0.0743103633832246,-0.12718674367907595,-0.04191557112206762
-0.02217205849573977,0.08102321162604112,-0.09717685221091862,-0.012200436082682696,-0.02037280071945252,-0.005076933952751708
-0.0344547580428122,-0.04730262643745169,0.027180906967394426,-0.006450187194546292,0.02143939097893186,-0.022103566587061665
0.011551829672898377,0.06638975281229659,-0.035644663711716935,0.07631833958112422,0.09559536948243785,0.08227313165880416
-0.0530560543020469,-0.05015026175154749,-0.030328863728724027,-0.031484661246381,-0.11874250530046265,-0.05338195384621357
-0.019627411756557987,-0.015087742173701492,0.04134502820876213,-0.023603961858430892,-0.03643857740166025,-0.05809339686598294
0.1281074135072606,-0.040325934901534466,-0.10881550747606437,0.08821208092796949,0.05124861380529916,-0.0027940540098443873
-0.04023379393768339,-0.05441473006079929,-0.011014207277363934,-0.05300455045927809,-0.026014778980509922,-0.09942792989656489
-0.045716793207663295,-0.07638280069378577,-0.04313718306139415,-0.03366475043766896,-0.12007766031359715,-0.057340467807675724
-0.01127107544715093,-0.007895102982705139,-0.02587994272271559,-0.059684308631478326,-0.009342846801241126,-0.026454927071128693
-0.02946578708439876,-0.13278185467636694,-0.12099302646386507,-0.015949923748479405,6.702566750869075e-06,0.018211892761646344
-0.05980845757922605,-0.028989750970095766,-0.0015341752275685385,-0.07437235892255306,-0.0594528300705194,-0.06174062591917958
0.0045516866559686614,0.05681708464649032,-0.06555725027371848,0.14187307248690118,0.11606006668379314,0.06403195590286614
0.03824321489834794,-0.15044875798564752,-0.11791488975664186,-0.03130202018597207,-0.013989219553617638,-0.026792719546670944
-0.046396604237297794,-0.09855769844857597,0.04201884449116502,-0.043283921290736604,-0.07347537340852592,-0.07449722767118816
-0.03801843632378359,-0.027855341929277168,-0.06540521013588155,-0.06399135400581557,-0.09545293960730597,-0.03482855938227127
-0.01234445706088081,0.11176372377975657,-0.01057119656783384,0.14179118253555056,0.13632755050366657,0.08303752687505107
-0.055483812361959206,-0.002355794194475965,0.009053722558892599,-0.015195022454643652,-0.002340698340970888,0.004851484175066228
-0.02316263600858254,0.024979558073617732,-0.022004764866466044,0.021251096834406187,-0.02613400675694162,0.0496475465665498
-0.08201642519982937,-0.0997170924366565,-0.02681748537668349,-0.06482063036902726,-0.03883881716854836,-0.06722307027240451
-0.02420984340075062,-0.041363216445557766,-0.008937819949442644,-0.053326141935793006,-0.07741405092992133,-0.06702384335479221
-0.026855856006468594,0.10993634690336264,0.006620836353874619,0.08670490932482564,0.1281351013542187,0.09202814430619821
-0.035553521720434085,0.04127079392070526,0.06581589098108157,0.019230349495277403,0.007071402406207399,0.03168249505356375
0.1255661520318561,-0.08364699132134094,-0.10443360976778424,-0.006741788250803967,0.0026408928183248156,-0.04662042188196852
-0.023361896650414743,-0.05962875063671707,0.06934118298830555,-0.010639801642935392,-0.0043703208222763655,-3.6169848732631964e-06
-0.024428082857212,0.07579806475423911,0.08584346138270742,0.15835486552087252,0.031447054280782684,0.0347468289378411
-0.050440873202952256,0.016053506682470343,0.0006456771706197273,-0.12969007663968474,-0.0030272259606911197,-0.11303612699700985
-0.018967154838127644,-0.008185287883885905,-0.08391521415961421,-0.004589566338685058,-0.002402722911750935,-0.008123229743049713
-0.05434188333830252,-0.01493327682085671,-0.02159357889794159,-0.06113061268222167,-0.1078542136370538,-0.05018211109725857
-0.03152639629051918,-0.030865426274364317,-0.01655541306368141,-0.043409231775987316,-0.06696765876165159,-0.047533694817212695
0.22128853526222347,0.11380009141504782,-0.05514990660592767,0.13117315140452487,0.02719834039069671,0.042172620972966916
-0.06307629060487253,-0.013352300722535964,0.028274814505279775,-0.0510246592829183,-0.027706369538554872,-0.1438642065766939
-0.04224226532435474,-0.02781775314752857,-0.11786886182229078,-0.022406480476031675,-0.01849194516847417,-0.0438933232725736
-0.026787213443368183,0.02734306462536889,0.030136304160857896,-0.032233232909709725,-0.018835566048682296,0.09979988367247981
0.016614939826798646,0.049600720119214146,0.056112089474988025,0.03397578972030529,0.06119214129149233,0.03690609799112507
-0.06466006335111664,-0.04705226310607897,0.02278968983025283,-0.014428672488272086,-0.05359719617580508,-0.08785682235189085
-0.08497510777485093,-0.02325814510682501,-0.10271779090932635,-0.04639982567560986,-0.040453587210874456,-0.005561071272520935
-0.041529884510586826,-0.003440935746238092,0.05299369985124487,0.03369173083320846,-0.04392559538625432,0.04567934762668033
-0.05421364647419602,-0.06067974614240334,-0.07966277013764038,-0.0436999249525461,-0.012727012356126147,-0.0029981404846327686
-0.05150705887830191,-0.030600947028173786,0.008487326624440834,-0.06311424709300316,-0.022877817675037736,-0.059676730383201156
0.014257099539664692,0.08515617603305195,0.006421735409772094,0.08940843161727698,0.23866774420815312,0.07636327459568579
-0.03329906246028437,0.02771935639266063,-0.02667794003073874,0.01603066564755788,-0.0039665655997335,0.053688177800614086
0.06953759802196602,-0.016735052502372307,-0.07482236694298042,-0.049621877693527744,-0.004374996807664452,-0.06233244964509947
-0.03849282589767065,-0.08982252778134629,-0.07608220656377208,-0.037277650083565705,-0.042941029482655366,-0.0714122402888384
-0.04355156479012293,-0.05720637294138942,-0.044885552013373006,-0.01711158598054973,-0.08202941933082601,-0.0007457676687765154
-0.03389996404620389,-0.06112353741609444,-0.0879844890950603,-0.006694997410997196,-0.027000446270473686,-0.03490217201498446
-0.017695652799750477,-0.007275562378443517,-0.02825699133291544,0.04684957717410734,0.021554106777421502,0.02592966119788634
-0.04806762815486994,-0.008936348344753037,-0.08817070711440651,-0.026276409221775626,-0.06399155526037069,-0.046550998219964904
0.23861513561317024,0.0705579738957434,0.00190442929654044,0.10056476154936123,0.06278355807678089,0.0568967960285244
-0.023836896615985093,0.2577805366062568,-0.0037939477377709756,0.07367523496360404,0.1079625915833021,0.14585728184527993
-0.029752960426490463,0.01956389627409277,0.0464138959924526,-0.029125061704167877,0.07726234589133939,0.06132360925973642
0.02426226839739435,0.08283227270089172,0.09113506996624952,0.0033267190813905377,0.07274269328624938,0.009793002639255722
-0.039134050593158616,-0.07620392872532565,0.05817116013604429,0.01830991333966383,-0.04262497024966379,-0.021389922232867696
-0.013911772535491817,-0.054052255497488925,0.04116939858880737,-0.06633491539840826,-0.06861239933446142,-0.02009957365081124
-0.05187419631621508,-0.017140341164662273,-0.04973474150731835,-0.0367143133113764,0.0028406564563017364,-0.016482065483762572
-0.04404405847953051,-0.05608930395740717,-0.051981605450570255,-0.03458516123274637,-0.035090738677557055,-0.061834478550174696
-0.019118196904298973,0.06211561450144467,-0.006789981373654225,0.1689402602831638,0.03808107151300587,0.07846923329432402
-0.0507566007376537,0.0013899321631460494,0.054489839728137285,0.06166250296340484,-0.06879027001879913,-0.02788441272574979
-0.016898451967745646,0.15290832974029067,-0.02485885207459925,0.06544923738897564,0.05452184469577136,0.03321955018050164
0.002972874901830087,0.10337989316064852,0.025292689226463994,0.10836942788925694,0.11459883013898231,0.09599802839822184
-0.025187936975119105,0.05056845184281704,-0.08665318827520103,0.05268977857093534,0.004575868074170442,-0.00658656937065374
-0.007996146742772948,-0.017174236380222703,-0.09785243514858452,-0.009963511908164526,0.034134346809963356,-0.06025227523559471
-0.04864502196272474,-0.06228675272720274,-0.04721035477911403,-0.03936679414996136,-0.09426941672767342,-0.06434046047425325
-0.0992167665698754,-0.10766830754664519,-0.05276219049392419,-0.06397989639809741,-0.021817303385429813,-0.030268674837082586
-0.02446190737237456,0.006734792990594202,-0.06596776037113068,0.023007838897636086,-0.003812680307206007,-0.00456417097251703
-0.03648241474400757,-0.07574939820345025,0.010224900912221103,-0.08843089158963774,-0.09718615405952717,-0.03593645853866827
-0.04783757649115172,-0.015669037352395748,-0.02371327794484703,-0.077269236571479,-0.025824513191854942,-0.050205657518367544
0.021883577580013837,0.04449444746163066,0.00945349417967884,0.08855997742797977,0.09079438424337459,0.07790959212469012
0.03824321489834794,-0.15044875798564752,-0.11791488975664186,-0.03130202018597207,-0.013989219553617638,-0.026792719546670944
0.282456173914914,0.08075606417224032,-0.004958511160783527,0.10527664069527794,0.015531280917097193,0.11908881732136235
-0.05769019516513582,0.05443540729368182,-0.06577336439906327,-0.007215665556359222,0.025618933221392363,0.023665595110863323
-0.03641416276374549,-0.061265548361890465,0.059528356727169225,-0.07467955892469402,-0.08125222048012379,-0.00490639354759748
0.1482338324067676,-0.044588777290136654,0.057997647083898256,-0.029677843689125395,0.03198550647720588,0.037103434895573315
-0.05874330735344293,-0.10602168908962037,0.002770460284449691,-0.036821873405130864,-0.087437514492385,-0.025756685926996946
-0.04479475023849345,-0.060456896301805334,0.025389846199188836,-0.054783979919426115,0.002074770410896302,-0.005227227915529714
-0.03540607005986836,0.021590205857390354,0.08527356545430122,0.01253015111376509,0.011256678431769637,0.04546227114152772
-0.042212003286176164,-0.03758080817699132,-0.018147383025104703,0.04164375705369193,-0.04746939891962538,-0.05685632354643904
-0.023370833075625784,0.021790177706267885,-0.014325514235676651,0.013928950783227815,0.09113333080736928,0.03308375593936675
0.14682554055740443,0.20851490284954213,0.06148559348392003,0.06079185409140877,0.04414970569234376,0.08377904816989924
0.13466305330051245,0.1933676956979355,0.0510574612644794,0.0754103024391606,0.024393465208226557,0.06836024077213325
0.0011274760228791828,0.040822935016820196,0.08971528654517137,0.056733354008941916,-0.045347186809505544,0.0694755894574091
-0.03300814905022795,0.04709669384913181,0.04680611508712927,-0.028558014907460728,-0.09478586538835197,-0.02081984672674716
-0.027409326029712557,-0.03193747097609433,-0.028555779722175087,-0.07133621911703775,-0.12750825528542778,-0.057047421688734
-0.03295881824658831,-0.0033621659828866404,0.039543021353122494,-0.045967919416590355,0.040855681282792926,0.041208424687478006
-0.0403461569744056,-0.033472813204661216,-0.01302798586598015,-0.06153436547659656,-0.09957663757498934,-0.03429061003651416
-0.07804605607989656,0.011768753436402516,-0.12328659736091768,-0.04345640864725625,0.029471040104751677,-0.02968961709115507
-0.055461283865637284,-0.0363975767716381,-0.015924518426459304,-0.03333446443933362,-0.06265428695750197,-0.05143397263496639
-0.04079268648056867,-0.07589162506130456,-0.08717971845474082,-0.027881980449319145,-0.034141483023979714,-0.044760709076498505
-0.0331663920070749,-0.05985042720919209,-0.033023453693801136,-0.05088800556238312,-0.07503308818728813,-0.06413850256042547
-0.041283083102955635,-0.037234884937646665,-0.0014930914593651204,-0.06868616303893066,-0.11958978159219569,-0.05057253001742957
0.005408452264843197,0.029931258189648893,0.1903218920920737,0.024805934616049418,0.11809562539874643,0.036274170917983815
-0.030592329062321802,-0.14099651046789516,0.039438569765397766,-0.02390981342474633,-0.0242666209767474,-0.06662104711592001
-0.05157923111717915,-0.02684336621888503,0.023692498005126537,-0.007814284460526994,-0.027321274562713157,-0.06719862812764477
-0.027981613565417368,0.22183045767085385,-0.002733117049270622,0.06829938093589605,0.09403193770799731,0.12230319362359565
-0.07941493363756233,-0.006993258937176848,-0.06903741383241524,-0.0952488659374046,-0.004970669805161279,-0.024057109142303957
-0.009376522741342146,-0.036335267109288416,-0.11799689528008579,0.09420650986262849,0.05956096328544143,0.053135860036543435
0.04285588982288927,-0.19707802846063324,-0.13610088032520706,-0.013545409019211101,-0.010194197188980628,0.02616341521686579
-0.0327987128586932,0.0041118976730801044,0.03915212927126956,0.04437327035220098,-0.0005420423725731976,0.018347974214643393
0.2560087567388936,0.05906526348469214,0.05820992259134585,0.047131521368048906,0.05460512760792122,0.037656110732437874
-0.04796410017495366,-0.07585874907213598,-0.08541806001690848,-0.06977987509007719,0.006962233974148061,-0.0426967904882566
-0.025461365880554587,-0.04109318992289689,0.01232541621071799,-0.18486451988914673,-0.034036649780946567,-0.0898929539892443
-0.05089985146160111,-0.06285467538257988,0.04402318799005042,-0.0312103691079362,-0.0010038491828472198,-0.03533090047154646
-0.033995126551330274,0.04428565194163447,0.09114672461816281,0.07257720672936288,0.06615171883450982,0.08021972435925902
-0.019053552147363116,0.10365536426651492,-0.08396897676983545,0.06725792929486113,0.10038717331579171,0.07714541870759412
0.2329177550395262,0.07229829587357724,0.0037481182205807415,0.05726267117283588,0.060718832008092326,0.03585599442579422
-0.012881233584513378,0.040107647463627036,-0.03919708594862625,0.008073446470127466,0.08949847472963741,0.03534957807759501
0.1331717789454317,0.2009012136652596,0.017935957145895208,0.04579333886042173,0.010848454664306314,0.07872900331697101
0.3159737587840051,0.0479655835353498,0.0707578786371884,0.028777046634814767,0.05180769180024297,0.03201812645635675
-0.03302638551333212,-0.05258090523446485,0.03026816118954606,-0.055652640674730164,0.04430516856356058,-0.09987471170431445
-0.036296184074918095,-0.025712697050600183,-0.0980990167893784,-0.003044340125125535,-0.01951933090830107,-0.02920077935252341
-0.02469554804725082,0.06987743870617368,-0.11423773510211177,-0.009645743761201435,-0.02689165192398875,-0.005394985597921585
-0.027960755840813825,0.02370322892919451,0.06566678986380918,0.13947061574180844,0.04213976224112599,0.006335506909886554
-0.030288401739465176,-0.0015592300656789683,-0.019454104963790093,0.11145730881283017,0.021711435308778625,0.025849625957109525
-0.08567765213992827,-0.0642825059087763,-0.06560547447280657,-0.07328870176807864,-0.05094321068049405,-0.04023827596523347
-0.013728799949701663,0.011188249326162567,0.023834036458132837,0.008808544070220975,0.051159982984833735,0.04821796071344836
-0.03863812151570188,-0.047529733114221005,0.00433559619194081,-0.10575779984845599,0.0013476457669785408,-0.09298011300813544
-0.023812103226794914,0.024666359701951263,-0.08337226864271959,0.012883459967677873,0.013640042117060958,-0.014747378483858277
0.21105997008606361,0.0978739138851087,0.013988748001840115,0.09877349017596361,0.02049192591315443,0.0749115504077138
-0.049962946886784085,-0.03376187064340897,-0.016497364702433577,-0.1436264566998254,-0.02343846423429962,-0.08503511699469192
-0.10791334330784419,-0.08977073406291755,-0.0015806825176468181,-0.07936692771518628,-0.0178319741304631,-0.09233701276874107
-0.060119290946243055,-0.006314160094909137,-0.053464178275982786,-0.041658211952271096,-0.019447151797479915,-0.04799603365101551
-0.04190404754952509,-0.0923115709458019,0.01123902631965275,-0.037373687296838855,-0.03900410267935399,-0.03383987099451371
-0.025701805780589497,-0.028467672883246878,0.1146774339550372,0.0022787371875880712,-0.02629001193119933,0.015178399248415709
0.16384049625858732,0.15366637416901113,-0.035173310506825324,0.04793960748374242,0.03942927448399057,0.06899819464715785
-0.03954447886461365,-0.020562093927841085,-0.04517956811628481,-0.05600084208961176,-0.10911625205854136,-0.053745834565189006
-0.0486636380197857,-0.0194734802565536,0.0060126249653414485,-0.07826029545186053,-0.06815131989795215,-0.022963431618454832
-0.044090085478587684,-0.012528350961311085,-0.08351502742819684,-0.06157534346159069,0.05990855761073579,-0.11702740885069839
-0.024146121488653485,0.12008472168340295,0.02996842871046669,0.08933250046283125,0.12839919610263464,0.09329094062487454
-0.059255650497182795,-0.051827093215859106,-0.0449945204686233,-0.07032186009438153,-0.05803452461878445,-0.0831127743767464
-0.052359248996786165,-0.05356719598824837,-0.03286001374735663,-0.06810673196824109,0.046486593735555776,-0.07405588941006332
0.15063642450144782,-0.010462059661807093,0.005870526631473152,0.044215211470343796,0.0547139049747062,0.00027822129067071655
-0.021007727064766595,0.15020654813319936,-0.09258904478726361,0.05713120486384697,-0.02069024823761547,0.0306838189733218
-0.04983066806215329,0.007225123155005338,-0.00583729894168316,-0.12684519203409372,-0.002691675748394445,-0.11199123704175866
-0.007956036504562695,0.10018372549052132,0.0009859213620746498,0.1337654882047827,0.13269767083144315,0.07408341008243231
0.1420288348092431,0.21412692011102602,-0.006418320828679598,0.05745241706138157,0.02595341632495845,0.09843714506947722
-0.021806484539524204,0.11220521157209701,0.21112627572118253,0.0936316970196152,0.026898076062960213,0.04002209622639926
-0.0002870327227436456,0.06582328841725854,0.03610341460178413,0.23015698456049827,0.1688284079368146,0.07381821121032248
-0.029814107141411195,-0.04677319467190122,-0.019283942104347373,-0.034850222376213214,0.02664549824460202,0.047450368643371224
-0.028162308557110497,-0.032712019730381556,-0.01723064813230513,-0.06048032213988322,-0.06544939732827815,-0.048811185199054016
-0.03422730732569017,0.04941493274033507,0.009600257899166551,0.1516737442254394,0.006320840104376719,0.010403207001044266
-0.01211659752293953,0.06134827142499753,0.08598397345981165,0.05853238041118421,0.12281663916371693,0.11865177706283894
-0.055034401963606594,-0.02820336715513344,-0.020909711415192034,-0.06972354282702253,-0.013100095913540175,-0.05049155718952559
0.1486752995937266,0.21008263844617764,0.04115612435606147,0.0638199184848893,0.048471194043269,0.0865875016664269
-0.0590116696084602,-0.028450461520211537,0.006265345076778144,-0.05412608809214041,-0.09372111547073804,-0.04593172256495663
-0.0034169592925895787,0.10225521968157232,0.026715098380579345,0.06462405530780448,0.08004532992999111,0.026665979131602128
-0.02525201102349502,0.0968653670430092,-0.13916103326815815,0.04369867164251449,-0.04462655052194834,0.014094644508105195
-0.039762891492192844,-0.05968457525275861,-0.058993129233062575,-0.03328040126080788,-0.06401931171315567,-0.05635117646939783
-0.05547532505293779,-0.03574568056637637,-0.004062704660523017,-0.12598827138124652,-0.07252785474655421,-0.05800021342636689
-0.01531457544622107,0.24677745123479897,-0.012590706265517797,0.06833531558895754,0.07346119615214235,0.05210949194191863
-0.046950119908888324,-0.13917731070848927,0.02667121076895243,-0.035397836062008955,-0.05415245831400845,-0.0933334130875363
0.25966548640178105,-0.011277475446732771,0.024646187018344333,0.12035154206582288,0.057788221830407854,0.1465778111800266
-0.010788351311545515,0.1741767127519745,0.02286789878381594,0.06684301308611314,0.07209308636635363,0.18014874805785633
-0.04187363787364689,-0.03661120232563164,-0.03726088994551678,-0.039092557454100105,-0.04757445078428507,-0.05944500181707996
-0.02109843549194566,0.032955531025221,-0.03929689942146541,0.05923691029852931,-0.020679595263838724,-0.03401213504729609
-0.060932993887180716,-0.042120279211053574,-0.018496591065674778,-0.02726566978255654,-0.1082737110680573,-0.04163125165498121
-0.05712291645369332,-0.03673052461621776,-0.06991098009709422,-0.07349919620762448,-0.032580266466533704,-0.05483472117897526
-0.03109891957032566,0.04051989818308378,0.10191364676012726,0.014820145435348615,-0.03639244042569797,0.027188141789200877
-0.037917975301188955,0.011191685115914613,0.05483868557920773,0.015902542258643487,0.011603694448431222,0.0716658910845925
-0.055584745373446154,-0.022474854315765427,-0.029075369512371285,-0.06659403732753955,-0.13056969113162897,-0.05791955029807179
-0.050458009599925156,-0.04539743650417167,-0.013227633261897144,-0.06194072427229585,0.03860598942213506,-0.06781417389907524
-0.12907612056545506,-0.11275445991515473,0.035998978594185146,-0.06855040485202887,-0.05266601101792396,-0.04442243141619686
0.015509011987845421,-0.20070250170547732,0.01117502786063138,-0.022551540786108406,-0.08404799664114151,-0.09482467211054627
0.24380305404205463,0.17153655382762564,0.0025594597167634464,0.058639862669100144,0.02529322151363968,0.10137598947367751
-0.054813020434426825,-0.0473936889508552,-0.020058449753695983,-0.0775816250300949,-0.04963684606331751,-0.036969078923570854
-0.008013429979818012,0.1955081448682353,-0.012677021742029417,0.05663594335904476,0.11863089261525712,0.15749760616405167
-0.026751806538499873,0.14871140082847856,-0.10520378692198842,0.03431947024306428,0.03735023526257658,0.12327286678103584
-0.10397673161966332,-0.07227500565077674,0.014135687533358598,-0.07035677871630786,-0.014207553887299067,-0.12834455912322124
-0.04620393266805154,-0.0770935713247732,-0.017247664140534403,-0.039890457888160306,-0.09329650094310524,-0.03674117918929279
0.043757740206647175,-0.1824976790293621,-0.04644279843047157,-0.03668087565584089,-0.07239306237957518,-0.06630347116639353
-0.0749139947859424,0.0405684077856383,0.04901714430558247,-0.0624596847160556,-0.17523301961654852,0.0016812241911566782
0.1490367262857248,0.20807287015013753,0.059014994186924775,0.061137340117284215,0.044257067405100756,0.08402764669934619
-0.026538410300809282,0.10408603336289772,0.07236626712142007,0.009045309707827017,-0.02146289998047715,0.062222790495977814
0.22780254357081473,0.07858705282218685,0.030034436690653442,0.09376002738797533,0.10518536930326787,0.06590779516204585
-0.04589394696929677,-0.023798800898007424,-0.006633831116137288,-0.061126326455488544,-0.10720331720819112,-0.05999191652858752
-0.035591873491742206,-0.01565113472568231,-0.05164377835333244,-0.05246444529502962,0.007240226201821816,-0.010927630437322608
-0.02776261655750625,0.07891920610826374,0.051198102611248415,0.2622207589582743,0.09197619779380006,0.05451340751541148
0.02556625870722806,-0.006848623879322487,0.06990165852524807,-0.06116176697865552,-0.02628417212917511,0.004149520088659338
0.1653455520236174,0.24557077967143814,0.022265539718547233,0.031742998283291246,0.012844819783214776,0.07953828339137593
-0.04620977802613178,-0.07479180283033439,0.04998292798743186,-0.044507899795629274,-0.0519044510657498,-0.044502726679259974
0.22868879995334077,0.06138298901657478,-0.06931578404128742,0.044146965916707234,0.04492960632955566,0.024608051874875567
-0.021003502882945255,0.021815781655986535,0.030377148729600484,0.04785369195032089,0.08105393572748135,0.10970769501488913
-0.0538898910427795,-0.10310766654813022,0.0704438824484407,-0.023619183492051738,-0.010240953352217178,-0.009570365785893334
-0.03682058621470296,0.04561651091422459,-0.10304591546687254,-0.03893410926882902,0.007722670453027724,-0.012252461259824647
-0.0188061096039575,-0.03543506631472655,-0.03959763482707077,0.01294937061414278,0.021113519511899197,0.031126494704924134
-0.037803915367716975,-0.047896923123423606,0.005706448952881312,-0.19581196369439605,-0.017721969377805718,-0.0849048860248706
-0.05095420512519742,-0.019640746954429293,-0.05081661972067063,-0.0397614259851541,-0.13508744530346734,-0.021267574359995076
-0.023366637919359647,0.023293680813229037,-0.06750547364814155,0.06807281356283762,-0.0040481397017960346,-0.044570748617499364
0.06330265888853683,-0.04273467842164596,-0.053640278849526574,-0.07857824025034822,-0.07847629933647136,-0.06410588010480649
-0.0002870327227436456,0.06582328841725854,0.03610341460178413,0.23015698456049827,0.1688284079368146,0.07381821121032248
-0.032390730093275415,0.16678279546537744,-0.029314017205968216,0.038434363573695604,0.046424669380064766,0.14276279377156428
0.0334421256951783,0.1686852021028692,0.019015344585565946,0.05764375122401458,0.09929055737762894,0.09082148829602146
0.23101168616256906,0.06618910772668461,-0.03928787783919753,0.08380023912144705,0.03770325099811143,0.09163002204427108
-0.019337309441459886,0.058450000294518314,0.02950197350371873,0.051502651407834193,0.12469063859590658,0.12642962687121775
-0.10111713665082948,-0.04925904632540864,-0.0003226926974062403,-0.1268061445013984,-0.017478569571247986,-0.07832812926755368
-0.023825754945426984,0.003864990861180492,-0.06468912689718322,-0.05214290419327521,0.07969031445885402,-0.08900943380252758
-0.018240406090600975,0.08411732412248502,0.12111876377040308,-0.00512894372915577,0.04047907911404117,-0.02489247877975608
0.25325336892190203,-0.013690330934038878,0.039095101080208104,0.1161690905422859,0.057853403607562144,0.14431608932667944
-0.09868375537421771,-0.042385687752548286,0.008454188874237534,-0.14194291537679593,-0.024919189216294473,-0.0557308248146899
-0.02340977304823222,-0.10221365241597333,-0.14564902720313572,0.009819715121983383,0.007387842902837483,0.027144395794815965
-0.0395428439094098,-0.07221875110861666,-0.0035814972092249537,-0.048602288843686586,-0.06831722395206867,-0.02237426106598633
-0.052656879240241566,-0.07169385322008512,-0.00839630813276979,-0.026231724243160278,-0.02653044609717092,-0.07237105555923708
0.1496665697705919,0.04218832697889743,0.0432967456810879,0.05504429910089757,0.09579880822237935,0.056669484458641915
-0.05033796647651356,-0.019248443657377077,-0.09285737500232782,-0.08539503104205207,-0.04913541848713115,-0.0479352916779841
-0.04226308862110495,-0.04911346779751995,-0.0926510740778912,-0.09441411108018817,-0.025027286219565067,-0.04899753699601916
-0.018455891977310027,0.0006822940297636607,-0.0997381882346534,0.013354898163984818,0.012407854099406644,0.03370773379783639
-0.03302638551333212,-0.05258090523446485,0.03026816118954606,-0.055652640674730164,0.04430516856356058,-0.09987471170431445
0.1602780953380553,-0.06397776616742441,0.07810175109275008,0.05044138692759465,0.03811694269799319,0.009962794197821841
0.07107861145164947,-0.100189539881474,-0.047002193531294124,-0.04030109965949697,-0.017333295249466824,-0.04427549820064819
-0.017941416934606158,-0.0006999504016914507,0.10190923887813835,-0.03280618450697031,-0.048184725689837546,-0.005177813739428655
0.15063642450144782,-0.010462059661807093,0.005870526631473152,0.044215211470343796,0.0547139049747062,0.00027822129067071655
-0.021806484539524204,0.11220521157209701,0.21112627572118253,0.0936316970196152,0.026898076062960213,0.04002209622639926
-0.03801843632378359,-0.027855341929277168,-0.06540521013588155,-0.06399135400581557,-0.09545293960730597,-0.03482855938227127
-0.000525295087667191,0.014735862398889868,-0.08419108260650479,0.010553101590052039,0.05120163097298003,0.007187754003846211
-0.045484766647175656,-0.03907123733050857,-0.050180106954407735,-0.04693917765512333,-0.0504515577365192,-0.06207120635360589
-0.04482929704293606,-0.010099470008074918,-0.12043944454514528,0.01378675129888738,0.015286914078369988,0.011489603778314199
-0.04043617151538642,-0.03835681399460934,-0.06766799982353311,-0.027884686294562845,-0.021814676576184255,-0.04869264694165404
-0.03999669210407834,-0.08200672089119448,-0.03551011291019113,-0.08967467927473413,-0.10082494926671609,0.005849823379829427
-0.0335310068599543,-0.03723569894280374,-0.04564794338664096,-0.08113544112574873,-0.002897184053692042,-0.019024848137953878
0.07667910781588248,0.10826678392117345,0.04941624010428594,0.04795920819921937,0.033820125546516915,0.06178345728316533
-0.024229497259193437,-0.09627879214591076,0.017259165594329863,0.00508862175888034,0.034194877470423726,-0.0037982356153553687
-0.05817034975973601,-0.014861912743754063,-0.01715788766754502,-0.04793280894304366,0.0029252245584897325,-0.05969161953470605
-0.08314342237839278,-0.09864377048766275,-0.030975085604562184,-0.06448906753376553,-0.03683617747645446,-0.06814744589375997
-0.0465884125477791,-0.03780232203560884,0.008844010928679728,-0.01725305081192164,-0.04547507339482616,-0.0067680375662850486
0.07461819862072187,0.017194001989809474,-0.1048731690579887,-0.022116459790236454,-0.04363373568795611,-0.03376801180065532
-0.04760752726536802,-0.04469219466600905,0.05687861939537802,-0.04553252408523558,-0.004404519125389941,-0.0019460729250853005
-0.0071032080268816815,0.027914541231277054,0.05317279692735693,0.05851124617930549,0.04394300653338032,-0.002464586719828628
-0.02513507547509401,-0.009086169802233215,0.01641551498350121,-0.05210007743530414,-0.00857234731088912,-0.027138487708351994
0.19947755488855973,-0.0209731307347656,0.08751009191052606,0.07061618601934458,0.02403672214355647,0.0023752695030526128
0.034689343004585996,0.009137595547553149,-0.1006749288107788,0.017467933515984666,0.01749351699301063,0.014104685049331482
-0.0241476203205737,-0.05987226007956769,0.019056574826382476,-0.09830672658006406,-0.05520161173086756,-0.03300338251110256
-0.037365073957094354,0.005490400159647596,0.06399682554071184,0.0002917620449735605,0.039631968976421156,0.005905873155250665
0.20852954455357464,0.0844282259735524,0.06569775119107041,0.13326695293101504,0.03708453175966683,0.023566555962558296
0.18606122607227113,-0.07777436523771784,0.06304391135864745,0.11698372446969339,0.04936007071398303,0.06734624464033945
-0.03338650386830844,0.017743990393777248,-0.001790715290228333,0.012909607766004378,0.012386099728287282,0.0003674962406698471
-0.008979499940158573,0.046841475136145734,0.019424162061894998,0.0340195438781905,0.05451853541196526,0.03265765484606657
-0.02683543987483524,-0.12695099533708942,-0.001999490151170075,-0.03530744834550402,-0.013375788811294718,-0.04559704396554624
-0.13181106203882598,-0.04270242680232538,-0.0404287603425466,-0.0495294531713666,-0.06557820325127507,-0.061864988010679155
0.2332982647151614,0.0511826307736275,0.07702154118312861,0.1509777161304663,0.024216853569800353,0.04390595715365413
0.2423654665882005,0.052529562058984416,-0.10959886004285188,0.08849695458851244,0.045101781674777464,0.031920048551708775
-0.04607796612626062,-0.04288514064997245,-0.03713068295097539,-0.06703989561949408,-0.0935239340544822,-0.010618105825718831
-0.1386593172352384,-0.021281779365429625,-0.03975048950286014,-0.04558934234878135,-0.015968539027441733,-0.08998926079933779
-0.024465230022891055,0.05880665917155739,0.06641520663537843,0.05421761463309731,0.09938220085100986,0.06578098825935427
-0.040797910480288496,0.006984032163436115,-0.02706906912209236,0.060162416655741756,-0.05787291712142066,0.04019076477395762
-0.02629302993814381,-0.0013362580960917757,-0.04363246048910022,2.402160876740257e-05,0.028418449586100073,0.051047163395530754
-0.04711389353150003,-0.07201494214643768,0.0497689517962763,-0.043982201844020255,0.005743485410280843,0.008771795703696942
0.0006392702365567107,0.04457196957550301,-0.059606745579135464,0.12631060546149125,0.08503430746546708,0.09997698852690816
-0.05344378146845853,-0.03378270147369627,-0.03872714865700533,-0.06998326021283628,-0.03437126003800383,-0.08986457053955518
0.03770930566358469,-0.029898195125742634,-0.14415956974179375,-0.009059230392187319,-0.03694669741347885,-0.06452410889741132
-0.0379162381618849,0.012573677922105323,0.10753464208592017,0.0017267488779985028,0.05901674116321715,0.043443241519592966
-0.032616318079248134,0.0227037972547754,0.0027959395553455793,-0.09865337009146562,0.01131009953440074,-0.05185735679608567
-0.020155330215271827,0.046859628540782614,-0.04905895210243146,0.06209730058253765,-0.008097001608292317,-0.025630592989914408
0.06465360223120659,-0.16911319701325028,-0.05369093264931466,0.004903954374542662,-0.0627603425224719,-0.08984132002254516
-0.04274910939844615,-0.04838381045269632,0.06553683216485803,0.0016893506308141091,-0.0002654094829639194,-0.06910238733869488
-0.012680725985563643,-0.11829964422005525,0.0014461031612496727,-0.12961402121932425,-0.061768056264578465,-0.05129458638478536
-0.047704250607595686,-0.03624367383078077,-0.05376406530199913,-0.002783199157481881,-0.030466357619183954,-0.052725450277957685
-0.0188061096039575,-0.03543506631472655,-0.03959763482707077,0.01294937061414278,0.021113519511899197,0.031126494704924134
-0.04914067793162475,-0.05081986248135339,-0.01422257550523349,-0.06476310200043615,-0.11631808279088582,-0.02216376862066206
0.0132640390891885,0.10254039586281144,0.057908746609447025,0.1267605597966671,0.11230801967221682,-0.0024730365027832908
-0.12010548242991707,-0.08279126783110788,0.022982037479232824,-0.053912671649449656,-0.07893666567777398,-0.07615084350800469
0.22463665846364567,0.05259892931863457,0.05454290917766302,0.044172193374505786,0.0954160619612905,0.0337212915092974
0.0029001969511991497,-0.028632727596172133,0.03504854849482617,0.061943363866235564,0.14666408305075015,0.07651694113687868
0.010802477905790033,0.05558525729896132,0.09905726873803307,0.0580753138424903,0.042650781566271376,0.04682648765807681
-0.02880304584087087,-0.04592400838826035,-0.015926359592081375,-0.02081914802951513,0.024988267223272794,0.0227173065577245
-0.03949754741611458,-0.06768235448667083,-0.06429986258035397,-0.10217302735110335,-0.059866889179146954,-0.0066873855030513815
-0.11117752510298179,-0.0717564060326496,0.025350858786564227,-0.07116732469673076,-0.016715818431048125,-0.12841586884420683
-0.011368575211854158,0.06851724635956086,0.02964870545862452,0.0982576541670882,0.15668694904602393,0.11048946558974912
-0.03603109182296393,0.05215916694326446,-0.08729044029448295,-0.01698237562632889,-0.04283593745005359,-0.0048273134940318915
0.005397284002473009,0.04505836261718069,0.06890064470139366,0.22335457814027415,0.09521695164344296,0.06484743812054101
-0.02052364882831946,-0.06617352090083102,0.022364451148191546,-0.033180346717701724,-0.02933101876536642,-0.04827756577302085
0.282456173914914,0.08075606417224032,-0.004958511160783527,0.10527664069527794,0.015531280917097193,0.11908881732136235
-0.13866078865488213,-0.03322126601171877,0.013206706159440116,-0.11446708620868132,-0.0161113990564246,-0.05125443787195568
0.0332285238733243,0.0133605405040531,-0.07650369310310903,0.02752802994891229,0.02494777399978014,0.01323470116916373
0.029824896566686444,0.16793133306321348,0.05771424235453362,0.04051029251466239,0.04215639242485728,0.06363399170843999
-0.044985809295467624,-0.014783621408793654,-0.0016499851640528335,-0.07878551051059744,-0.136901690334368,-0.04202692018856087
-0.06298112190981021,-0.01999442884961313,-0.01880414417450058,-0.05479404713295716,-0.017532207833301335,-0.0862159555357074
-0.05251779396512533,-0.007763857453401991,-0.005879884647197584,-0.06140534939461699,-0.07264041228753125,-0.029266589730312004
-0.1405411422775609,-0.07595071562308463,-0.019069647190153118,-0.05376655745092618,-0.01597869353958005,-0.0469860144896784
0.24380305404205463,0.17153655382762564,0.0025594597167634464,0.058639862669100144,0.02529322151363968,0.10137598947367751
-0.024520897940633783,0.22196718191330003,0.069826048104908,0.07210814860091018,0.05773372118731754,0.14845648668911687
-0.2212280919587828,-0.014994066236280777,0.017001561854399237,-0.058146070109458145,-0.046792122148090705,-0.05568918582688183
-0.036662843790324966,-0.10689108002491031,0.00024151042357750742,-0.05992498135010344,-0.06115741713198758,-0.0668875848488463
0.06319062476674277,0.023483560787689556,-0.07538268269358639,0.07275250053542288,-0.024118975480177652,-0.020405182682350635
-0.018816427678682197,-0.06661315901649503,0.08004456428753072,0.03197743951113007,0.049668296483407946,0.032255920083523876
-0.032869474677301225,-0.09099202344826442,-0.06963199778032059,-0.01680213840320398,-0.028800631787268598,-0.013603836488046283
-0.0392560275313806,-0.038228628335356965,0.024896047897776368,-0.06945333521696125,-0.06909822789229518,-0.07812176172980807
-0.0031972620611019423,0.01683830617207135,0.06278360246936748,-0.014483898690154729,0.09567868875596611,-0.026118093384815473
-0.04573939293060541,-0.06210669184228966,0.07378447906175549,0.02866093446024362,-0.035810571263193605,-0.07470520277626397
-0.03752645210040079,-0.048841015395786384,-0.056168175761049634,-0.09564685973357703,-0.09015390360853656,0.000328006579266576
-0.0265966324282409,-0.038021930424553436,0.017373708264242553,-0.1923412899925111,-0.04251802432325852,-0.09151952925855583
-0.04302099860159712,-0.13437621801979263,0.0378536792862641,0.001798364143159587,-0.06278064475955589,-0.07566995779506579
-0.016580771354851788,-0.058649406346327516,-0.0885171914528178,0.05744186471427259,0.0420470967156811,0.042922646043194644
-0.01891125941414869,0.2552069555017862,-0.04521259819661789,0.07417238630300568,0.05723573486395395,0.06189575242756278
0.1366364511012965,0.18967358622917344,0.054799010982351015,0.0704001224605044,0.01986678444392251,0.06400511500581685
0.008198861011599268,0.08878163192172123,-0.04416736753973266,0.15950192532704868,0.23435124629509266,0.06912957327654098
-0.0406069600033629,-0.1250142668592943,0.048521123163771926,0.008474800315495724,-0.056588431943817345,-0.07269613188347317
-0.039869771266506704,-0.04136553711500423,-0.02293506678474867,-0.06452501590221071,-0.06461645324377761,-0.07577660682702513
-0.03019698649430051,0.05367171112799245,-0.10124752396648652,-0.035859930705869764,-0.01136367313556092,-0.07332359159527266
0.006746562494448896,0.042005796854618964,0.17492998637947807,0.02520150289399956,0.029530741232631323,0.017395801626445204
0.04669902637850097,-0.04740304172152735,0.11399436374363836,0.029240321207412493,0.031008602667454425,0.03604119809164203
-0.024249358343295044,-0.02488415145899249,0.04085524094385506,-0.03595046372674207,-0.02700686840162737,-0.03667731297904538
-0.029419588038558684,-0.0316881126957551,-0.020386275172738732,-0.15555465653555567,-0.06846022912658349,-0.07585047649227453
-0.028228194879039784,-0.04917419441830564,-0.026822297755688396,-0.0746383475304477,-0.05416330371381176,-0.06713982695942454
-0.03873431475968118,-0.0004512650257712429,-0.056266782956617495,-0.03628569779226789,-0.0649281073916586,-0.029051287934240506
0.17543268064135856,0.11543665293805701,-0.05386699273584846,0.11317877118756468,0.01836844277505306,0.07271126376450779
-0.046863636629084424,-0.02975031333102437,-0.04302154212730065,0.0331907053426378,-0.019261639044616207,0.03320586865288011
-0.09512602261837928,-0.0820425894990223,-0.005254791191537759,-0.054556247167833714,-0.08170074003234637,-0.07156783644123339
0.139549822012592,-0.01931465831235345,-0.002331785625130421,0.03488523300045128,0.04333891384367929,-0.012148550235657696
-0.026269644347146973,0.0405982813108809,0.027449065518873658,0.00024378476193344972,0.01647159872944051,1.8394153284455482e-05
0.27085245641185496,0.0719355532190632,0.06227329176253622,0.08366013668472741,0.059683668235804545,0.026884746973149277
-0.020000662504716726,0.04433074542735648,0.05284291845308824,0.06289931878723767,0.027968579459175268,0.04143147968365349
-0.03158988983168828,0.02343072046790126,-7.003854497190816e-05,0.042700417598950054,0.08397144170903685,0.04168536258986337
-0.03019698649430051,0.05367171112799245,-0.10124752396648652,-0.035859930705869764,-0.01136367313556092,-0.07332359159527266
-0.005725245521078077,0.03781116056784236,-0.008458003504560205,0.10059505302145218,0.1441492625757742,0.10570563161480696
-0.05786035896291022,-0.05444895598330134,-0.048080614366459586,-0.060027512926297495,-0.005716349386224478,-0.01270999254571901
-0.035802866820479194,0.006267525755454734,-0.017344875562772314,-0.1425685128521551,-0.010480314208500614,-0.07732706590213699
0.024079802520857445,-0.16316147889745272,0.07328651530303178,0.011556352303072828,-0.0031874102765546966,-0.08719587015217144
-0.026142667631842892,-0.03022743263437423,0.01578082335651035,-0.0493613315301115,-0.021383928673801685,-0.04060342125227257
0.0012548863303643515,0.0008198300376965962,0.18875264223585875,0.025692141307033674,0.04345988808762409,0.020465697135455378
-0.05150705887830191,-0.030600947028173786,0.008487326624440834,-0.06311424709300316,-0.022877817675037736,-0.059676730383201156
-0.029175998783531124,0.06784192833589135,-0.07417117208357647,0.11836419388657632,0.049871943621470835,-0.008325869778579655
-0.05742040502864436,-0.046871622753664785,-0.06831969709690594,-0.03479892001274234,-0.13443404845785933,-5.885419077533421e-05
0.2712384927363934,0.09799679761061102,0.00970845276173628,0.05126729478079316,0.055583249095091374,0.0516503720653866
0.047607696939287306,0.02055646428037081,-0.1293806441546843,0.08666002513816298,-0.019952126679076056,-0.02416105186137947
-0.02109843549194566,0.032955531025221,-0.03929689942146541,0.05923691029852931,-0.020679595263838724,-0.03401213504729609
-0.009855947513736424,0.008330540375613813,-0.01842037499268312,-0.06267372768575204,-0.013220830787311925,-0.032159762498665
-0.03333472748576717,-0.07198567485538268,-0.034332168535666514,-0.03872350482824858,-0.037086224961952324,-0.06566799764334946
-0.11850969779851403,-0.05337073975464415,-0.047968855943691185,-0.05583643501094938,-0.007937971608388262,-0.1060689712786098
0.14377951781126427,-0.045332792402807146,0.059843694211966086,-0.029209501936440375,0.0326706509720651,0.037029503955407383
-0.017441602450729156,-0.06333812509705818,0.06635267472911902,0.10286621526823511,0.02710581257850973,-0.013325529944581967
-0.06109205238259545,-0.042175409240750646,0.020069440258476293,-0.029949907671915844,-0.011425374596116157,-0.05125995175766024
0.12101073020115992,-0.0850840220735973,0.08906599506718736,0.017579781732551758,0.025569785751310914,0.03333669966634312
-0.19239679441168736,-0.03802051743580475,0.020820512661768917,-0.08009234198000044,-0.02259130943343371,-0.07281626119967842
-0.020515174524472206,0.09626212602903263,0.10434732900996752,0.018561533829134308,0.06332940319158425,0.018535570384707586
-0.03171430441049529,-0.15174534714369559,0.03483668465289892,-0.027854350155768582,-0.03431078802008419,-0.07615840561561185
-0.04000111327144603,-0.038943585445945075,-0.023157292572736334,-0.07350311964570727,-0.03123160521117847,-0.05544831519248228
-0.021614547705482157,-0.03633701778814056,-0.04954599425089981,-0.15613122653140396,-0.033338747378268564,-0.08695350435606687
-0.06432773931298742,-0.0582443094483175,-0.0810918636936275,-0.037111401853558094,-0.013409183919332577,-0.04418762130637067
-0.05058573176746816,0.013234049181595592,-0.009066735608866014,-0.08806198535169564,-0.0762431787797609,-0.08791985415319362
-0.012246166651837398,-0.035902174221094124,0.04876616845150635,0.029825575019752422,0.08422330971768706,0.051815598057615625
0.023876259964339404,0.07219054002081608,0.14084800646406404,0.04604268439797676,0.0784329778066851,0.04923849116579301
-0.03872425967080139,0.03341658664575279,-0.00561828827978454,-0.026255346384896548,-0.06681923781533997,0.0073507038764007195
-0.06756576367751188,-0.041092647099549545,-0.0320124554099339,-0.06957856942632748,-0.019436000500496785,-0.07248049529409996
-0.029840145448233255,0.04163345055719074,0.09308086774340563,0.06749507146303263,-0.0395044675030126,0.09509262484498224
-0.062322300325936095,-0.0401387757132655,-0.021585236309020206,-0.06287969168362868,-0.0317945381696944,-0.07440911400277322
-0.12484714069863587,-0.010909445427498592,-0.06730293581528139,-0.030116605418987592,0.005654129039962744,-0.025503779295620917
-0.019735203050540395,0.09735865243182874,-0.08317911105830962,0.059382774375359215,0.08810419118233975,0.06785551530475889
-0.058239430776627264,0.022880055664583742,-0.05713129228649192,0.016375037713645173,-0.006350964405259538,0.06184481657822104
0.045200794959908905,0.1297388659319565,0.01287786952606509,0.1163698334344277,0.02564625322812633,0.06449872456637389
-0.03580613218874476,0.03142861986442885,-0.0008927010465172492,0.13049521066016215,-0.041692547723315834,0.07124432767782882
-0.020490629957506827,0.05606117669219909,0.08335446802311315,0.0450443210516528,0.05332284419008936,0.07551171057515024
-0.04410250629565689,-0.04279640809119521,-0.051225314899806175,-0.06353406927888942,-0.0648976067903025,-0.0014219926266579295
0.10471148644291699,0.12756446622131745,-0.14530340887828394,0.03029709110537078,0.006879663321588869,0.053075919348880896
0.0073295942700994906,0.05401836219590565,0.12468068038840444,0.13514673143785647,0.08209616946167234,0.07804267285814372
-0.03375186706492184,0.20952573428026786,0.016857448838221593,0.015921411068898845,0.0375226397284301,0.12949002802135526
0.012511469686084622,0.03459448964455166,0.059156259189582165,-0.022743313439379374,0.028627729628665752,-0.0028823933844413126
-0.070758682230157,0.007389218554281308,-0.060367282600805657,-0.013150907325692926,-0.1970682945931975,0.017461728349224825
-0.02830811771977661,0.003887244893670046,-0.09725114686609374,-0.013282044463169574,-0.05214905237141029,0.00028562586762300574
-0.0046746212579466505,0.041387386554883394,0.02466147663335304,0.011525523978115643,0.0776510655518662,0.031019297082938595
0.26131267968421784,0.06044149298018914,0.004876573183108416,0.06483606090821607,0.12926249503229306,0.051908928973159595
-0.04487884699782043,-0.08119500404618166,-0.08084327503597387,-0.012630266299160376,0.005098484129543479,-0.033839726511969336
-0.033576337675844205,0.030862141826207504,-0.03333063654010785,0.020454921318188574,-0.003095780148787165,0.05535623149172239
-0.036836738755945404,-0.020127691064171626,-0.05408312284174428,-0.0705503970742019,-0.08973807351645893,-0.05380334253551461
0.07726099590234478,-0.10093390546545879,-0.02106330938912325,-0.09112210392099493,-0.06187435602340764,-0.07915150686614383
-0.04872575987031209,-0.07508126585041945,-0.01133334418064262,-0.034189154823267884,-0.13552945668515878,-0.05284651049781868
-0.05643155905954405,-0.1004046121109675,0.020541556491956738,-0.027655801313356324,-0.07732727940878159,-0.0179667640662827
0.1083435287567228,-0.019531022916671737,0.04393353822624052,-0.040834765728986096,-0.0005997682989841675,-0.05606127668519314
0.14727541267000738,0.2535616837992263,0.05152594791870867,0.05895270181751217,0.033718964325074444,0.055008437810495255
0.2436427010539046,0.07742970486429995,0.11173186226541333,0.03876881884692,0.021821929725230477,0.0652058932680169
-0.0318838789262057,0.05790384508933969,0.03915433314750452,0.1687916305117982,0.017431999444106186,0.018526612910981014
-0.045484766647175656,-0.03907123733050857,-0.050180106954407735,-0.04693917765512333,-0.0504515577365192,-0.06207120635360589
-0.030768577547616905,0.127502979063753,0.14760984288557263,0.08406917243883505,-0.0056178078441597185,0.0026374343559999957
-0.04328881561083058,-0.017149466310248076,-0.0967059818338873,-0.020955577920197727,-0.09974843712077168,-0.03293979229720512
-0.1920011690691999,-0.01954782464795888,-0.02414509191637659,-0.062075823722408406,-0.03386722104290894,-0.056747742514227796
-0.05171152603276485,-0.002078670257193114,0.007963797857958027,0.02244579408180733,-0.006167570054190919,-0.0010898429986637799
0.22449187184013555,-0.04081160391016665,0.07407301229125086,0.024921918807876458,0.04319338279978215,-0.02636375734861487
0.17660870211967697,0.02916217278215174,-0.09112619590431746,0.01617671791963839,0.05025974647094941,-0.00228643451610588
-0.037274521810173905,0.02085320137746031,-0.05664429915242925,-0.02519141904353063,-0.05107625191894343,-0.03275823530369943
-0.008211683589268716,0.05143579378654458,0.04145867410321047,0.12594675206793798,0.0904586514807479,0.09398065199055856
-0.053019755951801494,-0.07656947828973365,0.007309473154121505,-0.0834676279585068,-0.10012648725031371,-0.01926203868958146
-0.001993900316630608,0.015990568261442944,0.07096869171132217,0.08014513182456974,0.1635055716371646,0.0511868829159985
0.11469642340129901,0.04271683460579846,0.07246794959300144,0.055416510835355794,0.09834117216239427,0.054753684717989644
-0.03319190581427008,-0.03545909908525446,-0.11297924123359719,-0.07209553052461926,-0.020897275739634437,-0.0457824623338625
0.2864346103632703,0.06291806088214137,0.03620569707097312,0.14168582380415107,0.0414490042867802,0.032074449658203136
-0.025057878874514196,-0.015538779127728728,0.03659493361317001,-0.05890780999793144,-0.13352359888487864,-0.08317584975246406
-0.051211816796997545,0.021913516938169623,0.012354062687732457,0.0012280382886638392,0.0019642722063086112,-0.05082541359238843
-0.13738638177323587,-0.04072255243721482,0.028798473903756255,-0.1349423916496191,-0.026306677296834675,-0.054472183818925504
-0.04914741900541748,-0.013173964389615773,-0.00875988207899966,-0.03933869644749331,-0.037514924539091894,-0.04246220547774752
-0.03797070865412727,-0.00748448135644799,0.08511637764930463,-0.018895473544387954,0.06905535143284694,0.022791220375616858
-0.04483278266831391,0.0019805525965055333,-0.06273960238645168,-0.03828035918323281,-0.06997178373959984,-0.02737358010894262
-0.03896812501326987,-0.16183832968615816,-0.006288416755831359,-0.026462886662153663,-0.02017198707269746,-0.08518206409294451
-0.04621574193810897,0.03419585651772554,0.038190635926277604,0.1657182854604226,0.002885911480899107,-0.02848113196288076
-0.054148117150645096,-0.0426788935509523,-0.029073689470002727,-0.057217124387140814,-0.058701354524000694,-0.09225431544003974
-0.04123049813101622,-0.09122960391617316,-0.02245616684879147,-0.04726331168127048,-0.03526442293174938,-0.1083697053450717
-0.020627025007139643,-0.0016991237479935153,-0.057845685841259556,-0.12476463068621285,-0.04240799851913263,-0.03507606114068805
-0.06373699781171155,-0.053285876503249334,0.001563065914244426,-0.038162638071331856,-0.12638135246447352,-0.08965869430309877
-0.026184243716536194,-0.089271632087965,-0.09942782164525515,-0.013176884626809817,-0.005774164421905773,0.013280726283074213
-0.050854721015428914,-0.041803798662033056,-0.018427703176784643,-0.04996626614110906,-0.10503704714819588,-0.056103918041801516
-0.016088787462923828,-0.04438351702559736,-0.097519477802913,0.043920301105251726,0.030355227736866677,0.04191822901925403
-0.04696837134604909,-0.013187014469946802,-0.05881867834399456,-0.09947690284643217,-0.06195415327642427,-0.06909260520145041
-0.04145629891816668,-0.0033080443104679795,0.039829585886080085,-0.07591097978650363,-0.06501708389166344,-0.009704871594686986
-0.020518634878937864,0.001532367872432305,-0.034697230683571494,0.030261545936553034,-0.0359240361923602,-0.08090189526496157
0.2361926979763889,0.03552113088584925,-0.01530567071500777,-0.0006617298354451274,0.06808320653714316,0.016251783228892102
0.0338643591464894,0.11683172812361983,0.18995612289427746,0.012115596258654368,0.0869877618602859,0.02046016096605557
-0.0734643004373126,-0.03162698261132392,0.007872910635466005,8.569732851000413e-05,-0.015285477473731787,-0.034604355898784606
0.017758029234538383,0.11608926650865688,0.014988756467608963,0.047742380223818257,0.061535377948587724,0.07636854010652439
-0.04651430074790373,0.053357216312304646,0.09915406860309452,0.018339008629159693,-0.07623145050299335,-0.035184321721467404
0.23931780886041973,0.07076475927213909,-0.003296667842572602,0.10163665304734408,0.06368898386636467,0.057034646668189956
-0.052804821731577654,-0.07238647278480426,-0.006904675130368241,-0.028197416113379115,-0.027920885994156312,-0.0738391550217675
-0.026006224514887908,-0.07076711457118545,0.04926121273254874,-0.04917053311054082,-0.07134367989708762,-0.04749105192007483
0.03690743569910272,-0.1950328957612047,-0.01612903010491735,-0.037395602529590975,-0.07593882112463611,-0.06527995229386285
-0.06512751414412861,-0.04087288493292036,-0.023343425250563772,-0.06469634744480843,-0.013822142883152998,-0.06562915189831457
-0.04163347577034365,-0.01584706190560109,0.06862900367172638,-0.05480554777484439,-0.043618458365837394,-0.05060822704385439
-0.006117742649032172,0.024359162455010155,0.14026351559706834,0.0310469333731824,0.05747015065394889,0.06189533074812802
-0.01758523331123556,-0.13963968657187362,-0.02612161368909282,-0.021899815449088315,0.022931429479462546,-0.043164465139685755
-0.031565183776468754,0.02457274638849577,-0.028924494817419537,0.02624016257519327,0.03229309035229791,0.038560017984819436
0.28493867603165307,0.07838389311916744,0.002733283584813962,0.09927666454516501,0.013751582219250685,0.11906636636005827
-0.01531457544622107,0.24677745123479897,-0.012590706265517797,0.06833531558895754,0.07346119615214235,0.05210949194191863
-0.043003625426250976,-0.04481205339958088,0.0644977910781521,0.0006776028018331162,0.0021611374800121442,-0.07219055681964798
-0.15512918925809177,-0.0387161348078059,-0.01607169553392519,-0.0798990963672521,-0.033208267956498234,-0.06889050969344422
-0.06862446772532402,0.035392632059656426,-0.07756653979448465,-0.059107600114657634,-0.0044055839949982386,0.004233248960422134
-0.029803841989004178,-0.0673081318365003,-0.066045183287057,-0.0034210961748244776,-0.007034164746231283,-4.8698072122289674e-05
-0.02197604159255291,-0.028030555145002686,0.057101258238675144,-0.04534475355089534,-0.07352706233201503,-0.027146174658002738
0.1391802829637714,0.1820483396359783,0.062386486786886505,0.07412353944019054,0.03303112733943346,0.10361077645845973
0.2578258232945631,0.049817178175499466,0.06225487253999818,0.03340371231685514,0.047760698914208366,-0.015180767752909158
-0.03897946721045298,-0.16511218231329058,-0.012743135013994164,-0.045204560678363,-0.006097451129214354,-0.07629538145810745
-0.06814919482572587,0.11411939574384557,0.041257616564373475,0.0050419756011235665,-0.16316887459365473,0.05128902321077774
-0.051414952523485206,-0.016114822521286667,-0.05689454676428419,-0.036223239286558365,-0.13908892271853893,-0.02718610745174743
-0.027783655569795142,-0.03581089383891689,-0.08640938831963901,-0.0414092976076645,-0.018290086036070245,-0.029548022704982885
-0.06023330685173367,-0.03582212418502591,-0.07338538622075547,-0.028453194993715923,-0.02691472475027724,-0.050286205459254045
-0.01898974817860444,0.030932715655757573,0.03499130030145646,0.01652891503420057,-0.007984452537650509,0.03878573566295248
-0.012630103682807405,-0.032831630962265455,0.01852257403164612,-0.2070732317143735,-0.03856708920078393,-0.11137274975077018
0.20822348444817634,0.04951504489743101,-0.07811140396625768,0.07716736869673105,0.029196144981335926,0.08456066744811107
-0.05977790161210536,-0.09262047994613798,-0.027032843194284215,-0.0485464926183367,-0.003253091172776921,-0.017563754260566087
0.10283336697972899,-0.023615856492238487,0.0367966773353078,-0.045436798295460795,-0.0016682597615602665,-0.06263811164186497
-0.022511209484523207,-0.07555151997442953,-0.04668003608785299,-0.0018319889232786802,0.021173952571840682,0.0030934138076033697
-0.03153818751302616,0.15497308516353406,-0.040400394168625745,0.05149166195741746,0.028862857253704726,0.020190193338497683
-0.028908164405274123,0.005458895092204876,-0.036717733608149575,-0.007240786819091249,0.04941615942732978,0.021903076222991837
0.003939452485352668,0.03810288286754431,0.060164147377355946,0.18681232945931617,0.10515442916310971,0.07399855121992789
-0.01943930314327844,0.012774333149157933,0.057574238838229604,-0.05445119903457001,0.005480947501780824,-0.022184478941315176
-0.08297526261154477,-0.07155661432684673,-0.02880789119139158,-0.08817986662513749,-0.054449099622166014,-0.05673908853286378
-0.006156032833015111,0.005228778959883478,-0.07044968789430407,-0.06912392795641273,0.011117526185499929,-0.03814257441620255
-0.0261161895583635,0.07112513688973758,0.07654019040557164,0.02860522431703691,0.0076753161507868515,0.04874766565399899
-0.042383873943641605,0.03224510552019874,-0.038063423854559485,0.0266425543621092,0.07132449927393131,0.044086987129085146
0.26131267968421784,0.06044149298018914,0.004876573183108416,0.06483606090821607,0.12926249503229306,0.051908928973159595
0.0020484181394505785,-0.046891994063040635,0.06358895058120485,0.06035696032801732,0.13960903378285075,0.066978683322381
0.017233707717768547,-0.019423071971710348,0.036998996207667924,-0.16294117165364821,0.008833100967113714,-0.05705061575258191
-0.0330391336871128,-0.07573044564110559,-0.00024204399025085178,-0.05508224806985066,0.020889317002874736,-0.04487254450136742
-0.0023868618966524347,0.08080913425400647,-0.005758641896783773,0.19648159053000208,0.12745691640387805,0.027040903722932
-0.019108496252093928,0.1181545854563681,0.07519585049715714,0.1875567898182004,0.09389363075337527,0.054857926938198236
-0.05574389574663538,0.08459075958980432,0.08442834618121692,-0.024049204556307324,0.001836991199787393,-0.017516372531219085
-0.03355840680300342,-0.020252374966935816,-0.08648865689703418,-0.051230863678935236,-0.019702896832028718,-0.05909662450617245
-0.05063737064071379,0.03317542487221281,-0.02722297116877378,0.016270622465133496,0.008750729758615855,-0.018085532555016454
-0.0378726018107791,-0.11571693667913141,0.005523289503167,-0.05472509205532104,-0.0815637064694515,-0.06777690900800748
-0.016766976815735787,0.02689934593539528,0.006318943097631727,0.11640719015514378,0.09712496770783985,0.2133916789375187
0.0013681305189922183,0.035558053722232655,0.07890074376763413,0.11947211353079627,0.08860110252345563,0.06278159521913257
-0.00958387883796155,0.08652837288083236,0.02850074884778435,0.1583188187137944,0.09275468665406893,0.10353197894790198
-0.07364719523185337,0.011702144339708337,-0.04932251972900274,-0.05666110573985747,-0.19812317131383544,0.017679348496885596
-0.04679043298293184,-0.025962213369815152,0.08744795976818914,-0.009489248437658627,-0.07471695929898596,-0.016441694178764035
-0.029419588038558684,-0.0316881126957551,-0.020386275172738732,-0.15555465653555567,-0.06846022912658349,-0.07585047649227453
-0.026870113650052537,-0.016874903304946325,-0.060453980620349096,-0.1406510530473326,-0.04913360481597187,-0.06543483243056004
0.026039099500927306,-0.16134252697840787,0.07344750463347997,0.013676497660351184,-0.0009807249958234258,-0.08675504868785386
-0.026941228246703825,0.0008880960945640514,0.11801628203202774,0.011139815670591741,0.02865930995343589,0.02085757777505787
-0.07564336805767786,0.024096574287401706,0.04678999659379056,-0.003390028327536051,-0.03745711496843653,-0.06216100196055657
-0.03463132366884917,-0.056009351991301956,0.0032609223403590086,-0.06326362322789349,-0.006886494606912688,-0.038149268840710626
0.21180895221707194,0.08980526041195079,0.004379396925487418,0.09283317819542765,0.11232006988759666,0.06760591441311475
-0.04142188997621533,-0.028634037624409768,-0.027515452817539587,-0.05453696643965908,-0.05835815749166568,-0.044818208186516134
-0.045978784986938276,-0.03602814089907409,-0.07417841658972055,-0.031765267220343105,-0.033844992070266346,-0.044224915953156724
-0.030541303513817297,-0.056225188409397116,-0.053736033536066916,-0.031875325240706666,0.00839147859021432,-0.03478610630186532
-0.0346323043836695,-0.15339384079942386,-0.06274114261302755,-0.06943793211242144,-0.05454076824680918,-0.002813141131439672
-0.05173938295384044,-0.1130479037715325,-0.00021874494709323033,-0.041099503382176154,-0.028365215080405924,-0.03774240853892401
0.006896171127517472,0.053174289554924155,0.12355310736511158,0.135861197808581,0.08473094863921504,0.07710127022434539
-0.0327987128586932,0.0041118976730801044,0.03915212927126956,0.04437327035220098,-0.0005420423725731976,0.018347974214643393
-0.05887089015223606,-0.04050383315985059,0.007560414685472406,-0.018246358687675178,-0.10359419567887572,-0.040547835550324395
-0.042484728429164044,-0.012491942246367502,0.0555525005226064,-0.057860941728208166,0.0070097951884229015,-0.08677533095356327
-0.0380680126678267,-0.10954255321228025,-0.012068985562340985,-0.04014383868858946,-0.0423860910947489,-0.043977979736170486
0.20751277391244816,-0.06288589562608222,0.05284799215960897,0.05016381506977657,0.03029894495732156,0.016613995329600298
-0.008013429979818012,0.1955081448682353,-0.012677021742029417,0.05663594335904476,0.11863089261525712,0.15749760616405167
-0.03060202997115861,-0.031237665924808162,0.03686681597118828,-0.032554491099688845,-0.08563601956614984,-0.0194926355134798
-0.0252946533522799,0.00713426650364941,0.12079867548333835,0.01488945727968673,0.025640990424333123,0.02505846220935533
-0.06591493858371598,0.06693058797649831,-0.0722109478686071,0.0031252765350308297,-0.03645892771371852,-0.06550149718293853
-0.01858563483981034,-0.010651889898256535,0.05431591512435775,-0.01650306703782001,-0.009258936523521808,0.01679696093309854
0.06333227257787165,0.12303110071485894,-0.04296643134263628,0.10861675064566369,0.01750966739572509,0.0646600735459423
-0.03623172903537267,-0.0023804289271123088,-0.0742349737327897,-0.09778728425352806,0.002884283238515971,-0.13416866859175772
-0.03448364487851078,-0.013605820143813584,-0.045291578705613574,-0.08380916173509365,-0.018588915355866167,-0.04460572818903738
-0.02216488820665799,-0.10070025723748698,0.017259167751582632,-0.03825574802349394,-0.02762033240510193,-0.04602173811168134
-0.031249705495519035,0.02358518011569265,-0.019793858373166422,0.023879646326960036,-0.006787933942899323,0.02027348659524902
-0.026474346411338976,-0.038591330908083775,0.0387630420720257,-0.06755570622981896,-0.07974444392060094,-0.055784819835939914
-0.03776028723271241,-0.013470383840470928,-0.042521778613382015,-0.03620387495429868,-0.16322138126319458,-0.024985314421023752
-0.040359351547746856,-0.06852225463720966,-0.02976177843114944,-0.09594041589478106,-0.09781411471625029,-0.01636188756567535
0.29818854950051066,0.04421901176616559,0.0052404469797072166,0.07121114933452535,0.10605092210391671,0.07919775397088137
-0.029629069254463097,0.013933248240617958,-0.0076747687492532465,0.13421639659024825,0.02149677302491939,0.04405132716440027
-0.08097801970458492,-0.035206596036383056,-0.0889964948786633,-0.06704609610935701,-0.052423589848835814,-0.03582420254617026
-0.011745135703999987,0.04920360605806335,0.046514738525426494,0.043577411830762365,0.033816889887888654,0.04655972084159169
0.10766409866870391,-0.0009368577587543111,-0.05596928670944394,-0.032041503773619105,-0.030071200878341562,-0.025353973299278354
-0.027608597790673924,-0.0023481654323117933,-0.06361334817365755,-0.044596967813001535,0.04132034889294197,0.011074294836550137
-0.05141454488519521,-0.015830354042656456,-0.0749977650755259,-0.013976033036763794,-0.017906372472578685,-0.02859474891960105
-0.03537569769287764,0.02395069937080695,-0.01662169051104363,0.011078912206055233,0.01718062017570086,-0.00027674403441768587
0.2743838753569734,0.028633378572975713,0.046173999385008116,0.062060317015090044,0.04988894305971721,0.0391255107596597
-0.005354991476106982,0.0012989045898704915,-0.12641213631180262,0.09913325618831624,0.04787952705144778,0.018875399543868285
0.005152505363111135,-0.09753853125547002,-0.03148893623628657,-0.08497660153726765,-0.01786459212716341,-0.05880374392894981
-0.03875524040597753,-0.08145248486838433,-0.06316934234865795,-0.08210128257463503,-0.04039991656384256,-0.0567235239160159
-0.03853486468432426,0.05905208684708103,-0.0005099376418848693,0.2012009145876399,0.10127012678202878,0.02602167547877163
-0.03611935682165909,-0.13092235753359724,-0.030794592520142234,-0.04766109110305547,-0.023870285329710753,-0.07220224481683236
-0.044286655933488135,-0.04087093348596063,0.006533748791636303,-0.04366299309198024,-0.11601161076511957,-0.03964779800595168
-0.03267477021317726,-0.025863684977304673,0.038286353788283156,0.002700904967500761,-0.002043426438665738,-0.006455462052851204
0.23243495298908587,-0.03576723418918482,0.08457626377247793,0.030671654215352364,0.04680935301286652,-0.02662492722509589
-0.15224495774873112,-0.07004310971516454,0.048678194458669305,-0.04024145982158024,-0.01943238870979831,-0.03413211551038634
-0.03649015313770824,0.03717490656774469,0.005828834787215665,-0.019187054081894184,-0.0351674603954124,-0.03906765014476785
-0.030459505994329335,0.05290940672043205,0.055980276028951774,-0.02252963416092786,-0.09612354656231663,-0.012064246107874937
-0.05317464110229985,-0.0638637155691853,-0.04313730477208667,-0.012622493689351557,0.01947951183799343,0.05916809924247818
-0.002738612101787079,0.07595432004393898,0.06186510661422,0.08055686183994758,0.13638748262764577,0.10505480421265519
-0.16242437665283677,-0.05717225586358185,-0.02218744081078402,-0.07610424400703161,0.008960165319429473,-0.07607654803760827
-0.05574389574663538,0.08459075958980432,0.08442834618121692,-0.024049204556307324,0.001836991199787393,-0.017516372531219085
-0.025454905786771894,0.038645084289151116,0.06899639570246813,0.038419861170935335,0.02581571478603319,0.03848286174222429
0.006317205909793818,0.012120337163839676,-0.06281273459009239,0.11674160420876455,0.0994303903804947,0.19306452313017083
-0.044031843922238516,-0.003766685904345794,-0.01758845443201388,-0.0743103633832246,-0.12718674367907595,-0.04191557112206762
-0.01141420800741429,0.014890728397209974,-0.010840405641692483,-0.041569438356974284,0.05761062009962062,0.0032520359276324074
-0.04384320503389166,-0.07941703803351631,0.027646232857721123,-0.05667221448815897,-0.12036236725487492,-0.042969650946597
-0.00815785146303163,0.01307674637877989,0.10923875407161812,0.02729568207410412,0.06815022781855208,0.06869566423052555
-0.23091506249917063,-0.0138627060611858,0.021977206629798796,-0.058188199894427264,-0.04327866827869639,-0.0547472109880811
-0.014951113290779758,0.10126047199911382,0.0594402009585074,0.005401813036029801,0.012617809342493623,0.02638814177159683
-0.022356515884520946,-0.05512116315562403,0.06682936289488882,0.029705870800486305,0.05507729873936862,0.05339657888898675
-0.05089472186836243,0.004594223340686697,0.06610491310972545,-0.021646491360961327,-0.02722260042485385,-0.04073684634767859
0.12453477903158704,0.026224846340312875,0.041117668274244325,0.010209871007952242,0.01293529485414992,-0.0016854467382799658
-0.05020519795693869,-0.08382299202982856,-0.03607331334209986,-0.04777100620508773,-0.0755705528206108,-0.036804862041550396
-0.007260363551297962,0.10282395886506968,0.022708766705873087,0.14158299418631573,0.1260979898246845,0.08175086638998875
0.005370557388877606,0.05031186500745952,0.0773002668698663,0.12057588559169057,0.04050253664396636,0.029795916672777728
0.0505982341213211,0.03330781177388467,0.07782891830006099,0.012488794536366981,0.03080712262628875,-0.003114976129824903
0.06953759802196602,-0.016735052502372307,-0.07482236694298042,-0.049621877693527744,-0.004374996807664452,-0.06233244964509947
-0.02398982042038472,0.07904476884413819,0.08714532233226767,0.15968211102791866,0.04014218870231345,0.039310122098013184
-0.14264299362832036,-0.03654514016069659,-0.045876483177717635,-0.04091832117617168,-0.05342316005103696,-0.06393736685164797
-0.020890761001515865,0.03512711627827132,-0.009302844301566044,0.050605934673258406,0.028387242795997587,-0.00792580751808288
-0.03223936251780909,-0.012084559989377932,-0.08450038702406257,-0.017680030226952154,-0.07764741065383968,-0.008022643164944093
-0.05672662588753579,-0.05015198831963049,0.005867679172733239,-0.07368587910775592,-0.03845526704003997,-0.09228518570136181
0.18542066583503056,0.09462759616229345,0.02219574892854836,0.08934560579763696,0.04902516022154474,0.006871828094071359
-0.0507566007376537,0.0013899321631460494,0.054489839728137285,0.06166250296340484,-0.06879027001879913,-0.02788441272574979
-0.06187213978790273,-0.08261220210374107,-0.07209427869325397,-0.04239944904135157,-0.02707255036488253,-0.05309894578759274
-0.07353247176996053,0.018191611858481442,-0.061643553308278407,-0.02894359455442016,-0.04753247932943482,-0.09072656538308983
-0.03219006937142718,-0.051598594489534154,-0.06016717363126937,-0.04175935248249617,-0.06234197461162189,-0.05734419659738134
-0.003280892635433158,0.18245178620312777,-0.02062778147350871,0.03671455109118589,0.07393162608405261,0.1421412843159222
0.004436172130907878,0.02345126763655197,-0.06801035380494053,0.11610337504666876,0.09615890040974526,0.18542980200378484
0.1734111484217384,0.21464247909796272,0.026960209145130837,0.07383136278649638,0.032637878919850837,0.083053762551773
-0.02973359920673657,0.1281584674777664,-0.05609063064798107,0.01723270181175349,-0.07365030141244824,0.0007732421782130872
-0.019652578457301454,0.21452361208568066,0.03603559995453592,0.08004725473309528,0.04322162195002212,0.0343907350760276
0.22603038837731687,0.07894278940657525,0.046714914820853326,0.14730165267365303,0.037614019313241896,0.055517862460217046
-0.050458009599925156,-0.04539743650417167,-0.013227633261897144,-0.06194072427229585,0.03860598942213506,-0.06781417389907524
-0.025086883067467716,-0.010798826959135298,0.0058472592273021776,-0.03745635265734526,-0.04931839577016784,-0.03941464806105162
-0.04695748792621433,-0.01703055672070336,0.05472087726809534,-0.013711410979945876,-0.05922824262903641,-0.007213182375774827
-0.04375104533419278,-0.07219552866288577,-0.044593929825856325,-0.11152161608535499,-0.029297589935624205,-0.048367660941621905
0.010746370578554697,0.05763741916198653,0.035214204878992045,0.11321276712321938,0.24919508019066564,0.07679237575401378
-0.038809427112031086,0.0014847338885447452,-0.07024660408037271,-0.009084239478078475,-0.10126664225144198,-0.025251335048143763
0.17800409707483927,-0.041996537533941454,0.041237990241797126,0.016230998297783093,0.03461947251748703,-0.023760628293712716
-0.034972907473179944,-0.06227707740517867,0.02540065859508596,-0.08685128116138521,-0.03742094214138051,-0.05162746418934922
-0.038085687345252965,-0.04790860139265216,-0.016632020615808856,-0.0020495968126301952,0.0029174758849411,0.0316060022603619
0.0011930415468673005,0.05153642667348044,0.012134175418883545,0.09786178488713805,0.039173686538404584,0.020819310336329534
-0.005062920901625448,0.02919146442555068,-0.03076456746945719,0.07517669063439858,0.01191748791921925,0.0016651579254752134
-0.026912406830792227,0.09185523675685889,0.17029975747775555,0.10534174971301169,0.003626943725488596,0.07645455643475842
-0.12907612056545506,-0.11275445991515473,0.035998978594185146,-0.06855040485202887,-0.05266601101792396,-0.04442243141619686
0.12995722584637026,-0.11670733194522474,0.014330353759143146,0.06562300700759506,0.006658654090284787,-0.0013223863491790791
-0.04385907702241685,-0.02785482039891571,0.1253077754878396,0.010389440474412448,-0.019233186863987384,-0.006022784520952337
-0.028579416203729613,0.0541324925305718,-0.10767580180006697,-0.0445026850501902,-0.01702087080638708,-0.07073558796867566
-0.03217367993642593,-0.07231943520938004,-0.02086275896818596,-0.0401529366566227,0.01680299461509381,0.04841572437924533
-0.04372205922612857,-0.12088962771739513,-0.04813749494601847,-0.004528427105537493,-0.05696426827912337,-0.06525777213308677
-0.03929448083534031,0.013947171740593022,0.028974286365662433,-0.04330884788981471,-0.02254576350449799,-0.035485851290077225
-0.04439405078095729,0.01974891543421447,-0.04447710661321708,-0.009808052360562885,0.04531088408944859,0.008782057077899738
0.1655539495441365,-0.052921931546881094,0.10594220288462514,0.07238176394897851,0.06600778523310392,0.13153049398282204
0.21701883348206244,0.06314375818922735,-0.010985343913154907,0.07611899958765159,0.09902408116761319,0.05230050383951925
0.21950264699804434,0.05647559871926656,-0.08388937441479338,0.05493321517986831,0.03986096454110742,0.011488138856784855
-0.057316010223361094,-0.03469800144935553,-0.0395636740749496,-0.05107257431601345,-0.04942019758217224,-0.06894490438194743
-0.03434920036236666,-0.019406225098947766,-0.045661157594630505,0.07240332172585531,-0.001751956817687986,0.011134259979552426
-0.10111713665082948,-0.04925904632540864,-0.0003226926974062403,-0.1268061445013984,-0.017478569571247986,-0.07832812926755368
-0.06636017003623308,-0.019544973850632332,-0.09297187170568974,-0.06539269459263093,-0.00444190279780163,-0.06224732688705783
-0.00899706919257839,0.10701590891967638,0.02586648924845714,0.18983156635922235,0.08028311999306166,0.14427346949816278
-0.023805043530048774,0.0840093825303277,0.022885548952420596,0.07646435292966566,0.11613947950749824,0.06376667850354467
-0.05258143578313511,-0.025487739180340314,0.05047870105759366,-0.049010841503942026,-0.07716108033190365,-0.032833520353994665
-0.026015237654196634,-0.020838276012268255,-0.020349973753968853,-0.04083189669169725,-0.05762040971209026,-0.04056045280939686
-0.10825971983239827,-0.06310187635126173,-0.04854658624351378,-0.047333624440053894,-0.06471000570874337,-0.05996308104104926
-0.052064369231531835,-0.050952695528718596,0.010426214530231319,-0.13364097755273735,-0.024473654903121155,-0.09458420280593303
-0.02305602497306923,0.02902425060426081,-0.0323145220182278,0.016155255495666872,0.031201242155188463,0.007325506596980921
0.06974967401142662,-0.158793898245016,-0.17291534242920123,-0.00506017351161231,-0.008001703584566646,0.034639854041351184
-0.060932993887180716,-0.042120279211053574,-0.018496591065674778,-0.02726566978255654,-0.1082737110680573,-0.04163125165498121
0.2603587584774774,0.06448245271966299,0.08240592822607958,0.03568424832345633,0.01525902154144804,0.0547567084495161
-0.017487563826189614,-0.06146252137994654,-0.010915058854837262,0.0068145447376040166,0.05463156351902301,0.03653746017652424
-0.04945875345449604,-0.05133876042717904,-0.03135374118738604,-0.06695556689489732,-0.11850480800822574,-0.028170036641486786
0.27919955910411315,0.069292493797293,0.02241601066025406,0.07303978500579895,0.05553898996904583,0.023815710388326125
-0.040316719523677394,-0.03285054994065061,-0.020078079639589352,0.04279034059740533,-0.03332223329442835,-0.04821075125773674
0.09848394158394236,-0.09009145300047097,-0.14180159966506278,0.009947406457129536,-0.012005380247625465,-0.0343137032899566
0.18542066583503056,0.09462759616229345,0.02219574892854836,0.08934560579763696,0.04902516022154474,0.006871828094071359
-0.03225252147457961,-0.01910871148330443,-0.09637679710618,-0.048527481867178535,0.015889270165777153,-0.0533762759591082
-0.023743026598808527,-0.03638955770247005,-0.07108705268223746,-0.05270865190937121,-0.057938148131884595,-0.042584333493778874
0.01811874072679737,0.07953141824826884,0.18153848647716192,0.07020338574658622,0.05714790911157153,0.051087502179277176
-0.030648045914173663,0.02497111616377603,-0.05711329647956071,0.050322189301275994,0.07637033508406495,-0.01583689313227552
-0.03495558219380347,0.06369446240163076,0.038019551742041045,0.21389236742480688,0.09163571443187321,0.04596094843522576
0.13363325162814174,0.22086122880631517,-0.057060652487984316,0.07356900869685357,0.04503363121813458,0.13266394070300286
0.1536090266800126,0.2572608832939106,0.02910242593573278,0.06311946874934453,0.038408414907375434,0.057273830226137426
-0.06268305096247716,-0.04910492147684358,0.03501309525543854,-0.04699900544093871,-0.13116947319107913,-0.09027389639024487
-0.04039190287706083,-0.031902652152064975,-0.06931639417153146,-0.048957735370458354,-0.05198306562862302,-0.07843789516566363
-0.037121277788945986,-0.03294972250662253,0.00761298673055305,-0.0363529963031647,0.024941936661163663,-0.014412661837564105
0.19839733323524886,0.07140416280701554,0.04259747765757919,0.16663238077781328,-0.006876954616994553,0.07295998572265361
0.05727672948327561,-0.0015256241828354978,0.056944485770745186,-0.06033038234794737,-0.028074058081584335,0.008615796482284624
0.21132621237011487,-0.038202513095377005,0.06347246561937103,0.071709151089286,0.015276633753408203,-0.0025821297994034183
-0.04223150666833045,-0.06382060421280795,-0.06930193997269851,-0.013353721258248161,-0.04725270049374089,-0.005465869856467982
0.28784259713708954,0.03533140174958134,0.048495971673138794,0.0464919365073008,0.04996195832530377,0.02573690409595098
0.06904671439617813,0.03641680178642464,-0.02557789394119756,0.04862058562616846,0.08073267779442991,0.03313290970913963
-0.03247718172431131,-0.06378091766701396,-0.06745489808154094,-0.046290339643707636,-0.0584410499883903,-0.050562698264558406
0.08956905627318527,-0.013688036580172865,0.010013520005741502,-0.15823989526050913,-0.008882377817962426,-0.08722653288735621
-0.03435825380120953,-0.1476103955271342,-0.05886024967919603,-0.062554832841368,-0.05446934888913763,0.002106583263887202
-0.046041126846228686,-0.03881059325328617,0.09068538050857525,-0.01695841920997266,0.02443976580490829,0.06816036644718475
-0.041679175708912004,0.026969745950584975,0.03551874408128903,0.005103350690459627,-0.056436565906325786,0.020540276881147602
0.26138975892875554,0.022076599467584376,0.06635718318025555,0.06957581449551137,0.12258472408840268,0.04768697858428798
-0.03866849066136432,-0.08657410636285384,-0.06020327415490038,-0.09053567834358574,-0.04529763035533079,-0.05980313027999772
-0.0632893507698972,0.0891542009247773,0.08586041290879064,-0.011845256086323483,-0.01195121417828324,0.01275894619967362
-0.05991542553900601,-0.033014260629772085,0.016942122265953333,-0.15585919257183953,-0.022378244815761155,-0.08718835439084649
-0.004013000430162506,0.049835398010646174,0.004953336336294348,0.10419126334717692,0.14762267983424274,0.10421363104325336
-0.004334513091572568,0.039438582397777956,-0.09176975995398487,0.10618233329705093,0.07928217369869794,0.09142242501601978
0.0544854450066626,-0.1541107957288842,-0.07353691887289318,0.011473169693961267,-0.020911764826980903,-0.05715822799043694
-0.031172855838570764,0.04799753438401593,0.11679435718532506,0.03782337150240046,0.08333414599611927,0.030714089616510676
-0.03881630386485407,0.05416913889779849,0.09077785253964,0.18186074708334884,0.016325265692718548,0.008354746083167244
0.1658546764329692,0.02069354603575161,-0.10717045475935151,-0.017764237698192364,0.013578870246275675,-0.006960987318000396
-0.09672805747601033,-0.09145887092569314,0.019203548048137856,-0.07821241229397323,-0.0349456636476461,-0.08719856121754586
-0.039179353385175864,0.011887571477894727,0.0730480705089033,0.019959735986532137,0.020919577373685154,0.05437511659701514
-0.027981613565417368,0.22183045767085385,-0.002733117049270622,0.06829938093589605,0.09403193770799731,0.12230319362359565
-0.0337155179982915,-0.08818270308360227,-0.03365992436898227,-0.021851833902628272,-0.0232566412027437,-0.04370807479934728
0.0007035919742826378,0.17385794366630394,-0.017218648985166417,0.05788353141227648,0.07386737666933411,0.09944655308680297
0.13251093760317692,0.03523128204556628,0.11644244741034987,0.02833509266917556,0.024175077870516978,0.006645213315067981
-0.02197604159255291,-0.028030555145002686,0.057101258238675144,-0.04534475355089534,-0.07352706233201503,-0.027146174658002738
0.014227742165702887,0.07264773072907095,-0.05255598572482257,0.07629849337595984,0.1493000109833474,0.06663727240514813
0.14093851861211765,0.2076364741386712,-0.020691190624558323,0.05582083945891954,0.05079497113842575,0.10679184613046669
0.24931425098544724,-0.03822312588479999,0.06774937662136295,0.029793764269526013,0.04768791594581501,-0.027238537412322395
-0.015309912331397547,0.005843321988292381,-0.06042587083784419,0.0002603876075237868,-0.021449414254690928,0.0220165151219763
-0.0379162381618849,0.012573677922105323,0.10753464208592017,0.0017267488779985028,0.05901674116321715,0.043443241519592966
-0.02973359920673657,0.1281584674777664,-0.05609063064798107,0.01723270181175349,-0.07365030141244824,0.0007732421782130872
0.07701256066751999,0.03439512581460936,-0.026687146682745123,0.048029772435614966,0.08027442227699928,0.03477707528915991
-0.054640677237537204,-0.023109226856962158,-0.038192960770885166,-0.06531098403079445,-0.08681002888204875,-0.06186988731934695
-0.034768718433996725,-0.03631415507216005,0.0066499259828409546,0.012282105668247409,0.036740007046279166,-0.0013989430960107642
0.2859220557019216,0.03193055202575435,0.03351919347053227,0.06538568821857171,0.05405811547031644,0.04070675623460979
-0.05840986028629579,-0.06796997238920491,0.0117036704511505,-0.08363796290572328,-0.047448950134640046,-0.12544698152247133
-0.040649888029310265,-0.03645859379850001,-0.029639824228948872,-0.03707232275908785,-0.02788722945405612,-0.06931547617291543
-0.029094574239912744,0.04381102349699832,0.05193467497873378,0.046723850428137224,-0.03407999214080148,0.04311375121286293
-0.036016887018978413,-0.06125900860027486,0.022012655099351956,-0.05525033266295871,-0.013558417633643157,-0.056118100276068734
-0.1010252102668876,-0.09209740558563302,0.01614511548683427,-0.0798343290166641,-0.03484548189212367,-0.0901357874707495
-0.0467233429009094,-0.02532532422042251,0.03991281814359683,-0.042070295485673134,-0.0006460243779338818,-0.07554220847024054
-0.002534065650394871,0.0869160818610206,-0.045394423890148736,0.10385064105080194,0.16438297783220926,0.11984921740635571
-0.015233300981832612,-0.004216304081661441,-0.05459674003317049,-0.013468129466999145,-0.005246195053177915,-0.0016504038607881824
-0.02317216699378118,0.09904892145494412,0.1461272366693182,0.07567197722128334,0.02522113288939744,0.0408219168162685
-0.06379551920109572,-0.05443152020511924,0.016477432383387385,-0.03725192365082217,-0.12355426307818566,-0.0940709852020718
-0.05414356203632462,-0.038740077321928044,-0.03827440548777403,-0.07112981826138741,-0.01869095341536194,-0.02819171199964701
-0.0394404692908387,-0.10217336875188804,0.06173714484270217,-0.006160229009103288,0.01880872665084713,0.013346885839172382
0.01283920885836443,0.25466007509822647,0.021235888927208648,0.05143522175457357,0.05825991185308154,0.12016961793083387
-0.012883324719987373,-0.11802606243910137,0.02625309433412368,0.02284880211359929,0.018316410373773597,-0.038167544221689206
-0.029762593677742,-0.0016658414756477212,0.006681833159155835,-0.023597255227371296,-0.0341251587290005,0.003919711601771545
-0.028599035004006387,-0.02878936508467581,0.0030874256106398308,-0.18900085102707798,-0.03071648372558108,-0.10446214137834305
0.19851592719108577,0.0939474546845157,0.01917768618853236,0.0921863080427133,0.016670134602655023,0.07617910796236298
-0.037644233046485294,0.028652579448812047,0.039001261165808196,-0.09245129917406278,-0.0060644611809954115,-0.03287615733363871
-0.009855947513736424,0.008330540375613813,-0.01842037499268312,-0.06267372768575204,-0.013220830787311925,-0.032159762498665
-0.0048895952176223985,-0.057949683619802315,0.023512130330304,0.06350852225716795,0.07008639672533543,0.07896020769868702
-0.039348077160089666,0.1937333487725931,-0.016568223332737945,0.10133848856906241,0.05491169369270281,0.09807519433994405
0.043757740206647175,-0.1824976790293621,-0.04644279843047157,-0.03668087565584089,-0.07239306237957518,-0.06630347116639353
-0.045041455131027135,-0.010652234796307872,0.025555164340279133,-0.022143056041295302,-0.07949928276168287,-0.04555046613443575
0.23296599213962885,0.05338293441228713,-0.10446663727829864,0.05135664637929411,0.03687610151264689,0.013934886769885664
-0.01807468705676982,-0.037518888750997875,0.0856164986126588,0.11268797891497603,0.0713855464382757,0.10844479395357105
0.009056777557621049,0.0639671629759292,0.1843079290091531,0.09520074723209077,0.03449343691018523,0.03819750175972854
-0.04095949771236701,0.039043104618719446,0.05158797324027388,0.028210787125607404,0.05990308270875976,0.018441508905200965
0.2078308269270005,0.061955538224939675,-0.06322725574572867,0.024855092542761924,0.03923299806896444,-0.004568202895642387
-0.02328399191235475,-0.02452408809999481,-0.001288459987589875,-0.08021533696678368,-0.16694117021421293,-0.02358445064620998
-0.03376593166410251,0.006313062443768772,-0.09233851497029828,-0.018697099729056612,-0.04185827195002956,-0.00663613975640827
-0.04639843628422664,-0.0197266911829207,-0.04893355955751148,-0.0641790012393446,-0.05446863060719305,-0.056294877471340835
-0.07342200053798024,0.011517800340461602,-0.045363981588743565,-0.05710800946397701,-0.1974396403785854,0.014693332450869586
-0.04035191806905227,0.031840958838824165,0.006210440259569564,0.023425082643236828,0.049187466117208964,0.03164860745620479
-0.044312526948678085,-0.043352982679813905,-0.052310115500904496,-0.04786839191171348,-0.01849021638848787,-0.07203680579904749
-0.16909136438982425,-0.07891426768783097,0.03933469612912364,-0.04055923464908746,-0.02762630441464547,-0.03885104910582515
-0.05522873899540938,-0.03654313624832309,0.05979566486257319,0.07071405116069698,-0.029831638424163746,-0.06091159974256728
0.22415300435775604,0.08951519956974129,-0.06009075885026651,0.09507132939108402,0.06362080035046482,0.12223248741536841
-0.03810580176794372,0.005144594776956826,-0.01692610658802706,-0.04331949876849258,0.04071738260603908,-0.011786572636765741
0.04692191911371445,-0.07314849856921274,0.01711094728059785,-0.10884234667848171,-0.049684236707433285,-0.07826235150911298
-0.04322032207832033,-0.06230441438815923,-0.06941993263971712,-0.012710675208773366,-0.051449230201054345,-0.00891306553756742
0.24583209560552535,-0.0038363342601401636,0.021858499453285767,0.111377883563343,0.06635317431963667,0.13919316888155694
-0.07329792916578066,-0.06050412160298842,-0.06016361978138779,-0.05590412184387644,-0.04404075091316726,-0.06956928292622346
-0.04699028883742218,0.05957253555793254,0.07143235989956932,0.025962824129856024,-0.07050228143123305,-0.02548954809173071
0.0941776982977774,-0.023957110736094994,0.014339746214552146,-0.046203142769581526,0.002480505658713479,-0.06479077279048377
-0.01982829759740158,-0.07631640681759419,-0.11318281773705959,0.027001632111531938,0.02220861930574414,0.029990708829122453
-0.026774141383929827,-0.05445168768448255,0.003131382287554023,-0.07638267332403173,-0.09389868772595493,-0.06539791099949045
-0.016754076738760077,0.0174011760349864,0.11113394021241361,0.02502997067944739,0.011310249429205672,0.01038410049710524
-0.02844396749019395,-0.028973658164539846,0.031881256559396415,-0.02091473986426812,0.0381296527689983,0.010128693347817805
0.19116266210866878,-0.07452401717830585,0.07435897716581165,0.11961123435223729,0.052035405603087476,0.06675533784450596
-0.03832530689657573,-0.06043207954438731,0.003208694497913799,-0.05661547491577824,-0.028860276248533854,-0.044953535879908746
-0.0035826602258312397,0.012245897737247713,0.09676708011837275,-0.011178451097145409,0.09467688442787026,-0.04987018724935375
-0.019904825055293958,-0.018990585174521603,-0.059671059540251585,-0.014049479097773031,-0.083636858622388,-0.005774696813319789
-0.06170170184991523,-0.026795013363747837,0.03183892992248327,-0.0711570440255556,-0.0006322395881456969,-0.04110084489972611
-0.03046148722824526,-0.03368934972069479,-0.08672027583154551,-0.06690505981255038,-0.06071236104381679,-0.02625780141454928
0.018754776974638808,-0.17871599736285088,0.037353692770849115,0.0048450713632974835,-0.009853516053260077,-0.10271467222544652
-0.14948302456187956,-0.03338542815417177,0.01464427086076645,-0.11266170136971915,-0.016354823495108205,-0.05212745503399978
-0.08226384146841345,-0.024641854061373227,-0.10796511459552938,-0.0692903522239957,-0.035259887714225724,-0.045529836971830225
-0.0046746212579466505,0.041387386554883394,0.02466147663335304,0.011525523978115643,0.0776510655518662,0.031019297082938595
-0.05599167118379719,-0.020231668374591356,-0.04592441253618438,-0.022753002496838686,-0.050652784536455386,-0.06709557285845809
-0.018816427678682197,-0.06661315901649503,0.08004456428753072,0.03197743951113007,0.049668296483407946,0.032255920083523876
-0.037667895868560945,-0.050727502303966464,0.003912782349976316,-0.10362451506454413,0.004061721707439091,-0.09227357544439796
-0.02568858486228952,-0.0009706961790001892,-0.054955701912044685,-0.02085665640131071,0.022493789714599477,0.014161278714893406
-0.01420152888111498,-0.10740436487324463,-0.027801231594160227,-0.09563813783236483,-0.0455568337831781,-0.05517373065359773
-0.03212236223829598,-0.05537729910914936,-0.0052324059958250855,-0.031967001321837295,-0.06044849369911076,-0.021511663717724037
-0.03140281839619764,-0.027102252049962902,0.02121303835530364,-0.09506252730646832,-0.06609374769270111,-0.06815014644125236
0.045219888940843826,-0.06879689211523271,-0.04449914495145827,-0.07202516101078243,-0.02840595469339776,-0.06333569246505459
-0.02847578080621415,0.17484959051187704,-0.028504813698211832,0.10465304168015688,0.0959367540802365,0.08980300475505885
-0.05567176023860448,0.019615977709967574,0.00211483279913327,-0.1958308558432455,-0.022947733926675793,-0.09544109203980236
-0.007097456413793015,0.022810232484219595,-0.07035740986840013,0.027189319524150855,-0.017132968521526362,0.03468272344009822
-0.03175046419129673,-0.014217024760049655,0.028068248548001332,-0.0035978792948677496,0.002781316115338446,0.007015850154086798
-0.046297529130930694,-0.10307747140663649,-0.030171729290197413,-0.03290081328036039,-0.04240705453387246,-0.022948279723301383
-0.017553933444873198,0.00974758672959323,-0.012323821541454245,0.041959647793846984,-0.022860087753416993,-0.07738913091639801
0.012511469686084622,0.03459448964455166,0.059156259189582165,-0.022743313439379374,0.028627729628665752,-0.0028823933844413126
-0.007525590661532718,-0.09247214719073502,0.0014177881271124721,-0.13381045212188075,-0.03382086782406904,-0.10763499649493408
-0.03697226888522313,0.012554759409316881,-0.07402459055722158,-0.01404220954438139,0.004144317217954147,-0.024806660651501028
0.0005339243439908432,-0.020698510230533453,0.12012234688382371,0.004860188448451923,0.03997581023874087,0.006819012099392831
-0.0043147903887207914,-0.0024762437883868787,0.06444532989437801,-0.006998341944202893,-0.0013367386858710013,-0.0040979536107345
-0.005772266381101915,-0.028944758900726692,-0.011990253060052705,-0.2092805890056212,-0.02563994004522685,-0.10957280051000198
-0.04787608248405818,-0.03276982548382358,0.045615360065762625,-0.013061024213985249,-9.372446235058157e-05,-0.06262150926290665
-0.1479849602301713,-0.04320542801995405,-0.0020836714212872304,-0.0430979333111336,-0.07056213363109852,-0.07714859917120732
-0.035230929303288125,-0.08790392729140903,-0.02695979084027344,-0.06328933058701183,-0.04871654973088506,-0.05310033517560362
-0.005216674780875726,-0.08994622610735895,-0.006471316912688836,-0.13192363580198646,-0.03327755534709243,-0.10701085721603619
-0.025510720467292598,0.05392186590866701,-0.13269781354731763,0.05609299592942469,0.02235778983951933,-0.017950111725015813
0.2348082307972026,-0.05420701553776982,0.036218959173139616,0.01927199261444666,0.0401673325230952,-0.03788689400612746
-0.030069369739771194,-0.04249443054033101,-0.04356068883329733,-0.06503478478507095,-0.0737256991387762,-0.05610549763630582
-0.035621438036636796,0.0010830394053839845,-0.06003464331459424,-0.10193251978433936,-0.009958951028954794,-0.13989381470301737
0.023876259964339404,0.07219054002081608,0.14084800646406404,0.04604268439797676,0.0784329778066851,0.04923849116579301
0.14630849305076812,0.031358120881549434,0.11627065320681634,0.020158824702448373,0.022309775091409776,0.003870634956786303
-0.045953794462093814,-0.08707301335375854,0.02636230556087418,-0.13112082311187373,-0.03283935013556055,-0.10705492399696061
-0.0241476203205737,-0.05987226007956769,0.019056574826382476,-0.09830672658006406,-0.05520161173086756,-0.03300338251110256
-0.08226384146841345,-0.024641854061373227,-0.10796511459552938,-0.0692903522239957,-0.035259887714225724,-0.045529836971830225
-0.014850021606649031,0.18485036349234546,-0.021499089892024748,0.06541401743751135,0.09904106356502453,0.17800346568793224
-0.04528283193777261,0.16703795812778457,0.1354250384588986,0.05389665230977869,0.07351736582592089,0.06377991483588785
0.2571819214673087,-0.012883991186369573,0.03110940473352343,0.11993365382555776,0.05801582659263545,0.14772829095032822
-0.036937964869455386,-0.0620861570044662,-0.028073526898223844,-0.059085191760001196,-0.05127595682360353,-0.046118245833729574
-0.020444347065560604,-0.01215160806845658,-0.06958544843803635,0.03547351049410203,0.027166009363969006,0.044678446138811216
-0.07019715385096903,0.0448097041012953,-0.1337918821611353,-0.03061296473531735,0.02599718121686694,-0.012379617041718471
0.1359425961671432,0.1798581331645165,0.072660065180907,0.07336273681799908,0.02982079702386103,0.10273622427029419
-0.037053898602758914,0.01585168546179974,-0.0423753665345655,0.003450898007896664,-0.07637290025087588,-0.029910691963247207
-0.018763010456342554,0.09518434670318793,0.08215531726722552,0.04500568329366815,0.09391585831404341,0.19677550844434083
0.002866905322394735,0.1420397018871849,-0.035315498869565844,0.09810326176952994,0.07165853276802805,0.049216706687124544
-0.06057565708862292,-0.010782095459963318,-0.0348489420949195,-0.008937251286233907,-0.01465089067839672,-0.03525497787634755
-0.03117058376032416,-0.06159114168514452,0.006298866606901264,-0.029964344352361366,-0.07700778278587932,-0.02853220570334677
-0.06381101965959467,-0.060413792162082036,-0.07388390493028146,-0.03977730269872504,-0.014680686397014626,-0.04824848085980516
-0.034288898242983486,-0.02153123315113103,-0.06219022632179617,-0.07837503322481985,-0.06794031569105526,-0.04442207028646072
-0.005712413840364589,0.03265256463039206,0.0699386407640886,0.015805442656084554,0.07722954806792565,0.032074564046556994
-0.06002752093553522,-0.06810434040903568,-0.00775090917645505,-0.06957242982349615,-0.03206277203412295,-0.11904008363153941
-0.03791106590561435,0.03885866057005656,0.03948794793396194,0.01295630088222885,-0.0030566303585264727,0.03100375922573287
0.1364714265528553,0.12849749569876018,-0.09123967012901114,0.06342051906552064,0.04429835967758794,0.10192312890636018
-0.045168859248836624,-0.07597186490002515,-0.056111412873186044,-0.06918860484854851,-0.053709302884133024,-0.045807223154668696
-0.045209035769906286,0.004546625925095744,0.06478940392101522,-0.029183824738636,-0.05079183376224607,-0.016958064847722578
0.21919522886242662,0.011421024040459572,-0.004563372755282774,0.06237420543826898,0.018148517001840447,-0.03240464200045673
-0.01646302485005972,0.137534289078336,-0.07300180960176142,0.061182460201530085,0.04887843017555337,0.032097453779560074
-0.057251638754701004,-0.08857812182563311,-0.011355864556641329,-0.05274630290751149,-0.014054420745400304,-0.06636650985483238
-0.03153818751302616,0.15497308516353406,-0.040400394168625745,0.05149166195741746,0.028862857253704726,0.020190193338497683
-0.036327704885400616,0.018704957889449456,0.11150947371829525,-0.005445431917568782,-0.06435361379430246,-0.010092803571876375
-0.023580944407724902,-0.019569769895005775,-0.042640614062420826,-0.06721691421187498,-0.08589680491701121,-0.060622463053173016
0.2508553253331734,0.03484043631817125,-0.011347413408453709,-0.01243192283194158,0.015464153473288871,0.0107630781672017
-0.040351580011821576,-0.05863354862600047,-0.032812030784779525,-0.07914344220311761,-0.09235062182611439,-0.035253319927189615
-0.07824504876492887,-0.06131505212362082,-0.01678750975023887,-0.09443657348243394,-0.03638528849861823,-0.09656729520140708
-0.018346241008326707,-0.006981654070295589,0.11820551084537252,0.048773595193226014,0.057345135155694775,0.07745414333458871
-0.14792325707304704,-0.04923291621900761,-0.024906232036793395,-0.04732826181619539,-0.06720581729167104,-0.05531840918030445
-0.04086512833551127,-0.08150184548845049,-0.03875576047371903,-0.0363713175639539,-0.07765988901355773,-0.07012212957668942
-0.033781810809364696,-0.012825940675723567,-0.03273275119323648,-0.08344629594985203,-0.011987447028028272,-0.046063641989761775
-0.07253544438937372,-0.054947773534211174,-0.0713624622986189,-0.08575949262237037,0.007190588407352599,-0.07850646315654235
0.1422139273840056,0.2049993524226432,-0.015462642914326833,0.055224443589294896,0.05050961100199015,0.10380676737043498
-0.001435776165073248,0.07239596036665234,0.055100122107642265,0.02127181749998146,-0.041282255856712594,0.04865192550806473
-0.03648241474400757,-0.07574939820345025,0.010224900912221103,-0.08843089158963774,-0.09718615405952717,-0.03593645853866827
-0.02879313917981317,-0.08843424648297615,-0.046749875332566845,-0.04948972687704657,-0.00018076069727276104,-0.04970046727207676
-0.04005044608985417,-0.05627620036150877,-0.01212676369279053,-0.0502629322203483,-0.026336784711619217,-0.10022492015266414
-0.0614601563650327,-0.026691799435783016,-0.08096962565038048,-0.02833357832920072,-0.024947845206037763,-0.046920900073533986
-0.040127699780231535,-0.03914792072374708,-0.11126924309437564,0.046967914146693705,-0.005739866510428531,-0.022093492156151796
-0.06561064232445303,-0.05954037946554572,0.004358636311922603,-0.05999275913289937,-0.06314625408781174,-0.09437340239637747
0.21105997008606361,0.0978739138851087,0.013988748001840115,0.09877349017596361,0.02049192591315443,0.0749115504077138
-0.07325903529612222,-0.05270894753660072,-0.07073262162421236,-0.08556855413778669,0.0074184109255298015,-0.08377195937623058
-0.05164771872136854,-0.03928065211378545,-0.029130665780086155,-0.07676150184603994,-0.037572777556134425,-0.04038912243357094
0.2034247815091836,-0.03359419210264617,-0.03744095502338734,0.06644585715303253,0.07382183203401815,0.08342985555943508
-0.044688150336922715,-0.019134063213875528,-0.016630190813062915,-0.013328491254802685,-0.0020760280353794773,-0.05650476500908628
0.04617455891665711,-0.06982689109162156,-0.07895848794312779,-0.09120323187749702,-0.060144269114597866,-0.07894123575492273
-0.04613079559447951,0.026602503532015306,0.020369829352632183,0.052718627778090124,0.04748853608570398,0.054015532260144786
0.09529364019569754,0.07624805917830318,0.07675333827434262,0.05589334575792821,-0.005994589190292986,-0.09190439294487981
-0.034779430560513504,-0.1602467610670983,-0.02158251376529607,-0.06949401403326963,-0.06009345557975505,-0.008550481292851415
-0.06617032297484268,0.08590530171467717,0.05534518034268623,-0.01867530059353895,-0.006812454380945576,0.010795454215819612
0.0060933039817762285,0.02933942626687017,-0.013716597547419888,0.029307119045111754,0.04751616253070187,0.04610267627259117
-0.05885869126416081,-0.06228391076234294,-0.07513765553303747,-0.06197888616360511,-0.018496684811629405,-0.022395120693301462
-0.049656103738211756,-0.07730296495286082,-0.07102083896363028,-0.06323163371819528,-0.01605554986358,-0.038912801270542446
0.013503242598409456,0.25415701568214333,0.02682549609352089,0.05031026224453562,0.05923600423147586,0.11833738409168404
-0.08719742981955221,-0.054115304168546936,-0.05797523983267127,-0.08299010413461472,-0.060341248395204855,-0.036176769397633105
0.23362848121202592,0.07027040801172199,0.027654999699888112,0.09997346579669524,0.07449413661131365,0.09457995492061784
-0.05020519795693869,-0.08382299202982856,-0.03607331334209986,-0.04777100620508773,-0.0755705528206108,-0.036804862041550396
-0.03293345348423306,-0.01794193520466042,-0.0338014616632015,-0.07295092758153864,-0.047856634326229205,-0.03915584262475583
0.004374749940629442,-0.19432946562055314,0.03295235195667374,-0.02743633730781721,-0.08721432374633466,-0.09428405498680353
0.056109820636591576,0.01785890499318592,0.036327344898347526,0.035198695028176415,0.029476883566902985,0.027463995008919682
-0.028283748436920983,-0.07076121497019765,-0.043714954188480606,-0.01065500641034654,-0.027510409678629087,-0.06404288019319732
-0.05413573904309184,0.0038992701988809597,-0.05779363502822628,0.01130213136587897,0.0003182800829379464,0.005320046093826199
-0.058037476529070785,-0.09908262711260163,-0.01800080088443139,-0.10329774879731565,-0.020264507428735822,-0.05435288948602467
-0.04882685139830873,-0.14715231127317224,0.006767719968440559,-0.016268745137661234,-0.029485402725285444,-0.08812960843508655
-0.004522424339778985,0.035566812182773924,-0.04691312350382897,0.0969903632422142,0.10458333726895126,0.030438148042072663
-0.04439405078095729,0.01974891543421447,-0.04447710661321708,-0.009808052360562885,0.04531088408944859,0.008782057077899738
0.14020879195345742,0.18758808132855073,-0.088006357796727,0.03994850536168442,0.016254803350496783,0.10031125523792338
-0.02891361023189572,0.22876261003474263,0.07319130000518131,0.0743998753554024,0.040589065811045294,0.15272199660658206
-0.012246166651837398,-0.035902174221094124,0.04876616845150635,0.029825575019752422,0.08422330971768706,0.051815598057615625
-0.035225663560017564,-0.054963759746835116,-0.10154995869885247,-0.05144751809291507,0.013140725700884854,-0.03427001237057877
0.2546683507652528,0.0136435667365051,-0.07378631812559625,0.13305319055281503,0.05348468084166485,0.14518393736287738
-0.07139979537990948,0.011503533990536137,-0.06133486072945338,-0.016387236683962518,-0.19754890839229267,0.013434952110639225
-0.011800682464782865,0.05339486799926034,-0.03162081206502563,0.04085889101867113,0.09134325060326724,0.10967155155517103
-0.02570430495253977,0.03298512551396151,0.09696717606590881,0.013715785061658525,-0.03603161469209122,-0.0007786705022144006
-0.05347320720695646,-0.009108872143334315,0.02438838957278988,-0.14435860962490799,-0.020886680992021817,-0.08920928361971031
0.0014295124634145185,0.013430127941892734,0.10840938134023007,-0.08613432926414306,-0.02454485825538972,-0.09005831314661095
0.053023878998733634,-0.14160343424882843,-0.02249551830309705,-0.04435668879403698,-0.019380795610114944,-0.06347339352338201
-0.03383767175982507,-0.014917762374632541,0.028119335864150344,-0.06578775599084508,-0.025216912462824495,-0.06605716421376127
0.18798257159198886,0.18197392454802963,0.039027273790476165,0.05678163910809839,0.037864764790986466,0.07214098996004824
0.22737507162490336,0.053498626067507736,0.06229740305701232,0.1447331763721117,0.027885279165480045,0.04827612262800968
0.004536258338353845,0.056505097434936175,-0.0036665884238371582,0.0954304317066768,0.26919719972308376,0.06584319436502546
-0.0362455764734276,-0.0902300501362391,-0.035006464383755605,-0.0654333738110773,-0.051383120542675985,-0.05521279226985877
-0.027337341882760942,0.019221124930808065,0.05801159379244489,0.060296626187567925,0.03323427690827032,0.04124159631695729
-0.05457253950292445,-0.0035847852946105626,0.0075365985719973985,-0.011680339206585066,-0.003854717139749602,0.004813172838322314
0.005370283622655769,0.04292421621157876,-0.033026192117471986,0.032646257848592174,0.0799872660124313,0.052298858037216345
-0.01379012953310574,-0.005295069606604941,0.09472411430665251,-0.03006787011625518,0.009466676196569124,0.024651865502278998
0.2237366422910943,0.0651307615345718,0.032036176030518455,0.0984776990337517,0.06849563808009092,0.0967681800758854
-0.0682474920629598,-0.06722425454513871,-0.12331168218698893,-0.03327928529409836,0.04397972022012629,-0.08462549504155784
0.1483227880532887,0.043001941169880355,0.059038053182521345,0.05592884712587921,0.09822805253675344,0.05707889557851687
-0.009366258210439809,-0.1290546477916467,-0.009016220494477107,-0.010061049415073294,-0.012636151299718122,-0.029687180738980426
-0.02362157892022687,0.018404014695045396,-0.10888757476060962,0.0063819886611530055,-0.014224102163587691,0.01405985848701239
-0.04304207678007937,-0.04250885181668583,-0.03341517687717297,-0.052418707138259316,0.032377263495763295,-0.054701893970018914
0.25587808729019873,0.06432158001133366,0.03972586104920086,0.050439189117419805,0.059776218935710834,0.036011075296021454
-0.013063138814540295,-0.0408466993947647,-0.05444797845785304,0.07181046895015576,0.05279190163426063,0.05905138440124178
0.014257099539664692,0.08515617603305195,0.006421735409772094,0.08940843161727698,0.23866774420815312,0.07636327459568579
-0.020051517643005265,0.08475133949222018,-0.02456794757393568,0.23344890883208394,0.041081572405991876,0.14963518197137354
-0.04004041223027046,-0.012672632178665096,0.05306339774134142,-0.038873828200523694,-0.014458245031383305,-0.030436769451886832
-0.044334574687428616,-0.032482206735058514,0.03179633852340565,-0.04318674674192781,-0.05502575874175835,-0.04726913468061043
-0.0525028960866456,-0.02763936859760828,0.009511641885942947,-0.0852114601778769,-0.05259494962880382,-0.024284665035531318
0.25266068012460063,0.04144966868544766,-0.08904214033376234,0.02434451008893039,0.04321270680369411,0.001734459982802029
-0.007343712160829693,-0.05855645544901003,0.012309869629075975,-0.18634258389421549,-0.042919772382077725,-0.08627275433518246
-0.055602758643761976,-0.03988282771852034,-0.03778700716983037,-0.08266476348237042,-0.039305439336149446,-0.10959769067882422
-0.01985252801706027,-0.013029547619078164,0.06593307633120375,-0.04172642705855798,0.0353178284101995,-0.07763662075040621
-0.016639474912694595,0.05809107247198726,0.0035183419786642967,0.10553624567123354,0.045378306362116365,-0.004826342720051912
-0.04792725996159484,-0.030106971708316953,-0.021284267189909733,-0.11467457566325219,-0.028001294925592432,-0.02613040249185545
-0.03626247355722702,-0.13114572219780485,0.020124644767343335,-0.04626210095946311,-0.049113474492997404,-0.10754228621339196
-0.035486635639069,-0.05740073131974479,-0.04992523885189645,-0.09753484830312512,-0.10721409639297792,-0.007605696222556378
-0.048598311555962066,-0.03038053803230636,0.03019686408629932,-0.047488975387399504,-0.005987475255017195,-0.08723709019121689
-0.012604628987531707,-0.01296753938406204,0.05945910759496073,0.009927883122010369,0.0477551428815691,-0.005366353614917952
0.221380935086811,0.040419749633013716,-0.022023259735221543,0.022781234439239857,0.042267697814853636,0.018796673809916852
0.06777466742317001,0.033037135836815015,0.06797190396614909,0.00832015406126177,0.036542471918991334,0.002721592223730718
-0.020663731678493648,-0.03973934327850799,0.06126094036842726,-0.02134223601421797,-0.04240431446336722,-0.04314408673163762
-0.041437645753261365,-0.0214836069212816,-0.09102044783449693,-0.047997707838137005,-0.07461830531274184,-0.025823126200143057
-0.04251014745320365,0.001980558595541165,-0.00014270401690808497,0.03253975662464509,0.008914426406252698,0.0051096239347910325
-0.01344632627230039,0.08802462302184529,-0.0020381895811156466,0.10937404092254327,0.172163211796263,0.1128337174535758
-0.017218655426560852,0.0614074868385381,-0.08094611414440117,0.1432366122340462,0.031917352626234054,0.0177481714609813
0.25619889118667555,-0.015033751431236074,0.0322029673952373,0.0842522631329273,0.08358855388759878,0.09537138248793753
0.09231476240022074,-0.02587409010200087,0.01661494577428993,-0.049081348077835416,0.00017481490792824964,-0.06745948486330412
-0.03991901345634217,-0.04487143781857222,-0.024988962876976082,-0.10803382236950257,-0.05985165269481594,-0.07839280619089173
0.218355352946114,0.01763852841090979,0.03552357087125675,0.08461376287060401,0.0497302133857573,0.08759499741129909
-0.04663476011146001,-0.14587538764764707,0.005141630363316625,-0.05463326044328787,-0.06280675584799857,-0.0094831184483445
-0.018150029414110883,-0.0016240039783203147,0.062088560348581824,-0.03631222029528395,-0.06355545492492211,-0.05171032644679603
0.0860983406036094,-0.03269394195080165,-0.05099784030581364,0.01633991041283139,0.027650016887120554,-0.026341741445644048
0.24233324427319547,0.047348705252177756,0.047127986081535574,0.11725941023709505,0.062132391170626265,0.048919537448636974
0.20800716749618903,-0.011168390234355965,-0.048064850686169225,0.05953935084582308,0.0916398702950713,0.03172165002081792
-0.05885869126416081,-0.06228391076234294,-0.07513765553303747,-0.06197888616360511,-0.018496684811629405,-0.022395120693301462
-0.0497749359650013,-0.05136620541079945,0.0007389622615340212,-0.05393691171236927,-0.11499914945273353,-0.05677973509245894
0.0017951296868788944,0.23192669228783958,0.06978615284486615,0.10503752062123987,0.05615304605513234,0.04751969238044498
-0.010512890268523941,-0.11761610240554789,0.04443136174703176,0.01574713123953174,-0.006707500332491024,-0.04518937073460792
0.21876833428203657,0.0684627720643581,-0.01000363222922866,0.06582253002931104,0.055140827019343495,0.017394185918773793
-0.07398227410071438,-0.031090974750872327,-0.003648358117444518,-0.020867644151436614,-0.015304929368600275,-0.036947051670637686
-0.04133598921721242,-0.0034464707589214336,0.059032343376238625,0.037597252077271,-0.05207023618152672,0.04859888686658486
-0.04169042518699471,0.09448649999884917,0.11081956760883883,0.05410633720760624,0.08239627539292894,0.01918515481612081
0.25291835970316295,0.17492144347209798,0.0006181860630689689,0.052225866856793896,0.026512900152375014,0.09945294343692125
-0.051211816796997545,0.021913516938169623,0.012354062687732457,0.0012280382886638392,0.0019642722063086112,-0.05082541359238843
-0.04637659620545906,-0.02938314757210135,-0.06824134543568791,-0.03295108344155593,-0.11172152910521249,-0.03813285085160521
-0.04384320503389166,-0.07941703803351631,0.027646232857721123,-0.05667221448815897,-0.12036236725487492,-0.042969650946597
-0.04863369181282661,-0.07546777773230595,0.05119384985235268,-0.03527252876013528,0.004953729638428663,0.00472952646545053
-0.03812658596522811,0.007909359215597439,0.0964171424556714,-0.008385100193525119,-0.06529785595901269,-0.010164592322697329
-0.03200256926716589,0.028702074759599985,0.021836274646200405,-0.01770312247943253,0.07239228173307355,0.0009821266599235056
0.029786344999437088,0.1633679433846845,0.05452731512789652,0.04124110264248102,0.04689767943442017,0.06292836877108003
-0.03456475277889285,0.016630490960862544,0.09518042544788427,0.013757757707157092,0.011545020915916438,0.05060265319654066
0.008276005724666876,0.03146091730051374,0.021427481374192602,0.09324147858209281,-0.0068103257580411,0.07270638908183542
-0.035676136840213944,-0.06185682389077392,-0.02450252378562104,-0.10554023530564968,-0.12275996920281362,-0.0048729484392334675
-0.041344078096482745,0.0005881660169588612,-0.09493125381558838,-0.02745122513228407,-0.11543067336229584,-0.052335866967367556
-0.059613175753739464,-0.004383583032322156,-0.11996602625688411,-0.030822913739824268,0.0026187012480109687,-0.02582656010829307
0.00782295820858994,-0.06137155589967392,0.0038105132946202923,-0.2036481690746477,-0.045016176275048406,-0.08987928332591309
-0.022762045178008707,0.08671854525120208,-0.0073040227357412625,0.2140128849462821,0.021732354533720317,0.1388444281753482
-0.00604694683155281,0.07637849949611882,-0.020866063275258417,0.044235017590802006,0.029289472372705162,0.0468732189533891
-0.01081998154450701,0.03139887982639525,0.0689539411637228,0.13106628021965747,0.10751756938984976,0.20251281784556677
-0.01628413759881702,0.035498324720892524,0.11039172931748514,-0.0024959737150275795,0.025259855900999478,0.0845793322044665
-0.04103879090797387,-0.002575370952967545,0.04083230353768834,-0.07045045844321254,-0.06061264303864274,-0.011634820722387989
0.1479452835077318,0.15743374615475428,-0.061964517886681704,0.0927254857707007,0.03050347336597961,0.05442700450463006
0.017848789697761786,0.08817450288459128,0.054412172956801855,0.09424771079258476,0.20178119762563007,0.0737894201954322
-0.05559222214879513,0.07818518939726365,0.08886571569819904,-0.02617221718804585,0.0016663860927696305,-0.01932775390097578
0.2750286438456051,0.04843031335004551,-0.05026959415094872,0.09501763271945084,0.11936762303493373,0.07487348569689281
-0.0344594328676644,-0.034762381624748775,0.05393141105741775,-0.0719063969881524,0.02726283341981369,-0.06991571740916593
-0.0023545715361332053,0.04278012858289193,0.1321055227543611,0.0790486272534545,0.07327786842601124,0.010463944325570197
-0.03039336342123652,0.014683097656368082,-0.01025813046343123,0.008424835404604269,-0.0069544782227751855,-0.02699466757996491
0.00586028762356816,0.08567264270227985,-9.185202672619598e-05,0.163705780202678,0.225438395552073,0.07032253509009961
-0.004141834281090147,0.012274592088131442,0.06130553611688048,0.08046151039395073,0.17618711918866767,0.04537174458715932
-0.02652184070207326,-0.03153142681175441,0.024727622604799063,-0.017619082781292185,-0.01242252904498611,-0.038653473433944964
-0.05840986028629579,-0.06796997238920491,0.0117036704511505,-0.08363796290572328,-0.047448950134640046,-0.12544698152247133
0.13399247688576266,0.15241409182440047,-0.08821054726464898,0.04567913612659196,0.026457175075583993,0.1039205090357662
-0.028191657594691746,-0.06374525467427057,-0.04800389708701596,-0.047502104978009226,0.0233114588973556,-0.040196902483473365
-0.02027323276650478,-0.018065090853216878,-0.052558472227139705,-0.045011302960274675,-0.088909190140363,-0.04380725953162154
-0.05478838275250892,0.017651039399194785,-0.016595276810474142,-0.17864630180466456,-0.015584187624115857,-0.0950588273079644
-0.017441602450729156,-0.06333812509705818,0.06635267472911902,0.10286621526823511,0.02710581257850973,-0.013325529944581967
-0.02024665636927431,0.16589485985866448,-0.08829304417734092,0.04372450073261902,0.04884820112981137,0.1381615253281018
-0.028320749111459247,-0.12358059274069594,0.03874554556892401,-0.013976026685023605,-0.004485079688323257,-0.06915531174423506
-0.030531748602291155,0.1118719218715982,-0.011507027068131248,0.06179899628826175,0.03289275850339199,0.11332186662163797
-0.05644979457749519,-0.04170527787191767,-0.051144177965521787,-0.08363881054080771,-0.0199984649913042,-0.11216694809539651
-0.026106592489651193,0.03160957500944828,0.1009997672744866,0.07322912844888742,0.02821351540942029,0.02780598395019057
-0.023366637919359647,0.023293680813229037,-0.06750547364814155,0.06807281356283762,-0.0040481397017960346,-0.044570748617499364
-0.0502866989909929,-0.047980110937391754,0.013078635265857258,-0.20314792116764738,-0.021066629171818726,-0.07742842985636149
0.2653304112857413,0.08567443453569108,-0.038099764835613,0.02406308592490727,0.036861752215034065,0.03807215070200936
-0.015793593226494304,-0.0015574727430462006,-0.0823017050216817,-0.09133831903008573,-0.0385592036654092,-0.059166112958006604
-0.050125107864316815,-0.16416608621195172,0.023524639782861685,-0.006097532077737697,-0.06414326789884947,-0.05026834173020993
0.15696934098808463,0.01836094691187042,-0.11339163812623718,-0.010990908412731593,0.01861839667415701,-0.04304279586833929
-0.06298112190981021,-0.01999442884961313,-0.01880414417450058,-0.05479404713295716,-0.017532207833301335,-0.0862159555357074
-0.03228287277253828,-0.04877359713981917,-0.0816273270362138,-0.05546069560889205,0.01833166784806451,-0.0314831600387137
-0.01513820275298067,0.12370780850184618,-0.04371280438969602,0.004178895149079557,-0.013888244524750092,-0.002654630379724187
-0.034053421600768775,-0.017705170139194232,-0.06285567766677833,-0.04699835802898438,0.03745019294736251,-0.032294232559578966
-0.035819512178803956,-0.02525093702298172,-0.05219114301113227,-0.10896026069704537,0.0027730639904777724,-0.027923100585878016
-0.040139208876279885,-0.061491404194893656,-0.0553843774683942,-0.04072782969327402,-0.030202892159607496,-0.0447797812902559
-0.04831007325190711,0.14177791802936335,0.1073620545787497,0.06062815283512697,0.04713163626109977,0.057333256516802496
-0.060119290946243055,-0.006314160094909137,-0.053464178275982786,-0.041658211952271096,-0.019447151797479915,-0.04799603365101551
-0.024321777010745196,-0.09743881611956111,-0.043468205057514,-0.004136147151014181,0.0009689554160948188,0.02726059376903863
0.06644340502668458,-0.04313831893710134,-0.048645425107069144,-0.08092020564385917,-0.09609612830918685,-0.06606532512195676
0.15099086369384176,0.024882491503422848,-0.005322984383491752,0.09927126634264853,-0.03510284634982543,0.020747445067809057
0.22299765777083363,0.06066533551001551,0.017071788861186273,0.08446200594247433,0.049466385398703336,0.10016180706069502
-0.03232472729256307,-0.032445589646967914,-0.04250558222266118,-0.07335194045750326,-0.08045913637643463,-0.04412071298977283
-0.043798513709282026,-0.07371839808097796,0.009462364541075468,-0.052910753795795705,-0.00397345889169507,-0.07757729070599702
-0.05173938295384044,-0.1130479037715325,-0.00021874494709323033,-0.041099503382176154,-0.028365215080405924,-0.03774240853892401
-0.0009468386604485149,0.06625015670238363,0.01149459888585344,0.23145483647952458,0.16675827848773334,0.07308477010466399
-0.0485064365898068,-0.01223222788652006,0.021077444262366206,-0.0701400945152205,-0.0806247298644725,-0.021999760377415245
-0.05662411460107036,-0.026216962873562687,-0.03447016014321248,-0.029825305676076757,-0.12501089526355016,-0.037022702939340464
-0.0864337921911404,-0.053594652431560745,-0.05352828875024208,-0.08356003124841958,-0.060439156619796625,-0.036270986831994215
0.009452628760148997,0.05127111154084591,0.011316058540665305,0.05480993189106095,0.056855299474040936,0.045738153607375064
-0.04484674785613752,-0.01432277420422545,-0.0799472146829788,-0.06204968009709833,0.04987673918763267,-0.11209067821953711
0.0023261433020435574,0.10363209630271394,-0.02648153670119669,0.11606619080686378,0.12716952565293335,0.095582927655881
-0.05643155905954405,-0.1004046121109675,0.020541556491956738,-0.027655801313356324,-0.07732727940878159,-0.0179667640662827
-0.11174331469434128,-0.06753412001895812,-0.05073964036558291,-0.07703512019198956,-0.0006499247772343485,-0.07785813555986196
-0.03543431156227324,-0.013211847333062767,-0.026869964713804127,-0.09814572993905055,-0.05302438416730367,-0.0848175593628059
-0.05953484191753357,-0.031231501201189216,-0.03824038207896116,-0.12043594323761017,-0.060025938381091354,-0.05595144112641754
0.004583713061377759,0.1908330762163869,0.03916500865848559,0.053734346951306994,0.08691824520050599,0.1211221820085743
-0.04641976966340436,-0.015159695754867721,-0.08223641408825458,-0.04202850419498121,-0.10349491518923648,-0.0019566600324837885
-0.0626809319572055,-0.054509837210970004,-0.15153013368170243,-0.03632399708188302,0.04903045124792233,-0.08404638232912076
-0.04285081669663252,-0.04630255769459161,0.013118019706464059,-0.07751174637628515,-0.03518179886690732,-0.0628731468953392
-0.00840896257863249,0.04309710962901113,-0.024451034219233267,0.006097174018030063,-0.041288424329946276,0.05143068411889749
-0.015389446643602166,0.1213541476200624,0.0981357734262045,0.1768051591886111,0.09319194592943474,0.0610603438507952
-0.07196114481973774,-0.044324295947850235,0.0028387892118078625,-0.02880733034615036,-0.009569332355020591,-0.07381379488104489
-0.040907152351059246,0.03627423249112399,0.05494743274916234,0.036024766446466565,0.01822205442246802,0.06255065014315013
-0.03875524040597753,-0.08145248486838433,-0.06316934234865795,-0.08210128257463503,-0.04039991656384256,-0.0567235239160159
0.1422139273840056,0.2049993524226432,-0.015462642914326833,0.055224443589294896,0.05050961100199015,0.10380676737043498
-0.055602758643761976,-0.03988282771852034,-0.03778700716983037,-0.08266476348237042,-0.039305439336149446,-0.10959769067882422
-0.04831007325190711,0.14177791802936335,0.1073620545787497,0.06062815283512697,0.04713163626109977,0.057333256516802496
-0.008908828777051233,-0.016463007460019264,0.04049461573539507,-0.0238790563727319,-0.0044697223438403206,-0.012340339046449026
0.1050362748974294,0.01619343018999745,-0.05882730998395208,0.10187199241218214,0.019451450291686535,-0.026792351347268272
-0.03541495586435697,-0.07267168227859523,-0.03403475690373633,-0.06181525936429362,-0.08676384935596326,-0.05366477255829704
-0.011012546933100926,0.043763622960720235,0.033462173151150645,0.04624337323837596,0.03917791302248338,0.0006647419360151331
-0.04062820863427151,-0.08765547269654306,0.020870017341675397,-0.03393100866323161,-0.03577919646063872,-0.029741920829908473
-0.1006853029537395,-0.10639479075860317,-0.057772543421109566,-0.0595514459212789,-0.026999918104839527,-0.03180913807148539
-0.04505482697554219,-0.06907605377622394,-0.05314440249641699,-0.10801631202751161,-0.03119446968994712,-0.043900646479234244
-0.06627762663947731,0.09316737553781645,0.08685758247319084,0.0010544299755757662,-0.1523120024625414,0.045109574710532056
0.003270039452128511,0.020783334475747137,0.09072243853971321,0.18611176568283705,0.0838688441416124,0.09025164344803074
-0.027251370231905245,-0.05036099291837937,0.006854260139802989,-0.0040365636675214756,0.017715625996645286,0.032854827629120585
-0.058975684741931635,0.02956805380228093,-0.0700253110813108,0.015702509755694524,-0.005771539199525592,0.06612499082266023
0.1436909091176723,-0.09213407465790537,-0.08562439484123094,0.01420005445321819,0.0068163795408914835,0.023960385054239624
0.004668954306467956,0.2535397047384341,0.025734242093647185,0.05988088949409071,0.0677388140436792,0.12621240022105
-0.06870047515189676,-0.0432431562904174,-0.03675985819067374,-0.10611747671148879,-0.013003924485278333,-0.07355686925413418
-0.010947198701469709,0.056246337699239514,0.05752043533968066,0.035960834772529225,0.043264449369749054,0.019576179107511082
-0.03810580176794372,0.005144594776956826,-0.01692610658802706,-0.04331949876849258,0.04071738260603908,-0.011786572636765741
0.31351757161610844,0.04779718961320717,0.049761795136293765,0.02571782386930994,0.0547301649341885,0.032310877890656814
-0.022474189211426153,-0.10524664541114355,0.001706564231453885,-0.004838252307730544,0.015525307840096907,0.003081638575103236
-0.05196117160808663,-0.11230956028612224,-0.0026612308986023727,-0.04191893986215858,-0.02796377514484742,-0.035903251804008655
-0.027379604739645538,0.028048519350277856,-0.04179314861365892,-0.04719449600527924,0.04797863780684537,-0.013162262643357934
-0.05295420534061337,-0.0499681957438365,0.017777050468589017,-0.13229481778575433,-0.023735428374158814,-0.09255814466009263
-0.041371023848550535,0.010644115679822324,0.01408805822995706,0.08659237815894201,-0.06960436555968974,0.056911767554668174
-0.06205509981723715,-0.04790926674133042,0.041094086909068996,0.06030113542678968,-0.046032129790479305,-0.07941369713357914
-0.027041687742097642,0.2237326364050219,0.06558576065893608,0.09876878698361964,-0.017410468410639493,0.05818181596291112
-0.04782944934448038,-0.07720939577832968,-0.010588162387043649,-0.03148583768993895,-0.13497115984665753,-0.051589546579229255
-0.07833183342814544,-0.05648701635651916,-0.08844021551189378,-0.05838511946835975,-0.04770959019812805,-0.04058680787703305
-0.025812278242780054,0.10378960747426799,0.09095489913151882,0.012838879935442415,-0.01649468265768571,0.059857704684949255
-0.06619248074810052,-0.048158531609021726,0.013009911617450748,0.055397888392698554,-0.05594979897982357,-0.10952894417548446
-0.01465162280767432,-0.028954322732050657,0.12908966802644886,0.11627548183245562,0.07167693421541516,0.09061852935320001
-0.029992161592650498,-0.05018387904395059,-0.007551005899035977,-0.19104745226688524,-0.023392994009980617,-0.08078691134557296
-0.05046664749058249,0.1663599594398354,0.09050701832385974,0.04693717926288085,0.07759313309566322,0.05897124419310047
-0.02209756534615347,0.033109607599638644,-0.04859778663453944,0.0559088327080286,-0.022197075190100342,-0.03353006959857269
-0.01846470777389956,-0.024420149619318026,-0.02898233093930498,0.012187998434643237,0.034083722833067535,0.01418632512060757
-0.0757658129834222,-0.05608680747616057,-0.07442057383589494,-0.06213310876219232,-0.04912545750643338,-0.03933572286077149
-0.024321777010745196,-0.09743881611956111,-0.043468205057514,-0.004136147151014181,0.0009689554160948188,0.02726059376903863
0.25291835970316295,0.17492144347209798,0.0006181860630689689,0.052225866856793896,0.026512900152375014,0.09945294343692125
-0.006824685905588022,0.027553631631458308,0.08330070261089928,0.04445848520350622,0.04489853494586244,0.02617627388567977
-0.044647227542357275,-0.0422142082650275,-0.008499276585067855,-0.012523175852394836,0.030060263624032614,0.05613211581183874
-0.018340690376232226,0.08004079891819256,0.01830845444424895,0.22542978973363426,0.05932896884638834,0.1636073446870368
0.1481420050632274,0.21152647982506662,0.05175747807200754,0.06281465374079151,0.0458927277984125,0.08541330034501417
-0.041882996657008224,-0.04564394337847913,-0.048974917197635255,0.03137565611509751,-0.0004240581944313781,-0.051602836461883926
-0.02027323276650478,-0.018065090853216878,-0.052558472227139705,-0.045011302960274675,-0.088909190140363,-0.04380725953162154
-0.04786098316316086,-0.03443038049752164,0.036368259157248804,-0.037799497116305675,0.033942979861653386,-0.011711580458482272
-0.02005059401960001,-0.01885417644332339,-0.027779637108168144,-0.05333475506525852,-0.12572456692095277,-0.0419548573751707
0.13737247049078743,0.1368658126899909,-0.12328678090557636,0.040321751862065595,0.018505600344187984,0.0961115702072304
-0.038809427112031086,0.0014847338885447452,-0.07024660408037271,-0.009084239478078475,-0.10126664225144198,-0.025251335048143763
-0.036906557458842075,0.036805642318533796,0.07889825091150023,0.06843797427006745,0.05849522835105455,0.07006799885348233
0.1808444703908443,0.11201831878492326,-0.022619407943085295,0.11947158207019652,0.018196996065463326,0.12601472210621711
-0.036704657413483104,-0.10982122367973352,-0.049485676511799824,-0.033784826540204954,-0.04008175145505632,-0.017761233599866925
0.09656758248816222,-0.08323017420488334,0.04908989746112505,0.011374560761934042,0.024718499743179682,0.010653564063231018
-0.01965587654205565,-0.009527972657307881,-0.044238849656589536,0.03600419213517167,0.01039859681355396,0.030368832539317152
-0.024528994192084038,0.05574994126933929,-0.09526681819243082,0.03142904869663931,-5.4876409867789544e-05,-0.008305132697826147
-0.02525201102349502,0.0968653670430092,-0.13916103326815815,0.04369867164251449,-0.04462655052194834,0.014094644508105195
-0.04922467603579032,0.02082559048686266,0.002908080237931565,0.026151677241278856,-0.03118448151915616,0.000586836269656309
-0.12944675274454667,-0.055597079234093835,-0.014273029303069874,-0.06168918022407594,-0.008728232415467703,-0.11059331810846382
-0.025145841871693966,-0.04823493865909847,-0.07049497192386202,-0.038552672567678525,-0.02098292001271769,-0.031005673536504318
-0.01905358807765922,-0.004767284365499125,-0.08708036943824478,-0.07945897350358022,-0.007671984302833838,-0.03579442201868179
-0.05283498954161783,-0.05395632934078412,-0.08494619618587568,-0.06535813983828735,-0.018429860612492105,-0.040398216767414126
-0.011079035533325846,0.17773046880292054,0.026066246633356185,0.0671171557977876,0.07110449997576555,0.17811208951838067
0.1558903700122284,0.14955069106564212,0.11729884822333579,0.0760905997319557,0.018302109171515254,-0.007649164340144538
-0.032306700985764845,0.0330165157853727,0.03656196379353513,0.053990699721708175,-0.03773790523951273,0.09135836962175937
-0.03708047157995177,-0.07128420371544773,0.013096924753723644,-0.06369746393853433,-0.02370041489212215,-0.05893403417392933
-0.048743601303532634,-0.029772293882044925,-0.05449673763985948,-0.07930356016632459,-0.06313139609596,-0.03864485393208026
-0.03362495442242294,0.07519530029915819,-0.03924218357358127,0.06664504723853883,0.10876685893349634,0.053882170858789255
-0.02742552796041032,-0.0616333348566805,-0.10126751637882442,-0.0006477978974766262,0.0269079467507664,0.0926875541201797
0.29748780618559256,0.03847462604789375,0.016941309828824695,0.06871382756730855,0.106520620729563,0.07869691602379683
-0.038532082650840564,-0.06194177189867742,-0.001224190984502968,-0.04689706744452113,-0.0799709180318827,-0.017752496807643778
0.005319850397835817,0.04481194377646213,0.09514692420874776,0.1271143817372068,0.09116804094496445,0.08178442707822223
-0.03941409929268843,-0.01329690292812534,0.05536407972779558,-0.04454163176485687,-0.09103818215163656,-0.02830373652668973
0.2829150797508471,-0.016812112859537823,0.0439510954326824,0.08812806932567939,0.08536202387522257,0.10994499126212846
0.07044433454971606,-0.05117925947319362,-0.06641590627467354,-0.04350110386864408,-0.004022532049709352,-0.0025705747664218955
-0.025892059677224383,0.014777663181880122,0.09301829112702412,0.13184654291164416,0.05052423388175628,0.0012413222938371573
0.08395156996363581,0.05788379102655706,-0.13652170918471423,0.015917246668138322,0.006881408195174442,0.04126803079889215
0.15489823439759193,0.2121212572389939,-0.019270117394207233,0.04473328851487243,0.015199084280889417,0.10711796826533378
-0.036602172560062,-0.05177935519902355,0.03892370179098523,0.013910909833167222,-0.042008385230429254,0.03878711608816166
-0.030892308547255776,0.012714420433349236,0.020207658872348797,-0.007041371536137093,0.011132710930655822,-0.02316174736487038
-0.019954462341016936,0.051011896187281885,0.024810964199696597,0.14764172395606906,0.020268908813385205,0.11241244782447614
-0.008696169738979562,0.11085070370044038,-0.015520588832229388,0.19466402022747073,0.07672798802040363,0.14720707663367405
-0.01628413759881702,0.035498324720892524,0.11039172931748514,-0.0024959737150275795,0.025259855900999478,0.0845793322044665
0.024698932002527603,-0.15145369476674314,0.05661179620709278,0.011804930076568373,-0.0014016991477942885,-0.08294852351203891
-0.04658156436543344,0.013515166944211416,0.036594521605493584,-0.01299056604639083,-0.00029296285103371894,-0.06261964944838287
-0.037818524396811846,-0.00089410581836689,0.015436541116812792,0.03831575135949562,0.06641758461118721,0.04990855080731756
-0.0034169592925895787,0.10225521968157232,0.026715098380579345,0.06462405530780448,0.08004532992999111,0.026665979131602128
-0.08101273647348217,-0.03420737559790303,-0.08303362608335439,-0.07008898242176939,-0.05331457016051955,-0.04362326394252197
-0.0779181829654654,-0.07247663767016721,-0.03608633397006902,-0.08518971994518369,-0.05274243813369029,-0.06469205712292292
-0.025037350207699163,0.02286150794189437,0.1351255642229488,-0.03377547032060851,0.030899408300636422,0.01920680441298928
-0.06386503658888328,0.08136554842301792,0.08729835240224268,-0.015485748114069093,-0.014849157122279105,0.010077315352243018
-0.03902038062790387,-0.13849469089684113,-0.019681416776171645,-0.036323221824027224,-0.018664484774260793,-0.05139505039561557
-0.03824785666940841,-0.009660443924376365,-0.015336307505607886,-0.08012789784120364,-0.0337984231717314,-0.05206790829924513
-0.026474346411338976,-0.038591330908083775,0.0387630420720257,-0.06755570622981896,-0.07974444392060094,-0.055784819835939914
-0.039104602102401194,-0.049908958756984846,-0.0675693049979886,-0.04611135732992912,-0.07472224293761384,-0.05237860155127692
-0.0126717248275199,0.026635021873767113,-0.08635390442634026,0.0409425257789839,0.034467002416714757,0.0037647008840543416
-0.17398572498965423,-0.054043699463308024,0.011266332537300527,-0.07703047585781089,0.010951712031501767,-0.07746804564505436
-0.081696112317844,-0.035669793413683745,-0.08600254721530529,-0.06977674614307144,-0.052048668068642515,-0.04275335418767041
-0.015973384602407086,0.09063927941888375,0.17802053942421134,0.031355831415516566,0.07074379372757936,0.03191468175288614
-0.0362337669157162,0.020771283199375507,0.016398067424843364,-0.0008268977619449362,-0.057144789525402924,0.013443231020687157
0.13643709695378806,-0.028418415461877112,-0.036093676792327584,-0.16618170465355148,-0.01949412484926382,-0.08443775971982971
-0.03603109182296393,0.05215916694326446,-0.08729044029448295,-0.01698237562632889,-0.04283593745005359,-0.0048273134940318915
0.019084889395927538,-0.03897653147660405,-0.05044137455033954,-0.1857382476689954,-0.040510619931329414,-0.08949967605234378
-0.03615815975538736,-0.037981749137119804,-0.025420822746960586,-0.11641549429642917,0.020105244528860047,-0.04971455832513552
-0.02376743479348653,-0.052899517968073045,-0.0018440741622711612,0.015575436337366546,0.044274967535919516,0.044839557878265025
0.09656758248816222,-0.08323017420488334,0.04908989746112505,0.011374560761934042,0.024718499743179682,0.010653564063231018
-0.01687697301478933,0.08876220493601583,0.1684914737570447,0.027441484528561738,0.06579707641675304,0.026939442440581794
0.14920696632984704,0.1503276298780075,-0.1253390360692022,0.042254762531634654,0.029618981092516476,0.058715706732231684
-0.020074025782873255,-0.019333148700005614,-0.06426319209088185,-0.013347516458844222,-0.08292833802407802,-0.006615493571135556
-0.044968895037580066,0.006535206711248772,0.00014912858396837311,3.3073983131067e-05,0.011001489882487203,0.0030824213756756335
0.002364499339072155,0.08652334770327032,-0.0002755040662022335,0.15348027852268048,0.2024957582763204,0.04649082994172093
-0.014154955000313057,0.011629162273483928,0.09507463857210843,0.10780985688230531,0.07476436021551397,0.08995704838190016
-0.03506408902567854,-0.06460004170184264,0.013486520967239884,-0.055830052255113116,-0.06719550101823485,-0.008461423142295154
0.26418559674358494,0.05662655215607132,0.02532460917823332,0.0793686612872172,0.06611162889768722,0.05765108342821213
-0.026498507105546385,-0.15623322771673231,0.04181283191097257,-0.0397932409335357,-0.017612445110424424,-0.04760170919289574
0.26362962558558034,0.07827264318964554,0.02173532982234793,0.09869870086371857,0.01731882558777721,0.11849534081103875
-0.03182832213247832,-0.026508478323574516,-0.007469311477136012,-0.06865122538843242,-0.09439035650296027,-0.014702164445809454
-0.035293942126735034,-0.04620284196074849,-0.0193621687338265,-0.05272450082779925,-0.061983761057237505,-0.006478299156782037
-0.03474919802857189,-0.11442457415107528,-0.0007114423580996762,-0.0403064129908906,-0.04190324182069736,-0.04417456519459571
-0.025701805780589497,-0.028467672883246878,0.1146774339550372,0.0022787371875880712,-0.02629001193119933,0.015178399248415709
-0.04271446786222213,0.18091629140919832,0.029335913445914786,0.1087455863275237,0.06489870595632433,0.09958951648385712
-0.04122394229750313,-0.045615726992653066,0.039982934417990314,0.00038236817526837084,-0.0036513650303084295,-0.07229338958862834
-0.0022043028895529643,0.07930462676976191,0.06244276664060507,0.08144857459993904,0.132382366659224,0.10742347779919041
-0.044680273233643535,-0.07237725141785126,-0.04764774742247527,-0.10926395343076008,-0.03051083595414131,-0.04908064265999784
-0.04182848028536417,-0.09222350137494169,-0.002779036585580891,-0.03855475158557981,-0.04478002543409484,-0.02069250788310466
-0.05187419631621508,-0.017140341164662273,-0.04973474150731835,-0.0367143133113764,0.0028406564563017364,-0.016482065483762572
-0.05822138310896686,-0.07629648693180464,-0.012464414565162162,-0.05808388089129103,-0.005222449109458348,-0.05527794303700235
-0.02358561376234829,0.21127276064094336,0.05238825634739931,0.07667642243427607,0.06893207816691908,0.15735305456899898
-0.04562017141654187,-0.09357671005567667,0.046727944731242865,-0.03862666280634403,-0.06487289470609117,-0.07455250558968453
0.26818502859363325,0.03533967195064155,-0.01857244167576461,0.0931908397210623,0.10978420093615762,0.07961158836985664
-0.00862434279323611,0.10608562276144136,0.023154884814190316,0.18473222769999906,0.07843831138945434,0.1525621777795498
-0.038242276741301186,-0.04390516168868919,-0.09195406583720867,-0.03593455695823256,-0.025777442033391988,-0.037409193550714114
0.04669902637850097,-0.04740304172152735,0.11399436374363836,0.029240321207412493,0.031008602667454425,0.03604119809164203
-0.07712463351487171,-0.05792091760231911,-0.017687984936121108,-0.09501164141959859,-0.03170609262744868,-0.08424325401688015
-0.0632893507698972,0.0891542009247773,0.08586041290879064,-0.011845256086323483,-0.01195121417828324,0.01275894619967362
-0.07196114481973774,-0.044324295947850235,0.0028387892118078625,-0.02880733034615036,-0.009569332355020591,-0.07381379488104489
0.016750510092374545,0.04592099172360947,0.10869582269952617,0.09612049859446478,0.10204935177300695,0.07826783444931394
0.005152505363111135,-0.09753853125547002,-0.03148893623628657,-0.08497660153726765,-0.01786459212716341,-0.05880374392894981
-0.03221451110382024,0.032987225327463815,0.011045310417989208,-0.018995583324024033,-0.06609687122172686,-0.009073598604712674
0.19344368023517242,-0.026712877068453388,0.10251775933418852,0.07609043555439701,0.01982203639684011,0.006490633637102857
-0.07809725106404242,-0.006575387599077297,-0.06931769908587189,-0.09464451340196016,-0.004841207368560705,-0.019674764201083758
-0.047058653300989135,-0.02233904645188701,0.027237687963324982,-0.05806339820966293,-0.038955027651821315,-0.1524874888778365
0.015988616738147936,0.04555052638918002,0.08345917169152899,0.09810659557955129,0.10803906839219517,0.06636106661672864
0.24788066716833676,0.01260615157324264,-0.056728861800032955,0.13880629333733305,0.06257482339668381,0.145704183053807
-0.05303064820472766,-0.030563882804729936,0.05959276269055823,-0.01411691930744156,0.00031817178862923035,-0.044113892368605544
0.0033280991003010896,0.03825890616178259,0.04480998441772346,0.18658773884975063,0.12175853791908936,0.07876782979414525
-0.057547664970974945,-0.03912385136965659,-0.030191616476761392,-0.026688392372909642,-0.06080340903467275,-0.051473826570618234
-0.028965604825810308,-0.026917811108634306,-0.03238393015201753,-0.02183254119329176,-0.0339824432633037,-0.028280229355310292
-0.019160885122620822,0.011988637755824325,0.03442360572373101,0.005842810932334798,0.0028333053211856704,-0.008578361258850628
-0.03544877941609543,-0.0038571088783054654,-0.028226517236613687,-0.022927228889377416,-0.005232106954573725,-0.012980520460481594
-0.040950410176550024,-0.036922698934118654,-0.06322620422338973,0.028932960860528746,0.0020513882080659494,-0.05250358272432788
-0.021080958893355525,0.09843162084342075,0.1450988095808528,0.041829782212256895,0.013718643857145465,0.043378264984200894
-0.06539372066042143,-0.04366995846375363,-0.08814386693686918,-0.029113532389487225,-0.04675745051879474,-0.041600779355030246
-0.03257670157348162,0.01307369345102643,0.05327995136245912,0.0018677890808724924,0.021732646409234096,-0.029129621731570195
-0.026062994824277323,-0.05550430779821517,-0.14828794818037755,0.011646558418314896,0.022216504032896184,0.09074062544417529
-0.04465854431927136,-0.027740223245059058,0.040013625392023425,-0.03423697132036863,-0.04016903313522407,-0.07629486447465741
-0.030628033337330156,-0.004574836274712649,-0.06290832519853365,-0.04123023428018944,-0.036187786734867305,-0.036783655971149215
-0.046404532191647536,0.001868467467914249,-0.025348141895849587,0.030060603448375068,-0.07893024281824018,0.03225598528791195
-0.0407971293120909,0.012046174814085103,0.013778914743601205,0.08960876561718968,-0.06776308771160067,0.0612782067048794
-0.025380214113743256,-0.023552059629535035,0.032146178254428524,-0.032498765205346426,-0.07058521458255358,-0.02565384726182758
0.06465360223120659,-0.16911319701325028,-0.05369093264931466,0.004903954374542662,-0.0627603425224719,-0.08984132002254516
-0.03646010688756406,-0.0786707979226512,0.0680165224335559,-0.024208036803469946,-0.041929337383538365,-0.014198148566911286
0.22829901674165198,0.02157768069458035,0.02571429061652595,0.08440814223944534,0.04898665102258649,0.09124445410495853
-0.013596616266110646,0.0058808861544996805,0.1009376971718917,0.13405495592719935,0.09643341318910534,0.18037660401692496
0.13637604496656383,0.018545018655169592,-0.11467097989602183,0.117830595379724,0.008731365012036231,-0.00730676734760333
0.19911990769853402,0.0716229772961153,0.039690682378390144,0.16587867602146492,-0.006087827539497253,0.07488996972830904
-0.029814107141411195,-0.04677319467190122,-0.019283942104347373,-0.034850222376213214,0.02664549824460202,0.047450368643371224
-0.034047077736238406,-0.06429629865256155,0.08995001657703021,0.027560679756821613,-0.0007653571916287743,-0.07024583209499725
-0.04449481297487293,-0.013670571820672793,0.08997184647960411,0.006564789378935713,-0.0066344299701952955,-0.003907577090003208
-0.09627216312404013,-0.08920054929519548,0.017610221614684125,-0.07820099625224158,-0.0317908414218452,-0.0804142604626635
-0.026489043024325993,-0.031215455786178372,-0.08283950803575515,-0.034020458825751165,-0.013614495622160777,-0.023088342054775213
-0.016128262889905876,0.24136243813402122,-0.02456871831021798,0.06902788013229667,0.07099388856862927,0.05814863987894726
-0.04787608248405818,-0.03276982548382358,0.045615360065762625,-0.013061024213985249,-9.372446235058157e-05,-0.06262150926290665
0.006877320611720222,-0.02840833326052562,0.10483610439506054,0.08386383476899813,0.07783600722234249,0.10532795762614072
-0.040139208876279885,-0.061491404194893656,-0.0553843774683942,-0.04072782969327402,-0.030202892159607496,-0.0447797812902559
-0.017553933444873198,0.00974758672959323,-0.012323821541454245,0.041959647793846984,-0.022860087753416993,-0.07738913091639801
-0.049993161769946406,0.18340154484275697,-0.0104674270949863,0.049382955586196695,0.031554477434779654,0.10690855300125987
-0.04540351837906858,-0.03470900599034139,0.11848339042535859,-0.008812582897313926,-0.013936961281447847,-0.04239974539532177
-0.0342871249997161,0.026902979752252146,0.03591703482710844,0.04780152428888211,-0.042498419146310654,0.05555715165998045
-0.030411180466266254,-0.029440989516894986,-0.028459971461512863,-0.03654949171649651,-0.06885510396387044,-0.04448203846608439
0.004281938996403218,-0.005881533584532505,-0.024380306565802836,0.11287453569863685,0.09682209604567155,0.18916704477068336
-0.04523952090145656,-0.007898449757042493,-0.06115003491608488,-0.04299292214080418,-0.14634634092276808,-0.01948079796263562
-0.029098093315876806,-0.05988774558066479,-0.01290265297586899,-0.007040340271440217,0.04281314243440745,0.036509652935004897
-0.15224495774873112,-0.07004310971516454,0.048678194458669305,-0.04024145982158024,-0.01943238870979831,-0.03413211551038634
-0.0031182687721808128,0.061209589577310895,0.08604676342733157,0.0862608205584311,0.07627683274366494,0.03006480224265793
-0.021916380787550118,-0.03344730893140178,-0.06396762250327476,-0.13042603192322558,-0.02395501157593799,-0.07214550505918707
-0.02058614266046334,0.000858409182042335,-0.0479837499427233,-0.0027084932677629145,0.009051281396860542,-0.030964205369529513
0.2988209008929514,0.06407246490626947,0.03806285446375372,0.08204222965474633,0.05949149793533472,0.021979198363372164
-0.03855022650549085,-0.04347492969937679,-0.021129270946970476,-0.04860290468493528,-0.013719514224538121,-0.09304490366380708
-0.06646949546274983,-0.0464959000663427,-0.0018097192710909617,0.05416626998713709,-0.06039497851686079,-0.11480339968264149
-0.05177334151099518,-0.16518523824964118,0.005765355120877751,0.0001702916855207273,-0.06178803501784713,-0.03815009853995894
-0.05200496975176717,-0.052729664273344495,-0.03669039466957012,-0.06744753322836171,0.052129811658603184,-0.07918305057401456
-0.016898451967745646,0.15290832974029067,-0.02485885207459925,0.06544923738897564,0.05452184469577136,0.03321955018050164
0.15497676014856565,0.20285666505711497,-0.016745486269608183,0.0820633233553568,0.03430536871703078,0.09874367145295442
-0.03807484903448252,0.0098588103376041,0.10275236348794654,0.012308424224786072,0.05130297202360957,0.07040121228025308
0.12581095201161893,0.2270841440197069,0.04356213710565066,0.06272151367903225,0.025099867957206187,0.12380649160976667
-0.028177129849808604,-0.013337187120472934,-0.03674028372891444,-0.018264120699449632,-0.022062905462837817,-0.06009236065450608
0.2169282032186391,-0.021647619185413244,-0.0881893955236146,0.0629900619466542,0.0710432816506427,0.08305272034809333
-0.031057660958802198,0.009378549427051495,-0.02727663102927228,-0.003192819247454853,-0.012016044331922979,-0.0359996613812802
0.0010186429912630137,0.046054115955722334,-0.03773349228685538,0.12348433923279888,0.08907773282623273,0.11440092157143261
-0.018195989635286364,0.09471044854294111,0.00556275768214717,0.053874571626043546,0.10428956217488132,0.04784592440492451
-0.001993900316630608,0.015990568261442944,0.07096869171132217,0.08014513182456974,0.1635055716371646,0.0511868829159985
-0.04123130962566083,-0.0407654959225721,0.008248050630487676,-0.07182218391676189,-0.03424948999875486,-0.13474183293848127
-0.04128092202885878,-0.033620969440323466,-0.02322861958736559,-0.03266857277868115,-0.058653941122386706,-0.06504323053642548
-0.0380680126678267,-0.10954255321228025,-0.012068985562340985,-0.04014383868858946,-0.0423860910947489,-0.043977979736170486
-0.027156545513749537,-0.03469211903715829,-0.05974805514043603,0.01819967482898169,0.032365480142573726,0.08366243059415988
-0.0006754740527303781,0.043996632855357605,0.13611555807158765,0.07695479796965622,0.07857636849792443,0.017830198790922902
-0.05164771872136854,-0.03928065211378545,-0.029130665780086155,-0.07676150184603994,-0.037572777556134425,-0.04038912243357094
-0.019811701525387002,0.1726513685344229,-0.01749899392692634,0.04528922252444751,0.09093451023808663,0.162142951596944
0.14102192407972858,0.21639786637012048,0.059331321817403505,0.07308601593093689,0.034755884906336514,0.0834920932784563
-0.03896773722682789,0.22192159939032913,-0.010606942549395782,0.08669917134904687,0.05064121156415734,0.10523013900418302
0.26559126325776616,0.056697557469363925,0.018908580395652626,0.07966898730083957,0.06523135399093569,0.056065347259641574
0.1693005741613768,0.24022677995866604,0.010427565218872179,0.02365184542974948,0.01473295807431684,0.07160500624614274
-0.03544877941609543,-0.0038571088783054654,-0.028226517236613687,-0.022927228889377416,-0.005232106954573725,-0.012980520460481594
-0.04587520951767409,-0.025123743363840125,-0.06823691236609206,-0.06487926382671365,-0.021276438668135497,-0.07515335130359561
-0.07327454572973754,0.008787559697641069,-0.09952008955353246,-0.08635942375819305,-0.010207911634669803,-0.018249380929780398
-0.0280584992373323,0.002664633190135352,-0.06455157899587655,-0.014221784437581186,0.017655025910721444,0.008276746908232996
-0.03960904736885705,-0.08857054882053893,-0.06856438976790347,-0.03365079213330207,-0.04347960072488112,-0.06572439412753046
-0.04020236138742029,-0.06710758201312819,-0.021448783919005544,-0.038101386060803356,-0.06682150035923866,-0.06640973867058189
-0.06053594191854731,-0.047293545136162574,0.0037699142062711357,-0.06769769799770826,-0.05855648936290339,-0.11252568254304662
-0.020518634878937864,0.001532367872432305,-0.034697230683571494,0.030261545936553034,-0.0359240361923602,-0.08090189526496157
-0.0577932942744845,-0.022699084449825876,-0.027949725423718094,-0.023564504896454345,-0.06862257975513168,-0.05385053108939599
-0.049256164869633294,-0.03205202433841771,0.05923388896661153,-0.0705797490347432,-0.007673481809974617,-0.10420188473896175
-0.029098093315876806,-0.05988774558066479,-0.01290265297586899,-0.007040340271440217,0.04281314243440745,0.036509652935004897
-0.017138304174074147,0.014148182260050164,0.05455539887442336,0.08026308944174294,0.0708941297403732,0.06880359207467449
-0.0729685757520389,-0.058679002206406525,-0.06446986597885375,-0.050387149620467975,-0.01918467145859817,-0.07389279231928943
-0.08201642519982937,-0.0997170924366565,-0.02681748537668349,-0.06482063036902726,-0.03883881716854836,-0.06722307027240451
0.023866656292928442,0.05841604106070348,0.06998847174868816,0.09207270934993142,0.11590895417409003,0.03899162385524582
-0.034047077736238406,-0.06429629865256155,0.08995001657703021,0.027560679756821613,-0.0007653571916287743,-0.07024583209499725
-0.13358236315950894,-0.06853788885345251,-0.057470115526246986,-0.05240099444170613,-0.0183309646710147,-0.03795218440079573
-0.03917370799907002,0.005671268129363735,0.04696618219680241,-0.013261809601765286,-0.01479572544378793,-0.016153897304398566
-0.06401679932961434,-0.07893827844075804,-0.040816943086953966,-0.0947208389606778,-0.03336316791687319,-0.05017891377841778
-0.033054228869606385,-0.04523518853419493,0.07203619730767898,-0.028809144910308695,-0.02150725807345079,-0.02497181968580967
-0.019256662294512998,-0.1139016736114674,0.0015441792746873745,-0.13049590417534912,-0.06051881768716856,-0.051099201936395194
-0.014245312446445035,0.0005259659696878817,-0.06684577781134154,-0.0709930948891356,-0.04290907494252266,-0.0399896833644068
-0.05493385878044754,-0.02659902335013134,-0.023951945433341105,-0.06550510575917136,-0.07979052621297995,-0.06460431652508941
-0.013091070178515391,-0.013409888786697709,0.08771715989156365,-0.036183193155186325,-0.024486529309031512,-0.03332048531866404
-0.05375539517016821,-0.020378967595153796,-0.10128015431674865,-0.01569099011670168,-0.030907809226815748,-0.035925498696318024
0.009496647659698739,0.06893468400533716,0.006585601685123931,0.04880782568654006,0.2524126656057319,0.054336364746508735
0.01952888192841402,0.12675631146610247,0.030681326782334074,0.04260607351365317,0.063490336102269,0.06560033748144076
-0.01470120492436675,0.19352883831831355,-0.04273774736079706,0.10132246341001076,0.07856498749929408,0.054865732323874206
-0.0461881605014374,-0.04831394257619398,0.005876059983209419,-0.08236407224749996,-0.0475526283714425,-0.06055970956621616
-0.0067093943805616365,0.10795498260956428,0.025199715731183774,0.14218412772063665,0.12627845995582326,0.07900505119007964
-0.1433903953997246,-0.041289090202971584,0.02217537932114776,-0.1241720568269517,-0.021330157203390213,-0.07729241168896851
-0.0032448328540912465,-0.02891678716560194,-0.05551425950902544,-0.17278837210838033,-0.03285107944938023,-0.09859956253053835
-0.03964945719244511,-0.1252434878241867,-0.030118899092564048,-0.0257497665951274,-0.03476086068830242,-0.062342335562755695
-0.019811701525387002,0.1726513685344229,-0.01749899392692634,0.04528922252444751,0.09093451023808663,0.162142951596944
-0.061816297421132746,-0.06155952467191532,-0.0727091754892462,-0.0879520115707813,-0.05004152856963539,-0.03801647100651333
-0.015830967878813336,-0.11894107815730919,0.008591527152191731,-0.13208805798691198,-0.06622850775787006,-0.0492309958014936
-0.03877510387140129,0.051257228209211726,0.0903683644561678,0.1795201910666465,0.014430433788554024,0.0032141209389280013
0.08402771330556587,0.05238821959972418,0.11189286947088524,-0.05791271026975392,0.023202130648446097,-0.02610540524062603
-0.0015290299313616086,0.018068590533144992,-0.009008439669571542,0.00541958599057399,0.07781615179353522,0.037733685024047024
-0.04119725032463081,-0.08957554819365803,-0.06231388245046652,-0.03646642104268748,-0.006472216184250065,-0.030943004516106893
0.04600719566852359,-0.05105470607548705,0.10910778484523834,0.02276378779953815,0.02966970481485593,0.03300260685535612
-0.04072665415126261,-0.04702014601520516,0.1258737215998526,-0.02057952644096559,-0.005730610899376646,-0.02546841623090266
-0.024638995703867475,-0.004244500265802461,0.019711142371823094,-0.05070496667562902,-0.09289279259845805,-0.07424776755651369
-0.03299335669979357,-0.15901504038978145,-0.01668225547682911,-0.06704263304686153,-0.05602966161014432,0.0012438689022025377
-0.04714766955473557,-0.010696482049761964,0.02813633920765328,-0.06900485618395721,-0.07958310342678675,-0.025205376701867947
-0.024796603080906192,0.0034493935577853785,-0.011540647121312945,-0.07445947309974797,0.018806269044090128,-0.032239071043666176
-0.011178237084122763,0.03405986096912307,0.0669906624408947,0.13298696952935957,0.10847577574531901,0.19804659728207186
0.002673030989600925,0.04265568172135749,0.10387778639873614,0.07575023146317623,0.020386401701963087,0.04151651940270018
0.1420288348092431,0.21412692011102602,-0.006418320828679598,0.05745241706138157,0.02595341632495845,0.09843714506947722
-0.06764590202153044,0.04887825291822195,-0.08822029270186718,-0.013241137024578124,-0.15317378455633449,0.026011880945608412
0.0898171014520967,0.1160475011300793,0.07152794424413014,0.04037776847091841,0.024667332537630742,0.06136416177953493
-0.07554060971417931,0.04050125935042919,-0.07558179687783087,-0.023599610766893486,-0.0441423961426819,-0.0924626623493097
-0.04991163148965945,-0.09244984308371523,-0.01351427369020191,-0.034003957709058376,0.015840118114699188,-0.00048710528169397185
-0.02467194456447687,-0.0467326701994424,-0.019574511361968132,0.009265832560167294,0.040962757730925836,0.03593914526604059
-0.04194462322586864,-0.016791598337972367,0.0545899002768096,-0.04515875935301769,-0.07717953493663803,-0.06450957573815343
-0.03914301779976974,-0.04091623248662942,-0.056904942919247505,-0.046251899429218986,-0.059809661046924215,-0.08314014419163707
-0.050916160391182054,0.03144792538863659,-0.014673537498749518,0.01996863972524059,0.0037941373755717663,-0.020256662386263523
-0.011368575211854158,0.06851724635956086,0.02964870545862452,0.0982576541670882,0.15668694904602393,0.11048946558974912
-0.03961610680618038,0.008008945245527201,-0.06926299742465157,-0.011311606118766315,-0.07954464359709258,-0.0004798900855737471
-0.04821988616185718,-0.14396216783184332,-0.005561465159249938,-0.05100322990942942,-0.06502785401963132,-0.0035293055911986065
0.008365752837154437,0.04645613353363992,0.0013508944544139846,0.060589615311112205,0.0726597456350153,0.04124846440537317
-0.029581141343350468,-0.10782180074896888,-0.11652433953805827,-0.009666833860552934,-0.019650295534332726,-0.03734869116032044
-0.04215902917712553,-0.02363878248826812,0.05301244783015399,-0.03201636967995774,0.026933281280346215,-0.10032823801690821
-0.07563611639927817,0.01809305402744638,0.07565866763347506,-0.0008872768606685288,-0.04563966773564353,-0.06706996963514546
-0.021665590150123103,0.05944718922094414,0.12234253883166687,0.04225567163547729,0.12542491351190901,0.05682790899222454
-0.06016292923289865,-0.0710929481555268,-0.05482605184755334,-0.08174262348397085,-0.052923225045421685,-0.05111878551869023
0.026958746773066818,-0.1943856380366179,-0.04435900547067513,-0.031383166110943723,-0.013271144306948826,-0.07225529474550932
-0.044688150336922715,-0.019134063213875528,-0.016630190813062915,-0.013328491254802685,-0.0020760280353794773,-0.05650476500908628
-0.05444176004908065,-0.021069225620287266,-0.010105177894430818,-0.06418927339266806,-0.10497862691800432,-0.05183680706313055
-0.02878883376835272,-0.013507123213723294,-0.04868490678239959,-0.08092397481993635,-0.07699744068877307,0.029932561361091698
-0.1051574630099555,-0.030142911645725027,-0.05868628365454811,-0.11938932831560813,-0.020065130598917437,-0.056166084084571466
-0.012442048500530429,0.04772574547932859,0.08299410345062071,0.07912482949813256,0.06735274749161047,0.1176627857973295
0.21178919605735472,0.009098090337891138,-0.04739058095058019,0.03023976944573211,0.020381248786930487,0.015507003903166517
-0.048259304730880276,-0.0045103016629899845,-0.01296019684654705,-0.03388692509703862,-0.03920346950902868,-0.03425939361534799
-0.05868341792215958,-0.018437227000044746,-0.06962506895403532,-0.07561539119109971,-0.02299575793770906,-0.06380032467223942
0.2029336457717233,0.06517793253489722,0.05646335612351106,0.10542238178789697,0.040136939744874194,0.11674444571367655
-0.03469307520643279,-0.04787693727532187,0.012365878045894807,-0.10652232890720237,-0.07431869142436937,-0.07373231931001208
0.040089906425847914,-0.19394060011998557,-0.0108474178818401,-0.0350728858740577,-0.07554700716635324,-0.06988419483205349
-0.041894506501370124,-0.0029405738703976664,0.012209035477956957,-0.015362007123322087,-0.0571163728137238,-0.004197851675379456
-0.053172496340922644,-0.01509447848751291,0.03752659590333539,-0.02765355960903762,-0.04577869766418909,-0.02152820535537609
-0.02853758074895442,0.04145887585723395,0.014191761388818853,-0.025955022435092064,0.016508209974265463,-0.039468366077301344
-0.006361187613681587,0.0906367928132306,0.027456288663346276,0.049245107928533004,0.05453706189339495,0.06248362230404273
0.1613675852845309,-0.050426943858370134,0.028591031292948134,0.09744288274479403,0.018024766974004517,-0.01201923100901428
-0.006616709247308624,0.03249386891126352,0.08978529069086305,0.011033762198359059,0.0833648628558478,0.027953669926930946
0.03679554978836122,-0.008160935324790538,0.05783775879519436,-0.05563656752756999,-0.027704696090945596,0.004178845423461326
-0.01705982557237174,0.07660016697096407,0.027039860918945436,0.22199553479562845,0.06716854114674008,0.16217289287410194
-0.035108588617370026,-0.03810056756470384,-0.06291539794569291,-0.0846516735140024,-0.034618471894830916,-0.06573344999375368
0.001364003274445958,0.014675853952022514,0.09450584696685702,0.09016745934521435,0.16668942685686797,0.05279316693344611
-0.031161104935281198,-0.10055695729631549,0.03755973970764696,-0.03443516781780651,-0.05229068056999623,-0.03078571768224787
-0.020652842799669106,0.16242529215560492,-0.06773144387149371,0.05743631571031981,0.06547177909312234,0.1391312036516494
-0.017471805287976188,0.1074377146536248,0.12037509481750107,0.17216061420762382,0.08099364894796501,0.05746069333614739
0.20848529508176022,-0.006755884139499414,-0.03498909228321457,0.061608667138349275,0.09094235580356126,0.03549811925108232
0.003312501984563363,0.16677380718161922,-0.029463579106174535,0.10082910893862472,0.08555137001713771,0.053360450839883035
-0.04967427368494131,0.016660404612868007,0.014560121875929423,-0.1109320521996753,-0.008510033842957782,-0.09176425962344398
-0.020022148174147034,0.0658768431769766,0.040927245878008146,0.035077433443297605,0.09311232378577447,0.03748765751576347
0.0006240102932006311,0.06548940595582181,0.07916258355938631,0.2192836518718434,0.09648402085468197,0.05922410785022631
-0.08497510777485093,-0.02325814510682501,-0.10271779090932635,-0.04639982567560986,-0.040453587210874456,-0.005561071272520935
-0.025487572715974873,-0.047778544023720865,-0.05822654797531298,-0.07343093916802297,-0.010824440335382273,-0.06723566538654017
-0.05575912729781418,0.017741889980694713,0.00065962562003129,-0.1919110189549418,-0.02477362149478467,-0.0929676967417299
0.11908382773467026,-0.049668899987112,-0.04609497132718112,0.080198257485194,0.06152193626599501,0.0014322070324882482
0.09529364019569754,0.07624805917830318,0.07675333827434262,0.05589334575792821,-0.005994589190292986,-0.09190439294487981
-0.03995460928683492,-0.0017696793477063972,-0.08783489335826825,-0.031165018119124196,-0.07468632650443771,-0.017490009612260975
0.20340091307644886,0.010317764096838643,0.06316781967441625,0.1182922977267504,0.0722268181791757,0.02189186785643116
-0.036493742850404666,-0.07268030589119956,-0.04026785295454785,-0.009000694440217607,0.01699705294989237,0.048172208818599405
-0.024249358343295044,-0.02488415145899249,0.04085524094385506,-0.03595046372674207,-0.02700686840162737,-0.03667731297904538
-0.016526593507610675,-0.044584187882117626,0.07618392767380622,0.07327199841374213,0.054671219020644576,0.11778980673116517
0.18956841339724737,0.21887351962881976,-0.02060213912060627,0.05911109566214207,0.03971512601768693,0.10798319336179951
-0.018834539853928235,0.008884682573045255,-0.06831850516921072,-0.08302425358169924,-0.00823955579632484,-0.018935402033431654
-0.04935350222594565,-0.019062592160868176,-0.1161817415703314,0.005223137498916039,0.014353871618852238,-0.00014052015133478565
-0.05648418505745397,-0.03271077527393692,-0.029738286351596293,-0.037893174780367064,-0.0632380098307843,-0.09484804222835817
0.0034501354759666116,0.0825327730728179,0.031803715812196036,0.14080320282401287,0.17155162098422452,0.026726901930828016
0.0009698544975141863,-0.03927059538050399,0.06433085027991182,0.05877341411622115,0.1421630260836717,0.06410288699843388
0.01058059174211265,-0.02457247300249199,-0.0055770518079395525,-0.16401558343329492,-0.0016449600605400478,-0.05944283713736338
0.0017951296868788944,0.23192669228783958,0.06978615284486615,0.10503752062123987,0.05615304605513234,0.04751969238044498
-0.03050941381158076,-0.035623237637210585,-0.03586690589712819,-0.13807303138460783,-0.06575279964547019,-0.07330007245159226
0.0013861801653045343,-0.13446734096190113,-0.08635921451041101,-0.03945374464667867,-0.0062067284651989236,0.003036371284246744
-0.042255643215933274,0.1784996550380828,0.026845086629841423,0.10648418646086596,0.06545358915843505,0.10197483041946284
-0.04067468221978955,0.03237424659428572,0.007488375062992683,0.010561477431067981,0.02235668462242196,-0.007175616846461357
-0.06316201446548045,-0.029446410262000882,-0.02232402909707349,-0.05952088326334787,0.013494235016222279,-0.06105739543680592
-0.07470969398864487,0.046288863993433384,-0.08165253555421872,-0.017313538884243914,-0.044338621079239846,-0.09000333402294888
-0.025037350207699163,0.02286150794189437,0.1351255642229488,-0.03377547032060851,0.030899408300636422,0.01920680441298928
-0.018748059878485792,-0.10348175165720233,0.01312385934902204,0.0024072327890491355,0.024618573467883573,0.015213442345714551
-0.036547582296961756,-0.009595331548746262,-0.06518486831372494,-0.03517121594800386,-0.12614564485555485,-0.031169611537020404
-0.06473443304165273,-0.015994567802585968,0.05123078534133328,-0.012665021148848576,-0.002817393690102767,-0.023008183441393975
-0.010648627030124848,0.0072782907630306,-0.00987277874793211,0.0008735103351800351,-0.018775904125024705,0.00819364597838745
-0.029427295210684823,0.20795213637334362,0.031514453738819295,0.03141008340559077,0.04342215318622137,0.14863950189077788
0.03459093773108412,0.032961595263020484,0.021693863641611726,0.04641430007775301,0.045168733167886735,0.03814742037866193
0.108050058982796,-0.05091236050166642,-0.0913258526612533,0.08703927176099294,0.06163897123177438,-0.00145624996158061
0.03980684369213359,-0.01800644933449784,0.0004772142838675812,-0.1459336130410545,0.003848152880916216,-0.055531895023238104
-0.046949712043110554,-0.12523408586181475,0.013251409200976425,-0.0500770918071534,-0.04439039508863036,-0.10039830140057109
-0.023619941673900392,-0.0172001340218549,0.10062074350512208,-0.04678631212460793,0.03165849653534645,-0.09166344929678161
-0.06225851655142405,-0.04279769848510212,-0.06598985869006946,-0.050003786216462114,-0.03463985633351641,-0.006981160522547037
-0.060857925294664904,-0.03936324075989188,0.002640598431415908,-0.05801850726777418,-0.049929768041418306,-0.07068296308010391
-0.014154955000313057,0.011629162273483928,0.09507463857210843,0.10780985688230531,0.07476436021551397,0.08995704838190016
-0.03679093705858546,-0.08451246443168305,-0.02928248180384862,-0.027014227771854405,-0.02090649745753736,-0.020257349427869702
-0.02730691819442829,0.041609987057977124,0.04131013168348898,0.012477100518108514,0.038943464229172275,0.008284088469973992
-0.06713416724055687,-0.05371591535633556,-0.031395615255808924,-0.04706805687710454,-0.06684982502553061,-0.06638466417150637
-0.03961165753623246,0.03455986834765754,-0.06448352484722504,-0.014607005884710325,-0.087936689620461,-0.05480047504064156
-0.04135452947495483,0.03160774261692014,0.07501738688109744,0.14013218073634895,-0.10576327975261578,0.03291063458502016
-0.04016715814864474,-0.06641663755720036,-0.02457160657494206,-0.038204710714859216,-0.06232965631130171,-0.06232282852447586
-0.0497749359650013,-0.05136620541079945,0.0007389622615340212,-0.05393691171236927,-0.11499914945273353,-0.05677973509245894
-0.00814915585728304,0.10733901342692966,-0.031498511226717,0.038506783324186535,0.07479893781878495,0.04233612151655991
-0.043157867541318916,-0.019947800770165957,0.00124047031173185,-0.07918640067220455,-0.018422150097307004,-0.12425016240414487
-0.012294143628574788,0.039031725024959205,0.021982312162380047,0.03769521676888071,0.04076770826679626,-0.002049427267146848
-0.02271617499943049,0.08654885832800913,-0.04234671084949436,0.21547807630584517,0.025489370541989353,0.1445158643682537
0.1279336766477163,0.005783194610141208,-0.11305916007142505,-0.024255616175337332,0.005319965802573754,-0.05308942842728113
-0.03165119159545778,-0.01129845470038485,-0.08355001997825157,-0.01317774515307382,-0.0797662900520617,-0.007702106304463264
0.008372046976462424,0.11571504903028514,-0.05565974065200797,0.03365658717090737,0.05171070311294983,0.05523372777191812
-0.011079035533325846,0.17773046880292054,0.026066246633356185,0.0671171557977876,0.07110449997576555,0.17811208951838067
0.022101279927686582,0.051372081259878785,0.014313915389671056,0.08725898663724807,0.1116119741880806,0.040203448351984465
0.016639700527129774,0.05958762146027093,0.17407515744760418,-0.0034744465959979914,0.008653871055581021,-0.019503440965669052
0.018328709649020402,-0.06036298537841227,-0.006290490991113614,-0.2041380281815842,-0.04705194620097316,-0.08876697196901064
-0.01505659071299085,-0.0028538168377025734,0.059441307988123644,-0.024527627783235573,-0.022944463635520974,-0.01499954012761816
-0.013359654102544005,-0.015653005846620736,-0.13102080089700843,0.011453325251703003,0.048625682288843085,0.08540605135466696
0.006348842025442611,0.057097892390512654,0.009728555034696955,0.10273945451528234,0.26456372184890864,0.07196714822353541
-0.00522449854480679,-0.001109269085454944,-0.11140049424308403,-0.009054595717964718,0.042007081960744284,-0.020046981633148647
-0.029000303623104726,0.04295913606508167,-0.09343910155123854,0.08730503456287582,0.0023944182998186974,-0.0033479307981830624
-0.025709552617315688,-0.0966067723348568,-0.018788053818312948,-0.05098528121126572,-0.10709882686098414,-0.04900089662135616
0.04600719566852359,-0.05105470607548705,0.10910778484523834,0.02276378779953815,0.02966970481485593,0.03300260685535612
0.16350190262735687,0.2094884413663272,0.05909507353333415,0.05524376597814727,0.02681916115979098,0.08129078024851318
-0.01833939621093255,0.028007073593667435,0.043776305077182144,0.016968259723769884,0.0018237121921392317,0.03837237766350503
-0.14458734816370478,-0.06390960534827267,0.016346615674901997,-0.05264965526954194,-0.07418621317399095,-0.07292868733641113
-0.12242766828734548,-0.10023088536742163,0.045619468639867856,-0.057703802252745795,-0.03956559099824756,-0.042055299800010465
0.1775241008372963,0.24197118100408388,-0.01960222115021555,0.06720936570423347,0.03788763097229939,0.07306525038254783
-0.041765254911596696,-0.0039453183049299985,-0.056598324474903726,-0.06382766725172977,0.027723989929322228,-0.11388749491637742
-0.030322011576632817,0.037582594646361434,0.02087631460345127,0.001771918941416547,0.02829555517960915,-0.002015389158783318
-0.049256164869633294,-0.03205202433841771,0.05923388896661153,-0.0705797490347432,-0.007673481809974617,-0.10420188473896175
-0.02879313917981317,-0.08843424648297615,-0.046749875332566845,-0.04948972687704657,-0.00018076069727276104,-0.04970046727207676
-0.04557599878176555,-0.0597097824021699,0.03995231113099925,-0.0649221024227123,-0.1135531700169535,-0.04946502331366907
0.01356620645465592,0.042304269982858536,0.06812879763624906,0.01662911772958484,0.034906802974971195,0.033752684029281464
-0.05334693638523611,-0.03258515277987346,-0.008706381519623807,-0.08170958192506897,-0.08838418070595365,-0.05067954044522209
-0.003619588911362584,0.013078512646761275,-0.06020662984505237,0.11520038723223042,0.06280151116431783,0.024989280429873206
-0.04260213216138353,-0.14111873357017996,-0.009762027571496986,-0.04197469017482036,-0.016542914718785204,-0.06422362377370144
0.0037087511467646652,0.1015982538250921,-0.08360518457100646,0.03238560942960769,0.055810560603877554,0.031293124282476284
-0.023933450749783317,-0.039166504168015225,-0.05924599745018627,-0.038554592179923734,-0.023512726471674756,-0.03842876790563201
-0.03968868751279593,0.1331375996606212,0.0712664674587682,0.004446404346952478,-0.055004803806325574,-0.0021838798767524854
-0.024786698126477647,0.0365922129860824,0.08175319990742473,-0.004790772877686692,0.0788802245629956,-0.01065164403441463
0.2754863103046332,0.08215592348468609,-0.06368569966036922,0.07288412228812856,0.13929394432589962,0.0501200626052275
-0.03510751782926455,0.0006935896520667845,-0.05801847520257081,-0.10305679154037992,-0.010728788694180716,-0.145649903732388
0.09182986472691101,-0.09227798277609042,0.002854540624531771,-0.08448014736029187,-0.05703533446995691,-0.06990211063487109
-0.05014185888366323,-0.02016560584289213,-0.10380701654688732,-0.07858103636292284,-0.04613617664783268,-0.04626940242542182
-0.02742552796041032,-0.0616333348566805,-0.10126751637882442,-0.0006477978974766262,0.0269079467507664,0.0926875541201797
-0.058406339219808596,-0.05050845406441551,-0.03104823604908017,-0.04488476569155634,-0.1302307727517687,0.013191748918285767
-0.04350207546639048,-0.10540677448463524,0.018505574913876274,0.001795662907418876,-0.03170383741751769,-0.06485339355269454
-0.01996521236864816,-0.03462581111992651,0.06155443469467899,-0.02066797099137372,-0.04366559399099393,-0.03728846874324969
-0.014345953716902362,-0.03133878257944315,-0.08418798758041435,0.013179271553407326,0.05526728414058423,0.08651950571081944
-0.03039336342123652,0.014683097656368082,-0.01025813046343123,0.008424835404604269,-0.0069544782227751855,-0.02699466757996491
0.24407299636373925,0.062237261517642986,-0.09364014464388751,0.062356982998414225,0.04441224083639047,0.020978982356539045
-0.025017620626305668,0.024258983711883668,-0.06509848373901779,0.05472064494582676,-0.01802217135416272,-0.04454368710261349
-0.023394689604769453,-0.10220689532990145,-0.08430356919408502,0.019519859332642626,0.017892407770958296,0.01756379633298936
-0.036045166147059785,-0.05352004918338915,0.03345323055923829,-0.1987956190138883,-0.03970470276415547,-0.0886902190436301
-0.05228777563398014,-0.007202028466484971,0.04700213009857223,-0.12700375118139262,-0.02045715954812474,-0.0889963869087244
-0.022654793087609666,-0.033791106823526866,-0.011816964410948505,-0.07778193593884467,-0.11957520147745121,-0.0675213837775458
0.09866404890147387,0.07824322008864594,0.08018478130655222,0.05452189094047536,-0.0046051381831644185,-0.09163315469663633
0.2673188213180008,0.07966187630941132,0.014305890219945777,0.09804321075473724,0.013542235091260887,0.12472287661119635
-0.03545859703636213,0.03594856248410131,0.0012334356379266156,-0.028838387623669158,-0.033475614653186485,-0.037492220086406514
-0.0021245984253944854,0.06877054144928499,0.06609855473465234,0.04757900592707994,0.0794461631584482,0.03432469091987262
-0.019209725922325983,0.2500659444518988,-0.043938320782469134,0.06676714175006804,0.05673775696191385,0.05727633672097059
-0.03336022404896535,0.025659922067779544,0.0011643821786571915,0.029103015338653244,0.014374829041465727,0.03497216253546374
0.07152526986024951,0.05629844615491727,-0.08031916263511789,0.02346444507026508,0.02927145418691707,0.057764005249080895
-0.006233062413399076,0.10928625960137711,0.15507974918179526,0.0471190193004846,0.07082567560584307,0.06668153901343755
-0.13949111190219923,-0.019919511159980956,-0.03967411671959027,-0.044637311929866905,-0.015796579265287616,-0.08810898619105285
-0.048259304730880276,-0.0045103016629899845,-0.01296019684654705,-0.03388692509703862,-0.03920346950902868,-0.03425939361534799
-0.045893581283915,-0.11484007854900637,-0.0570854959207044,-0.030190736414813384,-0.05160917716256667,-0.06689961664471013
-0.04698068086170394,0.17618943314204843,0.1167596849483976,0.05208713681129004,0.07762603635766972,0.06270453073483996
-0.04027652600032345,-0.04804952870818546,0.03615706117104924,-0.06189599123845379,-0.03874556548373475,-0.0185871282529994
-0.019914714237556367,0.08732234952849842,0.05780126215073979,0.04438578662389941,0.10199476284146021,0.17808017832277312
-0.020813636608882528,-0.024239545648604123,-0.0077952518973804005,-0.06118319426275549,-0.10359010783189447,-0.09350943908283661
0.08686371781138266,0.06540074521184454,-0.060761593869291634,0.01366326890284522,0.02186139001884044,0.06624845541270974
-0.043862027812520625,-0.09740409224803197,-0.016798883136362068,0.008193663148504511,-0.021976339522349276,-0.033444026604189124
-0.020012718013587213,0.09015281600658175,0.07805115024646993,0.23382754137467374,0.08289168072749235,0.07648199710993146
-0.06313898860797612,-0.049604389667797816,0.03980184456793686,0.05732545982336715,-0.04985105825393627,-0.09136395589800758
-0.04425722912199078,-0.11831691049555555,-0.07070105055086823,-0.044359615838147896,-0.03298126747949516,-0.02123422495437653
-0.01641474831995194,0.22997138512060172,0.06572161234873916,0.09258690781054571,0.05166314733376603,0.04457443233484986
-0.022705069852527255,-0.058080241479526944,0.06087175633034108,-0.03545180772417562,-0.018924679871209518,-0.025982386418526997
0.13867593712353088,0.17821234251229914,0.06981281942713731,0.07428711621811578,0.029588656109629373,0.10380368123400872
-0.04473733731937189,0.05574645710756494,0.10730945301452843,0.027531470281576986,-0.07195721043825802,-0.028688659914893493
-0.053334345960768796,-0.13097921136746837,0.027103096564797508,-0.04554611803532533,-0.053597688067458224,-0.10586423980441119
-0.060755238658304726,0.15471793446907692,0.0012856818114865545,0.011107639602081535,0.01264583823967693,0.06450359558288032
-0.04248983711854167,-0.04222709843555434,0.0008920410680379341,-0.08254426334438217,-0.07783240122460067,-0.08069372511661488
-0.05228777563398014,-0.007202028466484971,0.04700213009857223,-0.12700375118139262,-0.02045715954812474,-0.0889963869087244
-0.06256064791792526,-0.09163768974403061,-0.009075021983107784,-0.03150710747690702,-0.020152230197717967,-0.04909215342431914
0.2059026189483768,0.06868473428171819,0.04732002742594959,0.10425996574325995,0.035392403214529695,0.12309672984052238
0.14337480702327982,0.21446788261811595,0.05719019783528035,0.07414627523066751,0.03500695997930602,0.08389898369633274
-0.08436102923661146,-0.07155267352657793,-0.03456982328525048,-0.08225445942542668,-0.061676329419938725,-0.04595795199510515
-0.1108866542784886,-0.07015282548001676,0.03556700325615322,-0.06891328909357937,-0.021696056802625905,-0.13062291149514277
-0.03898319312601688,-0.017117326304370687,-0.05403044915273866,-0.05347909622043982,-0.04374402705382906,-0.032785199170634355
-0.009436434196916667,0.0167083836233849,-0.10254556069455002,0.02137032232810458,0.051079722542392965,0.10297134828706982
-0.040053101451644944,-0.0013780667952151785,-0.024757326836461122,-0.04668305406407076,-0.08507383143760638,-0.037712882411577546
-0.0252946533522799,0.00713426650364941,0.12079867548333835,0.01488945727968673,0.025640990424333123,0.02505846220935533
0.006317205909793818,0.012120337163839676,-0.06281273459009239,0.11674160420876455,0.0994303903804947,0.19306452313017083
-0.03649364757263173,-0.09848599089560615,-0.08177584529291894,-0.03331311215738914,-0.02609581301549825,-0.07494678176361602
-0.0344594328676644,-0.034762381624748775,0.05393141105741775,-0.0719063969881524,0.02726283341981369,-0.06991571740916593
0.19158116746162937,-0.030930753550306465,0.09672169534779826,0.07399241285765515,0.015817632150094258,0.0033860139888777304
-0.04773492021826186,-0.02856909487473509,0.0883076427566673,-0.004171034046235563,-0.0729192048124614,-0.0203050826655097
-0.163521667105798,-0.03823293874474523,-0.006169283594415953,-0.08253034088701969,-0.03097919701255642,-0.0704814662724831
-0.041150260523551856,-0.0046998051121308,0.018344104568368748,-0.06174126572764239,-0.061670320956631476,-0.016891417480092635
0.1399888881543108,0.22365434008681978,0.0179981748296521,0.06130676068013152,0.03889269914310192,0.09229308353780681
-0.020663731678493648,-0.03973934327850799,0.06126094036842726,-0.02134223601421797,-0.04240431446336722,-0.04314408673163762
-0.08097801970458492,-0.035206596036383056,-0.0889964948786633,-0.06704609610935701,-0.052423589848835814,-0.03582420254617026
0.024052086899006193,-0.1958027234954915,-0.05088512013693297,-0.032151000505572444,-0.016475996253965685,-0.06984300481492871
-0.0992167665698754,-0.10766830754664519,-0.05276219049392419,-0.06397989639809741,-0.021817303385429813,-0.030268674837082586
0.1479040605509507,0.2548690428616706,0.04845202213575773,0.059915304785502485,0.03397078242382804,0.05570116635254586
-0.030798112246190223,0.006631430539238471,-0.04131113466038451,-0.006948374226001711,0.049413287929278314,0.02196799936772239
-0.03165119159545778,-0.01129845470038485,-0.08355001997825157,-0.01317774515307382,-0.0797662900520617,-0.007702106304463264
-0.2212280919587828,-0.014994066236280777,0.017001561854399237,-0.058146070109458145,-0.046792122148090705,-0.05568918582688183
-0.06742130104649516,-0.0471445754759458,0.002966112670658614,-0.02239319978195696,-0.059234825779035494,-0.09093929376644455
-0.06561064232445303,-0.05954037946554572,0.004358636311922603,-0.05999275913289937,-0.06314625408781174,-0.09437340239637747
-0.0024583295895616217,-0.20045516330491456,0.032864599260443945,-0.028553128186138064,-0.08791277418938555,-0.09311095619332199
-0.020174494256528782,0.04584160615061088,0.017786071888559192,0.15794340606978266,0.021708442801451244,0.11578104962799031
-0.04774951065416244,-0.14154073704756132,0.00210654481993091,0.010911709847602761,-0.059692974836101725,-0.07275552782438935
-0.05927083236790972,-0.07093158400475792,-0.048579950558445835,-0.08341515362110472,-0.051346879920233866,-0.04985892751749163
-0.023576880409530234,0.08194083803690622,0.04192906440743698,0.21788107037208398,0.07113318512107356,0.06288320443714253
-0.011085707985183352,0.06835660655513735,0.02570507849835936,0.09672211041961044,0.15588554706915417,0.10701910828442873
-0.03635949886290748,-0.0476210497912677,0.04366132006740762,0.01479311579233973,-0.04134986152573603,0.03932161688179031
0.00040227309846838685,0.15852356411420304,0.03984962618343295,0.05427809950964303,0.06672485367250121,0.06676422640066222
-0.04783846061585933,-0.0655447456606101,0.02700483124697758,-0.07042282133795422,-0.019375928298753474,-0.05736209613387873
-0.037884866247225285,-0.018077057884268517,-0.0403524771993687,-0.041482571259931676,-0.16381227528983375,-0.023575116043384144
-0.034279772508850115,-0.04173494757733506,-0.05134611911828909,-0.06561921674120041,-0.08175541764803933,-0.037927144521031096
-0.05155812399752363,-0.053019262826565744,0.014382713530432594,-0.0619359475679174,-0.06952903491963787,-0.07769784083734678
-0.02219487396718374,0.0273626643358075,-0.05313583824997553,0.02975528326289467,0.011265881098353043,0.01691396541607509
0.1458551727361015,0.1477591794874464,-0.020880263341070425,0.08503844190824586,0.03391727675418253,0.04778284086261553
0.016072855204606273,0.11829174512072047,0.11793103158139248,0.10131147268574026,0.12236074144999311,0.002481208914900384
-0.013254356881169578,-0.027120587661890436,-0.0035614303269456042,0.030440464874449662,0.07982972025078557,0.05038557660812667
0.009427600239060786,0.21819604713783775,-0.03840874618316806,0.04759873143367006,0.09752725830391719,0.14745702486447343
0.11999022934301719,0.21209150197779544,0.061108744429605115,0.053365706100535204,0.01891652561496573,0.08629974609860394
-0.04368810524642479,-0.05708810504756723,-0.0004565866966329235,-0.07383702554458348,-0.05645593016674885,-0.07563181572391336
-0.03292345567717264,0.13390031421284998,-0.07016199986750064,-0.006011629182192371,-0.08099397515001334,-0.012849082737121894
-0.06835111879217168,-0.008908631810620508,0.026414765483870183,-0.1718102622557921,-0.029934197514207863,-0.10592754108018815
-0.07661085068485059,-0.025735376909966974,-0.09501062492450538,-0.03919309515881835,-0.0266967380674971,-0.06208356418689452
-0.025454905786771894,0.038645084289151116,0.06899639570246813,0.038419861170935335,0.02581571478603319,0.03848286174222429
-0.02988382980525149,0.019031801984758755,-0.041375814766454334,0.017471489965574707,-0.012411840604275437,0.015793718075547816
-0.021132526697627867,0.05287538127679997,0.11564545825081261,0.04861415543171042,0.12155591836868829,0.07751333410080388
-0.045373610725447086,-0.09348151574818468,0.014366897548198978,0.008049556138958797,-0.04445616045392473,-0.029275193215567128
-0.04621377335671081,-0.035507943876872165,0.024438416358078183,-0.04748088319879526,-0.09895107111453827,-0.0489836414694311
-0.053172496340922644,-0.01509447848751291,0.03752659590333539,-0.02765355960903762,-0.04577869766418909,-0.02152820535537609
-0.017471805287976188,0.1074377146536248,0.12037509481750107,0.17216061420762382,0.08099364894796501,0.05746069333614739
-0.14458734816370478,-0.06390960534827267,0.016346615674901997,-0.05264965526954194,-0.07418621317399095,-0.07292868733641113
-0.015774506104359425,-0.0007600339177228968,-0.05589059662817556,0.00046801978982222105,0.0003851643096625445,0.001415140742846234
-0.038429285273879156,-0.13020434219235869,-0.02918146559646027,-0.01974698593793845,-0.03443165439340024,-0.06102988288927154
-0.02273984600563011,0.09927398041736019,0.08363442050857234,0.16298222723005462,0.08429835904722895,0.04843048871254342
-0.01803868258543154,0.09303023166568875,0.09748056187858058,0.2367302393488864,0.07467217181795503,0.07978102186063317
0.13609295374180205,-0.028653981309979676,-0.03858650971005205,-0.16599958036096918,-0.01939017360991405,-0.08552755590021166
-0.02302298152498833,-0.02602516353536194,0.02354655881911841,-0.18455036477867473,-0.003763889253941687,-0.06545037951957332
0.18275647859759353,-0.008071261926017616,-0.04555332733116551,0.03799577150982858,0.00879041043486713,-0.04451592521666461
-0.03350173853694548,-0.03137942345465861,0.016864907534444435,-0.06785428588776604,-0.03787410331576627,-0.04578339876984244
0.19762816801756972,0.006565970855473879,0.06819296796464737,0.122540339798904,0.07474490857706255,0.02415293092420924
-0.05916705889668081,-0.08452018878603837,0.009191619976784735,-0.004538127743703802,-0.03468623513482591,-0.05059497899020094
-0.04433495515721759,-0.07647412633616912,-0.04308967696962248,-0.02334232046086147,-0.07727826670425023,-0.03618151251294804
-0.045233420756088855,-0.060324031340365236,-0.020201691267887827,-0.1059427370496265,-0.10249730337919277,0.010917064896494407
0.16518491980697922,0.17589360427525114,0.06267689275231252,0.05385613478859505,0.039177462169923974,0.08378432984286044
-0.0413248240113784,-0.051466817181570874,-0.029128566073127297,-0.0434538170530034,-0.010551038349063851,-0.10035465000322416
-0.11546395241172903,-0.06895100520316466,0.03813361807621153,-0.06779863384234706,-0.019683068349346716,-0.1279379597845923
-0.035339552281223964,-0.05404927083183663,-0.006689388803292869,-0.021624848802260375,0.01340903355607903,-0.02783067593186458
-0.03510578773283966,-0.02354483841702992,-0.07326002274911214,-0.013434494791541083,-0.007500645220618089,-0.0396499341858058
-0.04680581324941986,-0.024445102664043275,0.009278429329899094,-0.10728727603528125,-0.04758089677585358,-0.012932793257432428
-0.08280300357694886,-0.0698098167460767,-0.023710355011881547,-0.0913861760443574,-0.05751457722744216,-0.06602429834364765
0.09320774822664445,0.13055797549154932,0.0934067335179292,0.058263903692988735,0.03922077662007743,0.07543059473386515
-0.040859710436721375,-0.03475907877401757,-0.020153117974344385,-0.035967163234954046,-0.05712322540862633,-0.06681215646857395
-0.02902349844034152,0.0201688559547885,0.051094787386567454,0.11773863387499928,0.02638904789428246,-0.016495293059609825
0.09706101985610788,-0.11697022600331562,0.04268213314677302,-0.04753226793654787,-0.00491332567834031,-0.05537384959307323
0.08284783598318132,0.05234838256111402,-0.13199895940423198,0.013594312872469136,0.011377173771626793,0.04279435858982157
-0.034107492800823334,-0.045471881705533096,-0.04161587463480255,-0.035763727793857836,-0.07859364777928296,-0.04930598963642494
-0.04589394696929677,-0.023798800898007424,-0.006633831116137288,-0.061126326455488544,-0.10720331720819112,-0.05999191652858752
-0.014580197586280796,0.05724869906488834,0.09683042649221618,0.07118819645366305,0.07188412775243626,0.08312055197899985
0.14208909479829307,0.15465607996323372,-0.032748450029763634,0.04279100856282135,0.03264193630830325,0.11645878075294476
-0.04487801319594811,-0.04734480030195725,-0.01465684213814965,-0.04827870955339856,-0.05294366623236006,-0.03966533933976096
-0.024083641176612793,0.211113720513625,0.12188307879895892,0.09973608482994809,-0.011018004447723356,0.056276802240350324
-0.018264301791201785,-0.00876463207308134,0.059199180244581,-0.004091562321013563,-0.05282575986438467,-0.033361203423648136
-0.027859743654792296,-0.029179619410951402,-0.012097226759387283,-0.15520929885838194,-0.0686409488763536,-0.07267805605715452
-0.0019718492968489984,0.04188441625894579,0.15459588772110927,-0.0049664704015263735,0.1229301675258521,0.020309904718469482
0.1511067047350361,-0.005741094207112707,-0.045028237500253664,0.05645870196040992,0.030862996535476764,0.05482147455904268
-0.04133598921721242,-0.0034464707589214336,0.059032343376238625,0.037597252077271,-0.05207023618152672,0.04859888686658486
0.14117756621229968,0.0035165411694184304,-0.06973838196293382,-0.11199864652039511,-0.013600246304945407,-0.05453279085388115
-0.042336975570793314,-0.00646418515664538,-0.07024488237598647,-0.03415381793586939,-0.13186225330064605,-0.05328992546422786
0.2849443954761323,0.04326665639910503,0.04563559263205363,0.027502906135297395,0.05051340879192498,0.044481137957455404
0.0014295124634145185,0.013430127941892734,0.10840938134023007,-0.08613432926414306,-0.02454485825538972,-0.09005831314661095
-0.04346173993151,0.009865382959838834,-0.018423918292601933,-0.02858263234780708,-0.013507095080688017,-0.02324905179231424
-0.01918842570186228,-0.016015929572558592,-0.048251881166267614,-0.03091579860185136,-0.04449883479484806,-0.04100356729796788
-0.05916705889668081,-0.08452018878603837,0.009191619976784735,-0.004538127743703802,-0.03468623513482591,-0.05059497899020094
0.21854840606976042,0.07930423328603282,0.026237073689788955,0.13677931702829976,0.036325840098691616,0.06347659592912164
-0.008042552869668707,0.0770818199996071,-0.028364779184957608,0.05080492335562636,0.03284901149194791,0.0489406723427209
-0.017189741882552928,-0.1238910614416401,-0.07258660673397362,-0.018789035061916298,0.023074083982264834,-0.03432698802365888
-0.030948034591103422,-0.0636503962051955,-0.014635025162549825,-0.03418669716987707,0.02173777853300832,0.048724672651832994
-0.05125425310440438,-0.08937075811746013,0.031223309490127436,-0.09093072989442799,-0.10114456308854024,-0.030942698914095547
-0.05895104677246464,-0.08330197513846009,-0.029261810034330843,-0.10332738148346703,-0.015741342362531146,-0.049264684271520885
-0.029762660608164026,-0.018379212253557934,-0.04408383365880497,-0.024494036655238204,-0.008142331384293466,-0.08375574661091623
-0.00675606058802226,0.0023272093664676863,0.03505671098138336,0.07184344416679316,0.1693568391006459,0.03930502132180912
-0.052804821731577654,-0.07238647278480426,-0.006904675130368241,-0.028197416113379115,-0.027920885994156312,-0.0738391550217675
0.019810552928295453,-0.03012902362265821,-0.053841157233419826,-0.1676878516577587,-0.00659461643538189,-0.07102732640062337
-0.010127780392634192,0.0727462100602746,0.05333835816424026,0.19748427549553924,0.04452168636274091,0.10492470140692677
-0.06137685795977393,-0.023304263278729843,0.00628659629932929,-0.042849630983336634,-0.04106962438091542,-0.11410020267452672
-0.04792725996159484,-0.030106971708316953,-0.021284267189909733,-0.11467457566325219,-0.028001294925592432,-0.02613040249185545
-0.03855022650549085,-0.04347492969937679,-0.021129270946970476,-0.04860290468493528,-0.013719514224538121,-0.09304490366380708
-0.04446639423471064,-0.011074679370382406,0.061458542983428725,-0.004071875846336297,-0.05471316926829788,-0.002058413201044922
-0.03743372721883641,0.017284529009122734,0.11121753732877304,0.0071494738136571485,0.06259768803695825,0.04943801942962879
0.00832609967088242,0.039525735678299465,0.13128107243995038,0.026335647853926353,0.03843091322766904,0.041125959079412314
-0.005725245521078077,0.03781116056784236,-0.008458003504560205,0.10059505302145218,0.1441492625757742,0.10570563161480696
-0.009883343024487797,-0.013126555310469233,0.03812230101627997,-0.02610519556634638,-0.006831139253089975,-0.012387816271993831
-0.03622041989478204,-0.04125166248612902,0.035110805301245204,-0.06442588367986485,-0.0901818341547955,-0.025235650759938933
-0.05173662567068473,-0.0002452577968435351,-0.006020554485517749,-0.13673121178635647,-0.02461721421009147,-0.08329828504922793
-0.05493385878044754,-0.02659902335013134,-0.023951945433341105,-0.06550510575917136,-0.07979052621297995,-0.06460431652508941
-0.0027072247377041545,0.02380257816234388,-0.09974571958240425,0.10089252083356823,0.09118236307892905,0.1752088592322011
0.02345857935680537,0.13207445037291138,0.0054903730588238475,0.05289024073612509,0.14148735239464652,0.1793961390611435
-0.005498318663898992,0.046773084537741656,-0.08546733196339251,0.08500034492128701,0.03787435632188077,-0.03494912515783869
-0.046972409294223014,0.18561158843012862,0.008907609739930334,0.059411273748415025,0.06791418514607975,0.07524259306977943
0.11999022934301719,0.21209150197779544,0.061108744429605115,0.053365706100535204,0.01891652561496573,0.08629974609860394
-0.0003532402733090932,0.013820901765092514,0.0877206262559994,0.09118588824836574,0.16319371231258445,0.04879458153465975
-0.04658156436543344,0.013515166944211416,0.036594521605493584,-0.01299056604639083,-0.00029296285103371894,-0.06261964944838287
-0.02988595086295949,0.0034913292155209007,0.029674697188222576,0.055234054474695815,0.020348624493749905,0.017210795971791204
0.26138975892875554,0.022076599467584376,0.06635718318025555,0.06957581449551137,0.12258472408840268,0.04768697858428798
0.19680990089269915,-0.06568047441867438,0.040558206193548635,0.12217471690191944,0.05485722960387904,0.06396256334341185
-0.024197390305715553,-0.0586564169949608,0.05245649173140529,-0.036656992479896885,-0.021117507876166428,-0.02664310924767742
-0.03363616678890992,0.25903882861309946,0.05788485821824872,0.059308009455827704,0.07178248719267415,0.11613650749645581
-0.0332891415160905,-0.05167379359524942,-0.026501682501931773,-0.05544564180756126,-0.023684543482188812,-0.029050170632219725
-0.06585314338167997,0.043853381349716544,-0.04422358630882316,-0.053860489337854256,-0.0013369066241234505,-0.0019252569493123839
-0.04830857558000905,-0.015178061733586776,-0.0654947583331376,-0.04974904312060613,-0.06540085807272908,-0.04374029609475387
-0.018822317212148918,-0.08856678062716188,-0.03590732254974368,-0.015417622257831118,-0.021322859108191258,-0.001453661090713087
0.15790728510767146,0.14868505126163464,-0.00709805660872499,0.05159186768978034,0.011859531132595259,0.049701900458086395
-0.028177129849808604,-0.013337187120472934,-0.03674028372891444,-0.018264120699449632,-0.022062905462837817,-0.06009236065450608
-0.06321443973177981,0.03588370004066357,0.021405420432129604,-0.05107625051074455,-0.01241982869385456,-0.04735239270857203
0.13792395431577106,0.15596516422975157,-0.1097614241599922,0.03538507183053354,0.014389279881895792,0.08637792179605983
-0.026623975181086824,-0.1388874310498012,-0.01673406017289574,-0.023697878460096865,-0.0032802894418701373,-0.04719561651320812
-0.12060978185910683,-0.012244096399706944,-0.06750225628833205,-0.031558301154311734,0.005507217536755414,-0.026488689321488994
0.024698932002527603,-0.15145369476674314,0.05661179620709278,0.011804930076568373,-0.0014016991477942885,-0.08294852351203891
-0.016128262889905876,0.24136243813402122,-0.02456871831021798,0.06902788013229667,0.07099388856862927,0.05814863987894726
-0.046692759456262355,-0.03592039028777942,-0.00040214906373706806,-0.06322847980207202,-0.07858178280718621,-0.06671235655014959
-0.01965587654205565,-0.009527972657307881,-0.044238849656589536,0.03600419213517167,0.01039859681355396,0.030368832539317152
-0.016526593507610675,-0.044584187882117626,0.07618392767380622,0.07327199841374213,0.054671219020644576,0.11778980673116517
-0.03941409929268843,-0.01329690292812534,0.05536407972779558,-0.04454163176485687,-0.09103818215163656,-0.02830373652668973
-0.016040657433051452,-0.04341471686213297,0.1092552494793404,-0.04011566365180807,0.00037547987449136,-0.010111650007769622
-0.0609964068871156,-0.05461318310401223,-0.010204106805596467,-0.08507737069976502,-0.04735527537842285,-0.11758255851796057
-0.05347320720695646,-0.009108872143334315,0.02438838957278988,-0.14435860962490799,-0.020886680992021817,-0.08920928361971031
-0.05469615289875732,-0.01893292797069443,-0.049862912001932026,-0.04537940245914251,-0.009900633661883469,-0.027090031551014297
-0.011632731172356314,0.020113998306009115,-0.08175686164387846,0.03154337565823907,0.034753859928204206,0.004469967081428438
0.12586536289164318,0.2154913310837964,0.08393566696185964,0.07462932002736426,0.007364256422562995,0.0931916653882534
-0.014102072526507583,0.05180852136180397,0.1039451967950975,0.06616302539379154,0.05907114840483276,0.044800621677044225
-0.14433827801911853,-0.07389720999990186,-0.05171334194472097,-0.05194814807612182,-0.013578833246287536,-0.04294502566289892
-0.028191657594691746,-0.06374525467427057,-0.04800389708701596,-0.047502104978009226,0.0233114588973556,-0.040196902483473365
-0.01928813889767207,-0.07181621502827958,-0.053383926175665716,-0.015521057306249945,0.005657858231236866,0.001085410327563234
-0.16773110389240464,-0.041038304106174914,0.02816878834048783,-0.04554900266787277,-0.06385976416988676,-0.0842340813247422
-0.03455269907862451,0.03478732094718373,-0.06292395112410512,-0.03952040344033799,-0.0059848925975315185,-0.031422313825674196
0.1279336766477163,0.005783194610141208,-0.11305916007142505,-0.024255616175337332,0.005319965802573754,-0.05308942842728113
-0.036187550012627426,0.06351660395661751,0.018393613982036826,0.19572028754280543,0.08640779366251776,0.04900843961920956
-0.052654295106532883,-0.008241218049186955,0.038721012842685254,-0.1321869721392534,-0.022519115569548644,-0.09000813431204815
-0.16536324896152063,-0.07879448941095826,0.006624770134312883,-0.048849599175084024,-0.02034831876118795,-0.041280526865188794
-0.05133548790195483,-0.037683722777944,-0.006147187243902654,-0.04877362497671371,-0.05312692608925453,-0.09101200444607878
-0.024671578815789377,-0.09081410985037427,-0.00871882526349122,-0.05549241475311014,-0.10805435282853126,-0.047078572593265686
-0.06867052187258087,-0.026487856616248702,-0.04899007166748588,-0.05108814415904556,-0.005485610620666966,-0.08677319974233429
0.21533166900973374,0.09112580140719266,-0.0010329074593288618,0.09272456477267452,0.11054262104951794,0.06336871557855178
-0.030948034591103422,-0.0636503962051955,-0.014635025162549825,-0.03418669716987707,0.02173777853300832,0.048724672651832994
-0.03940789388121531,-0.004641264576306533,-0.0926474865878756,0.010004802490708517,0.018143937515424542,-0.014173486561832404
-0.04773835846114944,-0.00541572901239331,-0.03209557346034876,-0.0033789180293525025,-0.06890416265155871,-0.06288423737814351
-0.03930163215316648,-0.00571088309372885,0.08152974724064876,-0.017916336809181307,0.06866193166036945,0.02388700484540957
0.08824910561368286,0.0076371125317254585,-0.11811222485322083,0.09788606424216033,0.015561271434003585,-0.025745287840721325
-0.04421416369969674,-0.04280692469229012,-0.01984225868854052,-0.052995275228225225,-0.01658435202590036,-0.04143387403728019
0.07043577492094295,0.03815575862057878,0.08082052973337225,0.019643182472477764,0.03900398064924903,0.0038987535867884295
-0.08497783160454714,-0.08784266631041589,-0.04162997394115568,-0.061209296194912007,-0.027702026472696914,-0.06291857875381561
0.01356620645465592,0.042304269982858536,0.06812879763624906,0.01662911772958484,0.034906802974971195,0.033752684029281464
-0.019830771502202024,0.058500483541611956,0.04358089621627981,0.03363390378030972,0.09629083399103301,0.04316830585793659
-0.06316201446548045,-0.029446410262000882,-0.02232402909707349,-0.05952088326334787,0.013494235016222279,-0.06105739543680592
0.17800409707483927,-0.041996537533941454,0.041237990241797126,0.016230998297783093,0.03461947251748703,-0.023760628293712716
-0.027942256395232578,-0.03660140224317424,0.10212511050092324,0.049897583156354675,-0.007855624805302351,0.00022366367581409677
0.002201793226151951,0.15967106816587484,0.04623075655911798,0.05303842383814163,0.06590895929397574,0.06749535798632236
-0.021382347978285015,0.03703197792066713,0.1460547339065306,0.011287615647344509,0.09989750548669789,0.0028729659508983834
-0.015504927104108779,0.0016478104465537386,0.025972482715236847,-0.027482762882899577,0.0699984899410457,-0.007906074170103887
-0.04347989950771588,-0.05981189443298821,-0.04976145279623538,-0.0171972840947672,-0.08755532109187313,0.0033831483061013217
-0.021494796055707102,-0.02695510982081794,-0.01627378770214992,-0.059059478025047324,-0.10876593529521161,-0.0927130346893863
-0.04180092676448405,0.0035427282410331697,-0.07278614915399775,-0.030354468324385167,0.0039395099602881475,-0.07746833077103198
-1.334997964300193e-05,0.19119104293615347,0.0904438409681279,0.035591071632055125,0.007232489364876158,0.026142814214214192
-0.03443909124633613,-0.009984370176290664,-0.04499239399633944,-0.004005524990799496,-0.03439586799586348,-0.02125470226537603
0.0013552524307760586,0.007088036098176161,0.03442455522534058,-0.041586367427334084,-0.016560733358588535,-0.03710979443933874
-0.12733695776631765,-0.04451603851437202,0.01599566213997701,-0.11699884212862925,-0.020499424309037957,-0.07279453002387622
-0.04599278420766774,0.001938040713418681,-0.028022870787996697,0.03595945830759766,-0.08110104729771639,0.03784917672497791
-0.04223150666833045,-0.06382060421280795,-0.06930193997269851,-0.013353721258248161,-0.04725270049374089,-0.005465869856467982
-0.04445724766588935,-0.0772083801442607,4.9745881987585734e-05,-0.05003880033721996,-0.002230559822443828,-0.08347606665591799
-0.013056438246554357,0.0750276110277343,0.07882460884122876,0.0627158435460706,0.07434628464799493,0.08794027273196812
-0.06174914490898782,0.07765395148554835,-0.046811035107624806,0.0034641098507727365,-0.031975971154047045,-0.060359411462241525
-0.018160538188017567,-0.0016147117910464978,-0.09819271765141668,-0.09028756215234748,-0.040342705979805285,-0.059011728305059984
0.2669623382618631,0.050667784395954145,0.07843164316365965,0.03834914075168063,0.052593084470974896,-0.01161850530194779
-0.06153250854099775,-0.02310961323635799,-0.07299443547461436,-0.08245441981100723,-0.032423443813372095,-0.07384731225548284
0.16405259008344927,0.034095972700535944,-0.0365513422054649,0.021730868812390513,0.04595993173126549,-0.0019493007061706102
-0.035717056895793395,0.15717366392922769,-0.04441530882249518,0.054181609456274066,0.04459557775536656,0.0161891448159734
-0.028611271853231215,-9.666690910268145e-05,-0.0215666072124126,0.014784973558987844,-0.01981632718050568,-0.014842928445735114
-0.0509563136142049,-0.05428284126399216,-0.0004471266676474499,-0.013121214815170165,-0.010844848451583632,-0.08112854931155322
0.1482338324067676,-0.044588777290136654,0.057997647083898256,-0.029677843689125395,0.03198550647720588,0.037103434895573315
0.2263299475781672,0.07913313572607665,0.04502807537031303,0.1459996024228592,0.03803809285852993,0.05521182071495957
0.0642309281245988,-0.17389459110664549,-0.04869279369324862,0.007330364052887161,-0.0699689638112039,-0.09134418815922975
-0.0486636380197857,-0.0194734802565536,0.0060126249653414485,-0.07826029545186053,-0.06815131989795215,-0.022963431618454832
-0.04110063495542708,-0.0456948709910135,-0.11472508453278848,-0.007931747010932307,0.006357315056677275,-0.033883459340289565
-0.03448364487851078,-0.013605820143813584,-0.045291578705613574,-0.08380916173509365,-0.018588915355866167,-0.04460572818903738
-0.08032118652458749,0.010480428269434832,-0.1261999318095167,-0.04557175345220217,0.02724793746952847,-0.03602783642800828
-0.031982224721735376,-0.04038356526900682,-0.043590407825288266,-0.07727479956161604,-0.05788939972953515,-0.04775655734152811
-0.050674381003254464,0.005279249305566871,0.0324738397084871,0.03138422288406011,-0.00245559133817161,0.003043529099171041
-0.0318838789262057,0.05790384508933969,0.03915433314750452,0.1687916305117982,0.017431999444106186,0.018526612910981014
-0.02545422633808978,-0.06955655448570366,0.03839809613381871,0.018399996349128464,0.04583364237463737,0.03831847634045524
-0.013596616266110646,0.0058808861544996805,0.1009376971718917,0.13405495592719935,0.09643341318910534,0.18037660401692496
-0.037841009706237896,-0.020594802823882853,0.014494955065033878,-0.10511225450732915,-0.06132805161129757,-0.08446733335103089
-0.03141702292062987,0.21080605348231676,0.03267668090800081,0.021735665258129835,0.039641323828816084,0.13709354291146708
0.029786344999437088,0.1633679433846845,0.05452731512789652,0.04124110264248102,0.04689767943442017,0.06292836877108003
-0.011157997022864229,0.08658244516092747,0.014327176349102093,0.18733826376796311,0.0988665425350511,0.10862209318088094
-0.027783655569795142,-0.03581089383891689,-0.08640938831963901,-0.0414092976076645,-0.018290086036070245,-0.029548022704982885
0.19177699164793013,-0.05094250688536885,0.0985086086379988,0.09230280652716467,0.03930781012981616,0.004257648718668042
-0.03484525626698738,-0.03122285739360648,-0.08502228376724494,-0.036620110220457434,-0.01898336518607863,-0.022369478421156216
-0.04504809159627775,-0.0758190553129714,0.058443759228150455,-0.036200446100719805,-0.04519785021430336,-0.04249988704154117
-0.03527124195727444,0.0032077370767925354,-0.041307455503575154,-0.036958905045727394,-0.008862915631702328,-0.07006991198551644
-0.015041246077661571,-0.10024172755923577,-0.12040768045941293,-0.018136685990604324,0.029924913867521035,0.03000140520133327
0.015951295582665094,-0.04026171600039616,-0.052554081888611805,-0.1819612541207746,-0.0409178398210814,-0.08615716444292179
-0.032568894449206943,-0.011134494155708238,-0.08778313358878283,-0.022890562177487295,-0.033756545011904095,-0.01928485708837854
-0.05092175182883859,-0.041141804177754975,-0.032724351123451324,0.02593958235441117,-0.11744307711333621,0.002612493648801209
0.1324819741143734,0.1321322865740637,-0.11184231957049928,0.03559463099511853,0.024949684841041823,0.10039099143376454
-0.014647955790315085,-0.02457810429042261,-0.05980617313649749,-0.16390930919984836,-0.026719407412911872,-0.10225394378702245
-0.16808920253199067,-0.05751252205279816,0.00809507044719581,-0.07771621108130848,0.009023489835398545,-0.07683274822574634
-0.01287500533182643,0.01610056146037446,-0.05377038859606991,0.004536972912443294,-0.061904649597546,0.007348166260776247
-0.04433385392046065,-0.04024060550762037,-0.03917128651060681,-0.04099606378592406,-0.04891868351826938,-0.06505512421160352
-0.1335983316678185,-0.05505992472381727,-0.011225427466183541,-0.06359966880535231,-0.00941754769659749,-0.1085378027810593
-0.03049173858190526,0.030784697932945825,0.08086511131655534,-0.011146774332051482,-0.04898499618644811,0.009889513614977427
-0.07766340363355605,-0.03723879865286989,-0.09392043722931646,-0.05873999990014247,-0.018818377386110436,-0.07264647010409014
-0.03597727021788318,-0.06391999743929318,-0.02235801243408762,-0.10548983034958222,-0.12358593578484939,-0.007466419077437381
-0.023886445350469982,0.03880675220502471,0.0748144540451746,0.04394844178005757,0.027654756938008895,0.03755204699997938
-0.21329888431269614,-0.011706782883390622,0.02012148049382145,-0.08725219938879124,-0.008149507871655774,-0.07048847351377889
-0.016896183541861676,0.10185286495772312,0.10632691293152566,0.1659338094468324,0.08465352413251817,0.05993189422000995
-0.12567813904787256,-0.08270069186405524,0.02649228699923712,-0.05489019622653913,-0.07711172650382547,-0.075109760307299
-0.053334345960768796,-0.13097921136746837,0.027103096564797508,-0.04554611803532533,-0.053597688067458224,-0.10586423980441119
-0.0571287618691437,-0.05058863102614689,-0.02059259316199875,-0.04641117808848119,-0.12608517487728657,0.01910840455174134
0.2333396360793833,0.05265609968822605,0.07485267972460159,0.14957061357380072,0.023993788670327473,0.04619014578949886
-0.03646010688756406,-0.0786707979226512,0.0680165224335559,-0.024208036803469946,-0.041929337383538365,-0.014198148566911286
-0.050777711903905516,-0.08158703247871163,-0.07837837242044567,-0.07242837265411418,-0.024040974343957657,-0.04966897229798392
-0.03801048195073043,0.056723667109636486,0.013302640505522467,0.20299611594126957,0.09890891059855722,0.03156216614807527
-0.04161914013070682,-0.08286446780166022,-0.022588271735082623,-0.03603438066126131,-0.10166900694679368,-0.07131897477086603
0.24547517205645225,0.06438021615380582,0.0378830110577261,0.06320986852721316,0.1339766839505818,0.05047446227658737
-0.027674310065209116,0.026832540182643316,0.09512430822833831,0.06587490469449497,0.020580312219523715,0.02517746719379214
-0.06187213978790273,-0.08261220210374107,-0.07209427869325397,-0.04239944904135157,-0.02707255036488253,-0.05309894578759274
0.06618003814910396,-0.04262705813958993,-0.046010981557077384,-0.08195611493577322,-0.09608095234068778,-0.06709359593513138
-0.001859184175481435,0.06490449030145229,0.05026995812198006,0.22511415529393675,0.08586530140493422,0.051799487502187394
-0.004658347921384847,0.10113722474414713,0.019847182465661098,0.06308455787984193,0.07228950841434036,0.023655846462432614
-0.04141459658522685,0.02093435530195424,0.029872611374528443,0.0033403140698560012,0.0009661843114223004,0.03585763931605675
0.16176799631658453,0.1579291436537495,-0.025541370680951008,0.04896647456302367,0.04193541985776816,0.07097089490341059
-0.023773210092497457,-0.09870632212532063,0.010619493163367917,0.0030980596703227324,0.03232649731661143,-0.0031331526032022635
-0.026563414520776953,-0.009751986409105073,-0.07614613563613362,-0.12265630986632312,-0.04441717002162766,-0.06255753039042838
0.13302171810717583,0.17963367603435776,-0.06001485251857127,0.09957275610111135,0.02708252557986567,0.0661709257741524
-0.022807286488286293,-0.0330481831485536,-0.06814535632567331,-0.13039484233831727,-0.02316326178911946,-0.07308861323031059
-0.057778170212068165,-0.027710605303970577,-0.023622203088451664,-0.0751885892362554,-0.04188737975848645,-0.0992189704723124
-0.04110063495542708,-0.0456948709910135,-0.11472508453278848,-0.007931747010932307,0.006357315056677275,-0.033883459340289565
0.061771210164133346,0.020285305093006266,-0.08736610353211094,0.018522251388430572,-0.006057462954687601,-0.09421204822657009
-0.04118702009736563,-0.13440857287418184,-0.038959357100694,-0.014050975377945986,-0.0240691495527526,-0.07753528398462466
-0.039762891492192844,-0.05968457525275861,-0.058993129233062575,-0.03328040126080788,-0.06401931171315567,-0.05635117646939783
-0.028162308557110497,-0.032712019730381556,-0.01723064813230513,-0.06048032213988322,-0.06544939732827815,-0.048811185199054016
-0.07604340441453213,-0.0372691762348557,0.012769589894118062,-0.002982817656308303,-0.02012671925253703,-0.03678259595567655
-0.028320749111459247,-0.12358059274069594,0.03874554556892401,-0.013976026685023605,-0.004485079688323257,-0.06915531174423506
-0.06702216755992366,-0.027860789240627987,-0.055501459778085384,-0.047067767224743186,0.002152090168107921,-0.08383714520824069
-0.04160655028939183,-0.08487086347506095,-0.045828805561686975,-0.030660466035528078,-0.08827555405976845,-0.0668426855531166
-0.041217222815350424,0.017783345157678463,0.09086179057233272,0.04739583451745989,0.012855005330779268,8.29037930325931e-07
0.00473427100276856,0.1943412048212413,0.04044457401869805,0.052764122981396454,0.08473067220932502,0.11939728261876387
-0.028429172355044323,0.3048442234476074,0.02720285821582123,0.0568659990593327,0.0866154636245763,0.15235131325626725
0.22449187184013555,-0.04081160391016665,0.07407301229125086,0.024921918807876458,0.04319338279978215,-0.02636375734861487
-0.09807179674866132,-0.030121844201007972,-0.08329727416786135,-0.0420403512098777,-0.014739523568829481,-0.06707167168085716
-0.01985252801706027,-0.013029547619078164,0.06593307633120375,-0.04172642705855798,0.0353178284101995,-0.07763662075040621
-0.10155032420338485,-0.06677533550418911,0.03186568292238158,-0.07099635896517781,-0.018769451034011255,-0.11957622483159612
-0.031165688438144875,-0.12881231189989623,-0.004836090431938945,-0.020320926844919974,-0.02154165850974665,0.0302961458495959
0.2598323156247705,0.022179874116037446,0.06450688072575225,0.06851835691516756,0.12205032694807029,0.04844344427513902
-0.036012099229997874,-0.030235167698515482,-0.05520265286976937,-0.08069731356429342,-0.063749954990253,-0.03562382609554338
-0.0406069600033629,-0.1250142668592943,0.048521123163771926,0.008474800315495724,-0.056588431943817345,-0.07269613188347317
-0.05334188635608534,-0.05806823030865104,0.07693022417143962,-0.032705623039231885,-0.02591218835111866,-0.0638705020742701
0.2532048024653477,0.17693080080570395,-0.0038357469855044204,0.05136450652700099,0.030150016416652475,0.09883532045521923
0.18798677819160983,0.016088926420292887,0.04321314187846819,0.07968319575965971,0.04777741813185903,0.08383698418818711
-0.03495940099670753,-0.15887563078983838,0.008448237166492055,-0.022531766388547488,-0.02103947478258422,-0.08213009716819325
0.22864969321406417,0.020727918882654555,-0.004232594371937087,0.06740552148919034,0.023114062284479372,-0.026066003189440724
-0.04010610716639646,-0.03692979534609844,0.08315462341325579,0.012920264274950521,-0.02705049537497432,0.030549678116926385
-0.04915249596711151,-0.05528445152692478,0.018440019094598276,-0.009267188588661431,-0.011050271779092683,-0.08271618868017218
-0.013042352133316098,-0.027048852834923417,0.12403098063008947,-0.03099414326304385,0.0077610715138552305,-0.01091478416971284
-0.036272517666189386,-0.007053292570526872,-0.11771548191805684,-0.046291443951873866,-0.038926633184362645,-0.03634566891857487
-0.024300181186048903,-0.034054025572105705,-0.05066717966743132,-0.08179122716308504,0.01275973843608743,-0.04726901343025526
-0.006224763918613494,0.06994693347520552,-0.013585045270098245,0.07134692657410004,0.12676559983754476,0.0916310931092053
0.2651338962857741,0.049857012498862145,0.034510026744317364,0.1155608827130384,0.06005694531537196,0.04729514882354073
0.22770968826591403,0.07342085619724209,0.040702896780418135,0.08975608292454829,0.1034957377400424,0.06452529636211209
-0.025445038294061893,-0.0649492477787895,0.016483060294733873,-0.04602656114507474,-0.08738758027257192,-0.027996377195753992
-0.015389446643602166,0.1213541476200624,0.0981357734262045,0.1768051591886111,0.09319194592943474,0.0610603438507952
-0.04122394229750313,-0.045615726992653066,0.039982934417990314,0.00038236817526837084,-0.0036513650303084295,-0.07229338958862834
-0.021155609459982214,-0.021924986331737378,-0.07418319147149259,-0.11470970004235252,-0.04750910945598156,-0.06947201496330417
0.15210694941952033,0.18831133450577256,-0.025771005730109774,0.04139627432883101,0.02369936916168747,0.0926127172692843
-0.04220441232765176,-0.028882058661672268,-0.04750091936941656,-0.06356923824146736,-0.11080407711234877,-0.049659556714375316
-0.020808068856574397,0.05068232632769418,-0.008987597598547102,0.07796004088629627,0.12442835681768989,0.010041179947379957
0.0898171014520967,0.1160475011300793,0.07152794424413014,0.04037776847091841,0.024667332537630742,0.06136416177953493
-0.02302298152498833,-0.02602516353536194,0.02354655881911841,-0.18455036477867473,-0.003763889253941687,-0.06545037951957332
0.19851592719108577,0.0939474546845157,0.01917768618853236,0.0921863080427133,0.016670134602655023,0.07617910796236298
-0.047546239754574136,-0.03044536522384059,0.0034605549744162133,-0.05512679598941271,-0.08819183968525117,-0.058555603825363504
-0.055141041840440316,-0.04704483463714187,0.016422858300397893,-0.2032357153328593,-0.020284255536753306,-0.07754816581155799
-0.03952183299492541,-0.0133116238133713,-0.05956818202548883,-0.0452497287758016,-0.0387066632164494,-0.033082605548281435
0.31186893893431644,0.06581308412734656,0.019008508007168804,0.14203785576655623,0.03892146775697868,0.026046362901725933
-0.03704953536665307,-0.02787244624119986,0.016706332362141384,-0.20323104039433157,-0.031191931931302333,-0.10836718113657932
-0.03856700750031578,0.03718424742377866,-0.01135117923002593,0.031003686761362257,0.07988479336712796,0.05393620151869444
-0.03166639651047051,-0.1101560794011508,-0.01197217328916721,-0.04761486932017292,-0.01821497454488885,-0.06988955792974097
-0.018323448869151045,0.031473496216448314,0.04274281218948618,0.16060118573192975,0.04947159171886827,0.059522366335059994
-0.049482708088967285,-0.07293253844710282,0.05237694953302922,0.011952615779279559,-0.04631176317374563,-0.08532950850844967
-0.014111485302934358,0.009364222360986605,-0.005386013572889135,0.0032953940717151574,0.021404701740020647,-0.02400792699297983
-0.037818524396811846,-0.00089410581836689,0.015436541116812792,0.03831575135949562,0.06641758461118721,0.04990855080731756
-0.03006232347669106,-0.0303394460394524,-0.05312875424062881,-0.1301153938403139,-0.04792390650174368,-0.07432617338164807
-0.05910545773091115,-0.023600090211575036,0.029857097418389413,-0.07500830243619382,0.000483341595625741,-0.03095236346780334
-0.02450750638454615,-0.026840200858238968,0.01402145170220475,-0.06472210456078499,-0.051754103082001124,-0.04864005298811117
0.027550728801650215,0.13298923294462947,0.04258629456597528,0.06630116392646655,0.12402413581741616,0.1775107242365222
-0.0470822122380371,-0.023187918353430422,0.01282597074265479,-0.03433817810934386,-0.0940044110508608,-0.02813793106693609
0.16565125340495598,-0.05489242481550422,0.1428315257552049,0.08181120817181789,0.07226395500307704,0.13712772443104906
-0.06384746694818069,-0.12617048809618464,-0.02112172077523627,-0.033427438571731624,-0.032471339131489245,-0.033660500205204696
0.0020769034010706343,0.042993429353192246,0.0379805001312631,0.21860558710140654,0.09065978020148789,0.05719028614311178
-0.01834354613174773,-0.11987700936960875,0.00843182669242449,-0.13355087571007845,-0.0671540868512299,-0.049662960488536856
-0.039353048901787514,-0.041987813925975545,-0.026920387780108083,-0.05422122866745655,-0.11780279568634902,-0.07969755021565393
-0.02216488820665799,-0.10070025723748698,0.017259167751582632,-0.03825574802349394,-0.02762033240510193,-0.04602173811168134
-0.015581783028026987,0.04081855623881902,0.011271268302116878,0.18960674040531242,0.08512592879165178,0.01701802481540504
-0.0395428439094098,-0.07221875110861666,-0.0035814972092249537,-0.048602288843686586,-0.06831722395206867,-0.02237426106598633
-0.03336022404896535,0.025659922067779544,0.0011643821786571915,0.029103015338653244,0.014374829041465727,0.03497216253546374
-0.022573290531002693,-0.02501273955629156,-0.02322857215601258,-0.07758052129539954,-0.13449089618478233,-0.028563364572941567
-0.03376593166410251,0.006313062443768772,-0.09233851497029828,-0.018697099729056612,-0.04185827195002956,-0.00663613975640827
0.2204697052517239,0.08430039315520507,-0.0746889172438224,0.08464724565949126,0.1041729090141932,0.05878101918678547
0.003270039452128511,0.020783334475747137,0.09072243853971321,0.18611176568283705,0.0838688441416124,0.09025164344803074
-0.03902038062790387,-0.13849469089684113,-0.019681416776171645,-0.036323221824027224,-0.018664484774260793,-0.05139505039561557
0.14221276908329586,0.16746416716767187,-0.09699958824032466,0.045082394502723194,0.03304414801395915,0.06261481960140983
0.00016717894232581336,-0.03844890816144244,0.0035102033143786294,-0.17756407700160376,-0.09479885802335122,-0.07450960817715198
-0.0378815238665494,-0.1313843167157936,-0.03413406689519776,-0.03402097359291718,-0.05491330109257063,-0.06970513360047466
-0.0330787651767179,0.011407800715050076,-0.0005949235104796806,-0.027109642874009684,-0.07324635439572359,0.0020141607766486435
-0.03863614530905739,-0.038246408302693435,-0.05957123232445335,-0.007175742625924664,-0.025025600328380904,-0.06209305967784875
0.05190656377014047,0.06627254672853054,-0.12332147895184112,0.03255841680111492,0.021021657467183378,0.047161631864591914
-0.03997691719759776,-0.053125847037250394,-0.01569536546950338,0.00866641889425185,-0.04980299162837924,0.034379167946007816
0.074487084556365,-0.01062975711722213,-0.014458571563186456,-0.17358383796192878,-0.007479338660002424,-0.08723330703034936
0.21393618395554093,0.08448418671690949,-0.0760356327417707,0.08735519813029477,0.10381056780751345,0.05719799334623101
-0.031795011272054585,0.012483126265623668,-0.08900315130133961,-0.01009678728917933,-0.01770065150987212,0.009873582547547888
-0.028509336983220123,-0.0503360990763707,0.001849039270258249,-0.007635168530179448,0.015517032439421902,0.03264691695337645
-0.042578604942256876,-0.024690116196167955,-0.06652028780504912,-0.04409422693771323,-0.09953008814846939,-0.048577593086766936
-0.025079971397507953,-0.005186047836857783,-0.06059533207979377,-0.0595245431173156,-0.017911825640168366,-0.02990745938679358
-0.04605442899531159,-0.01898854277492632,-0.07109891100800174,-0.04547981430892392,-0.11506594632008296,-0.03599491188904898
0.06637785177305812,0.013993802250801353,0.012182711537581202,0.02862854003007447,0.026036155640904522,0.024973897480548308
-0.04299150784427648,-0.1242280079904479,-0.06825936260608433,-0.054973418760735374,-0.030034942254668028,-0.02007565194681663
-0.0036091531215489752,0.03201850745071235,-0.10350745789316697,0.08926307762333299,0.09206544738216123,0.033833172388964786
-0.022517742007067906,0.0062915314540555305,0.012912562242563637,0.040591383112936606,0.05817075192500379,0.07019613006252053
-0.035539769284554996,0.019157695276333712,0.003831209426749107,-0.01778846531000346,-0.06088271688494032,-0.008208399443139756
-0.04079268648056867,-0.07589162506130456,-0.08717971845474082,-0.027881980449319145,-0.034141483023979714,-0.044760709076498505
-0.03000281954272169,0.017806249631519482,-0.0464596929368857,0.042210526804885934,0.08098481811132854,-0.009516897713240775
-0.0122645376968409,0.0031775884073385226,-0.03181130072257183,-0.07014206349961255,-0.02173573316381729,-0.037791503903337166
-0.007557241277816547,0.0543898073437544,0.044582885519887795,0.0816729902406003,0.06460883578612144,0.03433796849951043
-0.024465230022891055,0.05880665917155739,0.06641520663537843,0.05421761463309731,0.09938220085100986,0.06578098825935427
-0.014951113290779758,0.10126047199911382,0.0594402009585074,0.005401813036029801,0.012617809342493623,0.02638814177159683
-0.030648045914173663,0.02497111616377603,-0.05711329647956071,0.050322189301275994,0.07637033508406495,-0.01583689313227552
-0.016300931128818242,0.003062536008093417,-0.09467881434122498,-0.08168359925157115,-0.017279729500890136,-0.04960868912610949
-0.02303901323447761,-0.09358271899605917,-0.06927636902808992,0.02048951041073031,0.02222524911615602,0.024641963816993396
-0.04659839685660353,-0.029373073169420654,-0.07353384818195187,-0.02939577546151178,-0.109500359020285,-0.03916316538579702
-0.04012155830115302,-0.0713566100162725,-0.025495293099599484,-0.09628896176921012,-0.09396122793223832,-0.015371649509836407
0.12918353997324528,0.20630730524816523,-0.0612616306874139,0.07978273929650392,0.05085731128192628,0.12823619101884956
-0.030089120422558017,-0.034260533854498974,0.03221133879307552,-0.029774873750745806,0.02718728308903491,-0.0017395840803584096
0.2993125760261469,0.0586573053688709,0.009612831171183783,0.06055203070604502,0.12809324111408066,0.04765433561894531
0.002684004878793186,0.06018810523467161,0.024655391694767034,0.21984093783175315,0.18557195534091148,0.0721876700773944
0.0055314923363086205,0.13816842215052524,0.008324953265741218,0.09222496646258437,0.08046546514171884,0.049398676831075176
-0.05820253389015612,-0.030760702921248523,0.07066437158836374,-0.009930530975680266,0.0016813036278407532,-0.05536631563543617
-0.05520316323708677,-0.05730650341719915,-0.0627331071890881,-0.0625879610852098,-0.02761412574593951,-0.02912627882707122
-0.05870682691909924,-0.016423356168651416,-0.0017519100094102393,0.06081692946071884,-0.08273531797492022,-0.03637379998249636
-0.029837637469598863,-0.12331186245526317,-0.012115332306434393,-0.04431589070089767,-0.01793689430022812,-0.05877712460655345
-0.030123704830245842,-0.09109329665832312,-0.050992688120874166,-0.0027610594248217084,0.010087738418464075,-0.017450365719394293
0.1741128283362277,0.24015229849035696,-0.024323971256435345,0.06779459999563951,0.03631343998484814,0.075975809169305
-0.04147267293430257,-0.14291646271902642,0.00942437234059173,0.01274816560506293,-0.055617400591796616,-0.0960266765950223
-0.04746671231231785,-0.08806566566962529,0.01562181088800123,-0.021318870317746937,-0.12464162639816002,-0.04720870762638769
-0.037803915367716975,-0.047896923123423606,0.005706448952881312,-0.19581196369439605,-0.017721969377805718,-0.0849048860248706
-0.035539769284554996,0.019157695276333712,0.003831209426749107,-0.01778846531000346,-0.06088271688494032,-0.008208399443139756
-0.04749724044686461,-0.015021198016843306,-0.052826651639383965,-0.05633311285158842,-0.053140726548556234,-0.05386577284550218
-0.022251573163358997,0.2208972802045619,0.036706643222778924,0.08245063026197204,0.06418894850220537,0.028312864831087185
-0.04084514392778909,0.13542084039015473,0.04259076153580042,0.015663922146700263,-0.04800389259322193,-0.002081307752517992
0.18936020287899333,-0.0573235268588818,0.13206802179249347,0.08290117370997853,0.07468941410452555,0.1389644697910491
-0.030814739115810345,-0.04153679495902074,-0.027478439591384067,-0.06152487859629148,-0.04267279041918357,-0.044092052916885144
-0.07971428122984102,-0.022490769014618717,-0.05961193643862527,-0.04696383535651626,-0.037918020143745526,0.006552080245448129
0.0001533817132064175,0.04450349720348427,0.09656558789560862,0.023234780548244117,0.0925413262976148,0.03662087552479484
-0.03064679505941166,-0.02895030255759811,-0.02566099722870167,-0.023021117980056804,-0.028958396496904723,-0.020510890230893426
-0.022024145801245332,-0.11579779662101018,-0.1326491192340091,0.01633937682165624,0.0054727575613949375,0.021109343458187792
-0.0538898910427795,-0.10310766654813022,0.0704438824484407,-0.023619183492051738,-0.010240953352217178,-0.009570365785893334
-0.07419357174598344,0.019836629418975363,-0.05493174488037318,-0.0326224714255698,-0.04038851961596238,-0.10758792368833817
0.013202787925767498,0.0826885619749365,0.013311196027410682,0.08490429138794965,0.23495170399882864,0.07457368951227018
-0.045953794462093814,-0.08707301335375854,0.02636230556087418,-0.13112082311187373,-0.03283935013556055,-0.10705492399696061
-0.007006234633964501,0.02612237985221328,0.14471256197915636,0.030297305594810836,0.06346267816818242,0.06487199088623867
-0.03169957368389363,0.19066865845518619,0.1045782330464387,0.003605823197178585,-0.0198694220560772,0.03725949078537079
-0.05653996937186433,-0.05212435850128048,-0.046863897809663255,-0.0821494421071283,-0.03294772259940794,-0.04121016772353226
-0.08019176511282378,-0.03538985888653324,-0.10766228533550194,-0.05520193072978768,-0.04700253392151632,-0.0309676296319676
-0.040053101451644944,-0.0013780667952151785,-0.024757326836461122,-0.04668305406407076,-0.08507383143760638,-0.037712882411577546
0.09848394158394236,-0.09009145300047097,-0.14180159966506278,0.009947406457129536,-0.012005380247625465,-0.0343137032899566
-0.027960755840813825,0.02370322892919451,0.06566678986380918,0.13947061574180844,0.04213976224112599,0.006335506909886554
-0.04621377335671081,-0.035507943876872165,0.024438416358078183,-0.04748088319879526,-0.09895107111453827,-0.0489836414694311
-0.04425326736683129,-0.03896851166862477,-0.05826500902210097,-0.050105779369094064,-0.012344281113687725,-0.06332707444564079
-0.03770207425227501,-0.07201418742932551,-0.0033713904544211437,-0.0788334501839453,-0.09529313589721346,-0.03589984655955798
0.24683988429804585,0.03196412757931357,-0.008926998643453334,-0.010942212648263514,0.018260518684780108,0.010861757694437051
-0.043798513709282026,-0.07371839808097796,0.009462364541075468,-0.052910753795795705,-0.00397345889169507,-0.07757729070599702
0.09065887252412164,-0.11915814254046583,0.04864817996631287,-0.0511657661397673,-0.007323774711216027,-0.059401051252547986
-0.061737822380091796,-0.0344375191280131,-0.14656365580179498,-0.017281193126374595,0.038358950690256854,-0.06619619460340373
-0.026329120203846444,0.04390599667579035,-0.04902545055813274,0.016896740677882868,0.025248628348702628,0.03570708216071256
-0.032986389796633576,-0.04119177854302555,-0.040681062311344204,-0.08283520214282551,-0.06211990328591022,-0.04754906692243166
-0.03944625371516205,-0.023962399266407166,-0.0074900289347931606,-0.05701954067324414,-0.12757816923362658,-0.050706469688529564
-0.03797649576763925,-0.028188952267780933,0.01416994278618994,-0.07614076485713585,-0.07863959175921997,-0.03526173861157973
-0.03743985995325833,3.376856123671095e-05,0.006251602250727161,-0.06075708202783709,-0.011598642861782577,-0.07345994062465927
-0.12567813904787256,-0.08270069186405524,0.02649228699923712,-0.05489019622653913,-0.07711172650382547,-0.075109760307299
-0.029763962812718096,-0.021860375836719813,-0.06319820756959041,-0.006691384960812999,-0.03587928588192787,-0.01587083801470747
0.27486994997202546,-0.01840961133194647,0.05608043657945378,0.08838630805849432,0.08669028214817139,0.11020511469415571
-0.0240917428066448,0.09151555598660467,0.06165143332272047,0.23326162053630134,0.0874773987262778,0.0626584615751932
-0.028990404645733103,0.2317473440728148,0.0889591499308933,0.06872241290621821,0.04161752855427143,0.1401266641940509
-0.039165670045038285,-0.013749265706186729,0.08105222057353255,-0.04385206619011265,-0.03525231864494672,-0.04417726278849088
-0.053255240110062316,-0.05689823889408639,-0.006349926201460867,-0.04258194805972865,-0.06845102641958317,-0.045356599036753625
-0.015831450551383786,0.03650703121409144,-0.016364245666822923,0.11549616166478834,0.09133889672953928,0.09726567210488134
-0.028214648266220044,-0.03221034182258709,-0.07712738613650695,-0.06818616101544611,-0.09909384176447246,-0.04394795356577447
-0.04730450037314132,-0.022351881236391587,-0.02263956254713748,-0.056474158193220006,-0.04933990466872068,-0.13205159194682237
-0.04613079559447951,0.026602503532015306,0.020369829352632183,0.052718627778090124,0.04748853608570398,0.054015532260144786
0.1080245088520703,0.07064686607904272,-0.07251600516400272,0.09634492480864229,0.0027365066546095915,0.0890172558269885
-0.04639843628422664,-0.0197266911829207,-0.04893355955751148,-0.0641790012393446,-0.05446863060719305,-0.056294877471340835
-0.030814739115810345,-0.04153679495902074,-0.027478439591384067,-0.06152487859629148,-0.04267279041918357,-0.044092052916885144
-0.03913324692820949,0.006724924059483941,0.013828374598575749,-0.0031651680074150238,-0.06472642969072723,-0.018570291447983913
-0.05334188635608534,-0.05806823030865104,0.07693022417143962,-0.032705623039231885,-0.02591218835111866,-0.0638705020742701
-0.019715265949493334,0.17685424945456182,-0.01141683112965329,0.046882328408662445,0.09057090492946462,0.1626589558550293
-0.048181587748850986,-0.1173387416768726,-0.022298007404367527,-0.04209311343902241,-0.0517130798731643,-0.06543580137018276
0.15074107540920684,0.15273673356527692,0.1364216956891585,0.07036710564471166,0.018041823358402338,0.00032886257143271795
-0.024471373971311487,-0.08780604117048527,0.028767152807370112,-0.05980221626615237,-0.06837587234683772,-0.08565526644064667
-0.013490027703283797,0.07759354304117633,-0.06297146048329931,0.06736929683661556,0.1145398697587298,0.07342455472923436
-0.0038135211502198837,0.18474843489862244,-0.035532343636234684,0.03655685261310955,0.0821520790610911,0.14598965793798513
0.10283336697972899,-0.023615856492238487,0.0367966773353078,-0.045436798295460795,-0.0016682597615602665,-0.06263811164186497
0.13466305330051245,0.1933676956979355,0.0510574612644794,0.0754103024391606,0.024393465208226557,0.06836024077213325
-0.0657020875410845,-0.05819481028170619,0.024462249133873428,-0.03387002139732238,-0.0632690750462784,-0.091963219020644
-0.06870047515189676,-0.0432431562904174,-0.03675985819067374,-0.10611747671148879,-0.013003924485278333,-0.07355686925413418
-0.030059750575227813,0.0002486244650012311,0.042766540659650604,-0.024335728837185877,-0.06398238892033248,0.009939317463173785
0.0512033153670762,-0.04341269311811844,0.08202385042939078,0.03188341559655832,0.03001631931433232,0.0357310923927115
-0.028595942329330513,0.06425958074520587,0.08230513724226417,-0.000792230526863245,-0.03671017452434407,0.03590766516154122
-0.08010935160106687,-0.022056515651819587,-0.05101393795259475,-0.04991306407130384,-0.032470886636634874,0.00013311119163897533
-0.05511219607820378,0.12545779273884736,0.05362000666467168,0.04346061597891852,0.03577786707423143,0.04380146471014146
0.006296783327590911,0.08179305470257925,0.16092310482311364,0.07631203608959852,-0.050004012839630706,0.07221717897151844
-0.023401878124460585,0.01964702319499549,-0.027437951365676987,0.009687864131213053,-0.0015802053560838433,0.01185372977011917
-0.028378613593971508,-0.025462328226314116,-0.05782752486097981,-0.01587700537223388,-0.03817524069536819,-0.01940278113441573
-0.014696638377495201,0.05704042405646935,0.09224280666394442,0.0715230434448179,0.0711189680172713,0.08329936255472468
-0.04107040409639717,-0.1194073078293449,-0.01851963606646593,-0.05316136399091312,-0.05325818488273621,-0.07067693043257958
0.07559174693419354,0.02231150363802589,-0.10542398445170126,0.019792964938352652,-0.0061184971098792035,-0.0913299903861986
-0.027931933378267184,0.21551505130934273,-0.007371401054113034,0.06916426687913467,0.09437718029131495,0.12709264555563687
0.0004735835906801803,-0.049738027370205155,0.05287848393149082,0.0693066882334924,0.08052535149662272,0.08810145373654535
-0.014822412487775695,-0.041093050033161466,0.07968294761179845,0.07695683341475279,0.05301501572378241,0.12347971500811145
-0.03706104550764591,-0.13626532532012894,0.010073069734003098,-0.04418795557462426,-0.008647253584956582,-0.05180627199849002
-0.03333472748576717,-0.07198567485538268,-0.034332168535666514,-0.03872350482824858,-0.037086224961952324,-0.06566799764334946
0.292370964450527,0.03296186974755051,0.02560938965675723,0.06768916504983706,0.05467676652672928,0.04162618260228152
-0.01625325143204304,-0.007963238196896942,-0.08359311251883134,0.10364088126969603,0.016935464878142303,-0.02578712672722115
-0.022987906550830682,0.025498693556010307,0.11331233736220298,-0.001683142443945274,0.06961856005538232,-0.0019388385865740712
-0.04578294948918349,-0.026844529682293117,-0.06865816806799442,-0.0959961096358905,-0.052443385228993354,-0.048895459206078955
0.236338354079956,0.08322268296196475,0.03830096470635271,0.14474863587570197,0.039034337917939574,0.051792308075599536
-0.015271533269374629,0.07073490231232858,0.03355967291564975,0.18281557105865956,0.0769325196533497,0.16783677518625306
-0.045980047896443624,-0.025514197282641527,-0.026436855016258712,-0.048249532473420724,-0.14344200433247808,-0.040178264542382956
-0.003280892635433158,0.18245178620312777,-0.02062778147350871,0.03671455109118589,0.07393162608405261,0.1421412843159222
-0.032915756567141484,-0.05146839668737641,0.015043452489160726,-0.05904243037659627,-0.002870682678247252,-0.029941485059441112
-0.04380705375017808,-0.022234573781923297,-0.00018796550555704028,-0.0550650993733221,-0.1047164886242251,-0.05637696430292279
-0.040926030910075364,-0.007352207569364543,0.03537359685979234,0.0031029843843575146,0.04767281283757646,-0.006498621093162571
-0.0698585036137261,0.06542957511367567,0.029744875495092953,-0.04594011377602617,-0.018136164406889824,0.0021959451186952888
0.18587326610405033,0.10101611180805593,0.0037931988760887313,0.1218357925033587,0.02137139979959521,0.12340787475437154
-0.03743372721883641,0.017284529009122734,0.11121753732877304,0.0071494738136571485,0.06259768803695825,0.04943801942962879
-0.024785671942399654,-0.025358128778830372,0.030152581656455343,-0.18245986401719094,-0.002112646509432091,-0.06343500768454133
-0.05071907976170546,-0.02509669314455692,0.012756307964715387,-0.061650128953622305,-0.01979320888245256,-0.05109619546517878
-0.04620393266805154,-0.0770935713247732,-0.017247664140534403,-0.039890457888160306,-0.09329650094310524,-0.03674117918929279
-0.028166079864326357,0.2113171363874722,0.02440426276593399,0.03843721744337132,0.04622633029768183,0.14953711584888377
-0.04658020037466022,-0.07968311546866777,-0.003869013749064606,-0.016184306220342844,0.03675310750420206,0.013342326030379414
-0.009366258210439809,-0.1290546477916467,-0.009016220494477107,-0.010061049415073294,-0.012636151299718122,-0.029687180738980426
-0.026358194408099538,-0.03949765608630791,0.04055240726044042,-0.07064989906153304,-0.07881537907003239,-0.06291355178969896
-0.05055827360850565,-0.0322575572304094,-0.05853922405970241,-0.09171864520324817,-0.019659742507028007,-0.04140221836629906
0.363467849601204,0.05979205320456148,0.028407518987341746,0.04849153184450687,0.05273247597769064,0.04320854425313143
-0.06238051597263195,-0.04749697764946124,-0.04040903255636896,-0.08242844997146799,-0.03338526357561966,-0.10136667643033691
0.003519511499855876,0.06742835405382006,0.008341951498847115,0.2121201265850225,0.1876134202115807,0.07277892610707241
-0.08001095383140015,-0.06617505759591767,-0.0542561984324575,-0.0841792874365901,-0.043619065024040934,-0.06086480748709124
-0.0392557220800269,0.001339236010804094,-0.017299600995523714,-0.04866550318825219,-0.0800323760422184,-0.030837202161911006
-0.019767880989483233,-0.08689409651905274,-0.041943822414399735,-0.01640653725454022,-0.018987864681811618,-0.004292601229919156
-0.04328881561083058,-0.017149466310248076,-0.0967059818338873,-0.020955577920197727,-0.09974843712077168,-0.03293979229720512
-0.014855904983357435,0.07374083778749509,0.047267091223203654,0.18465829568949874,0.07299436801147348,0.1729606752465326
-0.027931933378267184,0.21551505130934273,-0.007371401054113034,0.06916426687913467,0.09437718029131495,0.12709264555563687
-0.03316863247229575,0.03465036773288407,-0.09824241130123886,0.008894663062338935,0.06054735594337272,0.015549164056732477
0.14884714428526802,-0.06304923666771606,-0.1024193061674811,-0.001438491799323033,0.005734652803202155,-0.03821150562664453
-0.062025865805567605,-0.016384347979952526,0.0218555210041818,0.02094942270501525,-0.10161917722849766,-0.04858261382820715
0.24947867929403333,0.17129582158970574,0.008963132109001572,0.05530690721616936,0.023103679876523422,0.09869628479379329
-0.03443040056058083,0.02449518048473069,0.013551747174150884,0.14151395663338592,-0.05144750597134759,0.06821153138180765
-0.0507297322437523,-0.1557661327898198,-0.0017117032367896675,0.004385616346976767,-0.053920568375537895,-0.02269297178754691
-0.031356548865767275,0.1507455377140526,-0.053215234118727785,0.004252940399420307,-0.019327511614998835,0.022850017126399124
-0.1275503754855933,-0.06095968036694493,-0.0006407885594867229,-0.05623282335532167,-0.07653039408081565,-0.07000083176885756
-0.06742130104649516,-0.0471445754759458,0.002966112670658614,-0.02239319978195696,-0.059234825779035494,-0.09093929376644455
-0.010947198701469709,0.056246337699239514,0.05752043533968066,0.035960834772529225,0.043264449369749054,0.019576179107511082
-0.04201626890494943,-0.11822800268840994,0.0348346697516585,-0.030646521089026938,-0.04137552916509933,-0.08284528265315927
0.26559126325776616,0.056697557469363925,0.018908580395652626,0.07966898730083957,0.06523135399093569,0.056065347259641574
-0.05099197108896886,-0.0704920389977021,0.08073266686476765,-0.015508432330656047,0.004686215837207295,-0.02374138425565881
-0.018464800987520458,-0.021648442552940482,-0.08944124266238138,0.011655449101783935,0.013652634788447476,0.029721315237930798
-0.011108660905687231,-0.002284704225216717,0.07540001012032377,-0.031017719252677822,-0.0019705752574184954,-0.0027939413949337887
-0.036602172560062,-0.05177935519902355,0.03892370179098523,0.013910909833167222,-0.042008385230429254,0.03878711608816166
-0.019715265949493334,0.17685424945456182,-0.01141683112965329,0.046882328408662445,0.09057090492946462,0.1626589558550293
-0.024746944545630162,-0.06757046497462114,0.016683090108807388,-0.10231662024902913,-0.05864043674832201,-0.03754219977054717
-0.05071361927845577,-0.06876885356204329,0.07914904905226894,-0.015102509382367036,0.007173541527548832,-0.025054023275615924
-0.05274407014825287,-0.07972457318017631,-0.08298182589655756,-0.07157624443602104,-0.023466205084266032,-0.051274880990208084
-0.03613519446914164,-0.0018995789564293197,-0.09934754761096427,0.05561870066197105,-0.005710505292980513,-0.03073158794057018
-0.038231777124079394,-0.0808173579894011,-0.035391168504379344,-0.07102966997984571,0.008797105588064857,-0.04798356863607654
-0.014850021606649031,0.18485036349234546,-0.021499089892024748,0.06541401743751135,0.09904106356502453,0.17800346568793224
-0.04670098839476371,-0.11123544973409547,-0.0883760655542018,-0.04842190843446963,-0.031282936377037864,-0.020768847381761452
-0.00041269624547291033,0.04279448549077569,0.06475457145171541,-0.027198715148389882,0.056715239544618774,-0.08876802845192633
-0.018340690376232226,0.08004079891819256,0.01830845444424895,0.22542978973363426,0.05932896884638834,0.1636073446870368
-0.015830967878813336,-0.11894107815730919,0.008591527152191731,-0.13208805798691198,-0.06622850775787006,-0.0492309958014936
-0.05683682163911406,-0.08337705793905482,-0.026852152655520507,-0.10249606228025776,-0.018373247307408122,-0.04325899457511004
-0.0024557380032259857,0.0438772219642183,0.014030884889607556,0.11387884888572411,0.0991663652146086,0.113986569128925
-0.03641416276374549,-0.061265548361890465,0.059528356727169225,-0.07467955892469402,-0.08125222048012379,-0.00490639354759748
-0.006616709247308624,0.03249386891126352,0.08978529069086305,0.011033762198359059,0.0833648628558478,0.027953669926930946
-0.024252106178480004,-0.12187088744311549,-0.000615786802311623,-0.04410430143574959,-0.04470034512672428,-0.08866987655404891
-0.027409326029712557,-0.03193747097609433,-0.028555779722175087,-0.07133621911703775,-0.12750825528542778,-0.057047421688734
-0.03995460928683492,-0.0017696793477063972,-0.08783489335826825,-0.031165018119124196,-0.07468632650443771,-0.017490009612260975
-0.037365073957094354,0.005490400159647596,0.06399682554071184,0.0002917620449735605,0.039631968976421156,0.005905873155250665
-0.038614454447507364,-0.15808994657724398,-0.04477222648377327,-0.04933847881679287,0.0020445407035916503,-0.0768358546059411
0.009056777557621049,0.0639671629759292,0.1843079290091531,0.09520074723209077,0.03449343691018523,0.03819750175972854
-0.026952549164298897,0.01187750741408902,0.09729490373347999,-0.00855588485598033,0.06341435616062131,-0.006506437643472574
-0.04110375928885779,-0.04734924273257551,0.00883557291697084,-0.19700242402136844,-0.016947356413589465,-0.08629457052448213
-0.034214852066608854,-0.12015780581404585,0.06304423681632408,0.031093944387957807,-0.05303087618852545,-0.08461518138420657
-0.001435776165073248,0.07239596036665234,0.055100122107642265,0.02127181749998146,-0.041282255856712594,0.04865192550806473
0.017848789697761786,0.08817450288459128,0.054412172956801855,0.09424771079258476,0.20178119762563007,0.0737894201954322
0.1741128283362277,0.24015229849035696,-0.024323971256435345,0.06779459999563951,0.03631343998484814,0.075975809169305
-0.03148767228208846,-0.005766112831949933,0.036332093591131306,-0.03454566550742949,-0.0596801275271555,0.0012866315128919723
0.003604632980389268,0.0014365564103913054,-0.021824287910655618,0.1103361173509959,0.09833349031299243,0.19032872569314266
-0.04695748792621433,-0.01703055672070336,0.05472087726809534,-0.013711410979945876,-0.05922824262903641,-0.007213182375774827
-0.09697934133264266,-0.008554441816773761,0.03022186911341868,-0.16970913727365228,-0.0178194560512799,-0.10926572269742449
-0.06583823070485738,0.00797089628861679,-0.0922205525975273,-0.016813280278970603,-0.17856873832365505,0.014744508450633765
0.13134224189875643,-0.04563535421509234,-0.028435152091985563,0.08578189868829439,0.06072572531296092,0.003920262176620993
-0.01641474831995194,0.22997138512060172,0.06572161234873916,0.09258690781054571,0.05166314733376603,0.04457443233484986
-0.0024557380032259857,0.0438772219642183,0.014030884889607556,0.11387884888572411,0.0991663652146086,0.113986569128925
-0.012892894071786716,-0.04801916861756557,0.08832287450759944,0.09737033208890741,0.02679350854701969,-0.008188554750854586
-0.03240065665837012,-0.012286086003471459,0.02449410357351193,-0.055121055244099215,-0.02335253267482375,-0.05469850350517991
0.053340430455396236,-0.18034741875949,-0.18362007210829862,-0.014957263371782471,-0.017035375487276128,0.023134752749819788
0.14193027207266784,0.15344675961840068,0.1559324228721142,0.07467437003030646,0.019295453227334287,-0.0015447095735982921
-0.02742848089245161,-0.027191262112392933,-0.08717283479158874,-0.08249153092803771,-0.07122750632937386,-0.033530927298569484
-0.040242974458972874,0.005906341073971828,-0.02904762398549579,-0.01821633320968951,-0.062357225062115273,-0.014679938213053384
0.2079054312086974,0.026901715766371206,-0.1177026676808257,-0.010176766509872962,0.019114676348719793,0.004949932831979055
-0.04095949771236701,0.039043104618719446,0.05158797324027388,0.028210787125607404,0.05990308270875976,0.018441508905200965
-0.02479195434479733,0.08957014530786335,0.08157320936029445,0.2565591814016807,0.08933924561237194,0.05395264942028847
0.024079802520857445,-0.16316147889745272,0.07328651530303178,0.011556352303072828,-0.0031874102765546966,-0.08719587015217144
-0.025648567463429674,-0.09367385818803811,-0.021627238049618424,0.006691549918290676,0.018191671785837457,0.032661677225979
-0.01880892819077001,0.0405150644186524,0.03234536958933747,0.0695685780976723,0.0855630805360751,0.11378669526320723
-0.05204473284007035,-0.037497573880167945,-0.0033680271376606706,-0.04189616287268965,0.0069093061770736175,-0.0837476432638445
0.08284783598318132,0.05234838256111402,-0.13199895940423198,0.013594312872469136,0.011377173771626793,0.04279435858982157
-0.047092520007377084,-0.11473031866278526,0.00298483970478221,-0.01792960601812729,0.010941041939859916,0.0018514044526896525
-0.00029184589587977666,0.06593260784275468,0.05931295294365123,0.20143787426581705,0.09153466341529176,0.06013345810545511
-0.006824685905588022,0.027553631631458308,0.08330070261089928,0.04445848520350622,0.04489853494586244,0.02617627388567977
-0.14097213407839176,-0.06497943882359664,0.015957093663112553,-0.04936076210618481,-0.07447165502518911,-0.06510353726230919
0.09056545959738987,0.13684394631101743,0.11469224941689155,0.06207497810686649,0.04080327042525224,0.07358150181107313
0.35723690743213665,0.06370343503473734,0.010619914758449577,0.0410195571789303,0.05407364529660458,0.05021370530976809
0.19489245649484016,0.09455830402061345,0.01575944778126918,0.09367337249940337,0.018428408826476242,0.07936462904926253
0.13505576782292966,-0.07157466061102871,-0.10891022267358937,-0.005760595294954382,0.0039000095320325537,-0.04022109567213756
-0.041173681550267675,-0.04975529972002317,-0.06784290961666227,-0.10791631156973715,-0.04079293858785698,-0.0550527981296308
-0.03279601269551317,-0.03236432948725034,-0.02946431026625019,-0.07214116026336863,-0.1004124586053557,-0.024164553489041195
0.0036490407798899834,0.01643077028446469,0.09061333551561025,0.1826217889923589,0.08832233907920269,0.09154173710159436
-0.03866245941349979,-0.08586169098754333,0.057259989457035615,-0.030721608572258325,-0.050903773314415604,-0.020572006055993648
-0.08810907128010227,-0.04516926626174864,-0.08364676624999136,-0.06944826227995263,-0.05027347804250957,-0.03086439759906358
-0.03331830616820518,0.003078174277273893,0.06448604134116762,-0.039541793102208095,-0.01348779368405314,-0.0071204940827546215
-0.03309133524713003,0.005659279293122408,-0.055034898354001174,0.10049847364106226,0.019953086071475314,0.018489878542749933
0.2237366422910943,0.0651307615345718,0.032036176030518455,0.0984776990337517,0.06849563808009092,0.0967681800758854
-0.03609859801256015,-0.039892151517025916,0.010446392018904778,0.006753414937175906,0.03331767544677378,-0.011944870170524098
-0.045848643123718946,-0.061509838565246285,0.08578846426418708,0.01691011096925304,-0.004841736127459721,-0.031226243995411306
-0.039199782471249695,0.007028422164355874,-0.10304582817872643,-0.010189424833750493,-0.08676150661772315,-0.015831984221020265
-0.001604939954719088,0.18069292336901316,0.004238576395092627,0.09214487406261619,0.08334191833662459,0.045598398445115
-0.03641789322537023,-0.042709903753506626,-0.07019500066791914,-0.09131865721732435,-0.035941955082091685,-0.06343299838416587
0.1479040605509507,0.2548690428616706,0.04845202213575773,0.059915304785502485,0.03397078242382804,0.05570116635254586
-0.05478838275250892,0.017651039399194785,-0.016595276810474142,-0.17864630180466456,-0.015584187624115857,-0.0950588273079644
-0.050864557090278324,-0.04202328181983841,-0.06500492699727634,-0.03179559274534493,-0.09355082707261514,-0.04666173004793996
-0.07403127134349508,-0.004477131177175524,-0.11063339662017503,-0.0547483972738632,0.008683814408851853,-0.004567894874959322
-0.04106035045875657,0.20517888583056643,-0.039100195594073156,0.08673080029490542,0.046424551659115014,0.10446033876632337
0.23618310693391187,0.04567405520973178,0.05507142958334663,0.14701413641145508,0.02980914253593479,0.030369699245064535
0.003690257477020541,0.06916347812307928,0.022502041398169758,0.22620974150012438,0.19704238695257237,0.07462922537815547
-0.025962483789207874,-0.07423826208148435,-0.04820522776884287,-0.0030555642386771984,0.002433612109458275,0.009423788459931599
-0.06205509981723715,-0.04790926674133042,0.041094086909068996,0.06030113542678968,-0.046032129790479305,-0.07941369713357914
-0.039310851095766194,-0.03837082882526941,-0.08438349393095823,0.05106667615221303,-0.01567893329960212,-0.006386422103285336
0.030861943711932023,0.0824757385757952,0.029823295829174742,0.13396458939428224,0.10879671158553075,0.10208475200457123
-0.04222521729026971,-0.042921174225774114,-0.08037245002392873,-0.03233417419626834,-0.033165264902577984,-0.051318185364470414
-0.04796410017495366,-0.07585874907213598,-0.08541806001690848,-0.06977987509007719,0.006962233974148061,-0.0426967904882566
-0.023654403970193378,0.012245891811644377,-0.08614282823159375,0.015944121529697198,-0.03698189291614792,0.05360193765171011
-0.03233012789614992,0.04187006387084305,0.10588332089887358,0.03367610240919626,0.07911236469275221,0.027779646117865767
-0.06925786998877256,-0.06364153715983048,-0.12387875369417316,-0.03444214928728917,0.045259204016201586,-0.08840142320079336
-0.02381143619028372,0.05305193034039604,-0.12048306100270453,0.055389891107799225,0.01464225573064477,-0.03122539006724917
0.02345857935680537,0.13207445037291138,0.0054903730588238475,0.05289024073612509,0.14148735239464652,0.1793961390611435
-0.0590955063434902,-0.03916056162029773,-0.033477251938163206,-0.08270852369972857,-0.019275630093054268,-0.07801776134556915
-0.036547582296961756,-0.009595331548746262,-0.06518486831372494,-0.03517121594800386,-0.12614564485555485,-0.031169611537020404
-0.031746947989201975,-0.06316859595231243,-0.03030471298790902,-0.007133005343419885,0.04194281051029649,0.03660651618913011
-0.03177078104265913,0.015873578369440308,0.004876647118428204,-0.02018667068964714,-0.07598792315168215,0.0034498534537025674
-0.048472718634463285,-0.03120009500921316,-0.018140670925650186,-0.006400375369027944,0.028429238854931007,-0.007019134612637414
-0.0617223616143579,-0.0541011030348658,-0.013986980784609266,-0.08645927112721072,-0.04822830707855315,-0.11449754441994212
0.06618003814910396,-0.04262705813958993,-0.046010981557077384,-0.08195611493577322,-0.09608095234068778,-0.06709359593513138
-0.05755931971099549,-0.077519966134328,-0.015213684700835475,-0.06379725262593529,-0.00640357307009048,-0.052537324616064064
-0.12010548242991707,-0.08279126783110788,0.022982037479232824,-0.053912671649449656,-0.07893666567777398,-0.07615084350800469
-0.026751806538499873,0.14871140082847856,-0.10520378692198842,0.03431947024306428,0.03735023526257658,0.12327286678103584
-0.042579667448769856,0.1611692808134358,0.02075528200420387,-0.00025105323647946925,-0.03963696665841187,0.01316210627943327
-0.05317200845268855,0.14396392698266292,-0.012936371471844028,0.04420806174343555,0.06071515614576659,0.06046095754707212
0.08588807381007554,0.017437010514259964,-0.09207399914354135,-0.021883558890230855,-0.04021530645746918,-0.031378526206529575
-0.0420646807411724,-0.07771986061106975,-0.08152826738381741,-0.0880775831677232,-0.033963697219127266,-0.05683223385237161
-0.03604802737058575,0.05411618734016183,0.06745464586111106,0.03774691722547552,0.04013815798551002,0.0018147528854786763
-0.022762045178008707,0.08671854525120208,-0.0073040227357412625,0.2140128849462821,0.021732354533720317,0.1388444281753482
-0.05479480317619342,0.001533120729339839,-0.08336429474696287,0.01544543460292312,-0.00883521217068222,0.034276860336933675
0.16871629939280364,0.01331353146404086,-0.14412919473121613,0.013560551222326389,-0.014967423614394855,-0.023020106800169922
-0.019212837617790125,0.09125964506666773,0.09039957533093453,0.23536321905768498,0.07231312028491281,0.08346688779796888
-0.0257046263584197,0.08299460272101516,-0.10728324672291224,0.03978269295754446,-0.05541727783611077,0.013269407223417861
-0.01816841965194309,0.20904075448203938,-0.07769986638944891,0.06243155657043292,0.08352040858770815,0.10624896034802049
0.011950113661749053,-0.12395815836171745,-0.13475535859860174,-0.0385953426660855,-0.012476515792561694,-0.0011966654110481356
-0.0027151216097932806,0.0106973654577683,0.10078094009551558,-0.009889848524477059,0.09639109043309815,-0.046602451662540935
0.11412851181607513,0.018361355915290846,-0.040892494740687665,0.10732381595942218,0.021039955695043053,-0.020176659184069433
0.01908600588156091,-0.04480423333606375,-0.030501554237276598,-0.17514672623782687,-0.08084989868680141,-0.07200390047034805
-0.03059247277765514,-0.1428477712878772,-0.012025730812421608,-0.04088014476473278,-0.020657424049822157,-0.05242904311448508
0.24931425098544724,-0.03822312588479999,0.06774937662136295,0.029793764269526013,0.04768791594581501,-0.027238537412322395
-0.03679188913503907,-0.12760187066246317,-0.06582830442630447,-0.026367610814656304,-0.04980333508893846,-0.06747732828085022
-0.08497783160454714,-0.08784266631041589,-0.04162997394115568,-0.061209296194912007,-0.027702026472696914,-0.06291857875381561
-0.03282892453631151,-0.022566712094111204,-0.08072533593007516,-0.07088824076694482,-0.04467387388402185,-0.036365066764047174
-0.004141834281090147,0.012274592088131442,0.06130553611688048,0.08046151039395073,0.17618711918866767,0.04537174458715932
-0.020848746019249763,0.061723367291841275,0.13880810478280164,0.05326601544798857,0.002340335680651098,0.08159106504545485
0.13134224189875643,-0.04563535421509234,-0.028435152091985563,0.08578189868829439,0.06072572531296092,0.003920262176620993
-0.06702216755992366,-0.027860789240627987,-0.055501459778085384,-0.047067767224743186,0.002152090168107921,-0.08383714520824069
-0.034768718433996725,-0.03631415507216005,0.0066499259828409546,0.012282105668247409,0.036740007046279166,-0.0013989430960107642
-0.03227188516328755,0.28178715624873524,0.03504420511823919,0.06362480538196089,0.08200472321866853,0.12258227814718985
-0.03049218446811513,-0.031968136228777304,-0.09523139301737908,-0.07251010670893497,-0.022025822966461574,-0.042587885347171874
-0.002738612101787079,0.07595432004393898,0.06186510661422,0.08055686183994758,0.13638748262764577,0.10505480421265519
-0.0669588128180546,-0.06084264925593776,-0.002251281524484765,-0.11078607628475073,-0.03254100473774939,-0.0559209711056307
-0.045962094096011555,0.017380285610629046,0.050690905214025445,0.013502070051166715,-0.05482775641210599,0.013561581519499474
-0.038532082650840564,-0.06194177189867742,-0.001224190984502968,-0.04689706744452113,-0.0799709180318827,-0.017752496807643778
-0.024471373971311487,-0.08780604117048527,0.028767152807370112,-0.05980221626615237,-0.06837587234683772,-0.08565526644064667
0.12808562136007873,0.17425625932766267,-0.03373242563311006,0.04506927175786568,0.014591627571309454,0.079732094718378
-0.016872483072841244,-0.049703700211443685,-0.014656934051709041,-0.18530249505015692,-0.019597609275184825,-0.08825873410921474
-0.02138945631022648,-0.039238538551855745,-0.0038557966193405913,-0.07610670570397667,-0.10231944443400114,-0.0630335206511887
0.1399888881543108,0.22365434008681978,0.0179981748296521,0.06130676068013152,0.03889269914310192,0.09229308353780681
-0.049786027293581996,-0.10883980161185866,-0.01942681479948614,-0.05117620324921157,-0.019261604347910785,-0.04079508732395857
-0.07381826463283285,-0.05376585328784978,0.00939653996759253,-0.021621059770181937,-0.029742809642898434,-0.04250612301852694
-0.014140646249328748,0.08811385556199092,0.006791557588683757,0.10680519463192494,0.16634896552809203,0.11188033318118096
-0.02729289092994197,-8.497903761272758e-05,-0.06734039131901319,0.008709464192670397,-0.0148892327716467,-0.01494470557624539
-0.03636068206310424,0.061047594857336324,0.03141839491743683,0.20976850628537005,0.08784561975201355,0.04732602951131132
-0.0362337669157162,0.020771283199375507,0.016398067424843364,-0.0008268977619449362,-0.057144789525402924,0.013443231020687157
-0.02193462041728688,-0.01918086695195304,0.033726575413282514,-0.027519984590912858,-0.014770989681355307,-0.14781604763122572
-0.020110564678378306,-0.0007574382988140278,-0.08076005988907727,0.0002824648548624624,-0.016835134350048304,-0.0026017479075310626
-0.04821771021892743,0.06793899313047909,0.06654714712643633,0.04611593864278468,0.0695728718210259,-0.004223312266438117
-0.0394404692908387,-0.10217336875188804,0.06173714484270217,-0.006160229009103288,0.01880872665084713,0.013346885839172382
-0.04559872008093325,-0.027576092578632715,0.044879989000997635,-0.030610353540292467,0.03518432597549199,-0.0023490304349868623
0.2487680016000318,0.17096638650696894,0.009781061487511214,0.05578083740524134,0.023476220880313585,0.09878628271344493
-0.05956930662190031,-0.01986077192741399,0.020671599598519868,0.012555767699563836,-0.02146890382300549,-0.058924208666431624
-0.048598167940317134,0.15747400997387054,0.022188203410988434,0.04979697069932414,0.05470228002943809,0.06464567847417517
-0.044539536775043395,-0.020829848694871884,-0.05942932861415482,-0.013083373890644286,-0.041432694171199574,-0.01576868367127475
0.25587808729019873,0.06432158001133366,0.03972586104920086,0.050439189117419805,0.059776218935710834,0.036011075296021454
0.2069936126917544,0.09653173013065532,0.0016800137842472708,0.10128299839075049,0.021043793767626606,0.07323025911761895
-0.03999669210407834,-0.08200672089119448,-0.03551011291019113,-0.08967467927473413,-0.10082494926671609,0.005849823379829427
-0.09891064877343894,-0.05035383339191125,-0.010822751945750988,-0.11950958383037749,-0.016806635675205753,-0.07690826539715963
-0.02880575054700941,0.016503515557927825,0.12227534209321671,-0.04277460366822487,0.029009153283999566,0.014769306049272943
-0.034415472378611464,-0.040934947940659355,-0.05949663383909454,-0.07555848046099789,-0.06472608514607903,-0.020156952460550985
0.21876833428203657,0.0684627720643581,-0.01000363222922866,0.06582253002931104,0.055140827019343495,0.017394185918773793
-0.033446473026339414,-0.060529244587037935,-0.041642098269592975,-0.02462351349528521,-0.07573929973289141,-0.04158522244681448
-0.03534073837311461,0.06947785601735092,-0.03949322586483916,0.06403319434920864,0.09827936679891862,0.04850987903939367
-0.02613905696539865,0.09269704098985139,0.050650171339802465,0.1561037030778355,0.08144653257150332,0.03955213931503132
-0.07353247176996053,0.018191611858481442,-0.061643553308278407,-0.02894359455442016,-0.04753247932943482,-0.09072656538308983
-0.04548517224537735,-0.02435137434321236,-0.08267514372493945,-0.04281098150668693,0.01513624740684739,-0.028112043415720604
-0.009793366118190932,-0.03808304547507676,0.0023645567994007395,-0.19248577273917902,-0.048787548278319305,-0.0855658130141947
-0.04043617151538642,-0.03835681399460934,-0.06766799982353311,-0.027884686294562845,-0.021814676576184255,-0.04869264694165404
-0.04605323919197353,-0.03434974049043953,-0.08267689785593017,-0.04554647337545145,-0.01773188355107469,-0.04365871133915134
-0.04604374072988721,-0.00908348615399296,-0.01534937366468168,-0.04217054464478765,0.024295910837998844,-0.037167400721449494
-0.02213913865021469,-0.07950804366956951,-0.030180689447211945,-0.039968503533266524,-0.02949050093885833,-0.049341875384296754
-0.0198107273721994,0.22242294878864935,0.05158963101153123,0.09157666953441507,0.07492370083865776,0.1673176945439085
0.0505982341213211,0.03330781177388467,0.07782891830006099,0.012488794536366981,0.03080712262628875,-0.003114976129824903
-0.032979018076650025,0.15432499113303774,-0.04379908797734798,0.03468664500594944,0.04307733037646794,0.14098264302362948
-0.045530248531538156,-0.024804593985308866,0.0206891509328593,-0.053653200876878644,-0.0011277351637770804,-0.07408336658500313
0.027271993981974847,0.08151022249629798,0.02251128778769056,0.133570850223394,0.13249316896331134,0.11852322729119938
-0.054130962563702145,-0.03487736560787145,-0.032122069854622605,-0.07529634425470501,-0.09715879961305657,-0.04673841150354268
-0.013254356881169578,-0.027120587661890436,-0.0035614303269456042,0.030440464874449662,0.07982972025078557,0.05038557660812667
0.14517683619655675,0.19341312056571686,0.021206975349087036,0.07593921216656543,0.035976877197524855,0.10151347701215778
-0.032934212972410656,-0.0718994140181613,-0.03035692246000611,-0.014722109053951363,0.01741601220710887,0.05162007890525728
-0.03335275030895752,-0.006933786619718212,0.03958877720403004,-0.005120888384875596,-0.05410103718174198,-0.0031711154740347346
-0.012604628987531707,-0.01296753938406204,0.05945910759496073,0.009927883122010369,0.0477551428815691,-0.005366353614917952
-0.06152284067599036,-0.11915976669679972,0.005228080373010908,-0.02994152307097613,-0.023752012873376173,-0.030704320687325145
-0.051872143475003366,-0.019210796783845244,0.024010085728561982,-0.07213618270137451,-0.0413112961424101,-0.09338572627902529
-0.07392070209773227,0.017809668837015073,-0.05208318805200661,-0.03197237642588433,-0.03948472306522945,-0.11138193939671948
-0.009104132475169285,-0.0334146151866648,-0.09951819750038417,0.030072220275567288,0.13614897244004295,0.0013307504463978498
-0.1677549222891132,-0.04240339984201492,0.026480075951440803,-0.04766823286156851,-0.06363471120338879,-0.08435406079273199
0.13291365318542306,0.21020851968306545,-0.010984048490366551,0.07091705853515734,0.048291548933364535,0.13471727064023795
0.016639700527129774,0.05958762146027093,0.17407515744760418,-0.0034744465959979914,0.008653871055581021,-0.019503440965669052
-0.018580649328012924,0.09072042405304848,-0.00948869434628492,0.04451255829928422,0.09832468930088531,0.04516504738283153
0.26362962558558034,0.07827264318964554,0.02173532982234793,0.09869870086371857,0.01731882558777721,0.11849534081103875
0.06319062476674277,0.023483560787689556,-0.07538268269358639,0.07275250053542288,-0.024118975480177652,-0.020405182682350635
-0.03456475277889285,0.016630490960862544,0.09518042544788427,0.013757757707157092,0.011545020915916438,0.05060265319654066
-0.038719684081394,-0.028382336589436043,-0.04041090622825531,-0.07491141471374277,-0.041466752878866045,-0.03826335526571833
-0.08402798015755901,-0.08258138182426963,-0.044777661201533224,-0.06002082472389962,-0.024821618502281404,-0.05834435154884942
0.2743838753569734,0.028633378572975713,0.046173999385008116,0.062060317015090044,0.04988894305971721,0.0391255107596597
0.08467940003827884,-0.15972404027745693,-0.048312936786623316,0.02257945090576643,-0.013219997982689606,-0.04330964508557606
-0.026129934644711656,-0.04498559594976288,-0.05064689798081047,-0.08429263499625556,-0.03049487304221431,-0.0650306866984074
-0.05257825057389056,-0.04356303244416174,-0.026531977813300557,0.03076889614858738,-0.12144016295261988,-0.03913211623688342
-0.030229331495646217,-0.06019100356713611,-0.053859930368182,-0.05166027207385282,-0.05731239256973101,-0.05161407408290478
0.2759068546379958,0.07243096156646169,0.057590253923199865,0.0811575305409635,0.060913765956213076,0.026381395753210423
-0.016896183541861676,0.10185286495772312,0.10632691293152566,0.1659338094468324,0.08465352413251817,0.05993189422000995
0.1496665697705919,0.04218832697889743,0.0432967456810879,0.05504429910089757,0.09579880822237935,0.056669484458641915
-0.06247476821539868,-0.009444112197953618,0.0252839531417647,-0.17150790833747473,-0.0285510303632131,-0.10372968565340074
-0.07253544438937372,-0.054947773534211174,-0.0713624622986189,-0.08575949262237037,0.007190588407352599,-0.07850646315654235
-0.03955857484379272,0.03314352542638671,-0.0008738278031598346,-0.0015230483100085006,0.0680760221128938,0.027703321881777567
-0.03711734760934673,-0.08556934663431362,-0.003447347986507387,-0.0747160246949389,-0.08043522889734198,-0.023717416185332355
-0.019694570914875323,0.15375621330205633,0.102230991076268,0.0672729795934247,0.0546956262713127,0.10713820141324669
-0.05310306757127805,0.12925112483210052,-0.03682359876828062,-0.015637219098265293,-0.10065815068545354,-0.026099567015623798
-0.021894989432516082,-0.03679075638874258,-0.02571635079696356,0.021942958120216804,0.04869081916275977,0.09436702809900889
-0.045979858520814695,0.037983296085566,0.013294636954786276,0.03167198566590916,0.01220618329454475,0.07164960644736906
-0.043677707923346194,0.004532006937269904,0.042971032665719756,0.01939445592899265,-0.01709525444036648,-0.005420947531867023
0.13609295374180205,-0.028653981309979676,-0.03858650971005205,-0.16599958036096918,-0.01939017360991405,-0.08552755590021166
-0.028579416203729613,0.0541324925305718,-0.10767580180006697,-0.0445026850501902,-0.01702087080638708,-0.07073558796867566
0.2390648529125861,0.07146127702916673,0.010337337486668331,0.05587569084658254,0.06229217635017447,0.038758158014819105
0.008372046976462424,0.11571504903028514,-0.05565974065200797,0.03365658717090737,0.05171070311294983,0.05523372777191812
-0.045536470378198385,0.0710126671193646,0.09398213956154597,0.019333144656785387,-0.08859935919312134,-0.06530477685824972
-0.0031748484592811948,0.060350245515143494,0.08402144194131454,0.08517320725152427,0.08385676945369996,0.029409193337819526
-0.042847480522173055,-0.01150586508392931,-0.08104484902483432,-0.005846587431679549,-0.01889629035023066,-0.016759020741015054
-0.016781542437436504,-0.035513553325090194,0.06958769530666159,-0.057376705985001976,-0.013525366092680525,-0.0304290549250807
0.1447672692701556,0.21413462679530287,-0.0029015275615762344,0.05756166285764618,0.025428672381343376,0.09789273910756545
-0.032241434098365454,-0.044861626159366216,0.0033840047760749846,-0.07386220853589892,-0.04608833883306527,-0.06341124407134137
0.0037663138199972145,0.08166272341537943,0.16462403788026894,0.003232052823053663,0.16146975773796832,-0.015389666432692918
-0.011761703884912406,0.0327373927313711,0.13204845769207565,0.037595923172812344,0.023574785127410583,0.014133101796766653
-0.010648627030124848,0.0072782907630306,-0.00987277874793211,0.0008735103351800351,-0.018775904125024705,0.00819364597838745
-0.03677720748443003,-0.06506392952377639,-0.040365041666238444,-0.06578813423794388,-0.037201559285786626,-0.03872404152520563
-0.030849497248526373,-0.0663860506133335,-0.02961952835334797,-0.10344452272359278,-0.057095538205664785,-0.0432219810329044
-0.04433385392046065,-0.04024060550762037,-0.03917128651060681,-0.04099606378592406,-0.04891868351826938,-0.06505512421160352
-0.01833939621093255,0.028007073593667435,0.043776305077182144,0.016968259723769884,0.0018237121921392317,0.03837237766350503
-0.044864430172671825,-0.09855958156410384,-0.013274209282761072,-0.06866778952883579,-0.11726668584657639,-0.01894614438602061
-0.037953756605036276,-0.021854961221393358,0.0025386615303013404,-0.05620594830246018,-0.12720280342317575,-0.043707980673926054
0.2571819214673087,-0.012883991186369573,0.03110940473352343,0.11993365382555776,0.05801582659263545,0.14772829095032822
0.1610858997614256,0.22844962687649165,0.039903515935695674,0.056689263056443964,0.029125235680171817,0.08163338580104594
-0.0329082652721094,0.005204399757169403,-0.04838921178839904,-0.0916021395127398,-0.0022807751474545144,-0.12364360364224586
-0.07559233374786567,0.019492797834378284,0.07992462754556459,-0.0025189211481140114,-0.046983087644700376,-0.06683128158596714
-0.07804605607989656,0.011768753436402516,-0.12328659736091768,-0.04345640864725625,0.029471040104751677,-0.02968961709115507
-0.040737235183382736,0.13645044165239087,0.07030961901897544,0.0008865070211526373,-0.058210617033669955,-0.0033226848020671577
0.02266495588044766,0.055915618914927946,0.16745538430669507,0.0358750268662068,0.059849165767080464,0.05481776786079203
0.17540885179191598,0.24409218746836625,0.03757804248282202,0.023097872918141336,0.01017332920313944,0.07110184060713308
-0.041847501052433005,-0.03866203996857387,-0.017358122247297814,-0.042310334894770325,-0.011362878479827348,-0.035150338734574044
-0.048743601303532634,-0.029772293882044925,-0.05449673763985948,-0.07930356016632459,-0.06313139609596,-0.03864485393208026
-0.042555417667749625,-0.09674247677056982,0.0037282896123589817,0.0016936919506642127,-0.029985607884064343,-0.0678397026269625
-0.06357089387853368,-0.07304819639680667,-0.05133892557312935,-0.09796110731407563,-0.022979807719608388,-0.05353576772849969
0.14630849305076812,0.031358120881549434,0.11627065320681634,0.020158824702448373,0.022309775091409776,0.003870634956786303
0.16032738093715626,0.17619682729108813,0.07652062293610844,0.05635781781475504,0.04151444873500124,0.08288184385329304
-0.005844679289090217,0.02418452520299364,0.002871341260660148,0.06891511852075839,-0.007862324845618017,-0.0017728562372614583
-0.037841009706237896,-0.020594802823882853,0.014494955065033878,-0.10511225450732915,-0.06132805161129757,-0.08446733335103089
-0.028056634914226605,-0.003918102573181975,-0.07506580862373843,-0.0731169652251861,-0.06867512796962495,0.04243318964283081
0.007649681417286609,0.09020346521664979,-0.06855856047237918,0.1833718053583699,0.22709326687381468,0.07408177744409472
0.22115242207454636,0.09165394617348377,0.00362588657329767,0.0927841360632172,0.0691885844642208,0.10846113949943592
0.03624905419419336,-0.07309559424053877,-0.04775072457536027,-0.0895663566875669,-0.027253866987657752,-0.0648530404257242
-0.03832530689657573,-0.06043207954438731,0.003208694497913799,-0.05661547491577824,-0.028860276248533854,-0.044953535879908746
0.13792395431577106,0.15596516422975157,-0.1097614241599922,0.03538507183053354,0.014389279881895792,0.08637792179605983
-0.03822331727479081,-0.12383842138879268,-0.07342031855962133,-0.03508952704807981,-0.025832318513626155,-0.0539546673645403
-0.024528994192084038,0.05574994126933929,-0.09526681819243082,0.03142904869663931,-5.4876409867789544e-05,-0.008305132697826147
-0.1597928946548802,-0.023694969002186053,-0.04443151458111231,-0.0713404509805517,-0.02751592345459155,-0.061609120239760694
0.2521458638918799,-0.018147998502147104,0.07263601471865765,0.0905461648021457,0.09052725162426423,0.11107939584388446
-0.01891641602290108,-0.05327250587742128,0.03770159503230798,0.018888280508890107,0.029369872360527183,0.03415712143509436
-0.05636115042806493,-0.04077125861146934,-0.07474306844840402,-0.040607345837208285,-0.026964752859666284,-0.020563837875981646
-0.022347165134266173,0.07556244954667261,-0.085440663099213,0.14368716553823582,0.05672517427373108,0.01884985312167626
-0.06268305096247716,-0.04910492147684358,0.03501309525543854,-0.04699900544093871,-0.13116947319107913,-0.09027389639024487
-0.04322032207832033,-0.06230441438815923,-0.06941993263971712,-0.012710675208773366,-0.051449230201054345,-0.00891306553756742
-0.014041670741238544,0.011663858729052236,-0.03731167613187177,-0.0035995462427255913,-0.014400345035061764,0.026613030221090978
-0.02207142527483728,0.08698945491090258,-0.008399473920924053,0.21725320195032594,0.018190441578150696,0.1427319250564271
0.005283493927077908,0.2525668329316445,0.03198741415348293,0.059518717255105186,0.07107522943747957,0.124128670727933
-0.07403127134349508,-0.004477131177175524,-0.11063339662017503,-0.0547483972738632,0.008683814408851853,-0.004567894874959322
0.21178919605735472,0.009098090337891138,-0.04739058095058019,0.03023976944573211,0.020381248786930487,0.015507003903166517
-0.15833328055691223,-0.03822441640226698,0.020598494405016175,-0.04727930167798828,-0.06867882680622929,-0.07493608239215849
0.1364714265528553,0.12849749569876018,-0.09123967012901114,0.06342051906552064,0.04429835967758794,0.10192312890636018
-0.04404405847953051,-0.05608930395740717,-0.051981605450570255,-0.03458516123274637,-0.035090738677557055,-0.061834478550174696
0.01631223584924464,0.06985364597366858,0.17471227957752258,0.06964098655031985,0.05558402838624093,0.05284337397720856
-0.026995631602690577,-0.12049965402686143,-0.16162059214562413,-0.002954786843242005,0.0005181660179546134,0.013115801898325712
-0.034957820846369156,-0.10437114418843858,-0.0688954082515586,-0.03134645716436374,-0.02762183961894759,-0.07649103799187303
-0.0463609639526261,-0.053026144954378976,-0.05829324128957058,-0.04229809477335557,-0.03742413003468038,-0.06935946798007112
-0.010877765915876967,-0.09410962073574407,-0.06799793547279458,-0.0021189452519719027,0.11894966687489403,-0.03030727657956062
-0.009766458285526363,0.18749055992035588,-0.019589552693951465,0.09859748382202045,0.05456652474923183,0.05029283326413087
0.24547517205645225,0.06438021615380582,0.0378830110577261,0.06320986852721316,0.1339766839505818,0.05047446227658737
0.1379393485918207,0.19344940208558287,0.0449918649082362,0.07837816720294742,0.028289762422856395,0.06917697794430887
-0.02113792749314477,-0.059229552266926264,0.002502295788496325,0.0636055941187474,0.04087115032719619,0.09402941732477367
-0.021277681206784735,0.07368720029895472,-0.06951981288783808,0.1882475768949463,0.05840023878114346,0.02500642412354815
-0.045103684327323076,-0.06366161509473837,0.014138859278400282,-0.02878222210365801,0.006423179598535022,-0.01630880083049633
-0.02328399191235475,-0.02452408809999481,-0.001288459987589875,-0.08021533696678368,-0.16694117021421293,-0.02358445064620998
-0.00023094146501357463,0.07097341986487207,0.028139292632947784,0.23209465532285242,0.1793700128263213,0.07285504719781456
-0.06255381035135948,-0.0249868735191939,0.03143340957754198,-0.006810467959416086,-0.11257879499965164,-0.058533334566995096
-0.03946845085247802,0.015669952931414984,0.06968203883076496,-0.10114396926735651,-0.0021682125467250807,-0.035934133196647074
-0.0031972620611019423,0.01683830617207135,0.06278360246936748,-0.014483898690154729,0.09567868875596611,-0.026118093384815473
-0.05251779396512533,-0.007763857453401991,-0.005879884647197584,-0.06140534939461699,-0.07264041228753125,-0.029266589730312004
0.005319850397835817,0.04481194377646213,0.09514692420874776,0.1271143817372068,0.09116804094496445,0.08178442707822223
0.15099086369384176,0.024882491503422848,-0.005322984383491752,0.09927126634264853,-0.03510284634982543,0.020747445067809057
-0.026787213443368183,0.02734306462536889,0.030136304160857896,-0.032233232909709725,-0.018835566048682296,0.09979988367247981
0.06637785177305812,0.013993802250801353,0.012182711537581202,0.02862854003007447,0.026036155640904522,0.024973897480548308
-0.009503956353680714,0.06887966565658225,0.09575177060900224,0.18951235106871897,0.04288200675560905,0.11182749981461468
-0.03662672512716786,0.04865318940317498,0.15180351336800424,0.024750808097574097,-0.01044379624454661,0.02476762164807385
-0.020813636608882528,-0.024239545648604123,-0.0077952518973804005,-0.06118319426275549,-0.10359010783189447,-0.09350943908283661
-0.026142667631842892,-0.03022743263437423,0.01578082335651035,-0.0493613315301115,-0.021383928673801685,-0.04060342125227257
0.13098902049855765,0.17784647686984056,-0.11149386877958657,0.04551856062472459,0.038913992423356726,0.09152712847700056
-0.06338670232446271,-0.015284359650985218,0.023821073979729476,-0.05068449823759275,-0.02987195995633592,-0.15337505437563717
0.0054426258636594395,0.08569229658798137,0.05790977673161805,0.12429260139466317,0.1969546954717207,0.030706834680882953
0.00586028762356816,0.08567264270227985,-9.185202672619598e-05,0.163705780202678,0.225438395552073,0.07032253509009961
-0.047288590027386564,-0.016266964894871453,-0.011353692479949915,-0.038527038240794925,-0.07534979574224392,-0.043528115865934656
-0.06074242288415956,-0.020080336548171814,-0.06009985664319693,-0.08794984376022688,-0.05788002909642817,-0.07228529037569575
-0.03564637930687759,-0.12189602594543066,-0.0737516525162903,-0.037793219117711115,-0.028450776849568173,-0.0721357859043887
-0.030411180466266254,-0.029440989516894986,-0.028459971461512863,-0.03654949171649651,-0.06885510396387044,-0.04448203846608439
-0.017150450505990334,-0.004916541329304348,0.06796629337738012,0.12230739253058556,0.08675290012440261,0.17142862854838564
0.0008080670992426263,0.019677840214987884,-0.08657022088188172,0.1469501968864229,0.06451158342267153,0.026490735917761802
0.20247648213756822,0.060741693618603654,-0.01845776775888439,0.029223269674108602,0.04049674781862056,-0.00802297525796018
-0.02149239057627699,-0.09263056883054066,0.030207930983220214,-0.039394720796666116,-0.02208829466371233,-0.03746700139393588
-0.19733113359189458,-0.037710416876495644,0.020317569840656538,-0.08226322296163906,-0.022720640238220218,-0.07220704978942455
-0.020808068856574397,0.05068232632769418,-0.008987597598547102,0.07796004088629627,0.12442835681768989,0.010041179947379957
-0.07554060971417931,0.04050125935042919,-0.07558179687783087,-0.023599610766893486,-0.0441423961426819,-0.0924626623493097
-0.040316719523677394,-0.03285054994065061,-0.020078079639589352,0.04279034059740533,-0.03332223329442835,-0.04821075125773674
-0.03576248888091376,-0.0527299620500371,0.0025326250164979117,0.0018262153880525633,0.00800946103319789,0.035168864994985886
0.19336421149133806,0.09679426483057825,-0.010546813381518236,0.017135603020556466,0.036422287028768825,0.03837220639685506
-0.04472893391929739,-0.006513673411733059,-0.06345183724693373,-0.011073280456179167,0.0038265927695924538,-0.02687828637691666
0.139553098166194,0.0018306802947698092,-0.06354005450909546,-0.11483820465407968,-0.011864204094337926,-0.05317350057011573
0.13867593712353088,0.17821234251229914,0.06981281942713731,0.07428711621811578,0.029588656109629373,0.10380368123400872
-0.03160100270020552,0.01651486247435283,-0.013938448398511914,-0.053029125071775374,-0.04077449983118677,0.07944514650368226
-0.0639599662480366,-0.05029113084750656,0.03146845201759839,-0.04941500215602919,-0.13412622729996712,-0.09470725170666534
-0.07214742267355644,0.09196481353224935,0.03531393990024876,-0.0005354785973045894,-0.14589146951695997,0.02726123293498719
0.139549822012592,-0.01931465831235345,-0.002331785625130421,0.03488523300045128,0.04333891384367929,-0.012148550235657696
-0.062137138122646776,-0.023382586236044445,0.014093337033612312,-0.026921653954461413,0.0008575130234088555,-0.03046040112990953
-0.04374636011485359,-0.022779914141605906,-0.030618287750181137,-0.06774241663418198,-0.014002368169129455,-0.09338783588611409
-0.012065176197496327,-0.05572646331615201,-0.009291480811844055,-0.20875800028242708,-0.0201541439205463,-0.07861366810766736
-0.040862955528333605,-0.002075491625126803,0.041431281799871954,0.1187245786628476,-0.07571619980088184,0.04946388792417469
-0.06016292923289865,-0.0710929481555268,-0.05482605184755334,-0.08174262348397085,-0.052923225045421685,-0.05111878551869023
-0.03237975211689819,0.033088509563344456,0.013089015254068127,-0.02355360234778865,0.07238901944872159,0.0031616638641779565
-0.0240917428066448,0.09151555598660467,0.06165143332272047,0.23326162053630134,0.0874773987262778,0.0626584615751932
-0.028429172355044323,0.3048442234476074,0.02720285821582123,0.0568659990593327,0.0866154636245763,0.15235131325626725
-0.07274001262090005,0.06784909049598016,0.054011355781270115,-0.04684139330542308,-0.16914353445020083,0.02329598040951483
-0.045554717673331725,-0.05456791789642896,0.01919020598082275,-0.009121109834775726,0.03076082166023485,0.07328819901217398
-0.0265966324282409,-0.038021930424553436,0.017373708264242553,-0.1923412899925111,-0.04251802432325852,-0.09151952925855583
-0.05209521418877438,-0.04876234487167509,-0.03328723045678621,-0.00734171914901902,-0.11474414032013923,-0.03968731332835493
-0.03131579878386524,0.14995292151914386,-0.11869262461133782,0.03747681529692527,0.032912153779477656,0.11615282062458461
-0.050854721015428914,-0.041803798662033056,-0.018427703176784643,-0.04996626614110906,-0.10503704714819588,-0.056103918041801516
0.06333227257787165,0.12303110071485894,-0.04296643134263628,0.10861675064566369,0.01750966739572509,0.0646600735459423
-0.06466006335111664,-0.04705226310607897,0.02278968983025283,-0.014428672488272086,-0.05359719617580508,-0.08785682235189085
-0.0009679845673636682,0.06377627276752758,0.03257218974703444,0.23217302515963356,0.1640098243112433,0.07567748238339524
-0.0009679845673636682,0.06377627276752758,0.03257218974703444,0.23217302515963356,0.1640098243112433,0.07567748238339524
0.18689888839522445,0.02587540099740966,-0.005511843035061939,0.06957090647364556,0.07785011171974517,0.03749902179123895
-0.007996146742772948,-0.017174236380222703,-0.09785243514858452,-0.009963511908164526,0.034134346809963356,-0.06025227523559471
-0.049163995919798226,-0.03822445828254717,-0.06131182063241899,0.02442457556527755,-0.018871767584965754,0.02220794590398138
0.0011274760228791828,0.040822935016820196,0.08971528654517137,0.056733354008941916,-0.045347186809505544,0.0694755894574091
-0.008048599693402526,-0.05237512389092872,-0.11179960889791825,0.0466430185277014,0.03861301333494492,0.005541234351701554
0.022899211834652412,0.14071624885102868,-0.09022737262015135,0.0688969164309459,0.1111812572656844,0.14518481751960777
-0.0571287618691437,-0.05058863102614689,-0.02059259316199875,-0.04641117808848119,-0.12608517487728657,0.01910840455174134
-0.03502477932472298,-0.07366713385976317,-0.01706290770292223,-0.06276454679558362,-0.08197843877910292,-0.056181159003502776
0.05109958997085118,-0.07605291672463141,-0.0016419888088039852,-0.1200266026453013,-0.04710394563883668,-0.0792772019467047
-0.0067093943805616365,0.10795498260956428,0.025199715731183774,0.14218412772063665,0.12627845995582326,0.07900505119007964
0.062451957406858556,0.017828154139024763,-0.12823302445083848,0.024396178740705647,0.06511559885210784,0.011339306640150301
0.30511602458872017,0.06293294382204123,0.000742805826305158,0.06021377530884772,0.1265768519918926,0.04829991846746559
-0.04962296260861741,-0.059712694444457204,0.03276507733791624,-0.03803493895072422,-0.09344199315461157,-0.07511911441203564
-0.03873431475968118,-0.0004512650257712429,-0.056266782956617495,-0.03628569779226789,-0.0649281073916586,-0.029051287934240506
-0.03018132697563969,-0.06214054636433679,-0.055552571119137216,-0.005471651456638353,0.03178349720424938,0.027496833472210113
-0.02186686518435234,-0.023310350688668394,0.12740720264832742,0.005826892531122477,-0.00827941211479537,0.006939935092509292
-0.033582920771391356,-0.03126368231873696,-0.07088016720498866,-0.091042737987797,-0.025131038989465403,-0.06184962729176528
-0.06713416724055687,-0.05371591535633556,-0.031395615255808924,-0.04706805687710454,-0.06684982502553061,-0.06638466417150637
-0.001604939954719088,0.18069292336901316,0.004238576395092627,0.09214487406261619,0.08334191833662459,0.045598398445115
0.057495904229987786,-0.175512076167553,-0.046615450065990535,0.012500866812351213,-0.07091015370860507,-0.09067745657215312
-0.027575591867042223,0.28861324881822636,0.04382490909963114,0.051451107981754625,0.07955146548819854,0.15543529320253835
-0.028777459234704445,0.08262395283133446,0.11455460973658085,0.07652638138422924,0.0015012769852704986,0.0716795239498697
0.026915304372161847,-0.16096863138966094,-0.07751285677326164,-0.03339934189188298,-0.012438747043290701,-0.02367563643109968
0.29479191579978054,0.06023539861352075,0.10182096233754066,0.067659409936945,0.023709193923429503,0.03514228667817985
-0.0009468386604485149,0.06625015670238363,0.01149459888585344,0.23145483647952458,0.16675827848773334,0.07308477010466399
-0.04110375928885779,-0.04734924273257551,0.00883557291697084,-0.19700242402136844,-0.016947356413589465,-0.08629457052448213
0.0001533817132064175,0.04450349720348427,0.09656558789560862,0.023234780548244117,0.0925413262976148,0.03662087552479484
-0.030288401739465176,-0.0015592300656789683,-0.019454104963790093,0.11145730881283017,0.021711435308778625,0.025849625957109525
0.12236230280912312,-0.0884627209829474,-0.050052735285725763,0.004368381054837551,0.017463388175037755,-0.046238863216522985
-0.009883343024487797,-0.013126555310469233,0.03812230101627997,-0.02610519556634638,-0.006831139253089975,-0.012387816271993831
0.19762816801756972,0.006565970855473879,0.06819296796464737,0.122540339798904,0.07474490857706255,0.02415293092420924
-0.12229530674976265,-0.11550306189952979,0.014477961264102985,-0.0689183881846932,-0.047831385333136016,-0.03965423652352569
-0.046110589376838346,-0.01608993282647725,-0.03834382138349439,-0.06270895984933351,-0.01722055418854704,-0.03179547772494468
0.022101279927686582,0.051372081259878785,0.014313915389671056,0.08725898663724807,0.1116119741880806,0.040203448351984465
-0.029672025960565323,0.02303729934993248,-0.01774603582146882,-0.013908159213098367,-0.024449830289784355,-0.0026910682606799555
-0.07563611639927817,0.01809305402744638,0.07565866763347506,-0.0008872768606685288,-0.04563966773564353,-0.06706996963514546
0.000766299625599311,0.00934090266827923,0.0839002125388211,0.012828296984519875,0.0437332071259377,0.00611567056552616
-0.05113144600688411,-0.027017818827726237,0.0789070034067959,-0.03792368856766354,-0.020163349924071185,-0.0356643563292178
-0.04229980274016857,-0.03451624686616987,0.0008461087222646809,-0.0885137622566482,-0.08862668237094899,-0.03671186781264785
-0.060755238658304726,0.15471793446907692,0.0012856818114865545,0.011107639602081535,0.01264583823967693,0.06450359558288032
0.016750510092374545,0.04592099172360947,0.10869582269952617,0.09612049859446478,0.10204935177300695,0.07826783444931394
-0.04167226367562163,-0.052579251697142615,-0.01624581750873194,-0.05851637971300491,-0.11728367172223461,-0.06129710519458791
-0.06007029370173106,-0.021359725451638854,-0.03264122153255304,-0.07416464395693172,-0.03816201148989452,-0.06243054360891644
-0.043609400364692796,-0.0017283073530810812,-0.1173549894575638,0.024096930729571753,0.017647335397876995,0.01952476936187917
-0.07940158772846442,-0.08911009856975863,-0.028333125723466603,-0.0625488034904314,-0.03139367018653064,-0.0530810780593397
0.10576890829406242,-0.08383921923123862,0.03112700365181624,-0.07530421151095011,-0.04817145292545151,-0.05822223479804395
-0.03368146371412547,0.05423839618146913,0.16763653450254157,0.03617762645291495,-0.006096661976819541,0.02857717714613018
0.16939488216060147,0.2577376817011412,-0.0555847007789148,0.07040795909157199,0.03311964632671928,0.08933811680748065
-0.06853702813793988,0.11237901471805517,0.05776539882885369,0.00429644344712462,-0.1596785094650999,0.05169291307269176
-0.03171409307657675,-0.03236438500990969,0.030589568869714187,-0.03566720465041797,-0.08130962948213692,-0.021308765325838856
0.006938622629063045,-0.02215867333393186,0.1105001607180908,0.09250464766471936,0.08237202146489055,0.10383014648906598
-0.03353504887957752,-0.03541562937608799,-0.05649205462223828,-0.06670969754809243,-0.023978978212460925,-0.05652510447018396
-0.02149239057627699,-0.09263056883054066,0.030207930983220214,-0.039394720796666116,-0.02208829466371233,-0.03746700139393588
0.10556985066022977,-0.081678032224016,0.10375163367280162,0.02121496840465601,0.02890307108568668,0.031942545345666144
0.21175703701698867,0.052696008137577244,0.0800123630929324,0.03990323598316343,0.10559041394592898,0.036489167113627895
0.057495904229987786,-0.175512076167553,-0.046615450065990535,0.012500866812351213,-0.07091015370860507,-0.09067745657215312
-0.007190508833498978,0.07697440856732528,0.022385182706863373,0.0995157122183971,0.1476868429793354,0.11207613223804362
0.19177699164793013,-0.05094250688536885,0.0985086086379988,0.09230280652716467,0.03930781012981616,0.004257648718668042
-0.01127107544715093,-0.007895102982705139,-0.02587994272271559,-0.059684308631478326,-0.009342846801241126,-0.026454927071128693
-0.009060083819477222,0.18800383284110686,-0.06890307826204095,0.06360725423124187,0.09514181329135056,0.16934869549235845
-0.026799724418124383,-0.028109154982506823,0.019393731998166203,-0.08322782325691024,-0.14233705442268865,-0.02699345959429108
-0.04559872008093325,-0.027576092578632715,0.044879989000997635,-0.030610353540292467,0.03518432597549199,-0.0023490304349868623
-0.038256923525034105,-0.09615599717037465,-0.0715605640538075,-0.01526732647707889,-0.03458223238528665,-0.06187189096949179
-0.08436102923661146,-0.07155267352657793,-0.03456982328525048,-0.08225445942542668,-0.061676329419938725,-0.04595795199510515
-0.0439466144768502,0.03837604711997662,0.027065652888575764,0.022806079359545976,0.05296723345240205,0.014831280556025584
-0.03627684059483886,-0.015497164893829065,-0.028671988480857075,-0.09293651593554256,-0.00105961267956946,-0.08808978881851982
-0.0674421249475281,-0.04802367567317074,-0.047969193492326034,-0.04725648298236977,-0.044854738504897386,-0.06659169033678498
-0.10471955941572764,-0.11506302429207586,-0.017326379371366454,-0.06492735319712743,-0.026127134854097397,-0.032163407714379894
-0.031112068385811768,0.22447699368130672,0.07757025049585282,0.06500008054094171,0.041406917345738155,0.1374210323267625
0.2651338962857741,0.049857012498862145,0.034510026744317364,0.1155608827130384,0.06005694531537196,0.04729514882354073
-0.08536191394003041,-0.06356906473141478,-0.046000611797411384,-0.08935112559651157,-0.04373633177829517,-0.06246727434478605
-0.06381632215922185,-0.019456350761687086,-0.067402227721228,-0.06158868604360242,-0.009379155222897636,-0.06798586163107194
-0.019423610973160477,0.1291525299330172,0.060275738456240326,0.08915763875598552,0.10652370685300655,0.09439195256227298
-0.039348077160089666,0.1937333487725931,-0.016568223332737945,0.10133848856906241,0.05491169369270281,0.09807519433994405
0.24948832877709884,0.011324906039059569,-0.05565580740108964,0.1450362894365496,0.05715458767071008,0.14707828554037275
0.15919257575551068,0.09418446402849476,0.06980745590490291,0.0942476661797237,0.05298915434409879,0.011944104455206743
-0.06134695270951352,-0.09046742238275791,0.012114580811503137,-0.024744881167688703,-0.016128923431975653,-0.04396054712326544
-0.04879298760297991,-0.11182135911700443,0.00657501582971207,-0.01128086823756118,-0.019155500845758587,-0.10240770412658787
-0.05541118261488576,-0.041305038176811235,-0.05535237613475966,-0.08013440307088146,-0.013066752362449228,-0.10974605934499426
-0.0031182687721808128,0.061209589577310895,0.08604676342733157,0.0862608205584311,0.07627683274366494,0.03006480224265793
-0.03662672512716786,0.04865318940317498,0.15180351336800424,0.024750808097574097,-0.01044379624454661,0.02476762164807385
-0.04010610716639646,-0.03692979534609844,0.08315462341325579,0.012920264274950521,-0.02705049537497432,0.030549678116926385
-0.035954174161873236,-0.09602722660815925,0.0744363086969672,-0.02105684722228449,-0.024619128334737055,0.008660756522060397
-0.02424836009564448,-0.06617880708332509,-0.06719299105552047,-0.0779342695598688,-0.05444410898797894,-0.03768079166310204
0.2632748049824811,0.024994047391281603,0.030613314391200585,0.054394280274859,0.042652318666451666,0.03498949509538741
-0.05032945756413847,-0.049845814180423206,-0.04767400166534569,-0.016092682538844584,-0.031053643820608948,-0.06660851432317616
-0.05504262270348318,-0.07805921721120161,0.00927734906012118,0.007432993598761666,-0.0496156564666291,-0.08944944630433813
-0.04900514677879403,-0.07142450980232895,-0.005866013304994608,-0.09490800946267804,-0.05327350694791215,0.01092924942435101
-0.11448059078730619,-0.05965783249512797,-0.04502800892465458,-0.04943945795694306,-0.0647248507319346,-0.05858415272105363
-0.05414356203632462,-0.038740077321928044,-0.03827440548777403,-0.07112981826138741,-0.01869095341536194,-0.02819171199964701
-0.025709552617315688,-0.0966067723348568,-0.018788053818312948,-0.05098528121126572,-0.10709882686098414,-0.04900089662135616
-0.05072574175901969,0.004159816223955479,0.06984899649291842,-0.025525881724229996,-0.025783152601525534,-0.04279144115216797
-0.043559062916165195,-0.1405685662983536,-0.006624706238938919,0.00959096620412372,-0.057168404430786114,-0.09198988532115643
-0.007260363551297962,0.10282395886506968,0.022708766705873087,0.14158299418631573,0.1260979898246845,0.08175086638998875
-0.01652640951223297,-0.11732007873410964,0.004370298242210961,-0.1314679501976781,-0.060668207765372656,-0.0493689792162706
-0.01996521236864816,-0.03462581111992651,0.06155443469467899,-0.02066797099137372,-0.04366559399099393,-0.03728846874324969
-0.03260181159289773,0.0037046373226441846,-0.014832998307456385,-0.023609210689040695,-0.02462320034506582,-0.013799653689238144
-0.04568424578184492,-0.10576436053210071,-0.016826668679213605,-0.029646971863699963,-0.04888526279678853,-0.023316069069117536
-0.04465854431927136,-0.027740223245059058,0.040013625392023425,-0.03423697132036863,-0.04016903313522407,-0.07629486447465741
-0.055666340110363005,0.21381624022393958,0.023821986250969554,0.04114593144551307,0.02370691666670444,0.09122535493830337
-0.05416059302691424,-0.029164652258641757,-0.06925969135782299,-0.028888947076343794,-0.013492913975093864,-0.010825591525725878
-0.014245312446445035,0.0005259659696878817,-0.06684577781134154,-0.0709930948891356,-0.04290907494252266,-0.0399896833644068
-0.04089942156678749,-0.07080943981280467,-0.06691161028319657,-0.03290481438787775,-0.07080316387022603,-0.03565749219877187
-0.05083847699935094,-0.0927398079202428,-0.01053666760660839,-0.051288405441918816,-0.0066061685459763465,-0.011636908751624118
0.1951050398631677,0.08041715425563246,0.0711213611653659,0.1417643409675624,0.03730885984568161,0.021050578188388215
-0.01535790918927299,0.010989682125592053,0.07890147402013782,0.11009653099601881,0.09439647023131467,0.10110681345479434
-0.05910545773091115,-0.023600090211575036,0.029857097418389413,-0.07500830243619382,0.000483341595625741,-0.03095236346780334
-0.043865662941456385,-0.12572187731264925,-0.014380522005625711,-0.059092051124035025,-0.026497354862863167,-0.020000880313619483
-0.06062003794829575,-0.022641467628951535,0.00268205801213602,0.009883922173320537,-0.01902028787094966,-0.05878756460602636
-0.011945820964010099,-0.04365514598709555,0.10862431901768524,0.11711411395516778,0.03309041855052421,-0.006426071005867311
0.15899965141419697,0.17655165284336416,0.08013248200863035,0.054944596968520394,0.04169173990374451,0.08206705372306503
-0.11517813325534919,-0.041300658202670044,0.010963364596974872,-0.12939818628657138,-0.029555851038805973,-0.060750588323992
0.2757222027354334,0.10618547279460841,-0.040791273560552906,0.056246439662566476,0.054552821220559274,0.0574153333026409
-0.032411781343624116,0.0653061444342431,-0.08616002792500176,0.15461947546813856,0.08755987794918284,0.029127058435632677
-0.043027090421536456,-0.13769681332913408,0.03935972335859495,-0.04763329020360609,-0.06302982667289707,-0.007185447662934715
-0.03453508677130886,-0.027801876577181944,0.01439169394562413,-0.20343256981034125,-0.0314575512515455,-0.10817041224317082
-0.005947016977011721,0.002780330543117029,0.10009618540519227,0.07462707206913649,0.004353074913537333,0.023456807244349443
-0.04352712596163103,-0.07291655810778293,-0.038837981951511995,-0.031545176669178436,-0.08120051346550719,-0.03274432074358279
-0.05378450883001987,-0.062360500506284194,0.026537029150490984,-0.08031987203745362,-0.037644023299088725,-0.11914142801807637
-0.034123780900194495,-0.07654120956580047,0.0568575018576308,-0.05841190569864616,0.0426888850838332,-0.10311263507333336
0.005953771978457272,0.08573534370566609,-0.04553680968205109,0.20455019716400952,0.1925602961301918,0.05063903774166896
-0.03503690623064268,-0.03235605970818642,-0.02552699179634418,-0.0972154018604607,0.006559436784753878,-0.08550487026615794
-0.0038135211502198837,0.18474843489862244,-0.035532343636234684,0.03655685261310955,0.0821520790610911,0.14598965793798513
-0.027346889681143634,-0.008083666265077769,-0.07058720796650755,-0.13279531913253836,-0.04853568356415966,-0.06431563218343382
0.09719117843914953,-0.023429569299848765,-0.022619116537433124,-0.05921412493503989,-0.06120201359233658,-0.05665226492089564
0.05423413473661225,0.02034548777219682,-0.11679078964973427,0.03054570621724534,0.06397962519940541,0.012836088304365341
0.3142284686959284,0.07774115849128545,-0.012928938789285438,0.12740434564153877,0.0356346019733205,0.028034501280804175
0.007498927260004492,0.04620963540852393,0.08835431630543433,0.22793380217713455,0.09130305057769321,0.07038105090775851
0.25345249228198274,0.10109679524002324,0.006265912897063882,0.0524617033539518,0.05668751099898336,0.0531231014208651
-0.04194174156655983,-0.037805881709664514,-0.006969067361748277,-0.06425568936317018,-0.12541799842316464,-0.053054719107193456
-0.05199621635626474,-0.036955836372709,-0.05244507680681776,-0.01077024280723979,-0.0594957813356054,-0.09376740061929306
-0.02005059401960001,-0.01885417644332339,-0.027779637108168144,-0.05333475506525852,-0.12572456692095277,-0.0419548573751707
-0.046624678436387616,-0.019409102839551915,-0.07457778727171072,-0.03393219481845905,-0.11561545523987365,-0.03258702630485548
-0.03853795341907793,-0.06480439586509729,-0.046848375394141634,-0.05754013056589696,-0.05973050542746269,-0.0512416121437341
0.20848529508176022,-0.006755884139499414,-0.03498909228321457,0.061608667138349275,0.09094235580356126,0.03549811925108232
-0.035339767461652814,-0.014058852892121363,0.016807132465152697,-0.10282657782734558,-0.058151901720909914,-0.08713963257607561
-0.03793802885589779,-0.11606297041499948,0.005868243800451593,-0.055759086319133365,-0.08100042322034486,-0.07031574046064783
-0.0140606785591316,0.04593379338974638,0.06270720466053813,0.07468897342184036,0.08928362912781002,0.1187897705051503
-0.0862188541702842,-0.06254323442592968,-0.057196469893976316,-0.0813032059197586,-0.05265797917887613,-0.04011607734649249
-0.06321443973177981,0.03588370004066357,0.021405420432129604,-0.05107625051074455,-0.01241982869385456,-0.04735239270857203
-0.04777425640208518,-0.04571319179872183,0.020174380184009005,-0.030782849439770353,-0.08458948494269045,-0.07516329176533906
-0.021576980928329118,0.014098197997610746,-0.025171030795202345,0.1524959269224755,0.04915878241391523,-0.0018458089313585163
0.0032185966131309065,-0.17730278993620405,0.03228258211572488,-0.0234245312339444,-0.0745218282998095,-0.09143781456592628
0.06521734638559042,-0.17890545483112488,-0.05072018047591344,0.019485011155381135,-0.06270435178853086,-0.09222168829831709
-0.04557528231663566,-0.07761437598189429,-0.04857509528549439,-0.06997786290217549,-0.05029071748595395,-0.049210597566012544
-0.03506408902567854,-0.06460004170184264,0.013486520967239884,-0.055830052255113116,-0.06719550101823485,-0.008461423142295154
-0.12242766828734548,-0.10023088536742163,0.045619468639867856,-0.057703802252745795,-0.03956559099824756,-0.042055299800010465
0.007755973817466785,0.03666024776701271,0.04814897915040504,0.04512219846436329,0.10744252995360205,0.062456070575180704
0.15210694941952033,0.18831133450577256,-0.025771005730109774,0.04139627432883101,0.02369936916168747,0.0926127172692843
0.0025912626230197664,0.2437970991687561,0.03435654276483913,0.09829218271106153,0.055438156754593466,0.05836511918678705
0.14682554055740443,0.20851490284954213,0.06148559348392003,0.06079185409140877,0.04414970569234376,0.08377904816989924
-0.053255240110062316,-0.05689823889408639,-0.006349926201460867,-0.04258194805972865,-0.06845102641958317,-0.045356599036753625
-0.034572496025292776,-0.12245464528379509,0.010941933697239828,-0.10681949892878106,-0.04349190161882103,-0.052769742334028084
-0.029392239962268325,-0.05242522429833951,0.015521981858485497,-0.057365071618390225,-0.006397591233756945,-0.03224088990315464
-0.03474767368144506,0.18486422487373627,-0.017070093063033486,0.07580413440499412,0.0640446816191634,0.1324548626796618
-0.11438044466131199,-0.08234886812324908,0.016706945482953567,-0.053313750126236056,-0.0810425163066644,-0.06808171442796605
0.13709205272652464,0.21315860160111555,0.04278070776740996,0.053148654692333076,0.014466502665580232,0.08387593411155916
0.023871407281258115,0.06409542167614947,0.07940692226322826,0.0930131645030426,0.09877571573343313,0.08344820738614069
-0.039370041115736824,0.007653953749973423,-0.0677485321251486,-0.020784540749411815,-0.03304564915070718,-0.009224532829037195
0.2428378011952825,0.04709416088418968,0.05048194073683262,0.11744907320738478,0.06193331817862423,0.05021231514828829
-0.05810462182880697,-0.08910838235067156,-0.008599440602092232,-0.045028239510283376,-0.004892495553611689,-0.016537347419804966
-0.030509752734267204,-0.12367448996545571,-0.050739547348531096,-0.011606278504006763,0.00877898496143162,0.0071089965231232516
0.02266495588044766,0.055915618914927946,0.16745538430669507,0.0358750268662068,0.059849165767080464,0.05481776786079203
-0.16909136438982425,-0.07891426768783097,0.03933469612912364,-0.04055923464908746,-0.02762630441464547,-0.03885104910582515
-0.05634069002055912,-0.01523289197171432,-0.04024998615098598,-0.04383227126848089,-0.08231817091628048,-0.04960315518505949
-0.04599278420766774,0.001938040713418681,-0.028022870787996697,0.03595945830759766,-0.08110104729771639,0.03784917672497791
-0.06330356288291168,-0.04726770599360027,-0.03447490430534523,-0.0867897989129825,-0.03867934951176819,-0.1029900560877401
0.13648975023385343,0.01253855408648692,-0.14815570260522834,0.0023199110291099554,-0.01900564226241676,-0.027264851921236087
-0.02367669462958166,-0.02000602088358202,0.005674573679665361,-0.04919838699077457,-0.11974514309298011,-0.04193619637697442
-0.0024260677684708612,0.00379018231567226,0.043899325983930065,0.1730845453651452,0.09766939960166443,0.0897110991960319
-0.051532748533372114,-0.05309253762909477,0.02465253958722823,-0.05593529581912679,-0.08716250958245776,-0.0857495010549533
-0.07289011832933845,-0.06212893350942707,-0.05854894044986622,-0.05527224255061338,-0.045897658009266984,-0.07181885646183526
0.024052086899006193,-0.1958027234954915,-0.05088512013693297,-0.032151000505572444,-0.016475996253965685,-0.06984300481492871
0.17374066943976413,-0.07327268697518695,0.021857232742442636,0.11938379998783914,0.04648445696717218,0.05447063283671348
-0.039497902829983875,-0.019731111011494457,-0.06973608354423204,-0.0032561277896649148,-0.024691666840865094,-0.02622717344221263
-0.008288742670878405,0.006574904451894584,-0.09769468675782657,-0.045979970642175134,0.0006921170310489935,-0.022920501572994873
-0.014036939710986159,0.08300047624805534,0.04920303153250173,0.049316270016133326,0.050846464337388896,0.04854216590520236
-0.021933656909622765,0.22868011543593963,0.05145595418330159,0.08948839298935166,0.06872217625884076,0.15760514551036187
-0.05015574497154069,-0.0809826542220778,-0.08580813449452974,-0.07022713254388604,0.0007663192306427125,-0.0492431820119801
-0.0398946366294322,0.032883756597041416,0.04133849867850921,0.0009219622385524067,-0.005954221865478246,0.04657095516527279
-0.026623975181086824,-0.1388874310498012,-0.01673406017289574,-0.023697878460096865,-0.0032802894418701373,-0.04719561651320812
-0.01083131589964242,0.06985449415129195,0.09471141604293298,0.19418612566063898,0.04310831804819694,0.107944203421331
-0.02827929103551698,0.024604544678077534,0.04510887772632587,0.05639009501953892,0.0324751769237318,0.049110578004653585
-0.04572341976629048,-0.02578901044329099,0.046167885852770846,-0.04971259171553277,-0.09341024838465506,-0.045626824823796236
-0.033122663181636244,-0.05725169152477266,-0.06824233991879387,-0.020304704899862934,-0.01681803297819893,-0.04335838720319566
0.026306547299957593,0.08124078367505094,0.1936750982381994,0.010858455038358361,0.05183767200875967,0.02425316087815114
0.24613174833059193,0.07922328193624015,0.12197682631462907,0.03951883347002008,0.014271502836647925,0.05696789462483395
-0.058406339219808596,-0.05050845406441551,-0.03104823604908017,-0.04488476569155634,-0.1302307727517687,0.013191748918285767
-0.01270062689854041,0.013147091035788462,-0.05846393368781423,-0.07418400894343238,-0.04763076454164,-0.04562053054099112
0.013503242598409456,0.25415701568214333,0.02682549609352089,0.05031026224453562,0.05923600423147586,0.11833738409168404
-0.022511209484523207,-0.07555151997442953,-0.04668003608785299,-0.0018319889232786802,0.021173952571840682,0.0030934138076033697
-0.0840153493100815,-0.07154612340400911,-0.04067258243429211,-0.0804386982061035,-0.06516281487455192,-0.03765757778075166
-0.03338650386830844,0.017743990393777248,-0.001790715290228333,0.012909607766004378,0.012386099728287282,0.0003674962406698471
-0.05469615289875732,-0.01893292797069443,-0.049862912001932026,-0.04537940245914251,-0.009900633661883469,-0.027090031551014297
0.08588807381007554,0.017437010514259964,-0.09207399914354135,-0.021883558890230855,-0.04021530645746918,-0.031378526206529575
-0.033995126551330274,0.04428565194163447,0.09114672461816281,0.07257720672936288,0.06615171883450982,0.08021972435925902
-0.018150029414110883,-0.0016240039783203147,0.062088560348581824,-0.03631222029528395,-0.06355545492492211,-0.05171032644679603
-0.06619248074810052,-0.048158531609021726,0.013009911617450748,0.055397888392698554,-0.05594979897982357,-0.10952894417548446
0.010631352697331155,0.11531222278949056,0.02919612168463928,0.02126237805060925,0.03948206195176257,0.015338330206952702
-0.048799331444075895,-0.10023184538435002,-0.012778352820958168,0.003221839471402489,-0.04550554596837468,-0.03268691782063269
-0.042926484977937385,-0.01861087860053816,0.04539977338195313,-0.04790634455710141,-0.08076242818346029,-0.06387041345320728
-0.03200256926716589,0.028702074759599985,0.021836274646200405,-0.01770312247943253,0.07239228173307355,0.0009821266599235056
-0.039869771266506704,-0.04136553711500423,-0.02293506678474867,-0.06452501590221071,-0.06461645324377761,-0.07577660682702513
-0.0462350762183781,-0.02115128699577879,-0.021414613678994693,-0.15854521074799907,-0.021304493027448232,-0.10306091624512365
-0.03543085158188889,-0.034106367975826765,-0.007931265469158521,-0.0639281018932173,-0.04854137375484826,-0.07659341049031665
-0.036950603123520165,-0.023600593910996382,0.026030729356434922,-0.06837775844585904,-0.02996207353172001,-0.12472938425534652
-0.04285954213827873,-0.09797513394274979,0.05397064375909747,-0.0044651799209893496,-0.017968786916936322,-0.09278986346482225
-0.03864188313338804,0.030112880791475626,-0.09204998834253486,0.004672471548026742,0.0057265952204362605,-0.014317086521789497
-0.030383856909946303,-0.05421464522783234,-0.06053492043706568,-0.009000984513810793,-0.013638111844109598,-0.029355093093055368
0.14313301008010065,-0.10117102677244082,-0.04805857250863514,0.00240908404491413,0.01145326081900752,0.004535335028124471
-0.004013000430162506,0.049835398010646174,0.004953336336294348,0.10419126334717692,0.14762267983424274,0.10421363104325336
-0.0459938789097738,-0.0693493955175097,0.014395985681252207,0.0008242632062898325,0.028986287362978112,0.00014389023287707278
0.08248572664710128,0.020953209345308775,0.02308368026554835,0.04270065624530878,0.03402654800852016,0.034240313634966414
-0.03495940099670753,-0.15887563078983838,0.008448237166492055,-0.022531766388547488,-0.02103947478258422,-0.08213009716819325
0.0023218992760962545,0.21918003479929285,-0.023739426308791486,0.06135788316310696,0.1203304752112701,0.15596540499228886
-0.04251423381961675,-0.13613455805980504,-0.04687272432211919,-0.038989044886500554,-0.018814942491180167,-0.071046707230412
-0.10392957880359974,-0.09195039781786993,0.007232288114627555,-0.07924693650687087,-0.02717580312446687,-0.09039691303128662
-0.00675606058802226,0.0023272093664676863,0.03505671098138336,0.07184344416679316,0.1693568391006459,0.03930502132180912
-0.037274521810173905,0.02085320137746031,-0.05664429915242925,-0.02519141904353063,-0.05107625191894343,-0.03275823530369943
-0.04659839685660353,-0.029373073169420654,-0.07353384818195187,-0.02939577546151178,-0.109500359020285,-0.03916316538579702
-0.031746947989201975,-0.06316859595231243,-0.03030471298790902,-0.007133005343419885,0.04194281051029649,0.03660651618913011
0.026762314595917807,-0.06412685855870606,0.0015296073345029643,-0.20170211370641264,-0.07986911378615602,-0.07079444378187887
0.01664616837374298,-0.03314195959064145,-0.011462074479890248,-0.20657869265936205,-0.034457554146042256,-0.11204490698894977
-0.03459353237436117,-0.05600255978717422,-0.013565655066214224,-0.08404171593704195,-0.033477221784541315,-0.047571506416004126
-0.041847501052433005,-0.03866203996857387,-0.017358122247297814,-0.042310334894770325,-0.011362878479827348,-0.035150338734574044
-0.06845011832840307,-0.052536517486122425,-0.02510184884230834,-0.052294697233702364,-0.06942098032939326,-0.07241002687285826
-0.03320603293232257,-0.012796359892574816,-0.0795118812915335,-0.022487852563259043,-0.034379513461822477,-0.024173310410826328
-0.042383873943641605,0.03224510552019874,-0.038063423854559485,0.0266425543621092,0.07132449927393131,0.044086987129085146
-0.049163995919798226,-0.03822445828254717,-0.06131182063241899,0.02442457556527755,-0.018871767584965754,0.02220794590398138
-0.023165094883998438,-0.015308732518541047,0.033359156608942384,-0.03268436401476995,-0.01600187815323943,-0.14839810436408582
-0.018695499168383388,-0.012380790189044625,0.1184905534107152,0.041900525341851944,0.05422385663989472,0.07771937522976131
-0.00014593610197332057,0.029837147003673747,-0.057486935532688965,0.018056029090739608,0.07111261209631181,0.023522434722082673
0.22864969321406417,0.020727918882654555,-0.004232594371937087,0.06740552148919034,0.023114062284479372,-0.026066003189440724
-0.03158988983168828,0.02343072046790126,-7.003854497190816e-05,0.042700417598950054,0.08397144170903685,0.04168536258986337
-0.05125425310440438,-0.08937075811746013,0.031223309490127436,-0.09093072989442799,-0.10114456308854024,-0.030942698914095547
-0.01836473304977541,0.002903037826973533,0.04713148149365241,0.01596865524850479,-0.013280124218620638,0.04617690927712088
-0.04380705375017808,-0.022234573781923297,-0.00018796550555704028,-0.0550650993733221,-0.1047164886242251,-0.05637696430292279
0.27318797444490206,0.04395289637774438,-0.04739858766068052,0.08876526616308439,0.12000607701365794,0.07949003371282753
-0.0862188541702842,-0.06254323442592968,-0.057196469893976316,-0.0813032059197586,-0.05265797917887613,-0.04011607734649249
-0.05046664749058249,0.1663599594398354,0.09050701832385974,0.04693717926288085,0.07759313309566322,0.05897124419310047
-0.023669061014692353,0.26044153934400643,0.0021439815463595484,0.0748350425548679,0.1121851774480908,0.142400581083515
-0.029530440406015938,-0.08751454409960129,0.043985437214877,-0.02902139527726027,-0.043775895205730594,-0.02493950769672637
-0.02272778310151945,-0.032797028475165454,-0.06994020189098483,-0.12444874774297468,-0.016348928307360015,-0.06512619579359673
-0.06881525229455823,-0.02580769218013122,-0.032327483915899916,-0.052172042153382114,-0.0328639305282709,-0.14343051554595243
-0.03896812501326987,-0.16183832968615816,-0.006288416755831359,-0.026462886662153663,-0.02017198707269746,-0.08518206409294451
-0.05413573904309184,0.0038992701988809597,-0.05779363502822628,0.01130213136587897,0.0003182800829379464,0.005320046093826199
-0.012491034618716056,0.020826395439196725,0.08247179724736155,0.12242114432590602,0.09352371953403722,0.14275884494104343
-0.02208815815492021,0.053119186564062115,0.07756518026246223,0.04152621369340514,0.05995240196502148,0.0711622580528595
-0.03460572840356812,-0.05955323679937402,0.0733373321178635,-0.07592035297470161,-0.0716615101094103,0.006547383820918248
-0.017695652799750477,-0.007275562378443517,-0.02825699133291544,0.04684957717410734,0.021554106777421502,0.02592966119788634
-0.04786098316316086,-0.03443038049752164,0.036368259157248804,-0.037799497116305675,0.033942979861653386,-0.011711580458482272
-0.17398572498965423,-0.054043699463308024,0.011266332537300527,-0.07703047585781089,0.010951712031501767,-0.07746804564505436
0.25113627688600854,0.06319355927683892,0.031930837625662484,0.06203073471079197,0.13339470681270132,0.04985615585322021
-0.05322140667016981,0.011258429166110093,0.010741703748156702,0.02500993380270492,0.028094122092684234,0.013549518418195749
-0.023580944407724902,-0.019569769895005775,-0.042640614062420826,-0.06721691421187498,-0.08589680491701121,-0.060622463053173016
-0.027493526011579686,0.011423308629701371,-0.030399113511175257,-0.00029188613348859175,0.060567312157058746,0.03196390215077999
-0.0669588128180546,-0.06084264925593776,-0.002251281524484765,-0.11078607628475073,-0.03254100473774939,-0.0559209711056307
-0.013439895760270881,0.2685923213931956,-0.060630996063126844,0.08813651248781172,0.05754396317102746,0.06295907003090985
-0.11850969779851403,-0.05337073975464415,-0.047968855943691185,-0.05583643501094938,-0.007937971608388262,-0.1060689712786098
-0.04251014745320365,0.001980558595541165,-0.00014270401690808497,0.03253975662464509,0.008914426406252698,0.0051096239347910325
-0.06665668374760078,0.09757122544307921,0.08302000859963601,0.005316272698939692,-0.15093323853201046,0.04312867997998282
-0.043423033666241825,-0.028375061338543076,0.07723404443443711,-0.029842766153018077,-0.024609978663141265,-0.019603966616043394
0.23243495298908587,-0.03576723418918482,0.08457626377247793,0.030671654215352364,0.04680935301286652,-0.02662492722509589
0.09645962613248367,0.0625704718797587,0.05075606431869756,0.05080028146968936,-0.006510518517863045,-0.09074774334788648
-0.027650259042289467,-0.1302626423650403,-0.01106720424260965,-0.027781036623550862,-0.0045182540949047145,-0.04855345473916441
-0.03745516189297263,0.16402938694150834,-0.07925632157717795,0.07447887240800415,0.07142270732529546,0.08218621190332014
0.13432809123825815,0.16046550210988897,-0.1267744766521114,0.03236154055982836,0.010918089164565567,0.08779498287558463
-0.029186351996731492,-0.08798282215585923,-0.034406441615009775,0.006815052241858132,0.019502634910378517,0.031161514850104537
-0.03885871214660254,-0.03937959067713495,0.06968295500782233,-0.009056655556053386,-0.03822745731434407,-0.03659322221437931
-0.03460572840356812,-0.05955323679937402,0.0733373321178635,-0.07592035297470161,-0.0716615101094103,0.006547383820918248
-0.0642255680789368,-0.0526185859686044,-0.03322093214250892,-0.057741766731409155,-0.048845318508279494,-0.0812709545670549
0.29066325583111924,0.06434941218501257,0.03749182564254337,0.14135379684429897,0.03828836460696753,0.03004956238415053
-0.014830408857184731,0.03778898774507817,0.11899883130903574,-0.002827930005226133,0.024215672207591948,0.09421187891515262
-0.009842062162275988,0.004254888617271012,0.0010553706665869555,0.006863316486599668,-0.013547280198201716,0.009784209438253916
-0.06109205238259545,-0.042175409240750646,0.020069440258476293,-0.029949907671915844,-0.011425374596116157,-0.05125995175766024
-0.11984310924736699,-0.06501375086048582,-0.046099837874211104,-0.08142708599454328,0.0009492812639999869,-0.07412575289536127
-0.08810907128010227,-0.04516926626174864,-0.08364676624999136,-0.06944826227995263,-0.05027347804250957,-0.03086439759906358
0.10925338908863735,0.045363571939273484,0.05576105429301254,0.056414453417560316,0.09518613202890991,0.052513735898206335
0.05479805713624486,-0.0575964017802118,0.08266648615431055,0.016762295570832902,0.022794345365879314,0.031604752744130715
-0.16242437665283677,-0.05717225586358185,-0.02218744081078402,-0.07610424400703161,0.008960165319429473,-0.07607654803760827
-0.023370833075625784,0.021790177706267885,-0.014325514235676651,0.013928950783227815,0.09113333080736928,0.03308375593936675
0.2859220557019216,0.03193055202575435,0.03351919347053227,0.06538568821857171,0.05405811547031644,0.04070675623460979
-0.035013007584697574,-0.001341960579532031,-0.0770036998924773,-0.09182543422284054,0.009886990590605577,-0.12832956507097815
-0.0509563136142049,-0.05428284126399216,-0.0004471266676474499,-0.013121214815170165,-0.010844848451583632,-0.08112854931155322
-0.029175998783531124,0.06784192833589135,-0.07417117208357647,0.11836419388657632,0.049871943621470835,-0.008325869778579655
0.16742562087006035,0.031122878300347236,-0.006722770590915084,0.12680710606898704,-0.03334170239989989,0.026067367407793817
-0.0239428488671686,-0.03546205773728575,-0.024792673837698176,-0.08891616755736947,-0.10007700408930213,-0.037631924911000106
0.13650288306031935,-0.07871675632407225,-0.05592502554014592,0.015044225156557251,-0.0014383090484031903,-0.023214983541061274
-0.03503690623064268,-0.03235605970818642,-0.02552699179634418,-0.0972154018604607,0.006559436784753878,-0.08550487026615794
0.05226710540780335,0.034181954910160975,0.07799836422095148,0.011581082981766053,0.032549179443080806,-0.001453989527872846
-0.0536527234887708,-0.0653976540171111,-0.03139606690551353,-0.014967579468014186,0.014741588438152788,0.0580364977251471
0.11562927365867834,-0.026352115529142267,0.015981633509842396,-0.04192579689669175,2.4872702635209057e-05,-0.05649814635770639
0.03806992792133564,0.03491986447889431,0.020347521833471657,0.044560554811965615,0.04320838279149074,0.03935111790337922
-0.032252848532118454,-0.0706635078863066,0.04951257777424703,-0.062146143995822356,-0.0633288156873203,0.005610977548220894
0.2029336457717233,0.06517793253489722,0.05646335612351106,0.10542238178789697,0.040136939744874194,0.11674444571367655
-0.04720667660536602,0.1386940017247827,0.11522709384433305,0.061114904905797664,0.04826049498602616,0.06059963738017286
-0.015039602397513391,-0.11423945372339958,-0.08477086759330578,-0.024264809468144515,0.024603258789849952,0.028686315472450354
0.2055356222401038,0.0020636525372225815,0.052543060216903366,0.12186068873915974,0.0699559169556326,0.01747745655995707
-0.045261998714488175,-0.0015181702366942901,-0.05954657965314446,-0.024285983301221118,-0.09010126051462573,-0.017765906709362872
-0.09512602261837928,-0.0820425894990223,-0.005254791191537759,-0.054556247167833714,-0.08170074003234637,-0.07156783644123339
-0.04262526046205512,-0.04542621656667111,-0.04429634357008292,-0.0753197099339396,-0.03587731470449237,-0.06047055497652188
0.1887213536813965,-0.015065308740965734,-0.031634043390723815,0.04171220412408011,0.0013721396748539137,-0.04964653472253408
-0.03600305815925934,-0.013937733293248301,-0.012237456663559713,-0.046304521976607144,-0.10543355632597008,-0.03636571908340775
-0.05767405827979617,-0.06580967598167885,0.015682811322700795,-0.08253995582605277,-0.048311920717140217,-0.12329871029667036
-0.015627863851486876,0.029217473576203006,0.031779131086800444,0.1296712707218868,0.0985765384921308,0.21062474839553413
-0.045724451714803285,-0.08948099211140184,0.03421054383129954,-0.044578610108872416,-0.12631000235918977,-0.05132974653136691
-0.010788351311545515,0.1741767127519745,0.02286789878381594,0.06684301308611314,0.07209308636635363,0.18014874805785633
-0.032568894449206943,-0.011134494155708238,-0.08778313358878283,-0.022890562177487295,-0.033756545011904095,-0.01928485708837854
-0.0404453122539521,-0.03980531465834467,0.0037086253178523067,-0.07533245060151776,-0.06971310781401723,-0.08713509123904432
-0.05435322979348351,-0.03599484783992069,0.0164346427704624,-0.15660738445099048,-0.024127133337258785,-0.0924724737371517
-0.059838010731120134,-0.04643687565977816,0.006039132900785957,-0.06813584558893891,-0.061610465172558596,-0.10634475223786141
-0.05003735234390031,-0.08798475772501307,0.002965213718203028,-0.040207987783155465,-0.07673753507102456,-0.07203848322716376
-0.07566076177628626,-0.05544897987499615,-0.0660504018840321,-0.07437301292398596,-0.039717420045611504,-0.06396917238755252
-0.036187550012627426,0.06351660395661751,0.018393613982036826,0.19572028754280543,0.08640779366251776,0.04900843961920956
-0.00542598111436806,-0.053583684301358174,-0.013331359554160576,-0.20596089563528994,-0.015004172199244676,-0.07708061760949037
-0.0015564050433763772,0.07334961843873984,0.015078281525097222,0.22387810775806272,0.18594789059580427,0.0706339501049868
-0.05113144600688411,-0.027017818827726237,0.0789070034067959,-0.03792368856766354,-0.020163349924071185,-0.0356643563292178
-0.03954447886461365,-0.020562093927841085,-0.04517956811628481,-0.05600084208961176,-0.10911625205854136,-0.053745834565189006
-0.04144596148006982,-0.008932574544025459,-0.06475663420147122,-0.06277792042686968,0.024232260669920087,-0.10299359271911102
-0.06525911852027688,-0.052887971790807384,-0.07959302666993671,-0.031084595977082272,-0.04984463199077276,-0.04786878510930133
0.001129529969181432,0.052812914993869794,0.08983241563557155,-0.007084366342225631,0.15160845557308958,-0.029400248716505328
-0.04378143833728544,-0.05407181896457208,-0.01664930585956375,-0.03552958282798971,-0.10189847578345522,-0.062119247979131965
-0.01490869892374886,0.048431753134902826,0.09810655535836968,0.06384711970983516,0.047460839662728654,0.03742235789233924
-0.043846013524533774,-0.052496688512391546,-0.09446479561331178,-0.10246261438613025,-0.032290759981551564,-0.04988870975738676
0.22159818658796432,0.06817189036601913,0.03964398661106344,0.09943184168592799,0.06951318782998483,0.10113124206019186
-0.016275148716293392,-0.04893993141770879,0.04474536239653453,0.022304612083160164,0.032394231762289026,0.04642537255506692
-0.044680273233643535,-0.07237725141785126,-0.04764774742247527,-0.10926395343076008,-0.03051083595414131,-0.04908064265999784
-0.04323840925684739,-0.062049702747435556,-0.052296717644155645,-0.10118040890589167,-0.011226683916056673,-0.026351747606483514
-0.016400105463297957,0.047060351025797226,0.04139290382102153,0.050699694775226324,0.06523871755242558,0.09006985496866987
-0.1682466551898863,-0.08029126625109208,0.01871199215704007,-0.04603835287134613,-0.024969684920474203,-0.04131750198627647
-0.015006413366756689,0.01335975999578775,0.1037455809722509,-0.029475746879998547,0.06938833214220522,-0.01769921778374204
-0.01841248383676971,0.013687126337073668,0.008230552607790795,-0.003254016865625834,0.021764130451666853,0.0040841535251981455
-0.03992999355396301,0.020672471623846434,-0.054789097600781204,-0.12223746052976635,-0.008083443000590872,-0.06668807707147255
-0.046404532191647536,0.001868467467914249,-0.025348141895849587,0.030060603448375068,-0.07893024281824018,0.03225598528791195
0.01200195495007444,0.07241423407034761,0.013157851228360443,0.04885114371069461,0.25179699192876476,0.057511758910844604
-0.04836068975676105,0.14188167766647455,0.0983745852291797,0.050729357638057186,0.05337541072735432,0.0641591804844023
0.20247648213756822,0.060741693618603654,-0.01845776775888439,0.029223269674108602,0.04049674781862056,-0.00802297525796018
-0.025103739775458517,0.04897257468709666,-0.06186091283820513,0.09581994513817353,-0.005349071714326873,-0.004889832233761267
-0.04818033371093495,-0.08083312872045988,-0.02979231801165832,-0.05981403192435426,-0.0008359930191375609,-0.020612178744764873
-0.021416925744572,-0.11254194465502605,-0.0163194194937632,-0.10301470074524843,-0.04111190404853361,-0.053898710708294786
-0.04569407959921906,-0.026466755151733,-0.022003807524137855,-0.050228456343877965,-0.1383133968374235,-0.03826937001219824
-0.026416286812341788,-0.04701443248801252,0.004873388530937207,-0.07840966585347015,-0.09560839329853002,-0.06676209464509816
0.0009793179919225124,0.14772290931998885,0.032817796021864534,0.05413897692421389,0.07302634694190127,0.07522648391032166
0.20206816003149872,0.06665671451800717,0.05614878059729884,0.10475823767345784,0.039698511482960615,0.11699274181780062
-0.056219982526474165,-0.025675288113139454,-0.004916279034893575,-0.07574140296621432,-0.037709516634745976,-0.10102827270654033
-0.040941072457530384,-0.06297232769996616,-0.06552171573695426,-0.09444503026109431,-0.06021558391589745,-0.00440209144163608
0.13648975023385343,0.01253855408648692,-0.14815570260522834,0.0023199110291099554,-0.01900564226241676,-0.027264851921236087
-0.033781810809364696,-0.012825940675723567,-0.03273275119323648,-0.08344629594985203,-0.011987447028028272,-0.046063641989761775
-0.0642255680789368,-0.0526185859686044,-0.03322093214250892,-0.057741766731409155,-0.048845318508279494,-0.0812709545670549
0.29818854950051066,0.04421901176616559,0.0052404469797072166,0.07121114933452535,0.10605092210391671,0.07919775397088137
-0.043744340961910974,-0.01901943949878549,0.04399479481711287,-0.040676813934069446,-0.002552346431764495,-0.02088776944782046
0.11277580445769883,-0.029202291968626514,-0.0024888155343324816,0.02778691364309593,0.038224737875408754,-0.01721151331027173
-0.052499678968493974,-0.03645861231197751,-0.021903340453349022,0.047897787528150104,-0.12316340923553755,-0.029071379226579392
-0.020201383036890827,0.008037621925463017,0.07638456905903823,-0.027360304302582874,-0.0090312717566924,-0.013792973901138175
0.24220036497779152,0.019882065908184487,-0.07059759114152317,0.06809342018954075,0.12034464074873939,0.03698597914902242
-0.04830348488623406,0.06314276087538111,0.06082284041080248,0.021060224153425535,-0.07644851285473993,-0.04937711058376779
-0.036045166147059785,-0.05352004918338915,0.03345323055923829,-0.1987956190138883,-0.03970470276415547,-0.0886902190436301
0.04563571813690695,-0.057865572753548825,0.034555243090125594,-0.09827270087815157,-0.03687232012775751,-0.06749422541002917
-0.12274377458510499,-0.10867518624636868,0.044661889365824436,-0.061822151082928004,-0.048917091440425144,-0.042778719488156806
0.013884588483428807,0.04555032282176563,-0.06223638811655423,0.07013793476944537,0.07986843658458548,0.056231160355070336
-0.03917370799907002,0.005671268129363735,0.04696618219680241,-0.013261809601765286,-0.01479572544378793,-0.016153897304398566
-0.021006294863886932,0.020254125758639937,-0.028662018474082392,-0.02113361174438196,0.060037840217850094,0.03984309271010594
-0.03430470584678443,-0.0031719625598757113,-0.04177174967984927,-0.04870380624647509,-0.05956364368493651,-0.0253035817067552
-0.034415472378611464,-0.040934947940659355,-0.05949663383909454,-0.07555848046099789,-0.06472608514607903,-0.020156952460550985
-0.042229318491357325,-0.017756799616771523,-0.052018642094766546,-0.053335019664172416,-0.09889190144147667,-0.040253383620773964
-0.025113613006584715,-0.03215444108420298,0.011671906666063762,-0.06607401811280339,-0.05914259134540446,-0.052679628501458645
-0.008855555038247623,-0.04093590526623318,-0.009660824374720373,-0.1989591376658523,-0.0333630194140327,-0.09732145963915262
-0.08279202439907205,-0.04655858741525818,-0.061768800003162545,-0.05719812951040767,-0.02035179046953026,-0.07580534680584608
-0.008717887008480439,0.05119555432560612,0.03655310018638045,0.12379692973851951,0.09088502527887214,0.08681857338502838
0.21701883348206244,0.06314375818922735,-0.010985343913154907,0.07611899958765159,0.09902408116761319,0.05230050383951925
-0.03320603293232257,-0.012796359892574816,-0.0795118812915335,-0.022487852563259043,-0.034379513461822477,-0.024173310410826328
-0.044951248116364494,-0.11517958641935527,-0.0676694441657278,-0.013187003617601053,-0.05418077157091901,-0.06406509603215295
-0.04265117518866093,-0.07091307765496299,-0.0655526143585784,-0.0073180226321147455,0.007149279432441351,-0.026689023001566926
-0.03424630925251671,-0.04511001915540412,0.0022958691145728303,-0.07371543404105543,-0.04330161220933804,-0.06623522061010052
-0.018217205342754457,0.1353868961391825,0.0681041593201843,0.08738239074166412,0.10755129736189495,0.09465192904358576
-0.008370678604806288,0.18508034265827716,-0.004848439170384458,0.05342949066464992,0.11380619544301508,0.1498124047674558
-0.011210938073935344,0.19465428197609663,-0.04509929149677441,0.09221410296453418,0.05841091678376341,0.05736023348549107
-0.04424972229337877,0.004380045288795181,-0.05972309260005316,-0.021875653339153128,-0.060989529190303454,-0.04540320861206122
-0.031082892019902324,0.011560523063571184,0.020636918636778065,-0.00668807904899435,0.006607038502376563,-0.023357984164571133
0.2069936126917544,0.09653173013065532,0.0016800137842472708,0.10128299839075049,0.021043793767626606,0.07323025911761895
-0.05997485967715293,-0.06951875147858207,-0.05895005691203366,-0.07796564569085525,-0.05394212334735734,-0.04031854498149872
-0.02698735446128814,-0.001972295928559076,-0.10698748753260423,-0.004308918310363929,0.03711485990526755,0.03337662230137309
-0.045041455131027135,-0.010652234796307872,0.025555164340279133,-0.022143056041295302,-0.07949928276168287,-0.04555046613443575
-0.030912058422551323,-0.09777773722001495,-0.05575931125803414,-0.03087896755095311,-0.023430521276317517,-0.06717119312463452
-0.059762985980444536,-0.021313134334365776,-0.027678205934304007,0.051857315136052226,-0.08486895224405616,-0.04093983277483354
-0.01928813889767207,-0.07181621502827958,-0.053383926175665716,-0.015521057306249945,0.005657858231236866,0.001085410327563234
0.02501399624746223,0.07946273819273396,0.011757845687821166,0.12648992915826285,0.12992373731324208,0.11508302127427612
-0.06293663711043274,-0.04095874873988497,-0.06459098614326451,-0.03559456573441194,-0.028964195350673818,-0.06842772825769396
-0.010864237318553698,-0.08148548392862259,-0.10309265727546629,-0.000746149944330341,0.11820419626987796,-0.03356493045160665
-0.04673272628974126,-0.04513916059025415,-0.03755292995194606,-0.07267841072747246,-0.09032948596889455,-0.013336691221686483
-0.05099197108896886,-0.0704920389977021,0.08073266686476765,-0.015508432330656047,0.004686215837207295,-0.02374138425565881
0.2508553253331734,0.03484043631817125,-0.011347413408453709,-0.01243192283194158,0.015464153473288871,0.0107630781672017
-0.01239675946972345,-0.018516606132442548,-0.06377249826278839,0.02226212662173512,0.0645410825177257,0.09807134134889406
-0.02003922539409039,0.00030936019029306197,-0.05451091531198426,-0.12251088266488329,-0.042725488649517154,-0.03638779342420033
-0.05410320173990077,-0.02189228905932486,-0.06507397750711551,-0.0471494196175156,-0.03382002910393983,-0.13045395141635163
0.006348842025442611,0.057097892390512654,0.009728555034696955,0.10273945451528234,0.26456372184890864,0.07196714822353541
-0.03531014101287256,-0.00960517667125661,-0.04758857149792534,-0.05129304439658582,-0.023890523388365757,-0.033230277997550454
-0.024229497259193437,-0.09627879214591076,0.017259165594329863,0.00508862175888034,0.034194877470423726,-0.0037982356153553687
-0.009246046533835293,0.019075351653427552,-0.08174183673439545,0.027188421641896946,-0.017787658155346733,0.022562218041511928
-0.035408918972582686,0.2560347575075507,0.04943609257525552,0.059979996299176816,0.06961349705361738,0.11366083557023178
-0.029803459022770377,-0.06772031866723857,-0.03736066129646578,-0.09838583170338884,-0.05206742356094067,-0.044308613440591414
-0.0285866395905649,0.02324666182847528,-0.009432576256539548,-0.017649247424373064,0.01610110509280725,-0.005476621222151315
0.23663320077646904,-0.013076323956172906,-0.08762125506915798,0.06475265270616501,0.07795166342495184,0.08714276467819733
0.19116266210866878,-0.07452401717830585,0.07435897716581165,0.11961123435223729,0.052035405603087476,0.06675533784450596
-0.030712342096165038,0.13700220874197705,-0.007942809150787721,0.026594466126516416,-0.07509320056754681,0.005333169399054943
-0.040668014625689114,-0.036122336442368265,-0.0802906965282975,-0.022485674981954997,-0.02246565706606518,-0.05535208900982128
-0.06150120830029355,-0.020360862946629633,-0.06118851922692922,-0.08730229943197083,-0.061074071657441886,-0.06761081774461448
-0.0550138672465688,-0.04376105197027418,-0.0862620654003476,-0.05749202584524715,-0.042117345360417564,-0.02469576419616321
0.005108907385796459,0.2352442129590691,-0.007708973700761886,0.06653088960241792,0.09476976972578738,0.1504159585760365
-0.022517742007067906,0.0062915314540555305,0.012912562242563637,0.040591383112936606,0.05817075192500379,0.07019613006252053
-0.034920700048749476,0.01544923619215461,0.03559935721777135,-0.10587972953210077,0.012794183138239877,-0.05603879546736249
-0.020444347065560604,-0.01215160806845658,-0.06958544843803635,0.03547351049410203,0.027166009363969006,0.044678446138811216
-0.024933826572739102,0.06265836736782149,0.0666737417909536,0.05083339884073353,0.09855928690810824,0.06284433490964618
0.18769651434368953,0.21799184397474047,-0.024828005051558688,0.058931635610925015,0.040719613851048435,0.11104236812300695
0.013567212413794123,0.1332281160462369,-0.015763045049136615,0.04321600184947988,0.06387317621170838,0.06706904310791764
-0.012187597546643992,-0.029931707045412207,-0.003397036663583328,-0.2102532082497864,-0.026192921806397724,-0.10923813659090695
0.13988640982876355,0.15405544522477818,-0.037123153490012654,0.04264478178635426,0.03224839410191946,0.1192902092676664
-0.043176482025114864,-0.1056583796461617,0.020616549257705803,-0.003916240476538711,-0.029765256974913595,-0.058541736923387926
0.0908547052416085,0.11139771944941607,0.05496276186151121,0.04077299210305649,0.021204713706255506,0.059186672830297396
-0.04251423381961675,-0.13613455805980504,-0.04687272432211919,-0.038989044886500554,-0.018814942491180167,-0.071046707230412
-0.04413234814091604,-0.05881264777921989,0.003814584315884753,-0.1009767106669482,-0.09802914730286272,0.011776990319958762
-0.025445038294061893,-0.0649492477787895,0.016483060294733873,-0.04602656114507474,-0.08738758027257192,-0.027996377195753992
-0.04092256001758466,0.010656225593921723,0.05322076798444896,-0.10745162755966489,-0.00874911469737955,-0.04034291147332034
0.01524261033088285,0.07567568936261257,0.03208778259648443,0.10342157305298012,0.20807299809252724,0.07814301400192626
-0.007011670140071377,-0.04104290394668446,-0.043931783733554844,0.027039489453144883,0.09612314533154719,0.06845956033542708
0.05342560839224757,-0.0773557536718355,-0.006200753249609414,-0.11714323067521926,-0.041881602040754244,-0.07727915273007424
-0.0447554772336076,-0.02556043780525893,-0.022601688224648152,-0.0740406904498271,-0.01263077187710059,-0.09666247607998227
-0.044647227542357275,-0.0422142082650275,-0.008499276585067855,-0.012523175852394836,0.030060263624032614,0.05613211581183874
-0.031057660958802198,0.009378549427051495,-0.02727663102927228,-0.003192819247454853,-0.012016044331922979,-0.0359996613812802
-0.018217205342754457,0.1353868961391825,0.0681041593201843,0.08738239074166412,0.10755129736189495,0.09465192904358576
-0.02450750638454615,-0.026840200858238968,0.01402145170220475,-0.06472210456078499,-0.051754103082001124,-0.04864005298811117
-0.03315632746968077,-0.05689335052857207,-0.08042881515203179,-0.07150803073032923,-0.025214634846468267,-0.046946742631451356
-0.0004996167820087888,0.008019775883246844,0.16991607992329696,0.09622550058040003,0.019607190207713867,0.03745124611633031
-0.03223936251780909,-0.012084559989377932,-0.08450038702406257,-0.017680030226952154,-0.07764741065383968,-0.008022643164944093
0.13650288306031935,-0.07871675632407225,-0.05592502554014592,0.015044225156557251,-0.0014383090484031903,-0.023214983541061274
-0.030327349329164865,-0.060517095382868494,0.008552768715979445,-0.017035190443390167,-0.07423665556543024,-0.025462818859429668
-0.03601201856572902,-0.08408530503383704,0.048118082023488544,-0.05667188113754064,0.039509441976894426,-0.104100456671939
-0.023329211184203898,-0.028988217951411852,-0.08664277886569642,-0.11929985607480917,-0.011903289086127661,-0.06381142827936524
-0.03807101822243464,0.012377426465700052,-0.08846735136392478,0.05054632512714318,-0.02258658384027162,-0.04319049139289169
-0.045261998714488175,-0.0015181702366942901,-0.05954657965314446,-0.024285983301221118,-0.09010126051462573,-0.017765906709362872
-0.03422783164041174,-0.05106042381166109,0.017523574835163057,-0.10218436120435251,-0.07253529230708734,-0.07355868439345543
0.12865465444092195,0.22568762846926424,0.04038104181951921,0.06367152160191834,0.025666998709125175,0.12343502604811643
-0.04260213216138353,-0.14111873357017996,-0.009762027571496986,-0.04197469017482036,-0.016542914718785204,-0.06422362377370144
-0.03373477657151051,0.038834787712407025,-0.04822260169907499,-0.03174241952046317,-0.0042759936357128145,-0.024380753539816107
-0.05699802478325697,-0.039818070130332346,-0.02505174113192171,-0.015813230499735605,-0.11590386333609433,0.03756476623497692
0.1860787650351448,-0.04948744336742316,0.0893303491974392,0.08913320813726239,0.03952544984265005,0.0029487481606175715
-0.03595091416713766,0.0008618079415397029,0.007370451827225554,-0.05391784884832256,-0.0077757594283571615,-0.08042251769297316
-0.045246793465495504,-0.00515539853752514,-0.09748287290751673,0.009378542418924343,0.011130799170805401,-0.005004974772307409
-0.023422392071216543,0.2169114805433275,0.06358594937309692,0.07580594940077477,0.06288994768978035,0.1547243567937601
-0.10471955941572764,-0.11506302429207586,-0.017326379371366454,-0.06492735319712743,-0.026127134854097397,-0.032163407714379894
-0.017668447355375854,0.0017149492125275916,0.10274717973438913,-0.030727498928053276,-0.04315917352148869,-0.003466844865146882
0.18651456245917086,0.11757275860283421,-0.05247456339655139,0.11580386593814464,0.01780021836322894,0.07100826231815205
-0.03303305883422143,-0.004380081177616656,-0.09777473883947169,-0.048000320618613986,-0.0370831025493299,-0.03225782639750941
-0.039293260900871374,-0.004088398399311169,-0.08887107645701546,-0.02816725946691282,-0.07709413488077974,-0.017440316980501292
0.29623016389896883,0.06394908258821164,0.02596881671599015,0.08221381608470395,0.06024484407696696,0.01963565517481845
-0.04504809159627775,-0.0758190553129714,0.058443759228150455,-0.036200446100719805,-0.04519785021430336,-0.04249988704154117
-0.03747914146662778,-0.009649431067321992,-0.0790203938224793,-0.020071346698801888,-0.09348142639439151,-0.0256521125501434
-0.04350564294859494,-0.0034529881613359196,-0.014618133431090185,-0.053363765752962145,-0.022655083245469318,-0.03759601434428854
-0.013564580880639663,0.039107001706549877,-0.05047621700901471,0.01987281388437516,0.09098082756229027,0.03651510892841391
-0.024796603080906192,0.0034493935577853785,-0.011540647121312945,-0.07445947309974797,0.018806269044090128,-0.032239071043666176
-0.049786027293581996,-0.10883980161185866,-0.01942681479948614,-0.05117620324921157,-0.019261604347910785,-0.04079508732395857
-0.01816841965194309,0.20904075448203938,-0.07769986638944891,0.06243155657043292,0.08352040858770815,0.10624896034802049
-0.08536191394003041,-0.06356906473141478,-0.046000611797411384,-0.08935112559651157,-0.04373633177829517,-0.06246727434478605
0.015557906519271919,-0.10578957703316083,0.007547112372180658,-0.09482478607681921,-0.018246306735122557,-0.061807064226052214
-0.027860917311865338,-0.04149639000299035,-0.04078108864380444,-0.045586837043105434,-0.022336762746468786,-0.02878408631899853
-0.05451826150301358,-0.06966347703505901,-0.0615065722083742,-0.0602849970710862,-0.011271455438713914,-0.028765938536939643
0.2521634248634806,0.07227801081191629,-0.054818738498058545,0.09864060235954718,0.05529881986328429,0.056074276465604395
-0.03320134907266375,-0.06325005591035893,-0.029916202187602686,-0.05276637095100075,-0.07154294091210119,-0.06710421336770081
-0.03176699077717075,-0.12125206614756254,-0.08422599780387731,-0.02221573020238353,-0.023390269447882223,-0.041402880314029875
-0.035063977582229164,-0.12358136738744997,-0.07306923108812506,-0.014323205049635713,-0.05326411984271545,-0.06728422524406016
-0.026489043024325993,-0.031215455786178372,-0.08283950803575515,-0.034020458825751165,-0.013614495622160777,-0.023088342054775213
0.06418279977056422,0.007882738907984922,-0.10392564295221152,0.007694272755120697,-0.007103920626801171,-0.08998563349599414
-0.00815785146303163,0.01307674637877989,0.10923875407161812,0.02729568207410412,0.06815022781855208,0.06869566423052555
-0.057024800248967576,-0.09798591831444849,0.014962905177325635,-0.07944176842717882,-0.11786460439024463,-0.01757034648717003
-0.029433972985613396,-0.011712769983931792,-0.0549841541934495,-0.020657584522278172,-0.042187740361209425,-0.04052579938024352
-0.027572774230428785,-0.033473503263359974,-0.026267615545166555,-0.0717590654886449,-0.1250682924406429,-0.058303127500843675
-0.04269965724540699,-0.005311614946175687,-0.0640246740781172,-0.032724640036306485,-0.13265036768536675,-0.05302441914612844
-0.045962094096011555,0.017380285610629046,0.050690905214025445,0.013502070051166715,-0.05482775641210599,0.013561581519499474
0.20433262214936895,-0.03438227170783995,0.07834761771789628,0.07211862086774899,0.015595415278065825,-0.00047738583304214
-0.011745135703999987,0.04920360605806335,0.046514738525426494,0.043577411830762365,0.033816889887888654,0.04655972084159169
-0.022107883670032153,-0.06898192283588862,-0.06039548434055844,-0.08299219735751158,-0.0540250602405789,-0.035722783017461714
0.005408452264843197,0.029931258189648893,0.1903218920920737,0.024805934616049418,0.11809562539874643,0.036274170917983815
-0.055682761095814666,-0.03459832432500633,-0.0070213072734723065,-0.12936305003613408,-0.0723002083234673,-0.056729110746005146
0.13822415150314202,0.13699232400698905,-0.12483369297584605,0.04150891958692328,0.035168375268903734,0.05561384974384163
-0.014595479247746387,-0.025826181734910282,0.11833021414151622,0.127144195153293,0.07756526274403416,0.10920360625308646
-0.052608467485398075,-0.03551218852880663,-0.02740985207775843,-0.07392796817417108,-0.03322070688657732,-0.09604023213802712
-0.03049173858190526,0.030784697932945825,0.08086511131655534,-0.011146774332051482,-0.04898499618644811,0.009889513614977427
-0.02652184070207326,-0.03153142681175441,0.024727622604799063,-0.017619082781292185,-0.01242252904498611,-0.038653473433944964
0.14193027207266784,0.15344675961840068,0.1559324228721142,0.07467437003030646,0.019295453227334287,-0.0015447095735982921
-0.009215917536333766,0.06446217958043268,0.06780313387330035,0.0367592465643256,0.043478149372382056,0.023076016834661327
-0.13187467219073426,-0.04300915613465932,0.024531602577089036,-0.13744338331014594,-0.027765450457898046,-0.055496294581366394
-0.05810462182880697,-0.08910838235067156,-0.008599440602092232,-0.045028239510283376,-0.004892495553611689,-0.016537347419804966
-0.042579667448769856,0.1611692808134358,0.02075528200420387,-0.00025105323647946925,-0.03963696665841187,0.01316210627943327
-0.03981133556988109,-0.11769224435349718,-0.049316833102157336,-0.048222761509650235,-0.021193728635507,-0.06213083718790375
0.1083435287567228,-0.019531022916671737,0.04393353822624052,-0.040834765728986096,-0.0005997682989841675,-0.05606127668519314
-0.04368810524642479,-0.05708810504756723,-0.0004565866966329235,-0.07383702554458348,-0.05645593016674885,-0.07563181572391336
0.06228417324669637,-0.13488731568516452,0.011466287237556256,-0.07217214145725853,-0.018613500577446186,-0.06726408723784855
0.008050030322805032,-0.2009554104251038,0.01762465429875161,-0.023235394444699534,-0.08457368432397755,-0.09886801833772428
-0.027963071115343765,0.31001742385249936,0.017049853389429256,0.0568957044777563,0.09156036713885443,0.1491523122672676
-0.04599235066243733,-0.05706019346176358,0.016406028883659017,-0.01031876483720132,0.029329117704930418,0.06898337522323995
0.18798677819160983,0.016088926420292887,0.04321314187846819,0.07968319575965971,0.04777741813185903,0.08383698418818711
-0.03679680509164181,-0.13283651886172648,0.046217201048388445,0.016287367792184156,-0.0573429690756279,-0.09061755380231874
-0.04093458014730386,-0.03903463364292807,-0.034798787604851646,0.03506469562165082,0.0019293702227274813,-0.043194306678487206
-0.04088779832658037,0.0175947458909744,0.007619259320065291,-0.022445227800019462,-0.005875641049251027,-0.021879479220566694
-0.023035980750136124,-0.008461500461741012,-0.07579368207233056,-0.11098153096233013,-0.03898555546254193,-0.032123939643926645
-0.08010935160106687,-0.022056515651819587,-0.05101393795259475,-0.04991306407130384,-0.032470886636634874,0.00013311119163897533
0.053772363319561825,-0.06059210342727756,0.06030497093913774,0.012780882385017065,0.016566117608695367,0.02866375458250125
-0.03979885613188082,-0.042271012203962975,-0.034725338494300734,-0.05868828364841762,-0.09493268582307669,-0.055131825336402006
-0.038205767428656764,-0.0837264261050764,-0.04848294817385328,-0.04641813103205994,-0.02028338421222465,-0.05628055041121004
-0.03649015313770824,0.03717490656774469,0.005828834787215665,-0.019187054081894184,-0.0351674603954124,-0.03906765014476785
-0.03798254668865172,0.019206690251948006,-0.0035675709325859784,0.11136229801087397,-0.054971036996906704,0.06731905485529625
-0.08316908417979532,-0.023847012780781773,-0.10294356872616729,-0.07206672529755753,-0.04059460804602901,-0.04166322133836975
0.09130966937993251,0.047914971245085806,0.10835286674420082,-0.06503689460404663,0.019043486290188913,-0.028670230370068522
-0.04583415757876797,0.01616749477996575,0.002362838993793938,-0.00038429793478094197,-0.06965557592333746,0.016453269638816485
-0.08488803778333572,-0.0632854629908933,-0.05161493876922595,-0.08440945554188922,-0.03975025250247475,-0.06510960317205942
-0.011993872330705004,0.007440487309589361,-0.10027910011727915,0.12407564587566593,0.017342951360746876,-0.015149568846370939
-0.035408918972582686,0.2560347575075507,0.04943609257525552,0.059979996299176816,0.06961349705361738,0.11366083557023178
-0.023487736985885695,-0.03640662708314731,-0.1400316977104617,0.032926030694455426,0.02863171166764309,0.10834761552018356
-0.013202980751403413,-0.010188061025774225,0.00242045382352259,0.007993660223307646,0.03832695178800236,-0.011523502839588598
0.006877320611720222,-0.02840833326052562,0.10483610439506054,0.08386383476899813,0.07783600722234249,0.10532795762614072
0.19726387059292183,0.07358022505350943,0.012748658221743231,0.16833073558965747,0.0008750554145404483,0.08359102957436665
-0.024514123099904906,-0.016190045762889734,-0.02778520682703185,-0.04781375224001722,-0.09336833835248423,-0.0445545630313989
-0.021408863181516573,-0.02859553297000624,0.13061121862670588,0.011056660383459942,-0.006268824033035877,0.014888415219658446
-0.04455784314760676,-0.008318457549954809,0.1058771734770269,-0.031217651851949458,-0.009552424369572715,-0.022897397917154786
-0.03776028723271241,-0.013470383840470928,-0.042521778613382015,-0.03620387495429868,-0.16322138126319458,-0.024985314421023752
-0.07576867652148485,0.054959325740244994,0.021387007187389614,-0.05313987120369486,-0.16878252785586564,-0.008191317378895465
-0.032822327145038396,-0.11471093153012378,-0.06191284599158718,-0.008407568797721426,-0.021364778279418416,0.016124673133067174
-0.04840278409007884,-0.05296450950343837,0.00017666924025520835,-0.08919499162133299,-0.034627971711433524,-0.06860359608523572
-0.03812658596522811,0.007909359215597439,0.0964171424556714,-0.008385100193525119,-0.06529785595901269,-0.010164592322697329
-0.04271446786222213,0.18091629140919832,0.029335913445914786,0.1087455863275237,0.06489870595632433,0.09958951648385712
0.1490367262857248,0.20807287015013753,0.059014994186924775,0.061137340117284215,0.044257067405100756,0.08402764669934619
0.06816668438954974,-0.13885865296131952,0.023102670457517144,-0.06925794728754467,-0.01918653715320772,-0.07961359112924986
-0.042212003286176164,-0.03758080817699132,-0.018147383025104703,0.04164375705369193,-0.04746939891962538,-0.05685632354643904
-0.030768577547616905,0.127502979063753,0.14760984288557263,0.08406917243883505,-0.0056178078441597185,0.0026374343559999957
-0.03309147549040426,-0.059045458508694366,-0.05309982106288747,-0.09367464904255343,-0.09869961358767057,-0.0010986019825420204
-0.04825756343962196,-0.022516604240058028,0.025411466597546326,-0.060848105549891035,-0.03945314662483585,-0.16076709703713443
-0.0574899791870981,-0.0979741552497705,-0.003833917184022351,-0.08244312647559171,-0.11816843286919292,-0.015124631850149894
-0.17722795366902583,-0.030860405362083513,0.009394540844826552,-0.046758889235539024,-0.08900704608019906,-0.05745514011499744
-0.047092520007377084,-0.11473031866278526,0.00298483970478221,-0.01792960601812729,0.010941041939859916,0.0018514044526896525
-0.036654082081801376,-0.03143574293333846,-0.03056651233188908,-0.022522190686469948,-0.04110146686802944,-0.034310869266986836
-0.0062583045232794685,0.1715289651735455,-0.026569996174276557,0.06497649210372371,0.06852103611883163,0.1665851753900467
-0.04531402730941058,-0.08955065127704519,0.027476070853762562,-0.049451536122071246,-0.12470783301565447,-0.055313245271878586
0.1215087298207638,0.2141329210977618,0.05778361725285015,0.05452544282923506,0.019484004579913634,0.08510696875322898
-0.001556151945013707,0.18819248993837476,0.07852077116479876,0.034731779601157343,0.0001716634485212974,0.023057562833151326
-0.02657812239253277,0.005565261955194962,0.05279138240103595,0.020017827676211533,-0.005435932887608197,0.012610683179271463
-0.03635949886290748,-0.0476210497912677,0.04366132006740762,0.01479311579233973,-0.04134986152573603,0.03932161688179031
-0.026236253790248156,0.17186473717125156,-0.07076176065696595,0.0517375993694519,0.0350798721619632,0.12056175057913315
-0.06926987775369935,-0.062143482131639484,-0.0023343627049217178,-0.10666442329163778,-0.03590280860104027,-0.06573575799358598
-0.050027834791042454,0.021208074377815102,0.02216525465000026,-0.13309889906043698,-0.011302218101987489,-0.10448253631463587
-0.041482094985019105,0.08527302191660993,-0.08276249531381895,-0.016201347680660352,-0.07425298847616608,-0.027288821279013498
-0.07027221622580282,-0.053839414274129915,-0.06478123234294593,-0.06611523285951616,-0.039272391424007506,-0.05624878557558668
-0.04056411060122859,-0.07654260836941369,-0.06505910717182424,-0.04096797265890229,-0.07536096838898655,-0.03671639053495932
-0.06057811653153328,-0.01662921089937413,0.018239803735656396,-0.005411528942434289,-0.11336770365215831,-0.04421659214033876
-0.013618680666334714,0.046543826778154794,0.0775913667061174,0.07584384206617234,0.061967618368968136,0.11775386204012749
-0.029581141343350468,-0.10782180074896888,-0.11652433953805827,-0.009666833860552934,-0.019650295534332726,-0.03734869116032044
-0.027667202004595454,-0.13284422734696416,0.00997671549990054,-0.04731682468331835,-0.04816346738672408,-0.10629557534100746
0.05479805713624486,-0.0575964017802118,0.08266648615431055,0.016762295570832902,0.022794345365879314,0.031604752744130715
-0.020506898747910885,-0.0311889530094945,-0.06116731972063078,-0.03346007785525048,-0.11993302150103376,-0.0034395347433896274
-0.02398982042038472,0.07904476884413819,0.08714532233226767,0.15968211102791866,0.04014218870231345,0.039310122098013184
-0.0281132056117331,0.16418664829474391,-0.03690433506984587,-0.0008310671867267697,-0.018630457786772737,0.018369212628307898
-0.019148028623447954,-0.04573577128556028,-0.027579620474084417,-0.0047028530164392795,0.020036682331110948,-0.0055867049593682095
-0.05952965149257642,-0.032891353130597135,0.023682643322250337,-0.029020838887443,-0.006363847308480351,-0.05058190524181503
-0.0313831472500283,-0.029462465477156197,-0.0493548227595234,-0.14057592668833338,-0.054164778889625745,-0.07433788025471652
-0.04751155550009404,-0.01928822321347511,-0.040539387929656,-0.07706351588589384,-0.10856069558521303,-0.037100422151595064
-0.04051972886710731,-0.0024267896996517926,0.02794598213784473,0.0020689184990885664,0.038774465829123334,-0.010892999364329865
0.11155707988804775,0.008167268473745744,-0.05650384038891361,-0.02522681228316896,0.016501998490059448,-0.05348382029184822
0.007776230078773747,0.06656358784912667,0.18666862445653087,0.09846614901437649,0.030405028572847576,0.030927257379905003
0.0012344440653351547,-0.02207848406998919,0.01942549320754163,0.053600691769922756,0.12233803736677973,0.08371195266835718
-0.03217501439599724,-0.10722106811070242,-0.0769014723518529,-0.042413775719986606,-0.03335708125076482,-0.028264013817090993
-0.0283484622390519,-0.02585278519765115,-0.064495359582947,-0.07659305649950159,-0.10115301500656343,-0.049315340116260174
-0.03729977662506072,0.009421931604180962,-0.00582295318403707,-0.03549265843689662,0.03815561869081509,-0.013751326711835972
0.06578877213875778,0.0021590204798365106,-0.1661291463619163,-0.024851941299713732,-0.04569928313817483,-0.02776007431956375
-0.05198577106618453,-0.048727566703556824,-0.014758907358099045,-0.03970551083398441,-0.06427956768471159,-0.03723107532348879
-0.12509546213519435,-0.05953032980986029,-0.009276405625386444,-0.05406031172152998,-0.07615964207250396,-0.06779274225254417
0.13709205272652464,0.21315860160111555,0.04278070776740996,0.053148654692333076,0.014466502665580232,0.08387593411155916
0.02255159182252404,0.08270882333233993,-0.012228512095549758,0.1210358395616977,0.145169521258579,0.11556496335747458
-0.00693261459437325,0.03223378787510985,0.13172266341627434,-0.014603994368596305,0.11205500543703815,0.016522704376045163
-0.00491404894752952,0.09427366281124974,0.042050280808183724,0.0472801242968222,0.06546400396617731,0.05925117221147251
-0.04945875345449604,-0.05133876042717904,-0.03135374118738604,-0.06695556689489732,-0.11850480800822574,-0.028170036641486786
-0.013248399383469852,-0.02624671480217194,0.05215403630865804,-0.014690977739106017,0.004235897487695186,-0.030249202624842143
0.00039405596486982855,-0.05464120984022845,-0.013247601556168222,-0.2011759037139835,-0.016011556694873474,-0.08522718327113765
-0.04568424578184492,-0.10576436053210071,-0.016826668679213605,-0.029646971863699963,-0.04888526279678853,-0.023316069069117536
-0.021969876350773777,0.0490645590059873,0.10519446180094787,0.0024330622252613904,0.034526645143482596,0.015311936376786918
0.2463212262405107,0.049737909802603765,-0.07783137561997332,0.024493346921521626,0.042454104341821765,-0.0003726325906074573
-0.05567176023860448,0.019615977709967574,0.00211483279913327,-0.1958308558432455,-0.022947733926675793,-0.09544109203980236
0.01406409662438747,0.03941381974268019,0.09847429641566102,0.12453202353411885,0.01218224312987975,0.08059601898864348
-0.06867052187258087,-0.026487856616248702,-0.04899007166748588,-0.05108814415904556,-0.005485610620666966,-0.08677319974233429
-0.020240996001704925,0.09815619924841303,0.15152113501916536,0.04470760271862181,0.03174346391051986,0.044311213011960796
-0.05165375321273876,-0.04363554754197317,-0.06552560170885686,-0.032392515744456375,-0.10459628303457175,-0.05414826070674268
-0.018729134196706732,-0.027676876334053118,0.06335238339513877,0.03373421176167283,0.08006766882075811,0.10469949307380934
-0.1726758389679495,-0.032576715774157876,-0.014786021974671371,-0.04549750569205323,-0.07133392278194585,-0.05504488842624059
0.1138658982782233,0.22847677257662907,0.05939688405286475,0.06692110607882239,0.03746956964628655,0.09469358148886055
-0.06576179105296241,-0.038791267488317155,-0.048175093481580646,-0.04304930677866352,-0.03769232897754936,-0.06127811911046908
-0.0261927097998523,0.01043729672701506,0.06659572422934748,0.1073939502531177,0.04465559750102156,0.006796745598443152
-0.05054358391702564,0.03850871553191392,0.030709137301124467,0.022262397123980832,0.027006615138746966,0.032970989434250204
-0.014918236512291402,0.12480431531101943,0.10073148715991825,0.1782844049368265,0.09117883128227017,0.0584182625423689
-0.04165818937685646,-0.12745388818408,0.051659834284146465,-0.03783060883162291,-0.055226193595178774,0.00010299610466471773
-0.04738568944266516,-0.003832134070050963,0.05527470545158809,-0.032824743054367875,-0.020093965970478186,-0.023656366879919778
-0.06062003794829575,-0.022641467628951535,0.00268205801213602,0.009883922173320537,-0.01902028787094966,-0.05878756460602636
-0.03442860903968421,0.041398960030247026,0.06517742340206942,0.04410768650452587,0.05497392613149153,0.036485728924441144
-0.0324602914913293,-0.07079592896807033,0.04569558578744062,-0.0692494694978759,-0.07244095267381818,0.006185704766962156
-0.013211301950915329,0.10903071811159126,0.0698750204901445,0.011787483917840146,0.012121065754854235,0.027296115363274812
-0.06537870338316028,-0.01593571732303843,0.05180572223396507,-0.013254543665906235,-0.007428115504257214,-0.024429090539348913
-0.07971428122984102,-0.022490769014618717,-0.05961193643862527,-0.04696383535651626,-0.037918020143745526,0.006552080245448129
-0.02687982144733739,-0.07990296119222631,0.04536643682916255,-0.05113232260136614,-0.07225637645110844,-0.054684949298980275
0.01283920885836443,0.25466007509822647,0.021235888927208648,0.05143522175457357,0.05825991185308154,0.12016961793083387
0.20308965568056198,0.08218389796219384,0.08363152075911062,0.1427146306228033,0.035797072736622235,0.022235088659039035
-0.02243123313370847,-0.040088217137631214,-0.06510732254802191,-0.060352786166351015,-0.05738345027551443,-0.03935340533546819
-0.023576880409530234,0.08194083803690622,0.04192906440743698,0.21788107037208398,0.07113318512107356,0.06288320443714253
-0.03351996729251031,0.16789956428054062,0.011140567590040654,0.10909360353239855,0.10209580327346417,0.08883458493603547
-0.004703554272331311,0.16692948923793935,0.0034940704385269345,0.0857437700217397,0.07699601391860961,0.038677152930501876
-0.0394395255313005,-0.12173124087231903,-0.07672446466822976,-0.01909219162919803,-0.03469538320829092,-0.06660948609350366
0.25823205809576194,0.07472713949519737,0.10772929833434505,0.040861697119782686,0.018750535682846035,0.05921793021360301
0.01976469328583003,0.11703704788348526,-0.04609117559565384,0.030560352929959542,0.03310841297859308,0.045411411600912645
0.027271993981974847,0.08151022249629798,0.02251128778769056,0.133570850223394,0.13249316896331134,0.11852322729119938
-0.023401878124460585,0.01964702319499549,-0.027437951365676987,0.009687864131213053,-0.0015802053560838433,0.01185372977011917
-0.04473733731937189,0.05574645710756494,0.10730945301452843,0.027531470281576986,-0.07195721043825802,-0.028688659914893493
0.0941776982977774,-0.023957110736094994,0.014339746214552146,-0.046203142769581526,0.002480505658713479,-0.06479077279048377
0.17261555537298431,0.02820220248313354,-0.06740203081691236,0.0017399387124143765,-0.013759987732090646,-0.017271163963331605
-0.025376304015075842,0.2263147604312282,0.09155063955524106,0.10338050321808316,-0.013820103023929834,0.059913451588309186
-0.02460539999953876,-0.0864558570808958,0.03391666826581712,-0.06297425381068804,-0.06528795513125275,-0.0843261525208382
-0.03543431156227324,-0.013211847333062767,-0.026869964713804127,-0.09814572993905055,-0.05302438416730367,-0.0848175593628059
-0.052272682907671716,-0.04457073680294386,-0.05742383347286129,0.013997885971592617,-0.11267326620575115,-0.047283967154282104
-0.029035127490826203,-0.09310460799653943,-0.03714425424974879,-0.0014633814195733424,0.01631418465342102,-0.008767473059567921
0.3699707412666162,0.056177072887991904,0.02317189000984215,0.04855596197364591,0.05806903335549267,0.046841261590245584
-0.02097847587087616,0.05571962102649412,-0.10853230775226352,0.06562679435256466,0.011252824143557561,-0.000874321106762177
0.30511602458872017,0.06293294382204123,0.000742805826305158,0.06021377530884772,0.1265768519918926,0.04829991846746559
-0.03356127130787985,-0.003825418881763826,0.034427708823535054,-0.04412159822067843,0.03770005137099303,0.03966487655436899
-0.02041615304512689,-0.035709564656742604,-0.0428406997101676,-0.027767387553613354,-0.08563352616275617,-0.045855831052786226
-0.04561010412408692,-0.023642321555828537,0.01686942841305893,-0.10422467888037236,-0.04462301525938425,-0.012454421480707738
-0.11945456391125517,-0.030553353310387773,-0.06151890555507629,-0.09211162056414085,-0.017020771037912073,-0.07125567923824476
0.18573010920635974,0.09888623024025946,0.0036429944996963027,0.12217364592435744,0.02264327499610694,0.12422138897874048
-0.02698735446128814,-0.001972295928559076,-0.10698748753260423,-0.004308918310363929,0.03711485990526755,0.03337662230137309
0.2795656518534584,0.03875410039648438,0.02635979599391629,0.03914662911465464,0.04603072904973428,0.03474417832043277
-0.04382067899466802,-0.029713226161930808,-0.053201174387430605,-0.06481595542988626,-0.019409938040877837,-0.07217920957696927
-0.04107040409639717,-0.1194073078293449,-0.01851963606646593,-0.05316136399091312,-0.05325818488273621,-0.07067693043257958
-0.04758343099411327,-0.046717847219073065,0.012934076036773356,-0.08626346069913207,-0.0430919530351022,-0.06279542652931068
-0.024146121488653485,0.12008472168340295,0.02996842871046669,0.08933250046283125,0.12839919610263464,0.09329094062487454
-0.03198114894888675,0.12208421893341949,0.13995166777013227,0.07838246719819489,-0.009649482694476024,0.0035355974842765764
-0.043559062916165195,-0.1405685662983536,-0.006624706238938919,0.00959096620412372,-0.057168404430786114,-0.09198988532115643
0.0055087305623697,-0.03520223952469828,-0.04950700861570415,-0.17991399467473765,-0.009034704160291264,-0.06901779703115382
-0.05662411460107036,-0.026216962873562687,-0.03447016014321248,-0.029825305676076757,-0.12501089526355016,-0.037022702939340464
-0.040127699780231535,-0.03914792072374708,-0.11126924309437564,0.046967914146693705,-0.005739866510428531,-0.022093492156151796
0.012901649951141684,0.034802257929574955,0.08635645641676351,0.12605775283555073,0.013414219569721494,0.07956155256400954
-0.013759515153621773,0.009829013548711216,0.1054727413208201,-0.027875236095263774,0.07420829491691153,-0.023916705311511743
0.1300547209835531,0.1766342337478424,-0.0978201189243524,0.03687944698861319,0.012485627806971152,0.09296485254842107
-0.027493526011579686,0.011423308629701371,-0.030399113511175257,-0.00029188613348859175,0.060567312157058746,0.03196390215077999
-0.14097213407839176,-0.06497943882359664,0.015957093663112553,-0.04936076210618481,-0.07447165502518911,-0.06510353726230919
-0.04299150784427648,-0.1242280079904479,-0.06825936260608433,-0.054973418760735374,-0.030034942254668028,-0.02007565194681663
-0.022218235513542132,-0.017008656452506397,0.016913944016842267,-0.041710806993527846,-0.11865238675803065,-0.044236150445472404
-0.04335954421433102,-0.0971749866833478,-0.0429354097920187,-0.06552344110392445,-0.10240982875577001,-0.01680580887871094
-0.036704657413483104,-0.10982122367973352,-0.049485676511799824,-0.033784826540204954,-0.04008175145505632,-0.017761233599866925
-0.04392017344371175,-0.13933669059931303,-0.004604400272122271,-0.04212264865088045,-0.016490048621353903,-0.07040134253416824
-0.046692759456262355,-0.03592039028777942,-0.00040214906373706806,-0.06322847980207202,-0.07858178280718621,-0.06671235655014959
-0.07800769444185092,-0.01881363387395113,-0.039232796341330374,-0.046293076996353356,-0.025472096352568207,0.0019728354419847544
-0.07940158772846442,-0.08911009856975863,-0.028333125723466603,-0.0625488034904314,-0.03139367018653064,-0.0530810780593397
-0.013890761333652581,0.09467670342544722,-0.07438611774338523,0.17338291479987178,0.06985933158466084,0.13259519815901172
-0.04863369181282661,-0.07546777773230595,0.05119384985235268,-0.03527252876013528,0.004953729638428663,0.00472952646545053
-0.07419357174598344,0.019836629418975363,-0.05493174488037318,-0.0326224714255698,-0.04038851961596238,-0.10758792368833817
0.160657346207374,0.09545477602866488,0.06526439536913965,0.09311029270676709,0.05072764749685352,0.010474492270903859
-0.0010473549698349317,0.09404560331235137,0.011248856359630034,0.09889808888996476,0.11592543452260091,0.09288098698661552
-0.0895308015541895,-0.04668493217761104,-0.0805671516392577,-0.0786307614296793,-0.05467515364349387,-0.03237554372223956
0.12995722584637026,-0.11670733194522474,0.014330353759143146,0.06562300700759506,0.006658654090284787,-0.0013223863491790791
-0.0014500226839610853,-0.01795585355261226,-0.0736850473415182,-0.0684560877444699,-0.03571252043447032,-0.022748939678796775
-0.035061724614989256,0.013035076394999819,0.0037413130583976266,-0.03270129289039388,0.03936189107777184,-0.012524347961584135
-0.07275223064527767,-0.0047825118223994555,-0.1103749101225374,-0.0542889572217843,0.009367201837897963,-0.0006095355733825212
-0.041765254911596696,-0.0039453183049299985,-0.056598324474903726,-0.06382766725172977,0.027723989929322228,-0.11388749491637742
-0.04144596148006982,-0.008932574544025459,-0.06475663420147122,-0.06277792042686968,0.024232260669920087,-0.10299359271911102
0.13822415150314202,0.13699232400698905,-0.12483369297584605,0.04150891958692328,0.035168375268903734,0.05561384974384163
0.02709715670816883,-0.17654013403967198,-0.07898293321588443,-0.02506104643612807,-0.016050337239246138,-0.0637596668881687
-0.03931302958157151,-0.09807919350076777,-0.019922588565679664,-0.04696145925353609,-0.03555086335872339,-0.0700912704898331
-0.039165670045038285,-0.013749265706186729,0.08105222057353255,-0.04385206619011265,-0.03525231864494672,-0.04417726278849088
-0.054801847995118946,0.005973071802133036,0.03173953393254662,-0.13610696617089463,-0.003711138175256297,-0.07897487380128683
-0.08402798015755901,-0.08258138182426963,-0.044777661201533224,-0.06002082472389962,-0.024821618502281404,-0.05834435154884942
-0.07479595218999803,-0.02988185042533149,-0.015386050673622621,-0.021192247302405647,-0.011954598548706633,-0.04026906211665745
0.002684004878793186,0.06018810523467161,0.024655391694767034,0.21984093783175315,0.18557195534091148,0.0721876700773944
-0.007360568546748924,0.033541082924608376,0.08527218679197171,0.022812533879405465,0.03301869877033391,0.008442329694569931
-0.0173047557664144,0.2363198531982244,0.058124297032200165,0.09578296065000073,0.08216992364585353,0.04393912113868108
0.027268473413436377,0.0846050836030591,0.19654098774251372,0.014247323469034715,0.05843611175637982,0.01845915728947387
-0.005985013414999894,0.08070118795278088,0.04187017077267283,0.10619100778753211,0.1473017229731405,0.03145820490512488
-0.052064369231531835,-0.050952695528718596,0.010426214530231319,-0.13364097755273735,-0.024473654903121155,-0.09458420280593303
-0.04232357534366659,-0.08050640917291443,-0.08800644708114248,-0.034149712541171676,-0.03918440194918828,-0.05113595649162733
-0.046959578310016466,0.00625873146685937,-0.03872833696895676,-0.07343920814494452,-0.06995409799047587,-0.06554817424909831
0.11425460450108818,0.1355658091299514,0.06926516583301694,0.06397537516468109,0.03950836567462862,0.06817074137543659
-0.07809725106404242,-0.006575387599077297,-0.06931769908587189,-0.09464451340196016,-0.004841207368560705,-0.019674764201083758
0.06886572968033589,-0.16244517828767255,-0.04090403388751665,0.012245569287373331,-0.021332872246052646,-0.04585311760090234
0.01664616837374298,-0.03314195959064145,-0.011462074479890248,-0.20657869265936205,-0.034457554146042256,-0.11204490698894977
-0.03620591906667964,-0.05085333519641469,0.08822288761326005,-0.06504534385420586,-0.00862925253531602,0.01793671653733192
-0.02355340047657086,-0.055724152030687334,-0.07207518333388836,-0.032547745841698596,0.01641283201280593,-0.033268882804057036
-0.04123049813101622,-0.09122960391617316,-0.02245616684879147,-0.04726331168127048,-0.03526442293174938,-0.1083697053450717
-0.035621438036636796,0.0010830394053839845,-0.06003464331459424,-0.10193251978433936,-0.009958951028954794,-0.13989381470301737
-0.04821988616185718,-0.14396216783184332,-0.005561465159249938,-0.05100322990942942,-0.06502785401963132,-0.0035293055911986065
-0.052359248996786165,-0.05356719598824837,-0.03286001374735663,-0.06810673196824109,0.046486593735555776,-0.07405588941006332
0.005398898224561246,0.079009925022837,0.1683964834708231,0.006268792550268569,0.15955411318617388,-0.019829371277068426
-0.05373598871495331,-0.03317025322576598,-0.019476728913487642,-0.11815401428146398,-0.06951525992331391,-0.058308406406804264
-0.042540006774461535,0.009820670696298201,-0.0743943487393815,0.03209032076542085,-0.03401764132305826,-0.05772245372004911
0.021693368457195165,0.13171415868722244,-0.01441397273356305,0.05152466196453194,0.1401352823304695,0.17650471723010766
-0.012892894071786716,-0.04801916861756557,0.08832287450759944,0.09737033208890741,0.02679350854701969,-0.008188554750854586
-0.01807468705676982,-0.037518888750997875,0.0856164986126588,0.11268797891497603,0.0713855464382757,0.10844479395357105
-0.01740137024648117,-0.009889179495962465,-0.07219704444615835,-0.0075814067086628955,-0.0035277569065973536,-0.010496811178038683
-0.00901441695650442,-0.008556601581569241,0.008513270764720237,-0.09720654789927019,-0.03926839534276774,-0.09787262068028349
-0.014032060479960688,-0.017760324519922713,-0.0016400769645150317,-0.04036669889315873,-0.004973332337184625,-0.016117242654447552
-0.02364830994020973,0.081393700163926,-0.03818202570271119,0.11409070018797977,0.0784790611531892,0.03518891120278151
-0.03531046636915562,-0.10282955937867319,-0.03333872125045245,-0.0577373117456542,-0.04513399082683972,-0.0430550731900045
-0.04487884699782043,-0.08119500404618166,-0.08084327503597387,-0.012630266299160376,0.005098484129543479,-0.033839726511969336
-0.06150120830029355,-0.020360862946629633,-0.06118851922692922,-0.08730229943197083,-0.061074071657441886,-0.06761081774461448
-0.045265298196046334,-0.03275750739844609,0.04072986479709517,0.012262296766891147,-0.03052527744185425,0.04129136081650413
0.18562511001325863,0.03550974360498997,-0.026392220913589854,-0.0014041242670209083,0.03267123752402642,0.0011164272742512106
0.00795119137694311,0.04970313293361863,0.003440622778193481,0.052022164213928204,0.05519460158307032,0.04676071278951096
-0.13866078865488213,-0.03322126601171877,0.013206706159440116,-0.11446708620868132,-0.0161113990564246,-0.05125443787195568
-0.0013845277513183712,0.07625009625799901,0.060407949005314224,0.021300963597793755,-0.033649389304517066,0.04788610114106032
-0.07798720971855927,-0.058660447471786406,-0.0249404517993197,-0.08790690198405572,-0.02368397477422746,-0.098185654201171
0.0004735835906801803,-0.049738027370205155,0.05287848393149082,0.0693066882334924,0.08052535149662272,0.08810145373654535
-0.039649774396745656,-0.0225487660162614,0.09246222202154568,-0.014480752626120145,0.006700447753404922,0.034678176076543846
-0.06384709411680542,-0.030137709258408075,-0.00048436706726847403,-0.03803319304692159,-0.04462409934916746,-0.11839657263659173
-0.04702370378971738,-0.07829469072491874,0.02776343077429927,-0.017377101403707677,-0.007500698902350771,-0.007512097661272687
-0.010415329745569968,0.047232213136228635,0.017719968674748374,0.1297777891226516,0.09629914777574315,0.10481123156937697
0.011411313752111673,0.055208116649552094,0.19622533384944674,0.030826892239975454,0.03989301325372098,0.03064704263813658
-0.0734643004373126,-0.03162698261132392,0.007872910635466005,8.569732851000413e-05,-0.015285477473731787,-0.034604355898784606
-0.04825825053347157,0.015345827331334992,0.030608003004766144,-0.01814352192062308,-0.006766902650675358,-0.06804491030373533
0.01524261033088285,0.07567568936261257,0.03208778259648443,0.10342157305298012,0.20807299809252724,0.07814301400192626
-0.050674381003254464,0.005279249305566871,0.0324738397084871,0.03138422288406011,-0.00245559133817161,0.003043529099171041
-0.05563914812323178,-0.023460342066401144,-0.02548310580995263,-0.06672545062156662,-0.12381123876056813,-0.059035109763250014
0.06755424999316209,0.02089530362461031,-0.11647975002888503,0.02586389557406024,0.06906797813581331,0.017360851893607615
-0.05952965149257642,-0.032891353130597135,0.023682643322250337,-0.029020838887443,-0.006363847308480351,-0.05058190524181503
-0.16075133793292926,-0.07734523295547233,0.04368848119931583,-0.037981579853053865,-0.025147540146517097,-0.03853555376526076
0.0013861801653045343,-0.13446734096190113,-0.08635921451041101,-0.03945374464667867,-0.0062067284651989236,0.003036371284246744
0.007498927260004492,0.04620963540852393,0.08835431630543433,0.22793380217713455,0.09130305057769321,0.07038105090775851
0.25864409099807156,0.04072219543888507,-0.08840733828052921,0.05840425013785713,0.04414632258044335,0.041767342280893044
-0.02902349844034152,0.0201688559547885,0.051094787386567454,0.11773863387499928,0.02638904789428246,-0.016495293059609825
-0.009282075217402944,0.10324282299354022,-0.030843690999978007,0.19647917328960285,0.07095687411070484,0.14168897234335873
-0.029752960426490463,0.01956389627409277,0.0464138959924526,-0.029125061704167877,0.07726234589133939,0.06132360925973642
-0.02774707043101842,-0.006177486690439951,-0.0406013455787201,-0.07956302019837014,-0.03342874323045484,-0.04487350359986552
-0.054245936133772446,-0.034206456977125065,-0.07239989381055256,-0.06552391262561376,-0.027237955047886342,-0.04726371910748602
0.1359425961671432,0.1798581331645165,0.072660065180907,0.07336273681799908,0.02982079702386103,0.10273622427029419
-0.04086578989537904,0.019044100159644597,-0.0506669152063656,0.04886531530623599,-0.02724160905336658,-0.043406401042054614
-0.037517232561996613,0.0306277742947642,0.04458277827142548,0.01695350317251665,0.0533786253462806,0.008152300360793814
-0.04523482089373919,-0.027767820449068968,-0.04908412652641423,-0.018130751900881516,-0.04154913047782305,-0.021011305763818596
-0.03237995499630347,0.006610321586905745,0.04119202502852226,0.10607936053516664,0.007575676452865425,-0.02728711840995834
0.13948705263413944,0.1776426428539244,0.0376915278125198,0.06373924336889442,0.01721309495580794,0.058701997442266715
-0.013202980751403413,-0.010188061025774225,0.00242045382352259,0.007993660223307646,0.03832695178800236,-0.011523502839588598
-0.04932146809375772,-0.023546928850754927,-0.06007803316181151,-0.03535788971528612,0.007136410386040445,-0.05038524624618473
-0.053719861499799605,-0.03251003080041481,-0.00722976086981862,-0.08085597268441211,-0.08079974317424857,-0.055211129662986067
0.11441189572002408,0.0002722275244412819,-0.04044987632866847,-0.028577392365950405,-0.022486458575356513,-0.020740914792900002
-0.04952216821333412,0.2296828325515139,-0.011139610696502348,0.05966495997716208,0.07103203620183479,0.10429280715330291
-0.03317523320872114,0.011978118681783653,0.04878269359804632,-0.047530913081431876,0.021962727991220673,-0.00803759210889645
-0.022347165134266173,0.07556244954667261,-0.085440663099213,0.14368716553823582,0.05672517427373108,0.01884985312167626
0.008241381775296673,0.05247639610361096,0.1178737053133822,0.13706421364105661,0.09672164173830239,0.08650788436144541
0.15009059300648128,0.1864955461111029,-0.031233555401385137,0.0416341090647627,0.02211537867374412,0.09546135970807272
-0.030863239437910424,-0.02315343912958673,-0.030997851187240674,-0.01742222720725296,-0.02973555367995402,-0.01394720841499432
-0.04488254413379902,-0.017184810918095473,0.014931721740843604,-0.08852587340828709,-0.0015041062552531457,-0.0013569280429969884
-0.07336845129309605,-0.012805936354688331,-0.10762854094006025,-0.03126181461481666,-0.0334916748351732,-0.0006658861768447205
-0.039179353385175864,0.011887571477894727,0.0730480705089033,0.019959735986532137,0.020919577373685154,0.05437511659701514
