abundance_controls,secondary_structure_fraction_sheet,zeta_potential,nsp_secondary_structure_coil,fraction_exposed_exposed_k,frac_aa_a
-1.3813334117371796,0.0606187312265896,-0.15298917076474627,0.7774408793505239,0.47894856821824305,-0.058808291634384405
0.5023314358684743,-0.3209724734469739,-1.6949529288300265,0.16848924153793507,-0.8681604834598216,-0.1471273700953247
-1.6612419159330079,0.09655571949493197,0.012045195701677777,0.0337034863376351,0.03873602502645687,0.20222699873090075
-1.4632423820364777,-0.05819216802358152,0.7757643002790254,0.8514415465221017,0.5342647545350981,0.3108791422866711
-1.4219470231045044,-0.10077400329166682,-0.15551899801351474,-0.020617445917316225,0.06375945172639216,-0.05313484081185841
7.046765078907774,-0.3726453928318108,0.004910185644111659,-0.22478813527928165,-0.02606094284952661,-0.2757328611960075
-1.4768059355330054,-0.8676719347888459,-0.11425492649874554,-0.45415354169017946,0.12511948051947402,-0.2490522766071701
-1.4906617888060159,1.118254053399417,-0.30940007446191936,0.39287899360795125,-0.03964213036346761,0.3455305141586106
-1.4970835425050515,-0.1440706547879921,-0.47380452960262975,-0.30399474827842254,-0.19791276016074189,-0.5221248538834545
-1.4067803660350076,-0.5757012601527172,-0.6930973833829792,0.4243170926709417,0.3283921201097617,0.15537833060041822
3.4974408485874853,-0.11743812742167381,0.4688012584928073,-1.2876408124515362,-0.9159517609777595,-0.3007949899229881
-1.3440523688189783,1.0792344733899821,0.8428351133385757,0.89566296220433,0.7546799707671223,0.45485099011649044
-1.344965818693085,-0.21229077968304264,-0.00942986167686917,-0.3442165846545964,-0.36477194940369756,-0.21549760553383832
6.980242016204254,-0.36358319922352017,-0.027595860819230048,-0.22485199986258766,-0.023725523125959384,-0.25763761989792416
-1.345826448989357,-0.10857633260616631,-0.599263526968434,-0.33131115206822376,-0.49447389540498254,-0.14051668290960057
6.442135728868579,-0.4513126396198328,-0.2456173622682374,-0.1724398518620238,-0.4925236616615119,-0.2307913425039872
-1.676984887209002,-0.2896649857451678,0.1850849706214762,0.1426768921596237,-0.6920902462047535,-0.37630353090018065
-0.5536286026678913,-0.17546004616449157,-0.21410525778553313,-1.4654420010060654,0.0053639930838453986,-0.2443531637075765
7.993662838144971,0.504349071069145,-0.7672417899273538,0.5450365512087643,0.44578793474847195,0.3840489250889312
-1.5003771008554234,-0.45670803654865816,0.4269336076287377,-0.1556427172060144,0.27517189067376985,-0.9503562344244455
-1.0388452826623726,0.7579930237411884,0.44010436783664875,0.450391139104776,0.5801634074655946,0.20744000479679353
-1.482913990930638,-0.22588674748050144,-0.16857036822524482,-0.4954556890035125,-0.1023630424211289,-0.3045292139744624
-1.724105830836899,-0.4382834947593551,0.09929088862235709,-0.24445523636181726,-0.22719962083342002,-0.21378597270719246
-0.8733963016721504,0.45826698200213284,1.4177827267728857,1.5611043578065846,0.008644506798228533,0.8552225191936002
-1.033628284202751,0.15680610917631987,1.1726351884740611,0.11408714180598906,0.40859802447054305,-0.007107815742947753
-1.3962865584913091,-0.04136863998563508,-0.0101868509161936,-0.37527621927370863,-0.2613251862005523,-0.19153629722681995
-1.7910971676159553,-0.4483713190317718,0.3644002517200019,-0.029912142522759703,-0.19024703658639774,-0.2175996804396795
-0.9465778104377062,1.8919700362489784,-0.01874738216261004,0.2664331062879277,0.84285899936738,1.2994822935995372
-1.0155618670409956,0.2752853519562088,1.1524051024316857,0.40317213367923793,0.30292272852505364,0.2567991727714733
-1.6195818253199668,-0.3003356286775216,-0.20388646841967584,-0.4458714705553279,-0.5042448903968275,-0.23350614484445037
-1.4111635321979021,-0.2527151946835707,0.04707391237361685,-0.5064505390916201,-0.3482396399765775,-0.17954609121203483
-1.410722736778477,-0.13955840478044196,0.3075819234581375,-0.18424197951563864,-0.16755905337913954,-0.1285548428686347
-1.720371344204744,-0.5851823707724142,0.0764935232608355,-0.4460038479054061,-0.6251974446073788,-0.08761446833310733
-1.3362978542393031,-0.06884870059531756,0.09672030837648467,-0.24576761329165592,-0.3216679569551263,0.13597374909931997
-1.4469364030804566,0.12451819830750764,0.4371263983316561,1.3112303723138619,-0.2768850909379153,0.3182148848260248
-1.612966979804891,-1.0827316115341248,-0.1646456395154793,-0.12013446658704828,-0.1214603446278604,-0.1901850420026988
-1.5539064105555673,-0.062139047612318525,-0.5525807276160081,-0.017381195881687808,-0.11914117558702288,0.10466286515044679
-1.7074289661626618,-0.6923601650582087,0.1660428930748882,-0.014182345481867935,0.3706100845838546,0.0562290514802985
-1.5643475711840371,-0.28090846889753557,0.23249398385887302,-0.47916486258934804,-0.3712823966400939,-0.5031626361338337
-1.5363978655921036,-0.22390079041259633,-0.22709971818283808,-0.49205136726550874,-0.49769262383369955,-0.3022723901020767
-1.3623271444336198,0.05867874886298053,0.47865722577790576,0.5000807047162242,1.0352937705379013,0.1570951321514178
10.26079867479309,0.013259511843579003,0.1941256098214555,-0.09241422476490042,-0.20069053584437552,0.049527358150063816
7.43034119229075,0.6007654263898785,0.42947280789320247,-0.0005542959096181395,0.3618418758188488,0.2618319968853777
-1.3742158140190508,-0.16185544674998395,-0.3820190547150773,-0.4217840424148606,-0.6350492240144071,-0.34034561912674294
-1.221495966462965,-0.021154740905250463,-0.760640977180616,-0.010676174911026353,-0.174826356166266,-0.09102257755914779
4.670556852126044,0.6957754603733358,-0.03297322973312299,0.7836752889196313,0.15269882346616967,0.5231928400673493
-1.5706146528722371,-0.29396008386569783,-0.32595348514525,-0.6170257154244991,-0.40045690089000013,-0.1832602401378713
7.351190368051215,0.11501255595350476,-0.9692390401766214,-0.04400065019767171,-0.00023418758609290255,0.10921899898799135
1.800640469040265,1.6727824652908032,0.870554146148091,0.7138505164436555,0.07738515261985648,0.30123216042089407
-1.4045796654276066,-0.11157385678267835,-0.020845026246389974,-0.35007272069842976,-0.6693101973050306,-0.2238746155778356
-1.430279429703864,0.15225853130835015,0.5326261401793577,0.6167208668966606,0.4859079610850453,0.012377173935866653
-1.285462548429729,1.7874699063471198,0.6260441169602835,0.7405983783577517,0.5151010187128056,1.0369474764189024
-1.4158376828356236,-0.19212148611737428,-0.16318558642712913,-0.4195991123546582,-0.37909773377843997,-0.32284130477249706
-1.449701036847171,1.357482687500619,0.7427559399264276,0.13068995743791598,-1.0303614867577078,0.08155440349713945
-1.2552027799568182,-0.4626133957790956,0.3345274437843359,-0.4422652546350545,-0.6074838460805565,-0.3284907094902479
-1.1974687074953256,0.6241302123276811,0.10354170119875741,0.11192098567399952,-0.028665560157273815,-0.08913880534102676
1.1052484308593604,-0.3909574180845342,-0.5521730414742506,-1.1331092334898563,0.3703656681893666,0.08963096892883923
-1.4603316706287317,0.3015207480687854,0.7423083024866879,0.22879830828211162,0.005349341379007937,0.12546897820242633
10.412426510535553,-0.0812226126955061,0.06306441380399902,-0.028754372275601632,-0.044990102736839455,0.08233881809143094
-1.7039070870939126,-0.48721571783791634,-0.026668383100323604,-0.49237203708017324,-0.32907932696201514,-0.1419636859455361
-1.509718594084602,0.5725921763722757,0.0008609389488335835,0.5697733089978982,0.3996544239019217,0.3353054162119396
1.6517323858985862,1.7011110825921019,0.8135335940003474,0.643862280421108,0.01089525101263778,0.2832831824535894
-1.2881812443793186,-0.13867410835283403,-0.18677965585905873,-0.3302264932124087,-1.02826812685013,-0.3650026542299535
-1.2755505288407503,-0.11013805288301323,-0.2785291326257746,-0.21090782189917276,-0.5339624715816581,-0.21390738625404374
6.983602617734691,-0.26154827525869984,0.3484985864821372,-0.22086898709440705,-0.23848712773371702,-0.25252722243857095
-0.7253078758680087,0.949625313445274,-0.5768941912776852,1.263098166824225,2.2115198709415855,0.7863720394264734
-0.8838866148073955,1.5182865017076392,0.5282233393466391,1.717906358895395,1.5045627419838814,1.7030158457962439
-1.7307009754830185,-0.3224178805170202,-0.045890148164435235,-0.41435829706843186,-0.5701846871440115,-0.2861235985556196
-1.6096455375892063,-0.0285254889607028,-0.6450264826230184,-0.24560682566456418,-0.06462553677415007,-0.23528488469773423
13.99965080823401,0.17970250383819852,0.10720892336206109,-0.0940743428111802,-0.07300912801167635,-0.04134085230929907
2.5072024794809846,0.02806555865246567,0.27875148808391303,1.3527204615864785,0.36838234098426165,-0.02430528806195143
-1.4706263943438962,-0.4173938493179173,-0.21966544356794934,-0.5507468583280763,0.24867903446281497,-0.39182259920833445
-1.740735383537402,-0.029027422343699705,0.10056891093928055,-0.15823612699337344,0.015619321467356659,-0.27142286513677766
-1.4318400393144486,-0.161499674817077,-0.3588144115085287,-0.1308177881786519,-0.4463347881648108,-0.20142784690060334
-1.3052419201271765,-0.13305642840738663,-0.20720484221791285,-0.20243591610329717,-0.08902975795640496,-0.16630247043224505
-1.3363339200757065,-0.18047828447950764,-0.43210484061969034,-0.23217270011873706,-0.23159681578408398,-0.15400963525431383
3.7769424123187534,1.1461234313416986,0.2035840315369858,-0.31844759011164064,1.0239142507578913,0.33980541551315935
-1.7102460950978957,-0.5743693083987832,-0.11679574986814399,-0.3026440406017439,-0.3268378505036129,-0.3041909006583486
-1.2921925348532197,0.3691698902309183,0.629322793237435,0.5491646009313271,0.49148459290224206,0.8487982365599843
7.025269559406046,0.31878514564812716,-0.705318976589289,0.1425140001861688,0.0472892038263154,-0.11399637350904107
-1.402706424098524,-0.2347834066374881,0.003968154148331047,0.12325095670784007,-0.0505911547957379,0.4316940887858557
-1.2805957356554414,-0.08938902415307333,-0.24889328818094028,-0.31856229995751717,-1.0357131857234616,-0.08832164825765919
-1.3309916556149801,-0.3769110489735473,-0.1127454937563425,-0.6147215884377317,-0.8867535153739765,-0.0650317047001092
-1.6265497503594906,0.344892731719588,0.4280789340013094,-0.18604090817894273,-1.4201508540221992,-0.007774634649779214
-1.7145376653581805,-0.4036594600786864,0.15864223397473337,-0.3002724212012336,-0.10755253162921022,-0.22115342850450956
6.250838678646557,0.9670978182868679,0.19115542460009347,0.36750174816438236,0.6403898823993861,0.2597939113537138
-1.4508025296512355,1.0925429073139772,-0.023987904383372415,0.5952348572870121,-0.03594022366046465,0.24007054268724726
-1.2174146763441926,1.809362547969406,-0.5064631692225197,0.5361772135888273,0.3225873653161901,0.14424949199705525
-1.093225666120512,0.6562445172072623,0.8804116797229091,1.2037667589159042,0.9658740997797951,0.8462789957886893
-1.3842252939374238,-0.8910128971228166,0.3506617318602629,-0.24485037320198122,-0.340970296685324,-0.34379849535376716
-1.380350283035055,-0.22392514728324633,0.07903645551099577,-0.4162911844129003,-0.33827437745735484,-0.38513467284595754
-1.1308041671795372,1.5760052656824697,0.4828136824833223,0.4405908011781993,0.05947201769337528,0.18102164039636717
-0.5536286026678913,-0.17546004616449157,-0.21410525778553313,-1.4654420010060654,0.0053639930838453986,-0.2443531637075765
-1.4873068010494102,-0.5899273641981883,-0.08770156965968458,-0.6934589888984213,-0.15118242202588597,-0.1885269942320754
-1.254013512119593,-0.10897861626540693,-0.6965015438910689,-0.43233433916973546,-0.3135393074412124,-0.03721736805314975
5.688703448809865,0.24624446428036625,0.22716753833891037,0.40326633536736334,1.8869589857014482,0.2581967858039139
-1.2579401768589178,0.302519637787603,0.13675320367339147,0.6067989413512753,0.23799733118813868,0.030911801996320827
1.504021254355919,-0.6327134856601646,0.23005861306539196,-0.4966472480518188,-0.13800662927389204,-0.12782296413920885
-1.1585554808353193,0.9526437459708232,-0.2654204424784976,2.4208785281364724,1.5836258874433218,0.8225287776030403
-1.3009806946613445,0.2771985426651058,-0.17558377594413055,1.4029960015763019,0.2794560740815919,0.7979945481804555
-1.5326421179605505,-0.12316847348323645,-0.3019101237866527,-0.205051333588443,-0.2774982461616097,-0.12323295604250759
-1.4986566114438276,0.3316020087045984,0.4009297291459256,-0.29962175547057224,-0.5793653235359536,-0.39415771031409913
-1.691527151274631,-0.3478928198518804,0.056472822966044334,-0.3423313623131883,-0.1077053919603092,-0.22120663722135336
-1.3619825839094284,-0.3274398987496483,-0.12017066138409507,-0.5821178725732137,-0.7887349498691063,0.20825442689605744
-1.460362861172425,-0.20036658671378627,-0.05729446850110362,-0.4288213770905149,-0.9068723455626828,-0.23228481867320655
-1.0852705745163826,0.4540166298057801,0.6587751309964317,0.5196241525100714,1.0318128325856892,0.894735421082283
3.618199850374044,-0.2693377033326394,0.7286627299623188,0.8487418122744942,1.0296777991569954,0.561309933107706
-1.7295401966373702,-0.47275198229330223,0.16932389950630197,-0.18804210157197576,-0.1855082226782459,-0.20873327855820598
-1.5612017203737525,-0.3571830317119541,-0.3512273253324256,-0.21640324117336907,-0.37156713527398766,-0.2640447679404207
8.023509821842024,0.05984394398323414,-0.24456055168012597,-0.1998414345967186,-0.11507388577969109,0.03931540944207535
-1.7070922901527013,-0.7941664729745941,-0.14442272858087152,-0.014260531538317382,-0.3684483124418408,-0.06204809492905479
4.841771328642437,0.22471107909073496,-0.39660072340010427,0.21619080615342576,2.3564349911768896,0.3030650135857734
-1.6260555964555423,-0.3831009500715232,-0.09883600651635112,-0.24875987307336161,-0.423933064255247,-0.17075637643363184
-1.3371232822917352,-0.3423451861085036,0.30364490121556964,-0.36694453537529564,-0.4465813339884656,-0.258796148265537
6.305337536463564,0.07311175937076765,-0.46270593739331733,0.0059300625005633415,-0.06239409621231377,0.16138234222297118
-1.4404314706524286,-0.016796306877502887,-0.541179816750153,0.6479510788719652,0.06319696006742942,0.22578264703749368
-1.4469364030804566,0.12451819830750764,0.4371263983316561,1.3112303723138619,-0.2768850909379153,0.3182148848260248
-1.5797728136903408,-0.9706536750624996,-0.021416592482460965,-0.3788003796016608,-0.21230747026235605,-0.17310383564675608
-1.685077972274737,-0.22330665464638347,0.10075693172893396,-0.20159876655584716,-0.36089822641065916,-0.1237934823851604
-1.6135780027335773,0.3832128006117734,0.24384047865700656,0.1842298595727202,-0.38038673959898645,-0.17793055505355188
-1.4782804818876174,0.20908579994117363,-0.43322186213982,-0.12507913342479865,-1.1110182424382433,0.07703843994654083
-1.4486996069057945,0.1191483140931089,-0.6364974852709225,0.32106348779318383,0.6487237050757365,-0.09722184276968149
-1.2163662543483758,-0.3067864729456267,0.9188260732817665,-0.035005359501747844,0.11993858502961854,-0.03756136324412216
-1.5035742978750615,-0.3199382054073896,-0.01858386453784177,-0.4405735281868299,-0.6342391364005299,-0.3625987608910968
-1.5737557522155026,-0.8973797843459926,-0.004379900213668627,-0.36534986118921103,-0.2736319276138067,-0.1615233399463042
-1.6310015616181888,-0.3453553682244963,0.001585305544856411,-0.5517479594331269,-0.2205692179082324,-0.24234105742738782
-1.3572047313622635,1.1329832970045395,0.9712293221990455,0.913761658001284,0.7487495618840341,0.5139964000709105
-1.6075061150012506,-0.39195781875380203,-0.5394489793494796,0.014177197425300648,0.006736084701258023,0.2300097611041446
7.016055625473629,0.09696093200535665,-0.6700061568105253,-0.0023403637789685874,-0.15947412820835238,0.025484432742713458
-0.9389857354728959,0.44257240023205274,1.4795418940111318,1.1922373811976557,0.1494551968294881,0.4140569934843495
-1.5089147887788072,-0.28490358474049127,-0.5824174172007182,-0.3120501877826912,0.09234534672124456,-0.26094819278594156
6.050071457953637,-0.07992755639642041,0.02906477300265144,-0.044916993452531896,0.08089781587740157,-0.3103378479047556
-1.475145345717103,-0.10118780592382681,0.41979526859998667,0.7385860403790933,0.36279036450138585,0.1651967773271428
-1.46025407770174,-0.17444143611058782,0.031269695832364226,-0.20972139947790303,-0.10668151697746657,0.028343210258234858
9.281572925208296,-0.02250444507598556,0.19092403668378666,1.0141961767974326,0.17906066757734243,0.08122121203971876
1.9197863238520212,-0.45796182193952156,0.6776967690449164,-0.5235948664868542,0.04198187262088027,-0.2515601965952951
-1.6133976356099156,0.024933921917373154,-0.6169117567013769,-0.06546407381959199,-0.008762423178144152,-0.14192890472304126
-1.5299213998506898,-0.2657724226689561,-0.7467077516629859,-0.5151629564083721,0.3401885463236662,-0.46149849265609605
-1.3025859768749584,1.1809291290995279,-0.18097253702897234,0.22330430196419598,0.8516284661974775,0.8870139788800582
-1.547972616448979,-0.5202235774206334,-0.24204843878580123,-0.4098489171242943,-0.4262994608566403,-0.2623770642331008
-1.6015546141713524,-0.3742654902884696,0.16434850382124672,-0.4748553164707153,0.05045373064919431,-0.41640048400057883
-1.0306211545951283,1.6920449547994547,-0.4371847607137249,0.14703188562226768,0.7663128981382532,1.3490985215345088
-1.1984652096931006,0.3483288829633943,0.8958528280031137,0.18282207052335608,-0.15559696713800555,0.06855250622850458
-1.095305549654304,2.9471958099796804,1.31397511360892,0.501351904952082,1.1452785400913803,0.35454250249633196
-1.0923170322744258,0.8560985491572649,0.3344068282397821,0.39087489080269333,0.541243436999497,0.3005217682639654
-1.613962026013593,-0.4196868012889926,0.03172635072739227,-0.5898228140347282,0.044087069062028666,-0.03865005216346863
-1.0400223946962752,3.064927222038291,0.9908570752872241,0.8411131903163109,1.0735941340222697,0.8686062749171116
-1.5605955843630872,-0.19845811647989708,-0.13265060546956634,-0.34320105038583365,0.26254236020293015,-0.10097327076621251
-1.5526876268953322,-0.037415977883934415,0.3239414701350103,0.5807382849299036,-0.4727878873859085,0.316249110329799
-1.4465468281806524,-0.44445022926706496,0.006154563115252714,-0.01079293300771842,-0.30024983811662403,0.10980276206984897
-1.3919957166553305,0.9030403607250242,-0.4026177794826321,0.09199843554153497,-0.5068908427827152,0.27923486745481707
-1.4583995059319728,-0.10356047662483933,-0.6578163746547346,-0.30310973832055865,-0.5554013741363473,0.056261229869926085
4.964530594090654,-0.1817852455839842,0.2984514064838476,-0.7837305366412897,-1.4039970292978388,-0.11595438284938596
-1.6441999537355925,0.35659624339069224,0.19717045237379918,-0.25834468999510235,-0.3103462447956876,0.0009713961816324747
-1.7339580149570024,-0.7021122331619895,0.08702502512239589,-0.09817896004822053,0.20616504221610485,0.003933668711328488
-1.710671633261865,-0.32150597590869257,0.00857748834093562,-0.2883398653937996,-0.3864017174738138,-0.43175906605265524
-1.406492648277489,-0.2817248186663035,-0.6052447172324987,-0.4018087238031873,-0.31679582767351583,-0.19164213916160774
9.271191237367692,0.023523738991885812,-0.01143726222662512,-0.23461884501486566,-0.10118426379238618,-0.2730600541254184
8.391785296739432,0.12264911524619086,0.18605313010122077,-0.36482264665564884,0.011976070036855245,0.01853572454967191
-1.3069452944193485,-0.005225326008403901,-0.10321606512413091,-0.26917069403245847,-0.4799583276449019,-0.11757827910473136
6.136722367546012,0.19901090935261223,-0.5729109201792498,0.06485125636228649,0.09916747685521973,0.4413026488117059
-1.2373522574954257,2.4575843923393252,0.8418550729836483,0.4653596978874799,1.0927023866781744,0.5166557591240892
-1.4536998366459848,-0.21930896675484537,-0.21554963409598785,-0.02575176519305544,-0.26427152241122887,-0.025765595639406183
3.3120094454200024,1.4861353784546083,0.3408367128135038,1.0860534603460938,0.8752924892964523,0.4271113043928642
-1.2605622289408793,1.6537711235637234,0.46013535611870565,0.3845855504996058,0.834628443932493,0.759429436816843
-1.6704703335654014,-0.06390779265221162,-0.03921129024281882,-0.044842055155341065,-0.4064434763719377,-0.035201873310827775
-1.3601687802164542,0.39793397855965784,-0.8134260489932074,0.03817330457985761,0.7764916761217827,0.046582226948104474
-1.690352347408554,-0.28392012869786076,-0.39355781250050376,0.088772348098187,-0.690219475791033,0.19382505052102253
-1.3589036936407204,0.4565791282017643,-0.7550667347348451,0.03824366879668525,0.7817608292748912,0.035978345620832276
0.005270569742369483,-0.2165256697699971,0.03297872851359827,-2.1747607004992178,-0.1827840440567054,-0.47873427365278753
-1.5558318614807098,0.01904968992458177,0.14646951428679958,0.19612848126603613,-0.1241868959158529,0.0807219566879592
-1.63712158682068,-0.20972760885593061,-0.25407868034684883,-0.35766363215035346,-0.47260844161148646,-0.2658692133903857
-1.6042004337059546,0.056109323742428545,0.4256940581627712,0.07446882409735618,-0.2668281257755907,0.00876734776685148
-1.3471512627780529,-0.4256039568256873,0.7427824585802942,0.19741130226874826,-0.16525267656264278,0.04871489260255945
-1.4299779390070084,0.2403801248907559,-0.4296681438230651,0.250088782722416,-0.5799310866606677,0.22607972901417445
13.59776108102853,0.11332652056005428,-0.020222498856017793,-0.12516904277038476,0.06331155019295487,-0.030835447005544518
-1.4135872630179933,-0.18580827952538817,-0.15720164957804128,-0.5045618375667457,-0.8273342817018132,-0.0678024498541923
-1.6492056141843345,-0.5388111616616909,-0.2250510505352456,-0.4472309448586111,0.08708813340562095,-0.3738236614545894
-1.3757928085762183,-0.15272828700207014,-0.7758818208840397,-0.5157446093224884,-0.026656137614076175,-0.31897175617806484
-1.4649016433197004,-0.17492586732054535,0.5697922879905429,-0.31403364744949963,0.5094414249615697,-0.0735534986044409
-1.3858517142369582,1.5685151670173059,0.19824855489413767,0.4954201011314208,0.08225099519173876,0.484073472459291
7.084445569679012,0.0332728729406288,-0.7306353900656765,-0.01262027091652146,0.12991780591817587,-0.09894948254478188
1.4983019863811986,-0.6500070982572687,0.24177988074190895,-0.33443745918680406,-0.10651286876745839,-0.12984765617057095
-1.4617996533915827,-0.4356191994452822,-0.3308115867351984,-0.5549583021134449,-0.2659561943058179,-0.13475279358261036
5.283869004703193,0.7361168369142227,-0.43507615231496977,0.19800593675925368,2.0321284886885183,0.23175369030764006
-1.5470034343544696,-0.09754718791658445,-0.2664314835830594,0.43296227464112624,-0.15331187916402636,0.30669161508287546
-1.5689876605774218,-0.02739703226715439,-0.9830185315074464,0.07158293673719135,-0.05192525898171046,-0.02449815216653
-1.5735492244094103,-0.5078954506282923,-0.2881652071342202,-0.16205545070363536,-0.40994366845931496,0.06539248699407244
-1.6972019242659682,-0.2755317053806086,-0.4851599846919557,-0.07888467692068192,-0.719907488989483,0.07285204178034645
1.3229440301636635,0.9410374458010661,-0.15002491295919188,0.2683536142645531,-0.5502060088664644,-0.21630829497791978
1.770994627774524,0.23522808843115203,-0.15918004731484914,0.4435109763353107,0.6491749588298215,0.07396015823778958
-1.2669430626436198,0.18874601853341566,-0.8552867987370517,0.2164297422834064,-0.09602016884757952,0.269385520366629
0.7581729588868181,-0.33215524042470457,0.2176406511857315,-0.6068414367643865,0.176711049715834,-0.21574801475964275
2.5540355249218223,0.012957552725203296,0.30222147911063135,1.3645889508656037,0.3476041048624265,-0.040715993201150234
10.299640969895291,-0.02055715388745012,-0.0539223841865552,-0.11350672799952793,-0.1919499415529035,0.03798656464417692
2.493521298471278,0.08961833856190762,0.4483230710402245,0.741556799529498,0.38614950634067,-0.02019386972162634
-1.6948367377676576,-0.17799291379617407,-0.26136199739115284,-0.2675303514478884,-0.4190648371338647,-0.26459525245834886
-1.662232759065193,0.14984589016337352,-0.522307370940555,0.010172182449098137,-0.34564413512024755,0.48333401961171746
-1.5430846793543327,-0.3926918298909793,0.6199524743572465,0.22613792573316965,0.03788748901706735,-0.013923745127241734
8.041186018390107,0.37471119994708596,0.3772549614977158,0.09926099649775388,0.3396956656207761,0.23754018275869287
-1.5100906951667339,-0.17286161560200866,-0.37970921479549186,-0.30763121279757977,-0.24347668725722593,-0.5495450546997707
-1.4526362043287362,-0.11056869661550993,0.11256844563547878,-0.022709351167204662,0.19553638735962556,-0.09817728959892626
-1.4789956859573872,-0.5927139980254064,-0.45226320327440755,-0.17689496494694198,-0.04466306096039561,-0.14884520257648415
-1.4586240672203157,-0.2767501437864377,-0.17743541325375553,-0.3182324941948367,-0.3740002887071143,-0.1740312560109543
-1.3635914093055188,0.4051351424468148,-0.11462900241914914,0.8283736502598569,0.41756570043853775,0.415031946886243
-1.226604614131791,0.8263697983043732,1.401955233385823,1.4304536197745508,1.0351319310001517,1.2140287402659509
-1.3419949687385742,-0.1265709919627519,0.2191105904152228,-0.11238172956022764,-0.20828337113224724,-0.13719870414114396
-1.5522189031102909,-0.2516490236459691,-0.21713837224415058,-0.35328582412096976,-0.6429003213656806,-0.31308749727395596
6.964281927288533,-0.36208024342468875,-0.03459823869217014,-0.4472250819100613,-0.18170330259329792,-0.05832065743555653
-1.623983399033496,0.1605669099711711,0.11264929705946453,-0.991371409979769,-0.27868876623412825,-0.41154584933566485
-1.2771587179545172,1.868635836214449,0.46411288892746144,0.21212215544963425,0.5184279326025638,0.7681276334826013
-1.4201329062403574,0.6412181899645424,0.03991716681996798,0.20796873986126516,-0.02949823912957395,0.10027645342900372
-1.4287089409336848,-0.29622472088724633,-0.5810750417880393,-0.1494035977437018,-0.31498044975141637,-0.204646065732268
-1.4777497420984647,-0.08453535327640688,0.1675298548452566,0.007184309769978115,-0.314680325322006,-0.08510623782285663
-1.153246612327894,0.31813299083259927,0.6688390678414731,0.15956450754454718,0.7023285039870109,0.5889603189418343
-1.3890917962977933,0.8401557071220845,0.7063898246731477,1.0901875075220353,0.7988771060115704,0.04074910118590972
-1.7240201803201614,-0.5464626605780604,0.11501053810387582,-0.45554602798363397,-0.41075524310278816,-0.11887614139454697
-1.3242423885068932,-0.31460606043996064,0.1762694660452707,-0.3851257442008844,-0.3626781877854792,-0.8917742149741392
2.4389599138771048,0.18656186874871447,1.1192860367860449,0.8546663303882294,-0.1343816111632137,0.09452380803434159
-1.5178527922862226,-1.140488914316137,0.00902400638449735,-0.20674674247518143,0.047730801648815664,0.05449378740342346
-1.3423865039240939,1.6865231502574471,0.09359206895893617,0.11587849850688017,0.31164272293408046,0.651441520110197
-1.54667278162765,0.4409638566368012,0.007531980957004786,-0.5356295229858771,-0.28203478479465927,-0.7495735297488465
-1.5207590123994592,-1.381355172531994,0.06971446087469535,-0.26420836470244735,-0.0573847643762877,-0.08388404436219556
-1.3903881249001464,0.7653500105220586,-0.9256457347680205,0.06346453529237851,0.5737669275422053,0.01743591381776825
-1.7399657789932015,-0.2941689419645032,0.08995479160414048,-0.29597167136083635,-0.649654116353348,-0.24495596093640132
1.9446344990740405,-0.48573983121167497,-0.36638073887765993,-0.2843783322395322,-0.723278158392106,-0.22708797098223757
0.3773048895038292,0.04269139604948519,-0.7122966084225523,0.7399387645520431,-0.6462987579677283,-0.08228695537044085
-1.4194794955227812,0.7908717985392312,-0.09582213076970875,0.2931665910232318,-1.0785300980459074,-0.04435598006629874
-1.3573850783488222,1.6230483044614035,0.6886248412590423,0.674285239092161,-0.42648468669574285,0.3601889694018225
-1.6025666497818725,-0.38517192311571713,0.09896489785542754,-0.3029213756247961,-0.3737796158900114,-0.35801384701061567
12.485323014190536,-0.21004790208063395,0.08553198333683108,0.007886536231948257,0.04425333580000145,-0.08786014013115982
6.169012696464999,-0.6070824998505873,0.02418081698432964,-0.7532623151387904,-0.42189159043525293,-0.22793431023750035
2.889744402257375,1.034480013404339,0.3692321772192851,0.20597798081481458,0.8156889056451092,0.23148118529278763
-1.4555021369565977,0.006156990366963891,0.3479314793095861,0.40729617490674525,0.40081020050843547,-0.039110033714608625
-1.4427506595045942,-0.4190824954624301,0.36166232129286385,0.16859382659056077,0.6871534542271945,0.2532937263186417
-1.359888039148448,0.14735717020889166,-0.20795395358786395,-0.25660490505048633,0.577847803955133,0.007075788955872335
5.441913012464594,0.6794113419732556,-0.159422295024627,0.15181134076419758,2.0356738844572133,0.20444963741636596
-0.9325282637429035,1.5074318717772552,0.6474104076005144,1.6911681137894086,1.4684550520685808,1.711597117792192
-1.488685332178509,-0.4531727905443983,-0.3602849701538361,-0.3162581732716166,-0.2337756196472053,-0.07073906060681995
-1.3825660918443494,-0.16347560805649114,0.089366968577627,-0.5026112379551674,-0.7587833300126925,-0.3939437580425301
6.142148529758614,0.5849600077571305,-0.24479506667663994,-0.044418732010349814,0.12169605799882559,0.16780587682195178
3.729048159859889,1.2410879299763857,0.003760152327398921,0.9492939568790228,0.8533368965492979,0.37829872026344324
-1.7554222087874871,-0.42226373348371915,0.04976568449990981,-0.25585004832884156,-0.46203906255975213,-0.43589583244154717
-1.723238099389843,-0.546171409403348,0.04173370462259653,-0.4725461966122403,-0.4092202279595766,-0.11801016867600603
4.777704583801402,0.5221494856746379,-0.6168999102170712,0.3145485481122174,2.023590437951026,0.1375353308893114
-1.3281379933659088,-0.05217196803881399,-0.5652198517264225,-0.019136331555803476,-0.28883109628980025,-0.18086201588261688
2.4765621316845325,-0.4059398164922511,-0.2257523895819508,0.6843368907749343,0.17674761984314905,-0.10099997567224263
-1.2133876081542707,0.525840864079054,-0.18204382951662293,0.7214216338198116,0.36287726993211744,-0.26797645143616805
-1.6333077078048115,-0.08470248462893443,0.16934794638897516,0.3548886088579004,-0.6409844290443016,-0.11915232830176853
9.87597130666662,0.025791800906950255,-0.0995380406990976,0.2676230794690146,-0.1294808992141203,0.02279674832435056
-1.0306944368062347,0.23802547262333537,0.6782345867960535,0.5869654907132754,1.1991429119024175,0.25509529895652305
-1.471084759731357,-0.2983751631719877,-0.30596965774834345,-0.31877500091053335,-0.3946807085127248,-0.2046355293362939
-1.377480340488883,-0.12125999910659667,-0.3657996123048227,-0.6203197402775243,0.1856615581153523,-0.5959663227622959
-1.4332062350764905,-0.20750821026843927,-0.1452698465527734,-0.7036482205153775,-0.6364130574383369,-0.2967903790697166
8.161316994514687,0.04116919257714639,-0.5115115630799196,-0.2786435582177008,-0.04811963895491048,0.09482311468835
5.688703448809865,0.24624446428036625,0.22716753833891037,0.40326633536736334,1.8869589857014482,0.2581967858039139
-1.4508025296512355,1.0925429073139772,-0.023987904383372415,0.5952348572870121,-0.03594022366046465,0.24007054268724726
-1.4776813067369399,-0.2613397492060484,0.17684766318907733,-0.15578857695386067,-0.3713038696489167,-0.2168715288704582
4.7210575199958225,-0.615660771744757,0.03570047465590697,-0.1410427961901834,-0.24524814865514766,-0.24369627249870746
-1.3357635908401646,-0.6046426961867458,0.38879832929828984,-0.15396586263557066,-0.21048284347596893,-0.2893683833238185
-1.462126394499024,-0.47127329064077045,-0.15141337558536191,-0.41550031839170515,-0.4439391451906383,-0.25905371484053963
-1.285462548429729,1.7874699063471198,0.6260441169602835,0.7405983783577517,0.5151010187128056,1.0369474764189024
-1.397301599245784,-0.5396845483495986,0.025272237471297473,-0.68004224396404,-0.8044940995546636,0.024046503031222476
-1.5153997873998835,-0.48276265217371367,-0.1870618320428219,-0.577096812603553,-0.5251898704524942,-0.11817579876913503
-1.259941341171926,0.7246387817311399,-0.006176784587259573,0.4560119936318408,0.05481357860943428,0.06636583483193811
-0.9662207155939304,0.3746093461225286,1.0554609598179638,0.4800155174357114,0.6290283699764329,0.6405121214093029
2.081819273653154,-0.5038701064284627,-0.25338709460412867,-0.21101860362752742,-0.7438298409994246,-0.18784700514656666
-1.4249416209747188,-0.2085567649467432,-0.525681873761877,-0.5059534910988963,0.083705711160069,-0.459413911289361
-1.362753979766883,0.30101257554422445,0.5189190818750004,0.8264296209104033,0.43392099104501064,0.6415072746493038
-1.2025587661643131,1.1347718917543668,0.17525663278827938,0.3056333975628671,0.625398991203834,0.46407717556614514
-0.9566727386543972,1.4474027680896857,-0.3649899999357882,0.19465180371852192,0.48531015038821024,1.1866703891421424
-1.462474039557385,-0.42053813062349316,-0.4999567933310724,-0.2683245742285965,-0.08481614399924417,-0.16490859556338042
-1.6675881258902576,-0.038157351185031184,-0.476376268199801,-0.1273533907409742,-0.7263294109902086,-0.23122973734753724
-1.5463645507209383,-0.28827295007680176,0.09336962108173266,-0.24223609592973777,-0.39399935801252306,-0.6223749032998682
1.877638458235743,-0.5024554753824834,-0.05531420467506376,-0.29585375319516316,-0.8038385373814537,-0.21820728089793412
-1.5797509940480672,-0.570777509379894,-0.28883561384366174,-0.38432367213609664,-0.32413788914283237,-0.28656668560218856
-1.0195621359340057,0.4018798898361884,1.3613611378401407,0.5115629829210695,0.7117510499295437,0.6913925129388316
-1.398857406201181,-0.2343046671673183,-0.7372054869669247,-0.011138340841058034,0.014219682308495026,0.632246671974792
-1.2372894409612705,-0.2618335439702959,0.7751637144639809,0.2826201314558572,-0.09476415041967348,0.08785044520226919
-1.4571296843415968,0.34288362213916285,0.44325616676725355,1.094346422951272,0.18039088484817334,0.14999362427468757
-1.628696764697392,-0.5679183069264959,-0.40349660238027707,-0.220787954141881,-0.28960347211230875,0.03389747100062341
3.6671446580027642,0.5843840945380704,0.19092811567474705,-0.1714322774628436,1.113189935892495,-0.11262026711492719
-1.6609811092430469,-0.08428077784941292,0.045561149575070355,-0.0918572644056246,-0.22490624890169555,0.00020075062093084757
-1.5089147887788072,-0.28490358474049127,-0.5824174172007182,-0.3120501877826912,0.09234534672124456,-0.26094819278594156
-1.461293911913816,-0.24888674336072977,-0.5880200101190525,-0.04012571936246202,-0.032668686053635126,0.6310831743424945
-1.0574424680443812,0.4889516038656413,1.42767584229059,0.6761220418363596,1.2772233956043453,0.42383171170825906
-1.5932004578934833,-0.30643806419555847,-0.2721912633701247,-0.2024162414829545,-0.3576321129610184,-0.12706150935667868
-1.5075822075315817,0.01431689483651462,0.24972892930832608,1.0443704884700686,-0.4098876770256322,0.23251029173104126
3.3572539466151867,1.2816382725584248,0.13677448750402088,0.8469216083066473,0.8680123526864135,0.611397298593787
-1.5969999181326366,-0.4799171018656883,-0.10695293539426161,-0.4417909997511927,-0.1181786122206771,-0.3483130928991669
-1.740165036640281,-0.03154437233774405,0.2942750489472388,0.1383691895375465,-0.07598486990203081,0.1434109526364426
8.106257937642377,0.38939563181570236,0.3545578010457812,0.08783207939491326,0.33277165699050465,0.24407449427537675
-1.36204919290039,-0.12260628096934655,-0.5399208028649943,-0.02533469632610974,0.3823848625856097,0.03031844209201386
-1.5643475711840371,-0.28090846889753557,0.23249398385887302,-0.47916486258934804,-0.3712823966400939,-0.5031626361338337
-1.551830766066092,-0.3957035541177397,-0.3113186662067757,-0.2742638625823562,-0.40600038697464524,-0.29186321431134127
1.6778942094106242,1.7956478343487159,1.0842815882173484,0.7081423481471167,0.07227129726446511,0.33914766191491996
-1.3242213217342576,-0.9555805070453083,-0.41510834759625515,-0.3031145963675332,0.26112265767807813,-0.1875717650227475
-1.231514241276421,0.4331040031064647,0.06488042725218963,1.7456217571140165,0.8299748423464092,1.341554056858958
-1.5211226796557964,-0.012594387316953233,0.1044987899145639,0.5278746192412809,0.29990873008331226,0.1297792805904731
-1.4219359914618779,-0.36968060269224584,-0.19094892194654367,-0.5345307100405707,-0.48612413287075434,-0.27676589393332124
6.617001304005586,0.24284378080125166,0.3826386119318406,0.09705983188403293,0.1737376344178231,-0.0011103203311005915
-1.154271891275768,2.4013732865386537,0.10536717056434135,0.9217917864039854,0.9198405682268388,0.7534148893671174
-1.5583599078410932,-0.28881443419489616,-0.48451245393586395,-0.507768833223867,0.07795597160206878,-0.14444879473693148
-1.4369566785321666,-0.17448471338812113,0.1698741295871719,-0.28398710638962904,-0.5630906306263265,-0.028838325189539812
-1.5434910346012418,-0.5682688270310494,-0.21042809558190434,-0.4010304469745303,-0.41626742584045884,-0.2949065341235619
-1.3147505652795544,-0.10913420256486087,0.13378907211909227,-0.29024978528696,-0.6922685935519459,-0.31563799475354287
-1.375360506417458,-0.26724688395966273,0.01216905276162129,-0.2462171255398,-0.2386442073963733,-0.18786346473679563
-1.7327543937395378,-0.43433992559120704,-0.5994415967164874,-0.31829441927498414,-0.09078165100684585,-0.21454972455370594
-1.5826083622442266,-0.6442778390145766,0.09346889433993094,-0.6810770576898924,-0.17072493665143318,-0.2011853612844062
3.457478728941987,-0.007439153893057226,0.07894374016025812,-0.9629876857152279,-0.7882232820125512,-0.21656005733592226
-1.6055873616720484,-0.5976195910479258,0.3194270840828166,0.050722729698494784,0.07848315492418965,0.19102783003600002
-0.9913978458864036,1.6624864685646896,-0.4744071444488836,0.23295869002366118,0.8078317669465374,1.0401106505822648
-1.5673974855533896,-1.043071570455286,-0.04843585002845459,-0.269055262372172,-0.09791866298386794,-0.3037641502178218
-1.2508823597017504,0.06794833442797145,0.36712545947644193,0.20810530237033972,-0.12761113664842752,0.060850691143652304
-1.3320383877778494,-0.19842982248961002,-0.5099342453083359,-0.5654369391580686,-0.37707357588259816,-0.09857153584564703
-0.9722608271142471,2.1282547837084533,0.6574692522130714,0.7471486252531739,0.3183643469898378,0.13203213377503986
-1.2146793050104376,0.6624507603193586,-0.3476946320315597,-0.05334155220736509,0.21194142742147262,-0.18918908169213952
5.8845903017890295,-0.6566090145189414,-0.4307010174458292,-0.5783580500878545,-0.1300550168445303,-0.16381186451819346
-1.224053525627365,-0.09499164980642227,-0.10939871601459022,0.24089278591559693,-0.5922501566145556,-0.7065525171744572
0.7177530316159959,0.8227639496592241,-1.0594361789658495,0.18205313444245638,-0.6729482023332634,-0.30242187370403834
-1.7098851664421397,-0.20672295225783524,-0.21406989700366902,-0.26198516810160255,-0.5042675962630938,-0.2237156020035145
-1.4942234668361265,0.38378000470585516,-0.10727949088136088,0.12407424858832997,-0.42999660172165005,-0.21169387436080297
-1.1090759229271818,-0.07409602382790756,-0.2422630226396371,0.38844011111872034,0.2791413363089884,0.5515685379602432
7.333681569746782,-0.4415386928160341,0.022193224870608704,-0.057382661050319,0.2037319304304156,0.08927935682610101
-1.3841329669793636,0.5033724756996669,0.5537615369083896,0.4956179846487673,-0.3217770507558563,0.5841074236553332
-1.429585870582814,-0.5077200400429136,0.325141570795598,0.08837268626165372,0.3280297168627335,0.16628759046284575
-1.6165454885421688,-0.9154728454779593,-0.17809414330245685,-0.24942695807876095,-0.14109643216169135,-0.0157044716632661
-1.5409529047493016,0.017752157295039664,-0.20681483961767705,0.1613289214505817,-0.14406199742147022,0.13296708449398073
-1.4405993342552108,0.3711078336634877,-0.49888711817454284,0.005628443805744164,-0.0410792762951772,-0.3553223308208279
-1.3594355272303973,-0.5573523920517466,0.19484084970688914,-0.05082111313669524,-0.42154755523701154,-0.6847971937543534
-1.5617344963505526,-0.8921726439197261,-0.3952550646380288,-0.19876053324788628,-0.341387008297284,0.14757530529123022
-1.4995104497222413,-1.0792411315549155,0.03219407357972535,0.03197068907423962,-0.014699491807839922,-0.19053179245660817
3.008448822714177,1.1925446548665335,-0.8735528758800181,0.8621086102035849,0.8363208956791854,0.6008858612254002
-1.2778740285543366,0.4854461735665955,-0.25984516892429177,-0.005064569147328379,-0.11561392486864168,-0.04481483174723897
-1.5566092349947047,0.40385783018263893,0.6564447066597109,0.3438333782943876,0.42527694172645253,0.5053557624606153
-1.4605722765747193,0.8757753388898302,-0.5971717420851281,0.1345790034867454,0.5076043056310987,0.5095469252596578
-0.8585383463703898,0.660652715593144,1.1820005994424077,1.558097539466552,-0.055510851038452075,0.8966978392354673
-1.4879046727052578,0.21213137066633694,-0.5241365661993674,-0.09142179678901607,-0.14817511717707904,-0.1641537053782518
-1.4768059355330054,-0.8676719347888459,-0.11425492649874554,-0.45415354169017946,0.12511948051947402,-0.2490522766071701
-0.932140530064334,1.0422406379762148,0.24937642228046833,1.5736008748923884,2.3140108664990096,0.3802723882191783
4.364319559757358,-0.5053380689773468,1.153730229194555,0.6676910527257568,-0.3824248397909669,0.4011436811861216
-1.0194198845461238,0.23474936230657345,1.137740394557668,0.3585308767865662,0.21900646247954061,0.4181756244981805
-1.5845158887658501,-0.5103528825882231,-0.20891134126208785,-0.1270623642537082,-0.012818273612606235,0.08980853200962685
-1.3924395938762073,0.6260470502880576,0.49147636433629766,1.2430140426118441,0.5687813432205661,0.20809596781197773
-1.4829174345228018,-0.27992129229455537,-0.1385535732945598,-0.3786299684763104,-0.7148916557406918,-0.2684005554947731
8.571606448096995,0.5479600901880946,0.2968992697878899,0.4514949265962642,0.4287135211623266,0.3248993075175685
-1.4189661789999826,-1.0191751050928457,-0.32783579794129786,-0.014559529702186099,0.8241117801769117,-0.19270149963991112
-1.7563065850126642,-0.44258783076825053,-0.10667641071979478,-0.4468994001868687,-0.17094397926591193,-0.3335733717385193
-1.705760665205859,0.07990136010482997,-0.21187240835162238,-0.841271120311107,-0.13246041723359367,-0.2531262215862994
2.585229084652783,0.4337004680299545,0.6538320166537839,0.8166344209751849,-0.4813096518826772,0.4665785636423523
-1.6422528196220427,-0.2543810670058491,0.26596623197060953,0.2342840000941681,-0.6266841043693065,-0.3244605945644267
1.8736121658521039,0.21729489956636033,-0.05747522646380957,0.4929089648807842,0.580937504099816,0.07224373558925117
0.4003549856165511,-0.8199359278737508,-0.5868925262438701,-0.09674770507863499,-1.6131714332001517,-0.22112964000468405
-1.2156504247656494,0.558484969936983,0.9879736011951367,0.7092195699598614,0.6260105568525177,0.07735947455933564
-1.5593302797334132,-0.178922667312276,0.09963685580995209,0.4787234898332913,0.2064180913122695,0.1337741776743063
-1.3066604313331622,0.38058611566708883,-0.3236220325210455,1.338307120104021,0.5844955403950153,0.19243274994387613
-1.4994476987994343,-0.08293996111033954,0.04519602970298904,-0.25330038198543103,0.30725433151470555,-0.14072674258519166
-1.3139708454505719,-0.030127337703669998,-0.27054072332193474,0.15995881843929452,0.3849734866948438,0.1007548124666125
-1.2127876453026394,2.4984171378377167,0.8411218256473532,0.48195082227817154,1.167093206149366,0.5512721352765132
-1.277585497162206,-0.5595925071134865,0.6121071436494616,-0.12288234556995518,-0.11176795069466129,-0.07121005486546603
0.5065043885370681,-0.8510304684043595,-1.0448741005300475,0.5203456891604584,-0.7552602388044876,-0.15415343754297606
-1.6714691524427152,0.2055634920866995,0.603308719763767,0.07057580558409389,0.28919615352297123,-0.1693585337289383
-0.7105461070630155,1.5198357328276226,0.44656658426670715,0.4861634869176368,0.9342086547842493,0.9149707937063485
-1.4934856956574314,-0.4635049942213372,0.2634720415640768,-1.0299239808646765,0.30599789403983607,-0.3594482132440918
-1.6402589170938275,-0.3554096882235935,-0.11655956969663511,-0.5215248360162972,-0.22965034654161115,-0.18583613781185446
-1.4555021369565977,0.006156990366963891,0.3479314793095861,0.40729617490674525,0.40081020050843547,-0.039110033714608625
-1.7118104710039501,-0.42542583511873977,-0.26854568527872374,-0.6884573525653578,0.04857482381051153,-0.17682847672453958
-1.404648908235028,-0.22321388918738458,0.30355060913343707,-0.20047043328147357,-0.7783003687867831,-0.85253715914866
-1.1231383797685965,0.9733866217923912,-0.2284638338967373,1.1652994081247294,1.267517601046298,0.6921761745875314
-1.2048281048817082,-0.4106725239457228,0.5262927496664404,-0.19987487617390223,-0.18058200442125227,-0.10757039730938837
-1.5900898494524838,-0.09790239689608875,-0.05240067679440229,-0.0030175649074831983,0.14386217895473627,-0.06665103064212521
6.617001304005586,0.24284378080125166,0.3826386119318406,0.09705983188403293,0.1737376344178231,-0.0011103203311005915
-1.7321238794872522,0.0022299300716859846,-0.06214864211966695,0.12219989723677659,-0.187304188394629,0.09268729449324982
-1.168200845563754,0.33318267333436014,0.7051739975131446,0.1289277259102343,0.8263044489464975,0.5611040739643376
-1.3365428305226934,0.1368642276741543,-0.5658386512549758,0.13995305641299666,0.4845897931401919,-0.12436970903972128
-1.3338956329167162,-0.3576366697683458,0.29129581778248026,-0.3453889202604928,-0.4498306528397927,-0.2349829074709937
-1.7478070962303822,-0.0922708541500087,-0.44111885808086754,-0.08342224350158264,-0.19630726717056715,0.05180738099712654
3.9144539444324327,-0.6979568154837471,0.33795618753652557,0.24997566642912314,-0.6079594389678041,0.29982673262538295
-1.5932345984576666,0.029341392446725532,0.3558378275108679,0.04540632918768441,-0.10838481473215975,0.045752999586231156
1.0071767286556845,-0.11303077799479891,-0.35336703012034454,0.22046916525569668,-0.9573090787528066,-0.200306591241695
-1.2780960304191333,0.053643111932329096,-0.736960125588463,-0.10004964557422688,-0.4289472003195232,0.24392459503103286
-1.4508950456861176,0.5099456851748907,0.2583632210871387,0.30501623936785,0.7017999804957118,0.44683886995527883
-1.5532657611764948,-0.5183581816150058,0.05473422819607949,-0.46386501632284927,-0.24834825895508356,-0.275735105489941
-1.6034678424429911,-0.5994761639533182,-0.43296804633030456,0.13075119515459943,0.0530883783531381,0.16699746703687007
-1.65780814770912,-0.9508573501152628,-0.04361345803680098,0.085672374825123,-0.11890528950060816,-0.3665746142948566
-1.4397871726312197,-0.22107085569508633,-0.5635103566827929,-0.41226008253338786,-0.137371763731468,-0.370043043600116
-1.5350394656149915,-0.3610048314963278,-0.40198939836217773,-0.5929229104460875,0.09905579343836719,-0.537953104663856
-1.5060716213430658,-0.3750341194950475,0.21283595427232674,-0.8044268222542952,-0.28836675708358106,-0.26121683421080366
-1.7370185526567712,-0.8317818932890968,-0.061667709005908886,-0.02435247656371652,-0.42889441158993896,-0.08203386892034382
2.493521298471278,0.08961833856190762,0.4483230710402245,0.741556799529498,0.38614950634067,-0.02019386972162634
7.882743891298456,0.4140809855858488,-0.24259074534422378,0.4901819892400594,0.4256671075355984,0.2643898237139913
-1.6279458498664745,-0.42954094394152814,0.002932007073975128,-0.6453356201384861,-0.13551069346143108,-0.08636793626299358
4.7062663920563965,0.4527708192395355,-0.06673257414435922,0.912055604727123,0.016845703484531183,0.35448706315603234
-1.6891960759579896,-0.2084853276120384,0.11014029096408096,-0.014664770961108357,-0.39420841356228525,-0.24066352592482582
-1.2491124483571372,1.330418381255444,0.7659705932413325,0.33473121854453713,-0.028944542111902276,1.189699854985117
-1.6879311602654345,-1.0630641250059796,0.08707109056832055,-0.15769046375834997,-0.46128076946239266,0.020162757508393036
-0.9617201565160733,0.8552171356779595,-0.5331557672890126,1.8984689388814133,1.8405971074141785,0.519794116617328
-1.3504576365596423,-0.9284614813028145,0.14706477184874167,-0.18472494383367477,0.2413277318717352,-0.14628485566169555
-1.5352180437868819,0.039297908587690576,-0.7304510408416638,-0.14107719775814062,-0.22004610432315275,-0.05382427514247094
-1.3062074623051017,0.5154269319275339,-1.2198171772558786,0.5193516969715042,0.32255242828658875,-0.036546311935006716
6.50618238555973,-0.13153094055289297,0.17569974871200486,-0.15795702852978472,0.1959618420066346,-0.6771357736195348
-1.3356456667646246,0.33893055116708914,-0.771161531267258,0.2814680581053252,0.2247692859127185,-0.2426275590671216
0.7565238450378348,-0.2582944442534509,0.11766354183865782,-1.643113328364527,0.11079165491546206,0.01190920304614502
-1.1346062958003718,2.2170662867353936,-0.8661461521071705,1.1463152177539324,1.16612631814609,0.6131239054453698
6.182691643781016,0.5870270383121753,-0.14350387074907275,0.4816924911426765,1.0019614110251673,0.3381679159214451
-1.5274327932620304,-0.8722777491685463,-0.3206656950260032,-0.18893842322252755,-0.10287005454701337,-0.012485969029554048
2.6908246697201577,-0.026270753978978646,0.057103678827927565,-1.286791215400513,-0.9647700866549487,-0.33459831360047865
-1.569339924495534,-0.5410737611383555,-0.2510563542211617,-0.25167705130911827,-0.042313349524491076,-0.12954767650331697
-1.7450594436656048,-0.4224091053072977,0.021830895167970786,-0.23937980148662705,-0.4478792954223062,-0.4231202241327708
-1.4678563764835149,-0.18980860694608334,-0.11413549551530715,-0.5128853608145131,-0.142342636767158,-0.3676450889156997
-1.384954320426121,-0.16618300541112013,0.08461745542296771,-0.5108662610741586,-0.7544207012402346,-0.3976558461008474
-1.6809818338466112,-0.22052674452759352,0.09817719831229195,-0.18192667573842408,-0.3889794582945737,-0.7495719923873183
-1.0755192520460624,0.47929126040035175,0.7636611844218296,0.5622770757128125,1.0764757860334333,0.9422186172291418
-1.437651094236649,-0.058557877141607345,0.10221397867317208,-0.36012732023126404,-0.33549917117384787,-0.21394256693633093
-1.793106806020757,-0.5238964457523428,-0.07532900312214835,-0.12061770219613027,-0.28420707334507617,-0.23324303730672802
2.7594088033529105,0.16515840762070483,-0.06266756171566053,1.198841460684342,0.6280792247224518,-0.2230472753873907
-1.6051878439798424,-0.33045239637055523,-0.6451833820309683,-0.48493587581191117,-0.17164261756266824,-0.1041543876997165
-1.4648453416706588,-0.46661465351095915,0.26352544572797215,-1.0374390227469623,0.3164490003697122,-0.3694203345138171
-1.492218186238517,0.0667931178048171,-0.09087079683473347,-0.7049384247998997,-0.025881242996011116,-0.11545190717399273
-1.5638859923305246,-0.07076370169637981,-0.16040244382212007,-0.04188824740136998,0.14152678759752702,-0.04114338969564607
-1.6618677393999022,0.3794019161097594,0.3145939426797183,-0.21781038351753043,-0.34732963781295556,0.004374308299785802
0.8324945528902118,-0.39722349619171615,0.09377904978897868,-1.6732204627238185,-0.04001411353170272,0.08109877189025609
-1.302766917875144,0.36465918867141556,0.39309125736609657,0.500369958568821,0.40532412393840295,0.780471497051315
10.011131800553784,0.12015512948282622,0.0395685583464135,0.36883896174691927,-0.12205248255605504,0.058670451567578545
-1.0381877275082556,0.7224348643129772,0.8313068917989962,0.37960463891073126,2.4271745836944665,0.3410016767317754
-1.2446262635458718,0.35694372906793465,0.15090872316483483,0.7144878380621912,0.8784911566608581,0.45859835730718546
-1.4710969238634177,-0.24190727275586407,-0.009974570694182271,-0.35372227866926065,-0.5965763862091111,-0.24590188572160276
-1.4501304099767995,-0.6196527549020122,0.46884750605924297,-0.1209761393956409,-0.295094708291499,-0.2514713505868602
-1.6138465929097843,0.7029180343017659,0.6096201050756953,0.08484078432063466,-1.0030838608076327,-0.36284596284394005
-1.1816638354889142,0.3763305157895029,0.06217215230348433,0.36873782554078033,0.7625838409185577,0.8418180739546034
-1.6140119568611158,-0.7058648035349553,-0.013397475969285463,-0.3890909041159445,-0.6567968204334452,0.0028736928777811834
-1.486638242446467,-0.214065066553998,0.13616193129272786,-0.42306611533415106,-0.3736899590958892,-0.6853139422441773
-1.4834922609397454,-0.9901057444511516,-0.26427096520007676,-0.2828495171146017,-0.08556036292258618,-0.26996951359019633
1.1233791259016885,-0.34464751545252287,0.41054505789190643,-1.397785221243339,0.38916009361844106,0.08895082113707443
-1.5115106220836327,-0.1948211384331209,0.06190207547657149,-0.07151130349184005,-0.3822549825778594,-0.15577270333918322
-0.22904047181016376,-0.6548850445948283,0.05995908825646798,-1.7246081757181955,-0.1717089663767882,-0.3900083618137481
-1.4726937980719443,0.016482908763201153,0.36292714391934044,0.37551426234542334,0.40195395696889397,-0.052347261550943866
8.319122078614898,0.37840605946540906,0.690401911157631,0.12245739317706521,0.21004580375824491,0.25865128813676813
-1.4055398006989355,0.2878557360351505,0.9189209533038357,1.0250142417365684,-0.181499848474735,0.7581405999669245
4.891370415084224,0.2126704574882251,-0.4240438581853985,0.21188745979048232,2.346406996006636,0.2966730490532019
6.108388895127228,0.9335994166550279,-0.05098462525313647,0.35812197558435405,0.6745402241441554,0.2658116456353812
-1.5242312831563072,-0.23656737613223136,-0.03341205588536431,-0.5010706002244266,-0.5373512665719337,-0.2803423196101062
-1.4729484497621006,-0.3535452189502648,-0.692638202669887,-0.4936619312377438,-0.28437093714479406,-0.12816956587291709
-1.4030769671532133,-0.19963170219829565,0.26228367129551244,-0.39281031037547026,0.43022359454177317,-0.11844698743045748
-1.5764851805000972,-0.3354186910144288,-1.0176939480858362,-0.3448762643568351,0.39078084347461584,-0.16592226868611773
-1.4905237955733195,-0.1506551331979483,0.006701532955490359,-0.19287801851748718,-0.390492033882635,-0.2055229516995596
-1.4628022505306872,-0.5293929313828176,-0.24530861347765592,-0.4243552696714075,0.5042578857122525,-0.3506243746449037
8.23690280317803,0.5097058055093839,0.7922176263025796,0.18134047525541422,0.264610076098353,0.393112228955961
0.4146346886936441,-0.7882590135023202,-0.40422169427043214,-0.3868291275185333,-0.3149530042522126,-0.15590526517721912
-1.435556906021031,-0.2355323842149857,-0.6049233171322351,-0.6550900223865167,0.19569136208165286,-0.6382773205167142
2.456524486866183,0.04033768379280488,0.20912964116855118,0.7230036971521084,0.1674259845713978,-0.17860849159821662
-1.3133198875450742,1.8321068788924595,0.7019194504454604,0.7548414064789939,0.44954642836453834,0.8700702198028905
-1.6884441326241195,0.24827934143236752,0.05392727179451893,0.12824194464646,-1.0569269699220334,-0.3820278419405841
10.622032763213141,0.267929261462259,0.18089417234673627,-0.054690790451979256,-0.1603435310402109,0.056881188412582336
-1.2622471695125306,1.8537592006658021,0.6311762416899642,0.38355167107190896,0.8832142455398586,0.7488345186611632
-1.3773474193489053,0.3515386021667928,0.14600483275927376,0.8249901483044941,0.6459205713519783,-0.0028514889704376665
-1.6666159337023272,-0.5893968078323681,-0.10362976755221598,-0.20166425811829974,-0.19539524267035815,-0.14049311260413785
-1.418352831281189,-0.4511979822247676,0.2804414137913444,-0.5406261949175702,-0.3712458406593165,0.08602242764139213
-1.095305549654304,2.9471958099796804,1.31397511360892,0.501351904952082,1.1452785400913803,0.35454250249633196
4.7147453458210276,0.7513265083463359,-0.25375102917804093,0.7461514957280296,0.2272981121189519,0.5682367107375395
-1.2768767537121988,0.820417924319365,1.100999523642461,0.4111785539093638,0.27998662664911206,0.41074668991357927
1.6572302669917,1.1812257397348258,0.5800759518143606,0.05076994767467095,0.05081638218626184,0.4024991001502128
-1.7560486990084603,-0.2935588976951289,0.12754005890604694,-0.32659791432141233,-0.661107295565919,-0.2588059814661882
-1.5106389870767998,-0.38736249964663044,0.23669648540585353,-0.8919296527769784,0.17361215033591815,-0.373155946837202
-1.3593236163118818,-0.3239884444246925,-0.317371554744698,-0.6354161418388892,-0.603370958653971,0.015737578525029702
2.7594088033529105,0.16515840762070483,-0.06266756171566053,1.198841460684342,0.6280792247224518,-0.2230472753873907
0.38694994322574094,-0.47253238478344606,-0.0456378634153876,-1.069162502063266,0.09760724802449243,-0.19259461356099813
-1.3804376576287816,0.4625806142801951,-0.29836575859064113,0.30391629755093125,0.3217603557880342,0.1256792170743262
6.9610197076610865,0.05333722005725992,-0.9413070641656734,-0.006025779312477404,-0.13078242494751038,0.03409375645554008
2.2190381333236804,1.0230416162216802,0.37033870259937524,0.1816251631526784,0.1794288931556545,0.4233777007446727
-1.2954022348735064,0.44589625237866826,0.032047970612517046,1.4894902699111798,-0.26334868518732113,0.9682848938484696
-1.4424700836429796,-0.24840794275751504,-0.4047166892777275,-0.3821667404769529,-0.49189590952540707,-0.10231182380392373
-1.5073929483623247,-0.10888384305578443,-0.3200241639761867,-0.4354571544793992,-0.13518921747727788,-0.1579935546843931
4.389871080818423,0.2232879541619376,-0.27754906599722007,-0.21200015987235793,1.2368071374070402,0.0008748854274198958
-1.4499147505864542,-0.27102809537297595,0.12968797470312446,-0.8603363999608213,0.14181189586459322,-0.3084854417641886
-0.337552643988387,-0.42019348063922385,0.004500907557991434,-1.7923315676910154,-0.3220413568815286,-0.33581610530170664
-1.6180933566894136,0.5115868704949061,0.3941674209775658,-0.16569562977209698,-1.4183207952309973,0.07304639940870307
0.7178392502668696,-0.3354941979850307,0.17108789153226142,-0.5738415301513631,0.18669594936535633,-0.22223288158639876
0.3547022184970779,-0.8412546238598541,-0.17573312170013108,0.1942427682652405,-1.1001698212930353,-0.16384742698650284
-1.3695097772720153,-0.08277046748830066,-0.7585608223813939,-0.2987734399275184,-0.5015475093497833,0.12121193333851026
8.106257937642377,0.38939563181570236,0.3545578010457812,0.08783207939491326,0.33277165699050465,0.24407449427537675
-1.4781332916888217,-0.1891176403474207,0.5445067510881286,0.08134882067896472,0.2744166312017192,-0.09808246104499446
-1.1529571721427878,0.017345744998234738,-0.5173951867840918,0.025145927209845546,0.8386846794072254,0.10906607526320981
-1.1411434302647379,3.0473069320236252,0.4838830060661695,0.7805106538669715,1.3432375649768546,0.654006892765677
-1.5852974818933547,-0.1402532666895353,-0.3925984977540392,-0.12853331907488522,-0.04821082632102514,-0.23160206612574247
6.466522608896838,0.8762356419982799,0.14695344690339626,0.33499487121295285,0.5791490898439675,0.2105855414609257
1.2463733117391829,-0.37152406997885173,-0.02829510436735357,-1.4994458750322306,0.12106047554528472,0.04954585163384953
-1.5547715554792199,-0.4516814049410546,0.07390809582195923,-0.6260147507816236,-0.47332665736458207,-0.21488390374398203
-1.6265497503594906,0.344892731719588,0.4280789340013094,-0.18604090817894273,-1.4201508540221992,-0.007774634649779214
-1.3326501602033773,-0.020023388396607535,0.027753696582902367,-0.25575295057333525,-0.215249115403642,-0.1001591850213168
-1.5142268650141555,-0.48006897108970426,-0.5276210521918288,-0.2952519769620383,-0.29790710744998744,-0.2823625743519562
-1.2663317107929584,-0.09929499454019536,-0.12240766242659284,-0.36594853157941154,-1.0284596948799212,-0.43885844381530237
-1.6526871895580222,-0.39165771237742997,-0.2819780509590063,0.02801835335708104,0.04605459815029084,0.2564447659116669
-1.307316573012575,1.0007525486559345,0.805047461404169,1.4206590197232392,1.061508685769178,0.5291458897307887
-1.5772687578481257,0.21927351263591685,0.2167816045704407,-0.655661815959424,-1.0372997034008886,-0.2780276905676248
-1.2173365342383182,-0.17375089923569434,0.49480158892168313,-0.004004573124000379,-0.6979233346067325,-0.2492328773410926
-1.5015999419570814,0.36318973672759286,-0.8259156840702556,0.07523758579542583,-0.22102315012773532,0.5100814635599579
-1.432778389147962,0.4353958518423144,0.2548979968035422,0.10870943698903021,0.5457475818165821,-0.19826497314133562
8.23690280317803,0.5097058055093839,0.7922176263025796,0.18134047525541422,0.264610076098353,0.393112228955961
-1.4446435507870197,0.47248574527173537,-0.4542085269636045,0.11724911310274877,0.11034332501424979,0.004939626683283441
-1.3390137365123822,-0.01252301132216108,-0.28811063830985134,-0.8254587470906924,-0.5078584750713121,-0.4525323351925763
1.5722330581050112,1.3702789193327674,-1.2944016774236884,0.4385888141122147,-0.4234467277616886,0.0691144212898735
1.0030983033896141,-0.2987969877084742,0.13184223835363926,-1.4388815265878645,-0.13402793406499733,-0.11995628518366383
-1.4781653903093532,-0.23232697905446537,0.052342991865628796,-0.46365164509190443,-0.8282332171501036,-0.26333448565643236
-1.1061839835643321,0.6859218980439777,0.3547974329395951,0.06821493944581428,-0.5257423266594523,0.15653646140130234
-1.4613299843831697,-0.3643812079237359,0.10458772926389348,-0.025641671496307115,-0.38702298263713025,0.06996525458268206
-1.6813321790230469,-0.626447928718042,-0.11210236428442312,-0.48590951627285867,-0.25804288730299746,-0.23081024017576043
-1.4716893272163027,0.26733828273074967,0.2252688891466432,1.1831329060496294,0.13479488145739618,0.05340235814056364
4.848019202458537,0.4973246640536725,0.29061555965294344,0.7528666368536684,0.04437014912227516,0.2596929532877769
-1.7262464869866652,-0.0395119320676183,-0.022319818541611722,-0.06944843383481274,-0.1920792231289662,0.09019498728457356
-1.5737493390127626,0.08884118274863902,-0.4389577879315037,0.1006488092866056,-0.565585420322506,-0.1733181208309626
4.955845392797302,-0.208122836848777,-0.566925509659812,-0.8059156783725526,-1.2738536829746974,-0.05700454135541894
-1.7370185526567712,-0.8317818932890968,-0.061667709005908886,-0.02435247656371652,-0.42889441158993896,-0.08203386892034382
-1.5891255712788719,-0.7085331409102134,0.48983842078734346,0.17478442451447515,-0.16160225553781585,-0.22770100121503814
-1.4187160371682945,-0.2032633003994254,-0.07896396787317525,-0.43840408091474303,-0.40647598595050055,-0.6146352366285698
-1.0389016101178212,0.4207523037813496,0.9913214064773365,1.071374299670133,1.1672778186829504,0.15224188211915576
-1.1561894418524865,0.8695593510169155,0.4152068439932968,-0.00507073060885907,-0.40022466157168224,-0.08790602793869359
7.822158469691538,0.3810367761453998,0.1351558890126098,0.0776426638752103,0.28493754326280035,0.24273904226149534
-1.2142473154094253,-0.04725357320988155,0.801850315205584,-0.32343899719814617,0.7914732638499669,-0.30338744164778647
-1.0465039934287867,0.7014259912138668,1.1629822175458517,0.040806014262549505,1.4926121701882344,-0.3001386473148547
7.157025991190197,0.2405554392072872,0.3931917849791581,0.02691827388141306,0.1009316448981869,-0.03911261240193699
-1.3095117850482592,0.17635309591539833,-0.5859555347454724,-0.05805709723861349,-0.21839709529059426,0.059885304153244036
-1.740735383537402,-0.029027422343699705,0.10056891093928055,-0.15823612699337344,0.015619321467356659,-0.27142286513677766
-1.5254391333520516,0.20233767312311907,-0.328405011218353,0.020742860859339428,-0.9534412315513161,0.05380404511356237
-1.1984652096931006,0.3483288829633943,0.8958528280031137,0.18282207052335608,-0.15559696713800555,0.06855250622850458
-1.7304618005789247,0.5115601722508146,0.2180152115515686,0.0450279543998799,-1.053253839630298,0.1355145588619436
-1.5379865001076005,-0.44067804713629605,-0.5471569387910346,-0.2776406352032768,0.0569759465320618,-0.270102244606997
-1.41515850182176,0.140139112850337,0.24607775273404195,1.1706199819830616,0.10569471478010461,0.6519687348755627
7.314423140632393,0.13797108032020808,0.31377337692747304,-0.15025785460172394,-0.04565738847575226,-0.08679659621946627
-1.2669430626436198,0.18874601853341566,-0.8552867987370517,0.2164297422834064,-0.09602016884757952,0.269385520366629
-1.3939416322921783,-0.0102505159114087,0.8228147868927648,0.3346441777394206,0.33254225619765754,-0.067775671571973
-1.0146408352762974,0.8188856377620879,-0.5279889217072308,0.1600815707754449,1.0553633257956556,0.8753745003474569
3.2710196822113033,1.5024795935967938,0.5030641187224829,1.0321705032008315,0.8582888024142378,0.420159620370705
8.391785296739432,0.12264911524619086,0.18605313010122077,-0.36482264665564884,0.011976070036855245,0.01853572454967191
7.221489770385373,0.03328992136303327,-0.10586053203232115,-0.04043881845130372,0.0008344300253041833,-0.022671832371001708
-1.2160705634505167,0.7311036375419527,-0.15251287667378507,0.48937255432620935,0.07207848414029659,0.07372429284558979
-0.5327488636671183,1.2685364521125089,0.5279665263110886,2.0183271025974663,1.8743029680600811,1.0606031948788726
-1.143655926912229,0.020381679188306953,-0.3959481162310162,-0.007843119406874193,0.8300429021729521,0.08951981311990594
-1.5235891447690224,-0.3174285010056242,0.21868046260438934,-0.09340491181427835,-0.17292700197550573,0.002947070756889741
-1.5622521217219754,-0.39197817986215616,-0.26115088555504967,-0.25805111716257395,-0.3974616982460915,-0.2994736141847737
13.16290450952587,-0.31938777002267066,-0.11214140029976491,-0.08463827790319103,-0.011390104604318971,-0.14481660413829664
3.9144539444324327,-0.6979568154837471,0.33795618753652557,0.24997566642912314,-0.6079594389678041,0.29982673262538295
-1.0373181646525496,2.736332157501098,1.1168335929918327,0.46192914089831905,1.2996312389323834,0.2543500270278049
-1.3601112965572406,-0.3026928629274101,0.10076897805189743,-0.6090980047263782,-0.6058005265531963,-0.29649109205656
-1.3379028805339088,0.017380906672187217,-0.30292087136706547,-0.2103076864786428,-0.1290780059221056,-0.09162887368279872
7.101766869222382,0.0698002754862059,0.1852740027621792,0.22254890086283705,0.060569635058738074,-0.13469598303777675
-1.5576305372209711,-1.022470193743004,-0.045471849694977785,-0.2711606627673735,-0.10500098241613241,-0.29073265803598247
-1.1082309011556377,-0.41011886997718944,0.7868199488412654,0.14534906880553097,0.3115534413850228,-0.0051848487900616694
-1.6087146532991041,-0.5073286589629886,0.2131795773752286,-0.30950153551406084,-0.5135679116773068,-0.14358132060098233
6.931227409126345,0.29475945309362794,0.5917441875849779,0.09601808047605355,0.18332690380359581,0.005152393000104605
-1.5822210733543223,-0.13405287869444807,-0.03149508358196536,0.2007004022481515,-0.4910030924006406,0.14215924151811063
-1.5529304866349156,0.10409511472763276,0.25471503505593784,-0.7605651287209472,-0.3374368551295651,-0.5225082233936861
-1.41130042820832,-0.04895627235767937,-0.5874886547907623,-0.3099806603043797,-0.6196743526140598,-0.24552978279044602
-1.351783102554469,-0.13551592602994558,-0.04617360943586247,-0.3667088397513415,-1.041600597456047,-0.373505883993299
-1.5428360175895088,-0.17696170761063437,-0.33761311958292,-0.31265730117102725,-0.5806876639007427,-0.22098585465094203
1.4303966732715045,-0.3939718101586495,0.4241965610298163,-1.1533667185198468,0.582307343502422,0.212341658664912
-1.3856212748439123,0.02112722784645026,-0.3467567924457561,-0.05724386957409692,0.5664501997421083,0.33922522369698654
-1.6257164907134345,-0.37087851285550055,-0.13864539975213716,-0.3749417855267188,-0.4559170188208356,-0.29174476134292415
-1.6872397084328914,-0.3754787105202483,0.11661415779553216,-0.13105918244932782,-0.3130001685087546,-0.46101926033464424
-1.5667943029207199,-0.8735255553043972,-0.013783089030322897,-0.24080418293423592,0.060174306667887444,0.045200682588695175
0.5684871028270403,-0.22315868407593453,-0.3388843208099753,-1.319745183412477,0.06736385219873019,0.2010189810750086
-1.434810992326433,-0.21370433144742398,0.018216328081697507,-0.5146238618922323,-0.6876027423198993,-0.3721109388567776
-1.3473690196481694,-0.20890961870083505,0.30654302898042646,-0.31265465766440664,-0.4979877820320757,-0.2095087070422889
-1.7041567141660092,-0.9457635396402709,-0.03721547041522372,-0.26807684742841303,-0.08877235617030531,-0.012382305323142433
7.4070137890960375,0.1870339439369812,-0.6001356617786489,0.01652480172482949,0.0942286935174138,0.18797440456766795
-1.4185530601204426,-0.27090029923827724,0.051868242699691015,-0.5164813209373345,-0.374820984470097,-0.22404760007667787
-1.2824243426503235,0.11738394773428482,0.7236562493013285,-0.36537143333103606,-0.26925736308135395,-0.6082220968366128
-1.0152945645927702,0.8750479913292649,0.9030101297059723,0.648310924670544,1.0807490576502836,-0.23272253534528486
-1.4850443352558556,-0.43908998881380085,-0.20847433920330605,-0.6456956992156692,-0.06797019503242072,-0.4779992048431786
-1.3558981473246292,-0.3894287319590449,-0.4786075392917259,-0.3745248465052735,-0.4826726874128636,-0.15079645278376066
-1.5416080675313315,-0.2717010994657071,-0.26866921367207924,-0.3393119795018753,-0.3062673993788718,-0.2563522893932439
-1.3561826768376375,-0.0820971657512688,-0.3220679006562973,-0.08161047289659204,-0.41459936233090466,-0.04529633726119428
-1.4980615357469231,-0.24490550674823264,0.08377645462508408,-0.49692048478063944,-0.11206378351419191,-0.30199578357006013
4.402595868775061,-0.4437515464714445,1.0697898733579232,0.6861879994956632,-0.36411232789369624,0.3900932418459527
-1.6751696804705085,-0.922719598329066,0.13727495425218333,-0.02689963029519676,-0.18501306738275547,-0.0920742744820218
-1.5961972638930304,-0.2503312434056385,0.030409028746556745,-0.3895586548009153,-0.46202156866484684,-0.2636809756723732
-1.4069030831817095,-0.4271522386326124,0.03518258631376625,-1.039451577693654,0.33217759941129243,-0.37026824605702297
-1.5383153856795053,-0.22422437739267448,-0.5485544135810473,-0.5320009288214428,-0.24581997906504663,-0.012388451869671012
-1.3796746723564464,-0.36081659445371533,-0.47061491522209586,-0.25561891076363424,-0.23410071146116204,-0.09144406445226122
1.971174445654293,-1.2065840357560305,-0.6641123656231398,0.018387773810135417,-1.0320997617520886,-0.25862499296807623
-1.5622556030220018,-0.5046414382220406,0.10011152139057337,-0.09994230631026843,0.015408393139753548,0.12987817019044856
-1.2474361606550766,0.0815288126458211,0.3078161842154725,0.17816548922810616,-0.13062294419249196,0.09325661552037093
-1.6010968642311612,-0.07873829537041346,-0.6193221692523448,0.1654883719679732,0.2028390852701992,-0.1168443533781783
-1.4834104298114323,0.9907918544088291,-0.41695993435737294,0.5891280528162798,0.4238862476925651,0.7631274676105498
-1.376069412950458,-0.291197724660084,0.6089964275591607,0.43351493955190806,1.0526422795092885,0.34065878940115796
-1.383555838916565,0.34515779964094284,0.3998960302752555,0.8830198397249118,-0.26625151629098875,0.8227543732008405
-1.3412489860458985,-0.010779895104376625,-0.3199346791417442,-0.8239122384323658,-0.4920178966222968,-0.43760324815229157
-1.6604258500303917,-0.14558233022882244,-0.10391708089841967,-0.41794471269964484,-0.47656128401920983,-0.28449600915049067
-1.5415546791870578,-0.5011620153784961,0.09877100631082675,-0.47760793628469994,-0.22307656372744886,-0.2261352457424695
-1.219862997643373,-0.0025385513487500735,-0.19091416355644059,0.18315095578501833,-0.10950210302686053,-0.05283900306561118
-1.7588690881311702,-0.37977951729379744,0.19134943039823615,-0.1469192381569431,-0.2574210624226226,-0.19985959236085557
-1.576155734965283,-0.32039619086748156,-0.31919913106373526,-0.6068387346110714,-0.37852049356847034,-0.23328207907670395
-1.486435513791108,-0.4757071063364691,-0.06495208899032553,-0.6962322966305277,-0.5008698381130897,0.06384376130039184
-0.8733963016721504,0.45826698200213284,1.4177827267728857,1.5611043578065846,0.008644506798228533,0.8552225191936002
-1.5422846210980061,-0.26330428848312504,-0.04413358800122007,-0.2544421556814526,-0.620818732620576,-0.24165002468914162
3.2710196822113033,1.5024795935967938,0.5030641187224829,1.0321705032008315,0.8582888024142378,0.420159620370705
-1.350865042142406,0.20806101217310544,-0.3786967082722453,0.5305061522520649,0.6339199359695096,0.2805081576701974
-0.9954195251799466,3.2409900884648826,0.9482839971284706,0.8319800104305068,0.9331005310854065,0.8546973011185268
0.10420718371902557,-0.06357944118089602,-0.5373276819036301,-1.4531397441965173,-0.043743309078740356,-0.39288283296260595
-1.494547505699116,-0.28360997541021093,0.0032445188951712974,-0.3537561761273221,-0.647052792501565,-0.15800339650240788
-1.723750946864567,-0.6599989009816281,0.10372503342722095,-0.191028935898137,-0.5769957999505358,-0.21528795105314735
-1.33471035094987,-0.28359285702355735,-0.18809845361276922,-0.38186031518873254,-0.9702965658458116,-0.24074976317946162
-1.3757928085762183,-0.15272828700207014,-0.7758818208840397,-0.5157446093224884,-0.026656137614076175,-0.31897175617806484
-1.4544449133959683,-1.0801086537435605,-0.15470278125654696,0.04836940509990975,-0.015597934410634373,-0.17240391781122336
-0.9024562389877688,1.140502577004211,-0.5943996812486718,0.20766720150881512,0.9901282359882718,0.9361737802195569
-1.544346100510452,-0.7569835676880557,-0.2779287291759127,0.293448035408741,-0.922836324603551,-0.13750325821006623
-1.650825295501532,-0.2630351618936041,-0.02444687133564108,-0.31358968586404756,-0.7251981968863123,-0.3319344090988132
-1.3342000786669,-0.10051467325153988,-1.007346114177286,-0.29543426256984234,0.12448757859733334,-0.19251135013909507
-1.1471440455808335,0.8964810266996723,-0.37750613149263545,1.2462409427155559,1.1074636137567364,0.6925583390356029
-1.4247982159933064,-0.368600674597861,-0.5418519762655597,-0.5353462608336068,-0.3643159037355313,-0.11415232501909527
9.410808762926221,0.02544089868952482,-0.149096752948707,1.3488817500086105,-0.27143766956756704,0.008173954195093557
-1.622256004457595,-0.1681476228026449,-0.1344443585620237,0.09090633184861428,-0.27738453096487553,-0.3091116086955261
-1.432778389147962,0.4353958518423144,0.2548979968035422,0.10870943698903021,0.5457475818165821,-0.19826497314133562
-1.6166043905624274,-0.38114600760217776,0.2014286774848279,-0.4898582932262436,0.04668979180029764,-0.4279686676172162
-1.4553697145992228,-0.2492325794566162,-0.2151192963031586,-0.5133264405396887,-0.30457352968559354,-0.24829176647557652
-1.306300499386672,0.2747073272198863,0.11514286516410914,0.2229863722983183,0.4455534870931998,-0.2142962241314672
0.5085730730315398,-0.47879471774189497,-0.22482643675747396,-2.190990031228759,-0.2249394310730207,-0.4055523706545339
-1.4122639205213499,0.17726607445611822,0.17510050757681395,0.8354701910072598,0.6014398919792543,0.017066769087884005
4.822939248786904,0.4925243290644076,0.28911397385133586,0.9090156015833607,0.01357452327460572,0.31503777897699736
1.6481999512784862,-0.5858831322568364,0.09886738899961675,-0.6821892380830655,-1.0058747676831827,-0.2971405118948667
-1.0190796219596423,1.496886728665901,0.787652757158268,2.03077172635726,1.333624304737902,0.5504013218977064
-1.4611232347191196,-0.13895599898435534,-0.36209848372189585,-0.37458047452867543,0.21071891161185535,-0.22059019558123105
1.527497461804659,1.1251520719269417,-0.9536335906102484,-0.0896054826429148,0.2750550940303811,0.3876329269718377
-1.4623733214370624,0.1415872187732809,0.2970893980902549,-0.6512259380222736,-0.28089834116670603,-0.3928265994544915
-1.355718190075983,-0.24881750402621436,0.076607211094543,-0.5732558061333485,-1.1686215544848653,-0.11959164197311623
-1.4913308237171874,-0.136118557315678,0.5544597640564537,0.11497252738678924,0.2537795169505263,-0.1158681100269511
-1.249609534809357,0.5645408374054011,-0.2093719613746531,0.2582844116631377,0.8120883222269514,0.4290014229774246
-1.6754528271279974,-0.9615032161746371,0.011217022549561773,-0.28695471527661015,-0.2337639001721787,-0.03142539764724366
-1.4567566326611003,0.9245337010547867,0.513559671230281,0.36585098656335435,0.46542188491424286,0.31444607213543024
-1.6843996919550024,-0.5070134814175756,0.2872177522049823,0.07498566801608486,-1.0069158895541226,-0.3968274781114081
-1.773511716667906,-0.5151426425518353,-0.03220566439450119,-0.48524118940007654,-0.10872225179974303,-0.31420798608882866
-1.373675057412211,-0.256525644331996,-0.1091149419460327,-0.3455113620058018,-0.8642805172867426,-0.3372780289997358
-1.6202734930091427,-0.669144812063595,-0.12321263718970885,-0.2293266098609963,-0.06410809210827963,-0.11394325910134258
-1.6606383070055153,-0.18298300371294926,0.011811440182186422,-0.2694620416201865,-0.3726848012183463,-0.11078163288142416
-1.675520612266488,0.08293813867968827,0.20322110196660942,0.1754867417791189,0.11498665901079642,0.2606489190506573
-1.6242034930477989,-0.13717128176226293,0.10020345708827726,-0.11705650166956279,-0.5908035908144128,-0.1930361577410083
-1.4969428490955534,-0.19468977483318478,0.4402132373464214,0.11475130622475,0.2598785854353092,-0.11277934104062246
-1.628492839489784,-0.3965084945533709,0.1380917508494087,-0.07881349845630713,-0.1728003932858694,0.13085216182795797
0.4146250066936308,0.06952253761138265,-1.734529012224188,0.723525899109217,-0.7222258266335579,-0.07624243996229377
-1.4706721840084782,-0.9177481928802168,-0.08839228148417169,-0.4395854036112984,0.12048378426488177,-0.2630740069437403
10.171183016161121,-0.027310925173765134,0.0626492084557658,-0.06701495883994647,-0.16335926528175151,0.02831298052844056
-1.4309516716272326,-1.452123443259004,-0.31695531438086166,-0.18474138415725286,0.0646970562686017,-0.044239363297877775
-1.4185530601204426,-0.27090029923827724,0.051868242699691015,-0.5164813209373345,-0.374820984470097,-0.22404760007667787
-1.3008378412191595,-0.633017830955423,0.31216444276016597,-0.502717053668354,-0.6559398390254834,-0.21630821289654978
-1.0792163705360407,0.6671205696472645,0.8180802901746657,1.196755836125822,0.9682944671613789,0.8590908219344383
2.0880477019371892,0.6333264832655148,-1.2267657690876141,-0.23906162918099014,0.46466791174042743,0.26200807195712744
-1.613962026013593,-0.4196868012889926,0.03172635072739227,-0.5898228140347282,0.044087069062028666,-0.03865005216346863
-1.6885856654633737,0.07790583161362268,0.2752548926804138,0.2009103802368456,0.12327002049677789,0.24629338381773702
4.661885311822676,-0.6541241125621892,-0.38935877954000203,-0.18553464883105836,-0.3228151532505029,-0.2672206780650134
-1.2408511220046592,-0.02577909929575287,0.1547292645150107,-0.5828454168708397,-0.5382150008984138,-0.08201324984971112
7.374374778325165,0.058777130230016725,-0.35303071415016724,0.0663953016364192,0.17385793685516276,-0.04818820533822709
2.770904049007997,0.0014519036221424047,-0.12312743239339147,-1.234659021658593,-0.9265764996251268,-0.3103010736708331
-1.477241686518312,0.06665853765345159,-1.5176175238618619,-0.10462523801278141,0.38768188621084354,0.05627498457773128
-1.3800358155391257,-0.9127974625650968,0.3262496827120109,-0.2663551573346014,-0.32754763107407453,-0.36458338927742134
-1.6565343928161476,0.20187282052762398,-0.07478848579256409,-0.16444661818313977,-1.1947433445236784,-0.0742280493017185
-1.4982948601244233,-0.02370662841822767,0.15391590715263276,-0.16100941172088984,0.1565871544039496,0.018814920614669182
-1.5308201521291096,-0.4483517735477026,0.06661336428669724,-0.6240848854940944,-0.4444853654328303,-0.22492062375238875
-1.188267414140874,0.558096803690927,0.37973116679232266,1.052411680066331,0.7239114085066788,0.676938055972893
-1.634333001802541,-0.5887341587702529,-0.11445375096201912,-0.43550440390075845,-0.09214706957494478,-0.3965366452054613
-1.6659913862710685,-0.05905427363926382,-0.507592815800422,-0.12108873972280679,-0.6992672998361205,-0.23357722191699393
-1.370512753196685,-0.4787328786393811,-0.058089207712303796,-0.2944235883445749,-0.41621560862363116,-0.27340411399031467
-1.3938758376577807,-0.09590749924703434,-0.118478810924961,-0.08989845253941241,-0.2845959686461162,-0.08640823085818285
-1.435843643298952,-0.10416623156801987,0.4229465271513403,0.03374505130155047,-0.24755641693889838,-0.09045854060052531
-1.1579843869311746,0.9026763528171068,-0.09850286928250458,2.4893610017191583,1.5681343915882242,0.8173797023536536
-1.2925475142070137,0.9893607103682577,0.173409170252317,0.4266616870203625,0.16803584330394394,0.04357189855764682
2.497496219797504,0.16732603877646005,0.4398099748370313,0.7222509183483686,0.4220730178164653,0.0048857223487273295
0.06268794178967382,0.0850594108604523,0.4562671888611605,-1.4280458108016039,0.07109218686213231,-0.3209722256121482
-1.567967341778201,-0.37013426505626146,0.252744981908849,-0.24078390990722415,-0.4675682389395935,-0.2115461586703361
-1.5867509154084893,-0.16658430692643975,-0.2800987883089193,-0.268424067139773,-0.6212365020285129,-0.325589454248057
-1.4743340583456201,-0.42616169825400446,-0.20480445794267202,-0.5391907453481374,0.2620195492990236,-0.3855672524897708
-1.7465029101944312,-0.20800001869517634,-0.052884903989213146,-0.39767795372619147,-0.6659533610051447,-0.22435032782300274
-1.7332699465423556,-0.03630206143516203,0.19805024352714545,0.09997643147540618,-0.10192326216992956,0.142940361960916
-1.4948855269431731,-0.36225659927876286,-0.3677401484211276,-0.576948285985052,-0.1894549409913422,-0.22427404647673535
-1.3830830580493436,-0.9184796386044051,-0.8334625986812351,0.09649272259470731,0.46017763395807953,0.34628726812836536
-1.2502660954810974,-0.30795011100240616,-0.6728351027050916,-0.33483688271743767,0.07702925495730191,-0.1592198508849827
9.21969360332812,0.45059375036907395,0.42796951146612394,0.01973032163648713,0.0871207280784811,0.2996118199174401
6.833349794743587,-0.23843239828522114,0.39716793636119013,-0.05223964812369496,0.04846359175920244,0.03177813828016061
-1.4398680636440424,-0.35375834598088174,-0.0035895157211794726,-0.8365359216225239,-0.2531890941101403,-0.2395247837761861
-1.3160926583353159,-0.14019907804120096,0.28318340490904936,-0.046054354561416794,-0.1849566209337432,-1.0103813426348536
-1.2790012703266977,1.361967001147758,-0.9095877685555367,0.3724633067404253,0.7391145357400296,0.35784052401491495
0.3773048895038292,0.04269139604948519,-0.7122966084225523,0.7399387645520431,-0.6462987579677283,-0.08228695537044085
-1.4111635321979021,-0.2527151946835707,0.04707391237361685,-0.5064505390916201,-0.3482396399765775,-0.17954609121203483
-1.4468211927796888,-0.1825606651307595,-0.46463382465078124,-0.4100041145535129,-0.47544206413528645,-0.2674416695919967
-1.4214051786398936,-0.400754748798457,-0.16150917603553439,-0.07702419421702192,-0.41572061351151995,0.00776227096909555
4.666371380161251,0.6948625026094968,-0.020900437608633873,0.7839925022259726,0.15413571007884025,0.5220948106788919
3.4974408485874853,-0.11743812742167381,0.4688012584928073,-1.2876408124515362,-0.9159517609777595,-0.3007949899229881
-1.381783181856277,-0.10034522679585016,-0.42516726862123594,-0.2170048198336529,-0.15541496712960287,-0.051723048403313016
-1.351783102554469,-0.13551592602994558,-0.04617360943586247,-0.3667088397513415,-1.041600597456047,-0.373505883993299
-1.64841603918392,-0.5132159227943542,0.02825633358746872,-0.36599997152711167,-0.6129204007471751,-0.14231927380748957
-1.45492781337079,-0.15799958472468395,-0.09338363553622453,-0.2247945519062093,-0.12592135553528813,0.017925452356856903
3.038763796257709,-0.8743125078555913,0.8017383497571476,0.5854148861101605,-0.756868396936006,-0.2117896036447544
-1.288778261624469,-0.15334987279844486,0.3057009563239956,-0.23565271606448246,-0.30427547246629627,-0.06544948650554001
0.4748495572721613,-1.0750146516872436,-0.28659131271025845,-0.0643133741687154,-1.8128722423219954,-0.4085959056790941
-1.6966383680736792,-0.6374570473826169,-0.1965257021530396,-0.41606751179954454,-0.10520694298783713,-0.3228800842872396
-1.5089843660199151,-0.7954526214040637,-0.3188551671997143,-0.23552094801444207,-0.16473290967663623,-0.1507192769645295
-1.6559559539647164,-0.3940342018432614,0.023218815765453545,-0.3671403134403115,-0.4430470651114015,-0.12673384772434437
-1.696001364911158,-0.48027021298092354,-0.16798391986654584,-0.2161875216376371,-0.5433295453821207,-0.09548991490951987
0.22857688023421574,-0.7173462617734844,-1.0586727280181727,-0.39565631443384425,-0.32291725414219397,-0.16660450191631493
-1.6879213536273836,-0.3930699465844053,-0.5583295654689567,-0.12852508542509855,-0.3619102642059364,-0.17412224821324027
7.191848866098427,-0.052004272453567556,-0.4551745479227635,-0.05237691365714358,-0.0872015649407712,-0.020865148055738462
-1.3567278957185118,0.9503013361506109,-0.15644483164782355,0.10776355963741693,-0.4530474381017366,0.3141572641905845
-1.6961447348345386,-0.1403759724137118,-0.010711877906957037,-0.23803309545337348,-0.1906367208190184,-0.3740827918780486
-1.0979731440012266,0.29435991143937545,-0.7040568901561232,0.33667153762579516,0.4843568243703099,0.23923078577274262
9.704615153945198,-0.05632509172023206,-0.23834096330981513,-0.09689646781281536,-0.14273466748470626,-0.014555262615833087
-1.1423252308436356,-0.1199239465169147,0.3497972628403866,0.5211276788449066,0.44254760622697015,0.4808302977492872
-1.3716166951482263,-0.254538080397828,-0.10794923706369941,-0.34664319227542895,-0.8635010954354125,-0.3343507762376489
-1.6833648926010403,-0.6451298608134933,-0.03943815838485352,0.07763538579153119,-0.5518483661877258,-0.27976635039743286
10.257828005274796,-0.07606501845074308,-0.046406472114638775,-0.035387039963585006,-0.06822095304677397,0.0684518294713017
-1.2660432625710178,0.05065514372043629,0.28310292047860813,-0.14936675412652012,-0.1476041953573154,-0.12989648584707347
-1.4954319730433867,-0.6008105383104483,-0.18674239549359004,-0.4045072017684795,-0.49356407370068883,-0.0843313788900246
-1.6289838914934938,-0.5024217861073514,-0.07867417695739372,-0.34871794510064696,-0.6125889583968017,-0.12810095826450005
1.8824824072060704,-1.239532813868013,-1.012249106409193,-0.032686160550828285,-0.9810952131215546,-0.20976298223251091
-1.143655926912229,0.020381679188306953,-0.3959481162310162,-0.007843119406874193,0.8300429021729521,0.08951981311990594
-1.5216784170380646,-0.22717265848487952,-0.12481898586113052,-0.4839076410552844,-0.5277806806028941,-0.25840683780723445
-1.4055398006989355,0.2878557360351505,0.9189209533038357,1.0250142417365684,-0.181499848474735,0.7581405999669245
1.8608347461208505,0.30973408678483755,1.0314430492448623,0.5528813597396989,-0.2833262103493005,0.040038588659650716
-1.2969360633266624,-0.18388486626084982,0.46132917981244326,-0.11227098027040286,0.12733198823815473,0.17241566904149494
3.6737341015119527,0.18613236716729475,-0.33621819952345094,1.2617963250553699,0.7327490424620837,0.7533277489647903
3.458456934256741,-0.30122549016986017,0.41065460779378143,0.7609567623208678,0.9047130931190047,0.5463410016996101
-0.3509772024616146,-0.7625511634349927,0.26805749116183053,-0.9755927772770572,-0.14897215885750267,-0.2499032688534393
-1.2141149332211494,0.008971154931424025,-0.774746634448559,0.08815901204047036,-0.1657970700013455,-0.10220491335804856
-1.4426129541067343,-0.4182652411760184,-0.43107631118172024,-0.5101755185911601,-0.17509723814657466,-0.0665836627713401
-1.6502700170438933,-0.1402811770398565,-0.009703309755582014,-0.1215004581839044,-0.41732205116919147,-0.22813869043726984
-1.5072596833302612,-0.33094817658574777,-0.34985308160526796,-0.33213564234452564,0.09972574916110659,-0.2884065136894187
-1.3065155047706942,-0.14398654313286946,-0.0438587804793182,-0.46436451008954627,-0.743252059317754,-0.36066928175831364
-1.3895421153113476,-0.618810832322639,-0.3265008697960468,-0.32493817337212116,-0.05029477596360701,-0.09717190673433063
-1.1432162115886213,-0.022020354513514657,0.1527742463453398,0.4825486338485172,0.3461970297893207,0.7030332349447562
-1.6598156507631414,0.506420478997325,0.2691315599225738,0.05820126857245331,-1.120161101504998,-0.4767293489405447
-1.3807178819831551,-0.5481081873374372,0.009104336742609078,0.04531384948532028,0.2429361816973086,0.16111963389524853
-1.723238099389843,-0.546171409403348,0.04173370462259653,-0.4725461966122403,-0.4092202279595766,-0.11801016867600603
-1.788791540677301,0.3944395202082771,0.23954439878421713,-0.003748356848822101,-1.0110424435858825,0.042073254690159004
-1.6068904395815924,-0.48847887399816603,-0.20733201934401102,-0.29979221469052725,-0.4013763941906137,-0.13431407688717206
3.6921906424921787,1.2581626451604635,-0.7068202099125245,1.4707725120620554,1.0641944781588684,0.6410915618449365
-1.5189326108617565,-0.30455761349462745,-0.6073663884415816,-0.511654193697182,-0.3203941376386107,-0.14168770254577195
-1.1000525884880257,0.48478816235214345,0.8816864821042948,0.06334227779661962,1.337739056561312,0.28666964331098305
-1.7184427731081264,-0.15276379826908865,-0.30378446839125545,-0.15386633126694224,-0.5212172672997867,-0.20816855094985526
-1.4110430152420927,-0.18552156865316438,-0.15063799372638362,-0.5051963944782655,-0.8228610231518368,-0.07496815625595515
1.181907503329962,-0.32746188900931567,0.33849667600154887,-1.268220639431487,0.36983450202674,0.06700805410025469
-1.4770036905220185,0.09650878691978935,0.5848755421829417,0.6742565957431846,0.915495816455196,0.44344344016417203
-1.7450594436656048,-0.4224091053072977,0.021830895167970786,-0.23937980148662705,-0.4478792954223062,-0.4231202241327708
-1.4788191040409548,1.4244344240345366,0.5442547204376396,0.09545675308820455,-1.12182633474241,0.13698263497783797
-1.4190666568125063,-0.9987179763444092,0.20267822119792278,0.0030716775812677385,0.11523252141686575,-0.003474274648248911
-1.4572723168195434,0.2349830922381608,0.4858719205552085,0.9779559258492482,-0.8550692369307186,0.32033363764385014
1.6961118067977057,1.1220598380757045,-0.9909980278017222,-0.07501023399579268,0.2960105835325971,0.3985340941565941
-0.9699772413176986,1.609412482070525,0.9368831944348589,2.04786205304087,1.2933337042846145,0.5938864031801168
-1.0694311861073207,2.4550687653048002,0.8724900835276126,0.4566613755609417,1.2232815041212834,0.2673670126433219
3.4591204117729974,-0.008456980300881784,0.07005538995816554,-0.9589945356272176,-0.7855333809535838,-0.22125761305342476
-1.3253944625050071,0.3084353435564359,-0.29383946905063507,1.0754559939841708,0.716672000455452,-0.09963039287001756
-1.4893109084058085,-0.46557099954796033,-0.20006531464133115,-0.30871055348591103,-0.16403668923765224,-0.08613592953601494
-1.4754277358013417,-0.4942685341551589,-0.43195349543987493,-0.15915549617511568,-0.3505058589210338,0.1299442737402109
-1.7184427731081264,-0.15276379826908865,-0.30378446839125545,-0.15386633126694224,-0.5212172672997867,-0.20816855094985526
-1.5343605868057923,1.007976899427889,-0.1898210367264179,0.5262660642603898,0.8016724009267946,0.43465686614498084
-1.686352492499342,-0.4783679545651171,-0.003315496234614265,-0.564631486016607,-0.21370824872543237,-0.2616610670439632
-1.3349350255343824,0.8852541939931652,-0.2891433060800016,0.26669888709121675,0.5863528531744233,0.22796627322770524
-1.5576260980945347,-0.7476195540919467,0.042073947846925495,-0.2226349226559471,-0.006728352701450932,-0.16265326488460236
-1.4828062133691142,1.3401141446024458,0.6260396141611888,0.09097234811108171,-0.6451888131184955,0.2220277531545399
1.623810451260136,-0.48255417907166,0.5864390092728172,-0.6256277240317417,-0.008744586136332074,-0.28319498213849226
2.7132479459407812,-0.2052911340415379,0.1993013039653739,0.7467400367261533,0.7875777677879291,0.002949617707096351
-1.4166294269139477,-0.33108647808594044,0.0711850165041565,-0.8890238483582854,0.19699806122334093,-0.33201921022659386
-0.38811377443445605,-0.11629519469034197,-0.2876493195222603,-1.2915283524938668,-0.012957257548577981,-0.1254691688022387
-1.1793143520500335,0.3137750351477781,0.7063302188022524,0.10661347540315219,0.7993748481757296,0.5510264308795672
4.745498723842688,0.031419460128537635,0.3316919627253377,-0.486521022061819,-0.7081700300898964,0.07485518923526754
-1.5193554945438656,-0.7021159361607107,-0.2777209945396013,-0.1797042770406779,-0.13375839004540946,-0.3205061017291185
-1.4892404656874492,-0.2743461645062455,-0.2458672966857958,-0.24962746121395743,-0.39031986586979633,-0.2425377240415314
-1.5429070536891492,-0.2387001154146136,-0.22136082062019966,-0.3752111049302352,-0.7561405396886457,-0.23836931494496952
-1.526878353022065,-0.21811427874132752,-0.17899782651590065,-0.1436460443401092,-0.45786893664325395,-0.2052125470062432
-1.4536650969543095,-0.16651486027331774,-0.20232141689477753,-0.46938875753146003,-0.624665647757988,-0.3382305251551717
0.10271363360746631,-0.12857131425497376,-1.571114378105513,-0.01168930991738101,-0.7736374170885798,-0.1201702905056351
0.6440043655330633,-0.3944233683881804,0.45227249088687704,-0.8384129076696073,0.1597540620682584,-0.1111727939115582
1.2121156036985017,-0.6680280024272459,0.34234595067729773,0.394064717851184,-1.132737275030162,-0.06605990068904197
0.5655772871014527,-0.3070090392813384,-0.14449213612879408,-1.4476389948578632,0.16831561316875038,-0.029994364359105883
-0.7884392235549423,0.8465451752120384,-0.26043152162950084,1.131105760222191,2.2608348588643508,0.7552991222852301
-1.3419949687385742,-0.1265709919627519,0.2191105904152228,-0.11238172956022764,-0.20828337113224724,-0.13719870414114396
-1.0674142353164093,2.269399079176892,1.3384615514690783,0.5318341265803125,1.0963595550680592,0.5181849844927887
-1.3588289451592037,-0.07315433378905718,-0.014540135851621441,-0.3220904374799733,-1.1543635536209724,-0.24809478084085307
2.5160499544854082,0.18673797640789144,0.9970944270523804,0.8120526546722344,-0.058875271030067136,0.09094613379532478
2.811421277175232,0.03056092062103143,0.16977346117409214,0.6278003388520087,1.0690794797126388,0.0188140792986493
-1.573260285097686,-0.4584891443124623,-0.3494737669781307,-0.23449506635276468,-0.17491067611801325,-0.2764740225190944
2.76057069444385,1.0637774289408328,0.7161964897880044,0.08668878616259977,0.92885666682236,-0.08016176172200033
-1.2566244928100574,0.12316275156771656,0.9651069478046768,-0.19863520869497175,1.0635212077225824,-0.1991862124326985
5.658883037485397,0.16438221815491078,-0.28853817789097214,-0.15649413377432725,0.024362815465068053,-0.36999365928663674
2.563339222385615,-0.08418458291805975,-0.2469724690697429,1.2350547348638956,0.769157640741178,0.20632012246790196
4.891045857508085,-0.3113258102276042,-0.14967951295425874,-1.0305504648314157,-1.512029254241607,-0.09516688963297468
-1.6165454885421688,-0.9154728454779593,-0.17809414330245685,-0.24942695807876095,-0.14109643216169135,-0.0157044716632661
-1.4331643063314123,0.5406607074135935,0.41782986756541407,1.239557548775207,0.4697423708803469,0.13666257408648239
-1.1363566736945063,0.08374060825736877,0.948509087402762,-0.1318436675586572,-0.13933758972199053,-0.32281095261332515
-1.2498568345327035,0.4294147861961726,-0.09281413439487579,0.8689825923004405,0.5083813838748342,0.4898382008887465
-1.6972144999968786,0.2719269054945927,0.08392067601680461,-1.3847998404922792,-0.12325220446599446,-0.3869138006133066
-1.5035177285349277,-0.3507897827446475,0.26077571143335954,-0.14486944664572235,-0.01292842309943755,0.09045525476357023
-1.4634626091028056,-1.3570425348047714,0.03100432329987964,-0.1977918607559291,0.3287196946070895,0.02467811281784683
-1.1896320918670218,0.42806257002973075,-0.2005787681916564,1.6486552588221812,0.3104166250013679,0.8576748205612398
-1.7191447394041766,-0.826999654326597,0.019597388398173494,-0.023028672259381336,-0.42435453769135484,-0.11544212774402136
-1.3405275501491158,-0.11552472102460501,-0.13666021331869185,-0.36554631232612006,-1.0797257936526024,-0.09116700050525443
-1.5458543419568733,-0.006659822056203405,0.22340779552764173,0.5731456073508384,-0.47232142125889764,0.3136291578366426
-1.6147944570836532,0.25553255072286835,0.1344330881773918,-0.9802955547877407,-0.3337006140137624,-0.3275302279837835
-1.4310147089001999,0.04714652365264654,-0.5448748987611003,-0.05972503636007078,-0.28256241763793627,-0.5790923432497851
-1.355105222877776,-0.33146042466014347,-0.2771391284378646,-0.3749179888642483,0.5448207307844247,-0.3249671829627161
-1.3278661784929857,0.776166798289949,-1.0531665644083372,0.2023105858793589,0.4586911974556773,0.6011758523388447
-1.4892404656874492,-0.2743461645062455,-0.2458672966857958,-0.24962746121395743,-0.39031986586979633,-0.2425377240415314
-1.301531191301896,-0.5148931484369212,0.5821043933275608,-0.24088763984700448,-0.24207578578293446,-0.13716163514041504
-1.0109666258110421,2.8426440882143855,1.3613759640154244,0.5089436151079026,1.3994121214717912,0.37028974753282823
-1.4382829734266551,-0.13464309397678842,-0.19973044287091796,0.6557290378213287,0.40533849077240364,-0.11555751037646968
-1.5929351501086797,0.02013617564293236,0.17657613101744696,0.09285885739606761,-0.12431425506869977,0.10995377611405215
-1.2621833538638674,-0.16529805836476236,-0.6001165166733472,-0.11245454174690177,-0.632363923052397,-0.10893071366325852
-1.7122419717021946,-0.6446672059074148,-0.31134634671133016,-0.43502147355398524,0.03648690127987735,-0.3434896286619274
-1.675313513771378,-1.1132679480392595,0.13577783629314225,-0.2530368899113417,-0.15741808839689664,-0.25142529032771477
-1.3412221007626417,-0.7799490486832035,0.2574787893514603,-0.11415215351907788,0.4492291726338885,-0.05937721095054457
-1.0479111874713276,0.455119910960847,0.8150591930771942,-0.26422729737762946,0.545300922456656,-0.6115122476808877
3.507401363937471,1.3134443681417198,-0.4713040972778696,0.09595006005481636,1.1057056853070348,0.3740338568667243
-1.638591888581585,-1.0296307383537564,-0.15343981750430113,-0.05911648284245919,-0.08383839656147228,-0.2725364095916237
-1.3401446067878413,-0.2060373925247673,0.2612499647442612,-0.3091657858340631,-0.4913142413176213,-0.19695753678222844
-1.469592246566573,-0.6948177170667528,0.33675748261175403,-0.2042110230548054,-0.3253880591001351,-0.28756012155677413
5.7605384388102845,0.7779775025144997,0.5247032664868296,0.21952392127623083,0.034280632346108855,0.47737929418634667
-1.5181435594920922,0.263751524045824,-0.7992121414146715,-0.23634802705064503,0.1717287857074731,-0.014269126234763032
8.829089243743049,0.035799542457792544,-0.05350655059596366,-0.06660214400693536,-0.0802496275274627,-0.31934235100941016
-1.2614423116448714,0.004148632676100553,0.2826001802182487,-0.42405005894354925,-0.4013707481810928,-0.6935922260431016
2.7611309938176056,0.16774032114170528,-0.08777947895333156,1.166488756074499,0.6925209979406857,-0.2251041879421493
-1.0069665609368723,0.9290934811040139,1.4428887643632726,0.9933429076980871,0.2515730414309002,0.7228176183539351
-1.4771637621896914,-0.24683759643963998,-0.04733929613163717,-0.4509957181145466,-0.1573154058657252,0.09163682923946354
-1.629946796427489,-0.26365341863431224,-0.5857349361050532,-0.3033625857636149,-0.09673021652043214,-0.3000364408663186
3.5214524151230253,-0.27476133166259437,0.703223739907451,0.8885637050874439,1.0409830227482415,0.5353465224070645
-1.6655446970785028,0.26572806091329837,0.1073043957440903,-0.04677284723615167,-0.15400273515042148,0.032090520256407205
-1.3576811454202147,-0.47098612557920366,0.0763773613691389,-0.019142378463552993,0.42900303720446614,0.14322730872187533
-1.6286539025731506,-0.09911887214381997,-0.43023564067960035,-0.4264385183735694,-0.19485082889002162,-0.17590539093620994
6.5917721281613195,0.11186490704607463,0.37272598344009744,-0.31581595397583495,-0.05758291847085867,-0.07479644713672615
-1.2301014375663908,1.1220491005107192,-0.4400858628152403,0.24186105549799466,0.8200169175670113,0.8088336743526418
-1.52111497509054,-0.34673455293038474,-0.3301918024027123,-0.28690125266492345,-0.37764897409826326,-0.2906175886253686
-1.3111021223945425,-0.23101457414676674,-0.24712384676805196,-0.4849375345388456,-0.904660645250465,-0.21803554299851652
8.475408509195871,-0.05854241340984033,-0.13380695126089687,1.0348380783242495,-0.32047402437165406,0.030207107106053423
-1.3919996487419497,0.9277453742409218,-0.9315669590042656,-0.038255298064559705,0.4968112098965553,0.017317846064375583
5.678612877826961,0.5244039256897223,0.2353277278976063,0.07111309160007427,-0.08976454748270958,0.16051282870209285
-1.5904504975198148,-0.3353603065408961,0.13217283216973938,-0.4600632455723309,-0.6579686501214571,-0.39957294505330887
-1.1565656651317773,1.9374912873517167,-0.196734319214227,1.1369758344522196,1.4135198868950565,0.6913175773649638
-1.6634052460215119,-0.4938045634921899,-0.08599351462954187,-0.3307792322353977,-0.4128424300744405,-0.15393929627920178
-1.3168741225755187,-0.05582628977397215,-0.6644604849965832,-0.5084505176832322,0.26711802417046565,-0.5732982661902891
-1.7936541311580387,-0.33803531341671095,0.03839747010982899,0.12121497857616158,-0.40245870569320485,-0.2590942495814144
-1.3364855025210718,0.22580855595013707,-0.6180755258396203,0.24843161736256233,-0.09813178516912253,0.3455314096926134
6.742369312646946,0.049475983425566264,0.36247719362652137,0.1114949772474001,0.2538641996691344,0.027852652328407067
-1.4866159099299487,-1.375646976029141,-0.010524022744624368,-0.20747792540862314,0.30722928069602873,0.01129683237743874
-1.0852705745163826,0.4540166298057801,0.6587751309964317,0.5196241525100714,1.0318128325856892,0.894735421082283
-1.2218652615865366,0.22691373781852592,-0.8828230705362526,0.4815058906514001,0.567885519362398,0.2993028780241532
-1.6168828180660204,-0.7967586360198438,-0.022960114953519496,-0.2886984559447037,-0.20659414830516157,-0.1970002203224421
-1.4619611153061784,-0.1624642869956138,-0.30409227067049954,-0.22804638420685353,-0.392704879938861,-0.5793712010052304
-1.460362861172425,-0.20036658671378627,-0.05729446850110362,-0.4288213770905149,-0.9068723455626828,-0.23228481867320655
8.043070355131736,0.06356439597909953,-0.014608131893759658,-0.20554087231175025,-0.13618600001126074,0.028976223836754498
-1.7399740389203024,-0.653764240730796,0.06273737377225017,-0.2336210648674914,-0.322234332115413,-0.10652829938277135
-1.5122681631436894,0.24771319874109832,-0.8511248076880432,-0.2611915170087871,0.15483912485733928,-0.02922268283103022
2.7530554295603973,0.03272439391147954,0.12643416886322914,0.6012306882637364,1.1272496703216026,0.019526229885717162
2.7453698652973153,-0.19698727361221924,0.41817016758811126,0.833208871550944,0.8198340326641578,0.009423904677886797
-1.7566406100068084,-1.5630502198742475,0.12432486744415881,0.16726703508191054,-0.47007998910516624,0.15185868238411512
-1.0348988773792853,0.7175706821010723,-0.021214457301630487,2.2575917658811084,1.7761651648791879,0.528749000382172
-1.565093926886963,-0.28642524365709854,-0.8638733260635217,-0.23556687116657948,-0.08752490211971753,-0.19619112559760316
13.684470349384242,0.11138264741787618,-0.09981726406438106,-0.12351314239768464,0.05002011657011282,-0.02437054376052944
-1.383639169290938,0.14144660677890716,-0.3357449612674002,0.1371667468433378,0.5407715473410803,-0.0987369120613556
-1.4247982159933064,-0.368600674597861,-0.5418519762655597,-0.5353462608336068,-0.3643159037355313,-0.11415232501909527
-1.6168632018685773,-0.49921361189392144,-0.10009373329084002,-0.5079889394197552,-0.18334666064386956,-0.22297848369779288
-1.5542158466394698,-0.619441751494799,0.5497484063665238,0.604511529151392,0.3675324758925665,-0.05820564902364161
-1.3745918345515327,-0.17229333831967822,0.36738000198612564,-0.656118220002545,-0.6211502793781813,-0.5099680316230993
10.77784097458913,0.16108532539723894,-0.013866669292191913,-0.06853786529120397,-0.09885607820844515,0.045095238265966446
-1.8142038368272044,0.25959695236572666,-0.07412460008268651,-0.011024504530526258,-0.7857077816644441,0.02152361181045821
7.004092637585607,1.2798423779167871,0.8398029244024618,0.30437546751563954,0.14985254758228855,0.36456215486342736
-1.5677466734843306,-0.3004829662033119,-0.47054566043370255,-0.29296178468567186,-0.14216704215190162,-0.239840884784687
-1.329662166029285,-0.02385095186787369,-0.43909336204728566,0.025102330992788854,-0.08041217912145993,-0.05937964801280931
-1.384085730221341,-0.012838878460462395,0.5518204332317219,0.8985166807531973,0.7577509338981214,0.24971758566913144
2.455749157190412,-0.3692216885067192,-0.10417463712957535,0.7655116492783691,0.18590113660376165,-0.06720172474833043
-1.3497434311551448,-0.14646892314327076,-0.02402693848871158,-0.3169450688373482,0.4869155043578935,0.042159974156443424
-1.2965024156055358,0.8768032575520411,-0.6793805051978339,0.1473354190158216,0.7039365050364097,0.7152963795010973
6.136476518776352,0.5673592519928221,0.6400743172828595,0.5761917487405239,-0.213210536191943,0.43652759984091644
-1.3597057778565813,-0.14623679803621722,0.3807541789632951,-0.23323676799821835,-0.41258082659236855,-0.18487709604301272
-1.542987722648268,-0.3346490371705768,0.22762574374834266,-0.12419744229915924,-0.1866598135601213,-0.023197358475289517
8.334041689750432,0.37183047026741955,0.692683236180329,0.1203231193275174,0.19627324947424338,0.2600913798119778
-1.6368106530195823,0.236501492930611,-0.6221881691381319,-0.0021997922942105326,-0.3445216610296266,0.3527355661459575
-1.4317712733299193,-0.46073784590304934,-0.32426901314398443,-0.4511530233917482,-0.46110823739896606,-0.15652739137510857
-1.3743785510136883,-0.18120718120978097,0.2123951154251415,-0.2778637050306205,0.5856244133495823,0.10328556922941856
-1.6842313572708278,-0.5889657726444556,0.03790046328071464,-0.18470558219515884,-0.17093702399075247,-0.12447603237650855
-1.5075751122117753,-0.30462961184411314,0.002469965744335884,-0.3550529800759056,-0.6262460690172035,-0.30415455688738263
-1.5767476020986542,-0.29727180237468,-0.0012233563022651355,-0.29790691554361337,-0.3812494507878971,-0.44911363240658186
-1.3585743837183417,-0.5403126410332915,-0.07435332319703136,-0.24604513889912877,-0.44976431529430944,-0.23149397038563121
-1.5667943029207199,-0.8735255553043972,-0.013783089030322897,-0.24080418293423592,0.060174306667887444,0.045200682588695175
-1.2660432625710178,0.05065514372043629,0.28310292047860813,-0.14936675412652012,-0.1476041953573154,-0.12989648584707347
-1.1653151369380832,0.6173123756027252,-0.545957169909915,0.9919631841520351,0.509710097347004,0.06110476166415316
3.683561590454537,0.26606248574667335,-0.22819578903091445,-0.2578844277082661,-0.6589319749462443,0.15017997139636657
-1.482052369315784,1.281829375515786,0.2685646930129709,0.035563721213105935,-1.1847235919649435,0.09918017886312729
-1.094821759537988,0.2185356907220011,1.2683269019311223,0.3393121174422725,0.19095068994730627,0.36838824020645644
6.422350250610052,0.6754478957449723,-0.2705604458692099,0.22102158099361421,2.282215808667642,0.2932327203838893
-1.3348488615923044,0.34339612852055035,-0.7205321849939275,0.3209253619228022,0.24526774174425775,-0.20690399574310633
-1.1944208307373179,-0.44538811354863134,0.10064651432828345,-0.4159601318604747,-0.6563798542691708,-0.34131667604363247
-1.2947726129429222,-0.15092290260427382,-0.3060880344311034,-0.3053733856245912,-0.5733146335683585,-0.23207494801189393
-1.3924395938762073,0.6260470502880576,0.49147636433629766,1.2430140426118441,0.5687813432205661,0.20809596781197773
-1.3509246988247134,-0.13623746838210238,-0.04385947892958358,-0.36125371674993373,-1.0398018996980989,-0.3786772006821003
-1.0308324946893246,0.3048478745519054,0.7742565239664315,1.1369896242144366,0.08975510481869821,0.003245119878954449
-1.2138655697119989,-0.18036752060812772,0.48901586317854334,-0.008630250881030905,-0.7023499081449062,-0.25285896260272056
-1.5673879937340778,-1.0105846572926775,-0.33384311451928855,0.003893916092293077,-0.19119335837769216,-0.1935913043550565
-1.6129338198896472,-0.41024835102540425,-0.05826460441320972,-0.23056217350992225,-0.42889645508781515,-0.35796069877754044
-1.5624499257975126,-0.036204269004227366,-0.4574163748438476,-0.6025001622519092,-0.07991646066060171,-0.3920808429228733
-1.5645504411991127,-0.15671059902507928,-0.012439305887229374,-0.43137932753832564,-0.03588188999524171,-0.38662249850536456
-1.6716431496238509,-0.14341245240374717,0.1491735675500254,-0.17029644039269884,-0.07605106529286879,-0.5410430941703402
-1.0979731440012266,0.29435991143937545,-0.7040568901561232,0.33667153762579516,0.4843568243703099,0.23923078577274262
-1.5747969563181603,-0.46008887740057,-0.13471646430769574,-0.3128472618414017,-0.17740729389116322,-0.028955637445443924
-1.6878718184368402,-0.5496653400056055,0.15907809432461367,-0.4343927143082222,-0.5004354098072045,-0.19279375944637275
-1.4255191686341204,-0.2822313243927974,0.3577663811283957,-0.0627902900699492,0.3682473850075783,0.03487357203283349
4.605799651255131,0.7177645244183238,0.3242382680118532,0.32973894343824744,1.5562168162813135,0.12338840368941419
-0.9551797545637627,0.32904922302434386,0.6765311551552826,1.175696809551597,0.15558042695431862,0.038971326296175016
-1.5035177285349277,-0.3507897827446475,0.26077571143335954,-0.14486944664572235,-0.01292842309943755,0.09045525476357023
-1.524377676804955,0.4252179839301615,0.12317400100410623,0.23158905813899003,0.31283929140030253,0.09468478336103694
3.8564806034576042,0.6104621550504331,0.5235098092700798,-0.07285040353807498,1.1463419079606187,-0.03536519315355097
2.923177233128885,1.0354648517623872,-0.8026853399249044,1.0493909741897431,0.8622692625003576,0.6118143483280237
-1.5900102304336172,-0.4284495474120581,-0.09840227484565658,-0.2425831065941159,0.23860653008119306,0.0479153828994696
-1.6948367377676576,-0.17799291379617407,-0.26136199739115284,-0.2675303514478884,-0.4190648371338647,-0.26459525245834886
1.6949412759592555,0.16181708419308413,-0.8760031630594675,0.47912621574259023,0.6902097057506105,0.06004855231518897
-1.5229108269840923,-0.37664282195028065,-0.3144592033933429,-0.5776141551292128,-0.09669986504175598,-0.47322028013132467
-0.8028601981903921,0.6332955003502013,0.987292595229657,1.5248418300180466,-0.07062723232802887,0.8879189953591083
-1.6972144999968786,0.2719269054945927,0.08392067601680461,-1.3847998404922792,-0.12325220446599446,-0.3869138006133066
-1.347638261490891,-0.16618941334821763,-0.24696356856168972,-0.46566308431134434,-0.7806478587364474,-0.023142381005465496
-1.6160899092734748,-0.24424396767194706,0.0035507595493966004,-0.5833903704917807,-0.36488989334362726,-0.41390263557789897
-1.469592246566573,-0.6948177170667528,0.33675748261175403,-0.2042110230548054,-0.3253880591001351,-0.28756012155677413
6.992349833452856,-0.16010268309028314,0.6280724738277949,-0.009195277975038897,0.1095342018063032,0.0465766013780371
-1.6019211171611256,-0.39448610525879324,-0.2748323951686514,-0.2878390234987776,-0.1016012641949479,-0.36813820533300895
-1.2315664786558516,0.3496953295376044,0.6531215206673904,0.1691730556776581,0.9341812419914466,0.24657360847181617
-1.4152391445388266,-0.1983969794723828,0.6218653179374158,0.9747518029173795,0.9082937027214711,0.3286295837762536
-1.7008147973916568,-0.13913368775867116,0.03891132391401853,-0.06644548286043096,-0.8191165239272796,-0.21466045831060254
-1.3275074252047148,-0.024935493165624434,0.6428863963225061,0.0953060471706192,-0.2898128541104829,-0.461518870714523
-1.4443919361633755,0.3199354808363443,0.7772424141233334,0.2560213116460045,0.039331911381337833,0.12966315878205803
0.4929242838536308,-0.804202112119056,-0.02442052099912082,0.24551377677637043,-1.0316857337858796,-0.155733750677301
-1.472418728226203,-0.34882364014306216,-0.4282886071876853,-0.5304014229966388,-0.17165024866537268,-0.24958127710264202
-1.5673974855533896,-1.043071570455286,-0.04843585002845459,-0.269055262372172,-0.09791866298386794,-0.3037641502178218
-1.729706037652828,-0.843543240723548,0.04655354950722107,-0.07727758247715484,-0.4253453311866799,-0.08410073759754091
-1.2686959202161832,0.7957312468573097,-0.6536847389798016,0.19504660783872382,1.1968482554352282,0.23872825808704826
-1.2538091464191823,-0.3229384204520753,0.08413910422366142,-0.5394927311260216,-0.8003118786445018,-0.11621198780081682
-1.5924775090560441,0.5407659415123109,0.25542444405136283,-0.16502113071832628,-1.4132990963384324,0.07681798064660249
1.3229440301636635,0.9410374458010661,-0.15002491295919188,0.2683536142645531,-0.5502060088664644,-0.21630829497791978
-1.5423195810871797,-0.8235001732499807,-0.011078923772251637,-0.4063554054380116,-0.17877359588267674,-0.15807540686663327
-1.6691892595106752,-1.2312112592486628,0.14714614417577243,-0.1860433055361973,-0.10403123514929118,-0.24217608170752503
7.21644741023406,-0.2660315243582582,-0.08323236766882892,-0.41364237964018524,-0.11490871105480292,-0.05365303969264282
6.280062537760151,-0.5471204763823713,-0.7260903990693304,-0.18686078269676346,0.10059472432725551,-0.02472258413144492
-1.6147944570836532,0.25553255072286835,0.1344330881773918,-0.9802955547877407,-0.3337006140137624,-0.3275302279837835
-1.3861837379798208,-0.16743182491811462,-0.2730708648830786,-0.4435409283422432,-0.6950046415428405,-0.234365157342119
2.889744402257375,1.034480013404339,0.3692321772192851,0.20597798081481458,0.8156889056451092,0.23148118529278763
-1.357222827161753,-0.17963910964465382,0.07477144306762311,-0.3945552589859142,-0.3206312255429714,-0.3542380175853653
6.142148529758614,0.5849600077571305,-0.24479506667663994,-0.044418732010349814,0.12169605799882559,0.16780587682195178
1.4889605837076305,-0.6446927464556858,0.23952422857579353,-0.337815276313057,-0.12522939560327281,-0.14129048337120703
8.944519667723636,0.18025936371386905,0.11433204011313733,0.34974023259578835,-0.03790565895826868,0.08036326832382293
-1.1231383797685965,0.9733866217923912,-0.2284638338967373,1.1652994081247294,1.267517601046298,0.6921761745875314
6.5741899832583375,1.164534426419688,0.20649908142267434,0.20816896775440613,0.1148611369759404,0.38400007048877594
-1.4214051786398936,-0.400754748798457,-0.16150917603553439,-0.07702419421702192,-0.41572061351151995,0.00776227096909555
6.067412832136572,-0.691593467654012,-0.23260876155800964,-0.6698387938051132,-0.230816815173552,-0.1930748644150573
-1.5225759154559617,-0.2357355113826561,0.3909092420923568,-0.07390835557975656,-0.24504490977201346,-0.08268916064630881
-1.6880514344877593,-0.1059174162750201,-0.36301730959666073,-0.041473404948656666,-0.8126610940503776,-0.1629980440359322
-1.569539918259398,0.3591839468344733,0.4802103395789427,0.3315858449249418,0.3654967269721638,0.4397654033261978
-1.318953076909061,-0.7198755028718347,0.3592283721751889,-0.5172604510446924,0.426204372180421,-0.75346444458555
-1.5333371937094216,-0.4437071891521488,-0.20107388531318085,-0.4268588231239835,-0.32264585582467004,-0.45887302683181874
-1.516495159922009,-0.5339923393416331,-0.012149037568308502,-0.36645998250546974,-0.38883600744594765,-0.15913361733955786
-1.51376187860034,-0.38288029340260266,-1.2006249097026858,-0.26362053534983615,0.38134231319839634,-0.10780586807856185
2.7794500238266515,-0.9666165933682564,-1.2136744629874439,-0.026592127517545507,-0.9327120706378402,0.2066816868709185
6.062212199589454,-0.11057321506558083,0.2756859973744307,-0.019555790299295252,0.09188805316588777,-0.29784111322347934
-1.3083224421092878,0.17295072785012394,0.39992291463236607,0.4215850157576172,0.3506621818057581,0.5758167560981221
-1.6870970413859683,-0.5536846285091414,0.12438284816284424,-0.09238218914160341,0.2625094296528054,0.036880474900691934
6.7899250894173555,0.6021888960039111,0.2583556082568533,0.14395676418903341,2.2008419071934555,0.355319078214896
2.5170566120068125,-0.4030158925589708,-0.3623390148298553,0.7068104007112584,0.15393196552623445,-0.1081985789352465
-1.2535902390265259,0.9169320020895181,0.6615695418754277,1.5374749768895377,1.143882082419372,0.4670326982583264
-1.1268878827370512,0.7348425910336538,-0.6214247790206827,0.7136428250863094,0.6305544366744978,0.5782197854165599
-1.0693711386693332,0.1937937231408745,0.413835667508661,2.0716508116641865,1.0807641696957253,1.6158295855338554
0.5004880325117059,-1.1807788152764598,0.0629324286884067,-0.1385930135467643,-1.708919444055259,-0.592740071418221
-1.1793143520500335,0.3137750351477781,0.7063302188022524,0.10661347540315219,0.7993748481757296,0.5510264308795672
1.8602336100398833,1.3171449929075125,-0.4143543514678437,0.388573561173152,-0.44974415637343973,0.43960348287702034
6.632484092418059,-0.3062896674726563,0.024866635253671856,-0.11071916394623228,-0.08966571167618158,-0.009984483707632746
-1.3695097772720153,-0.08277046748830066,-0.7585608223813939,-0.2987734399275184,-0.5015475093497833,0.12121193333851026
-1.3601687802164542,0.39793397855965784,-0.8134260489932074,0.03817330457985761,0.7764916761217827,0.046582226948104474
-1.5924775090560441,0.5407659415123109,0.25542444405136283,-0.16502113071832628,-1.4132990963384324,0.07681798064660249
-1.4250024853950471,-0.10470156832595966,0.1267578550549974,-0.41836882470735676,-0.10013188438575799,-0.24844132896026508
-1.2372894409612705,-0.2618335439702959,0.7751637144639809,0.2826201314558572,-0.09476415041967348,0.08785044520226919
-1.5073774195048593,-0.23372487619456025,-0.16668699545020577,-0.532599773424235,-0.5649325476770349,-0.3166408292017128
-1.745951800392861,-0.1795924182978609,-0.1376947066080015,-0.19442290943000365,-0.66394197387099,-0.2458417057097311
0.8859446941733092,-0.21466227639629742,-0.33471835309547293,-1.1678441813012417,-0.04645842389249524,-0.080431347168001
10.298700825846955,-0.05775527156820601,-0.07279098403224525,-0.04785992657030148,-0.011371229076646588,0.03386127513074896
-1.428430335266256,-0.2184636072705831,-0.08473890432690884,-0.4650134401856655,-0.3961860937751857,-0.35883675742287263
-1.4871565282919172,0.06628143851557221,-0.1327859986473944,-0.011440805243145839,0.0445881815222039,0.13853064170404683
-1.613762474556271,-0.5884847804596399,0.30357928840084897,0.05411297436058765,0.08081482324560818,0.17491915651708909
-1.5480363214978794,-0.30903523838011643,-0.6694945554727861,-0.48057186862536966,-0.25657703281465893,-0.14087762988872163
-1.6121373211652101,-0.8308420967238636,0.09964595533842718,-0.23006757042656084,-0.002077809360573915,-0.22192650335393885
-1.7190011294486471,-0.26481813473568794,0.007325889480621184,-0.2292444853253954,-0.6722762091608445,-0.21560280950491958
-1.4178327939969635,0.7257525330807691,0.39702351396275526,1.1092998307621347,0.7972602833666912,0.08032554814724539
-1.689013558798653,-0.23154706848540696,-0.452808971902154,0.011142977876544788,-0.6822123670714099,-0.20000824376805
-1.5954704879961343,-0.7140559511529075,-0.0591946586850785,-0.3246980726614327,0.19584426017949116,-0.08814914853730008
-1.4770328290163883,-0.3858376686008812,-0.6291818131414388,-0.5023318165650164,-0.30449811981492647,-0.13131662728190754
-1.3474876167597374,-0.4753423302034306,-0.5866143327166706,-0.5623026283646363,0.04924848108188312,-0.19373663550418577
1.973010891124929,-0.45258974401048385,0.5499037696056907,-0.5025134966920307,0.05342927844839985,-0.22677108585443995
-1.602882324509618,-0.7511145309322057,-0.09347862203914478,-0.3363997287369301,0.07268969867962273,-0.05747035026100055
2.5632971969491156,0.19879298489461258,1.2035092712653335,1.4402324671617355,0.09980899000324114,0.24812005978158463
8.319122078614898,0.37840605946540906,0.690401911157631,0.12245739317706521,0.21004580375824491,0.25865128813676813
-1.2863133248478262,2.2271162432050042,-0.47807359884272754,0.9881965823869827,1.1040102425973104,0.6153717818937344
-1.4303202798825998,0.550617453513371,0.24650424746994984,0.3132178030895512,0.8962564674613519,0.5079926281397558
6.980242016204254,-0.36358319922352017,-0.027595860819230048,-0.22485199986258766,-0.023725523125959384,-0.25763761989792416
3.8233332868918835,-0.07556208985236097,0.41572897500118666,-1.1882094062210995,-0.7833470840131259,-0.21725505010726776
-1.029781325380238,3.1218583049336863,1.137543593685348,0.8643432983385917,1.0422572804584957,0.8792041695748503
-1.4318226508631453,-0.62757449333826,0.29752344931079816,-0.030857299216416324,-0.4313423051495033,-0.671937605105037
6.259094930480331,0.4946604607307752,0.03171100301530091,0.1822819263519891,0.04559640697926242,0.409710847680278
7.078218669496648,-0.7818210065304986,-0.19830745470771552,-0.39049873354821873,-0.2245198969801415,-0.3501736476256571
-1.2127118691443168,0.35346685282903556,-0.0021729004444985883,0.3318947508421764,0.9380177200540561,-0.0677025445330426
0.9334026797050955,-0.6939513678983668,0.577543740063221,-0.010883078515204262,-0.44033006724892954,-0.22105007021820133
-1.482052369315784,1.281829375515786,0.2685646930129709,0.035563721213105935,-1.1847235919649435,0.09918017886312729
-1.4741232200003551,-0.21072502736213639,-0.22932086400124743,-0.4293413696079603,-0.02213905489374519,-0.2826540346288337
-1.5268551511423145,0.10028247168020499,0.09392691863917121,1.2809425885842525,0.7365317173448152,-0.04893272836724075
-1.4573722768120294,-0.01959719790322526,0.03567320448615602,-0.26884485921729034,-0.23833800607636738,-0.13635614865535559
-1.5401008352529086,-0.4570237327724291,-0.29457827565382555,-0.2649494984687379,-0.5290914828211041,-0.16613935014747852
-1.6879902442968162,-0.1535224286903664,-0.19608043138857562,0.2167910919436547,-0.6768316338361574,-0.1781725618652266
6.636317329611137,0.12552663337739295,-0.04329743055778339,0.0032072761410799197,0.079785039861209,-0.14877201090310002
8.659910609880463,0.5782965190996414,0.13650925376112594,0.49856586008500625,0.45626899759407247,0.3453043188513835
-1.3411171911021251,-0.11010989973789298,0.26742713931312,-0.6202874814701499,-0.9229925068997783,-0.11505145781939957
-1.470122282347917,-0.4873040707897903,-0.03212723180450881,-0.6625660096415548,-0.528543670637864,-0.12706426739670204
8.959508938673274,0.01738253756654991,-0.03446159594670939,-0.21569204883695256,-0.0914781292790938,-0.2459410841949278
-1.7068396890089705,-0.6415656299524982,-0.07058947222017653,-0.09612010309967779,0.053241210801469804,0.061541825876305085
2.0578655913974235,-0.5061999739971378,-0.3223976011139562,-0.21734473860526676,-0.7644379623965437,-0.21303278091473632
-1.625964065435672,-1.2036248426966403,0.3155626153369085,0.30670099551090024,0.23720847145456436,0.4005486003072054
1.6188003339173307,-0.45060017289056525,0.3420314360381884,-1.275452226701192,0.5597316952996353,0.21388682988699156
7.333681569746782,-0.4415386928160341,0.022193224870608704,-0.057382661050319,0.2037319304304156,0.08927935682610101
-1.4133527336201088,-0.24626938442183652,-0.6834017634191469,-0.3310243130416974,-0.2082810480425128,-0.15959056441050487
-1.677635742853234,0.0633773793280413,0.148696418355049,-0.10668824028287927,0.11187954042337109,-0.16035330825811708
-1.5124470143130995,0.03754532160056177,-0.409865649397655,-0.07413560728500902,-0.30368211508932763,-0.5728703956796974
-1.061471384352745,0.6423329371111329,0.034258082186373495,2.2445549812948444,1.6736233039870112,0.5221802394018318
-1.4938140709847798,-0.15529179980334057,-0.3032460622379154,-0.3481987314287477,-0.7425971666701509,-0.32139461456418117
0.7907580308591826,-0.39418837678357654,0.03393233486609659,-1.613554087149654,-0.029565144913969055,0.0319585812102064
-1.5545506414839287,0.349389191127398,-1.0550067258149014,0.2725877303270915,-0.4553737531851976,0.10334235016632802
-1.5855853368434334,-0.32918760695168797,0.14136179057078974,-0.4765609335271024,-0.6644592830750944,-0.38669451664729887
-1.5558318614807098,0.01904968992458177,0.14646951428679958,0.19612848126603613,-0.1241868959158529,0.0807219566879592
-1.3287143026859376,-0.2921026157241354,0.3347762201673641,0.38071117208666116,1.021337019188703,0.38396879676149015
2.625051783451516,-1.0559392825084688,0.19377120658485986,0.18966640682972416,-0.8748993425355474,-0.35255784569647336
6.528738774302339,-0.33693436377978075,0.011158253133366706,-0.26648818597382995,0.17964589052290025,-0.2832032189174321
-1.6646623059292756,-0.3484378373358253,0.05864393649075023,0.3550416823111591,-0.4321391645598882,-0.3764600051176046
-1.4954319730433867,-0.6008105383104483,-0.18674239549359004,-0.4045072017684795,-0.49356407370068883,-0.0843313788900246
-1.4163247756560373,-0.041185506704586386,0.09928231202422996,-0.34884398279765794,-0.2804430692492444,-0.18653894353396067
-1.2310291786680967,1.1358503849354504,1.1787600392428785,0.5472930185133671,0.6782555866328072,0.5728439499601383
-1.180583874388803,0.01974362772537675,0.10484229669588896,0.4547585422001737,-0.39784646244537736,-0.2202476615734881
-1.51376187860034,-0.38288029340260266,-1.2006249097026858,-0.26362053534983615,0.38134231319839634,-0.10780586807856185
-1.3193488757549166,1.355830320590088,-0.20619082038362457,0.9794165889600932,1.0989839382382036,0.5136288562294288
0.32381933772697763,-0.2893023488961239,-0.571135295691375,-0.9796931143492099,0.10906398038123025,-0.03382856141843735
-1.419196069805122,0.7734877757376424,-0.12495578280173254,0.29141566839317395,-1.0708175428879811,-0.040974566985062806
2.631804338877987,0.03287631271142331,0.32994144473182435,1.3414026925469682,0.33876760007558243,-0.018072542471959736
-1.6016671809258254,-0.7370587077277088,-0.40694791599004365,-0.07483703560692477,0.16885527060917174,-0.12571761513021934
-1.3509261663735526,-0.21958639290164744,-0.32527824943910794,-0.3228714024050479,-0.5431764233418017,-0.1658018638029146
1.1846977138619608,-0.4260136873108149,-0.8240869599207076,-0.8247888518941305,-0.03175208255447636,-0.13900460013565297
-1.4035748925721454,-0.506086793693411,0.11383662428549303,-0.4426645916592914,-0.40139164445675407,0.020991157634129405
-1.4334058579039533,-0.26821339987567705,0.08613130018122357,-0.3538922613320189,-0.4175864259070821,-0.23111464417574185
-1.3870523241197794,-0.2514068657512554,0.1300130760317164,-0.4207991113973631,-0.544449060626998,-0.22529034172838408
7.024993237079478,-0.3237328900591912,-0.08261231167898125,-0.2304498040030848,-0.006738932034360988,-0.27089336927297314
-1.377117137727764,0.393364167516457,-0.08558920122762369,0.6619094050830991,0.7410078979965351,-0.2178049241443577
-1.7295401966373702,-0.47275198229330223,0.16932389950630197,-0.18804210157197576,-0.1855082226782459,-0.20873327855820598
6.305332758303104,0.4996500855529679,0.9423349888931872,0.6303289374554939,-0.17658809341170198,0.44156482116641593
-1.5916929511665505,-0.17426328257161192,-0.4069439649062998,0.3931869705636152,-0.5908003092372403,-0.05143858926176346
0.5602327126542518,-0.8596317138908741,0.11240287107566858,-0.04652224196282254,-1.562968415943423,-0.24476283770148308
-1.3392525084249765,-0.17180630608596684,0.43593602076542726,-0.14699179588368294,0.022596038378368072,0.22362440984526716
-1.6391522253219348,-0.15956826946137986,-0.13525686620468033,-0.5772110512377491,0.07103368084938333,-0.5025945738122439
-1.5218178067275168,0.21406905967429,0.5315749528278494,0.9043412158852815,-0.9170598063712603,0.3166341495691098
-1.5491508546651107,-0.5743200743104898,0.12273990042269423,-0.24910117878613156,0.021626247979577837,-0.026663594421792607
-1.5460881787894685,-1.1213360402220318,-0.030941898183186014,-0.3645032891333051,0.021449003997889553,-0.25391610384245
-1.6391319845834478,-0.4269053395734753,-0.05081309809113186,-0.5345073904244996,-0.1359259586885237,-0.23721135910401314
0.07233992566969488,0.09733113981894434,0.49058831010801485,-1.388552078912554,0.0831898682766494,-0.319380452234202
8.361421737342432,0.09849442233226026,0.21640136814112407,-0.3556638781979418,0.013810817962501928,0.02680510072457645
-1.6184901892482828,-0.3252690441514222,0.01948478417329757,-0.12009376134903407,-0.16146044397165224,-0.23269689497612608
-1.7080615693049914,-0.18119272109489085,-0.16262101350001062,-0.35003333891434224,-0.700916552559384,-0.20033931814933606
-1.2973434736739602,-0.20173438705646968,-0.4469231474159263,-0.6635406916624741,-0.4593791173197226,-0.09456689848703939
-1.2254952346279868,0.42902057070547994,0.202933520721235,1.7804485373316996,0.8604040308607146,1.3628602941810057
-1.4674204092793677,-0.49521304721409026,-0.069977430738248,-0.4553205139643534,-0.47040856257285946,-0.25892235964638366
-1.2228398441745738,1.1322470212426037,1.1634798087633158,0.5458450622267507,0.6564302564757508,0.5510714572472207
-1.336812054761995,0.29986900128093685,-0.4648396181385325,1.3305754889659163,0.5615801450415266,0.21744283590605598
-1.5783690018515175,-0.8790727445889893,-0.7936083478705577,0.11944373899792707,0.06782236384724075,0.05743936694175118
-1.029781325380238,3.1218583049336863,1.137543593685348,0.8643432983385917,1.0422572804584957,0.8792041695748503
-1.2824849020864588,-0.07857138093651352,-0.46255046679584494,-0.0573309626361745,-0.3351953126676423,-0.1895391918649903
-1.434182017640964,-0.31910675935728594,-0.24433627755158807,-0.3294175502014067,-0.1552535598300276,-0.19328760114882354
-1.3857455181428158,0.3726324681212095,-1.3280422774554026,0.10962167849011623,0.20414007202040582,0.171332339754285
-1.5865191417426128,-0.1686043511442137,-0.12894097375475405,-0.34138123470588605,-0.8187533869475034,-0.35573400915884595
-1.5735978986953312,-0.7245264368903681,0.3331924193388564,-0.16378901358591405,0.0719982991410873,-0.19029718256193454
0.2501422960574587,-0.2457793763544501,-1.4322406277038033,0.8537273548663312,-0.6631527984726505,-0.036917387132074125
-1.7070281822751336,-0.1260357835261503,-0.05860577602768618,-0.10686118417471349,-0.13844908910604756,-0.32588827840094275
-1.5767476020986542,-0.29727180237468,-0.0012233563022651355,-0.29790691554361337,-0.3812494507878971,-0.44911363240658186
-1.3927669815745987,-0.5292728108009104,0.03835341966388269,-0.6861361451559396,-0.8015724177565572,0.049392857288282986
-1.5771800998297407,-0.36886080308762653,-0.4241181110065232,-0.29127235161944154,-0.30861761058628767,-0.3261191097913821
-1.5560139384868599,-0.08299324958301894,0.2474259373446326,-0.17438545462978344,-0.3369079483020623,-0.2761855641185268
-1.3536742820177259,0.3169637466384111,0.5217696892581499,1.043178678265599,0.8519944515953758,0.1749907412660662
-1.3870070060575184,-0.3135276935194966,-0.14544348717037356,-0.2321896435649072,-0.24796346112603904,-0.13981008039316054
4.434650872404524,0.6866484593091244,0.0971691534376404,0.2918374083986154,1.6648338578076243,0.08156665477944346
-1.2430688717428526,0.5519842376537256,0.9855591832822047,0.7226132200207361,0.6213845561024773,0.08025806156189508
-1.0982266526994007,2.0335824805953098,-0.46393622389285866,0.5764972085501539,0.3494837380369807,0.12449150240854576
4.972008758473075,-0.16756601153534811,0.058897337512460554,-0.7898171958103654,-1.3574694096586502,-0.11947944029991624
-1.6706114112784365,-0.997155236961877,0.24310835886601484,0.029550722491406882,-0.3028695178240291,-0.25783355650160306
-0.9535416490899776,1.2158067746064802,0.5731797536604316,2.609408813930422,1.6897551595698788,0.9820501258775111
0.14227062908465957,-0.1285999935462461,-1.6352770957617657,-0.03669745239363913,-0.7699126957376076,-0.12951246615382825
-1.606051268589414,-0.7564405001895268,-0.09568771937479065,0.3178011978113795,-1.0285549920664014,-0.14140777134538224
-1.574700710581531,-0.0299607163147254,-0.679663959722954,0.3446775813400097,-0.2420035320433357,0.17855792830577896
-1.318521522513662,0.1717530201835993,-0.35451665896569257,0.3094434345743375,1.4220327986910313,0.2734167198781987
7.008851018017463,-0.43071322499432263,-0.7500056392900387,-0.061911022278366847,0.15038064659799813,0.06151887500667711
7.752986327047641,0.1683068702078386,0.7973265213861722,-0.12302622305690983,0.02094514930426323,0.0004930317212924587
-1.488307183283909,-0.29124710006148025,0.28937727677479064,0.04406137122419386,0.163678880631204,-0.13926397613511624
-1.4176298191230434,-0.6268998568795427,-0.261489164666542,-0.26189778634461813,-0.5975643203096374,-0.1524309241655473
-1.6194770792181092,-0.5524444857184106,-0.21403570741708766,-0.437589416212511,0.059212437602929005,-0.36119916998098733
-1.4114321527894425,-0.10309898608380733,0.6812977207610982,0.9608753063306648,0.8526406917809403,0.32217334289077837
-0.9654127707989969,0.7157766124847286,0.5584423887934278,0.3171621517229061,2.385670388793222,0.3495595295333615
-1.0907892620666604,1.6661321165333949,0.5858046691774974,0.651951740156291,2.19392047147942,0.7951550451007002
-1.420497168742518,-0.23010204761131706,0.016916436885181886,-0.39782838668669623,-0.7529473371915483,-0.3786389297039322
2.10762586100105,0.3042791798471421,0.9596006944102301,0.5431976298528528,-0.13476159656305758,0.10892590569768264
-1.3169501671312445,0.41529937218018087,-1.0217091814045762,0.12673250455949084,0.6952423874346176,0.05633600389495678
-1.6021949958880777,-1.2444963921468535,-0.13579178689680854,-0.28692849119460434,-0.3278049467599389,0.22638845437570745
-1.2215619726736422,0.8278178735634897,1.0453129799155512,0.13735534222440168,0.6389287685325741,0.17257677720238307
-1.1613104807165084,0.7942136464203906,0.14788830649560714,0.7656818102348811,0.7473300198253032,0.7267626579866766
-1.2266212066363027,0.05472159330598973,-0.8469405442775594,-0.08312229095057212,-0.4268717801758047,0.2830822154002917
-1.7949743721820348,-0.5979737102385987,-0.05547632040031021,-0.4638729015727599,-0.14458172194447003,-0.37751333781458724
-1.466353467103578,-0.7623687672926106,0.15045001524640078,-0.4227878871408483,-0.06607667178139368,-0.11816191399289713
1.0144198884699163,-0.2946184528372754,0.042353567683574116,-1.4724757464982754,-0.11588021707346804,-0.13407024974801854
-1.6991003874035877,-0.6514881030798164,-0.16372393544650266,-0.05879185873981509,0.03266933912167619,0.07937019999923348
-1.4636748322267361,-0.2505822257260596,0.06138715493906882,-0.1581532200346404,-0.4030517360968582,-0.23826965227447747
-1.3935641523353668,-0.006550165122489753,0.2534248610359594,0.01914027600819714,-0.06857686372567003,-0.06922527472026482
6.585470382308097,-0.036370385054970346,0.14023292847462232,-0.08332364246683197,0.25020414558800746,-0.7096316841011329
-1.4176298191230434,-0.6268998568795427,-0.261489164666542,-0.26189778634461813,-0.5975643203096374,-0.1524309241655473
-1.1141835669543554,0.03180369142776175,-0.03181620539435204,0.47660830425006734,-0.3594063367121599,-0.21865535006691939
-1.641853004057704,-0.0075064314998003565,0.006721353072971696,-0.16872794140478092,-0.4761280190978899,0.13180758068448223
-1.5630787419055103,-0.30358523606415166,0.12271496607203071,-0.24049684931752827,-0.4109618616174153,-0.676654777434856
-1.340571778517685,-0.07190850041859849,-0.3252119097557125,-0.17272636341468944,0.026767438915563557,-0.22292383798723767
-1.5803996416162205,-0.9377317450034828,0.0264721982355534,-0.3705946216386508,-0.2980580570039378,-0.17035560860126128
2.9032551555272503,1.6701951822922294,1.1332363162376027,0.4991791017705209,0.7560507608040163,0.438368111678277
-1.1315382184689993,0.19410908099499555,0.390385606981947,0.4910332672269969,0.18110299353301001,0.12289064062025433
-0.9913978458864036,1.6624864685646896,-0.4744071444488836,0.23295869002366118,0.8078317669465374,1.0401106505822648
-0.9465778104377062,1.8919700362489784,-0.01874738216261004,0.2664331062879277,0.84285899936738,1.2994822935995372
2.911313516279821,1.6848820662811013,1.2890790448051481,0.5073027447593621,0.7648059120683005,0.4648667838518001
-1.450808427799982,-0.19832822690732474,-0.09801003961895717,-0.4022219153488686,-0.10484560004050934,0.0983173888145447
-1.127402264510281,-0.0811587150121899,0.48014754198437976,0.54202416352107,0.47040882669068207,0.5322928028017
-1.287187851254744,-0.09067620237452212,0.4858971445036536,-0.1974167697167933,-0.14768928422659525,0.01778583819702491
2.742349586218279,0.814513589984531,0.3517954692231733,0.07056078593451531,0.7543052199233211,-0.09943033039883957
-1.6076672964400955,-0.2907696992259256,-0.2827768758635441,-0.41125130352454975,-0.24655552283558474,-0.3846267864645662
-1.6319149308952376,-0.07172978042489642,-0.8884201016750237,-0.03718071994512137,-0.06260120171002437,-0.03847216892981094
-1.1956815570757338,-0.00405919576182174,0.035171696233060774,0.4046370197868697,-0.44726496458011256,-0.2393300153475575
-1.2731956176893113,-0.3055662234760334,-0.015401241345575396,-0.4414858729495338,-0.289668849204032,-0.716280751035193
-1.6453794517735898,-0.4845637345376227,0.2677074342402714,-0.07709169655446234,-0.049626743117908496,-0.07517326653928429
0.22778362176239533,0.07348835536536906,0.5470437078897857,-1.7872021255883075,0.03700728338367016,-0.3542895721149592
-1.3500853623579903,-0.3333711645940377,0.13410202175852842,-0.4428020190624089,-0.2871305053661185,-0.7711902395798532
-1.482387822043658,0.08232242871855301,0.3956347630238152,-0.2534174597571954,-0.013163250796691605,-0.07524761068863525
3.609200837261019,1.2115122102224527,0.27666548429992055,-0.23569895868502128,1.0375620867339657,0.3499794269683314
-1.3985327530475007,0.1932678414873678,0.19578531418109824,0.05955648102382895,0.05655013446788728,-0.03184122303211073
-1.3497434311551448,-0.14646892314327076,-0.02402693848871158,-0.3169450688373482,0.4869155043578935,0.042159974156443424
10.622032763213141,0.267929261462259,0.18089417234673627,-0.054690790451979256,-0.1603435310402109,0.056881188412582336
9.213671639659406,0.4369304492197485,0.3627112437829657,0.0038452706368656262,0.08415697217458806,0.3011667860737053
2.0809089634438376,-1.1672167859077658,-0.8881923084189233,-0.013850532792331803,-0.9891633792716934,-0.23470904278734123
-1.5249090510641088,0.23587435404791607,0.21454758237587507,-0.26334486192569234,-0.16043423966280856,-0.23722769550117817
-1.5330213348536554,-0.38140922023590557,0.20987849778252132,-0.8054494551002209,-0.30242637833502556,-0.25748847061450025
-1.3988255731593346,-0.0967299383136106,-0.09527374828583166,-0.31428146953806213,-0.6250606929314274,-0.18527589279530346
-1.353045309753256,-0.958815710555696,0.034114219786818334,-0.24277010507258293,0.16058369241296,-0.1644159471117632
-1.5827572904078986,-0.5471345243719006,-0.34736997205368403,-0.3697600587118328,-0.3043241662988089,-0.28304635230860964
-1.330614165440755,-0.18995435133871674,-0.3477222307687348,-0.40607193468730185,-0.26975858331084207,-0.14403811150860263
-1.2841154748372399,0.3520720463817564,0.1680560664897104,0.923703846550618,0.46254217174152307,-0.13133357869222886
1.7718620107488743,-0.6607085272260984,0.6645093585101014,0.9554510355738868,-0.6876525172905023,-0.06114365792687308
-1.4624616716918784,0.400777255149501,0.7074956303286306,0.9541219512772905,0.10479893230750544,-0.02215008139097167
-1.703568374664104,-0.36493833652430974,0.05826714548650264,-0.3111296587510827,-0.39888555518103536,-0.14733005286189835
3.513527451592487,-0.257144541247175,0.8872448420425356,0.9320932541139596,1.0881767076214235,0.5662645353542495
-1.521610007033848,-0.25741909260009604,-0.9300386180026403,0.32766708920118753,-0.04107935028014641,0.06010926064963095
-1.2700524950251344,1.7807616343493387,0.49621140096679456,0.40270693297953863,0.8898781769158196,0.7059538838183034
-1.3466050036122819,-0.1680446951744109,-0.262339890789874,-0.6738693527467283,-0.6175532181820783,-0.2002689691824559
4.433554232410305,0.2099252690318865,-0.30191232133882,-0.21069393565133399,1.229618834347238,0.0007997531459592154
-1.1302326225127537,0.479353951831365,0.4957272021490686,0.5061300725304196,1.016456314386259,1.021547658497911
0.9315377206473158,-0.3003280222112838,-0.5363915918804657,-1.0104708418975235,0.20145286627594036,0.07526282092693334
-1.42257350572564,0.5733743902098372,0.1927861411379034,0.2746248345616533,0.7388336938861845,0.40118846143254844
-1.4995507225416536,-0.350053528182801,-0.15611711635150577,-0.3255724353925414,-0.41629964737634956,-0.10339560605249083
-1.5706146528722371,-0.29396008386569783,-0.32595348514525,-0.6170257154244991,-0.40045690089000013,-0.1832602401378713
-1.5609395579646081,-0.05767055809968402,-0.7239325278767581,-0.08838461058899415,-0.17392563184074278,0.0727524244761397
-1.0934151668354402,0.29210833600662583,-0.6856653522422871,0.32702277501562715,0.48732347763670986,0.2566672363545041
-1.2263558033081938,0.924774178494067,-1.4463049320701213,0.2343704090011205,0.543829838799516,0.4010159841744654
-1.4862997060576522,0.4274584504598854,-0.5086575542481411,0.08890925693563911,-1.03552677739694,-0.15538662978398277
-1.613385091628783,-0.5130129144652723,0.2041593255218199,-0.2506570788352007,-0.362651000516559,-0.19964317829202746
-1.4175379046727588,-0.06253893000591568,-0.5613461539683425,-0.3254253471721418,-0.6259882813882576,-0.26699304137248236
2.455749157190412,-0.3692216885067192,-0.10417463712957535,0.7655116492783691,0.18590113660376165,-0.06720172474833043
-1.4208754031429112,-0.23221778293133058,-0.41173815025751237,-0.33230607239790905,-0.6253765745125102,-0.13833474247950478
-1.687509931183017,-0.5178252447525455,0.17123240865786082,0.11208279266709122,-0.9897898023434493,-0.4384488455182966
-1.5066670186252875,0.028496123980710813,0.10752219005172656,-0.24315230906210852,0.644761270107158,0.0321286221511907
-1.475720739465184,-0.15145136365450287,0.6326130847583674,0.8103919224515055,0.47192573857336156,0.2586155989285903
-1.390694206367267,-0.11701826934697279,-0.18891110401288805,-0.0694707438807365,0.10940278087060604,-0.1521696835847252
9.289782717554612,-0.10653949977142603,0.11339590671128796,1.2306244210517556,-0.2959929312904587,0.009728893505607334
-0.9210802570104584,1.649076810468448,-0.024345560962427463,0.22761162340437444,0.5013287080958837,1.376199874561737
-1.6436117983721583,-0.39213670207402973,-0.32890347616085525,-0.18289456384373148,-0.2447629350231824,-0.23877982741357548
7.043399410646512,0.22199560221779896,0.21208815603941877,-0.04242977651607272,0.4000310039830412,0.0674508873889669
6.469017299241506,-0.06446941236677135,-0.22511410203913387,0.1407407551201638,-0.07272209124325582,-0.10740391319452079
5.593944885123035,0.305927259957222,0.2924196271721801,0.6121639332741164,-0.27835032535894055,0.4749682716522558
-1.2965024156055358,0.8768032575520411,-0.6793805051978339,0.1473354190158216,0.7039365050364097,0.7152963795010973
-1.67758590601332,-0.47033477926280937,0.14597684947626166,-0.0720923862854965,-0.3672860612263705,-0.05047521720270907
-1.2739396702793575,0.8343604185695354,1.074026642188465,0.3768290837334475,0.25076909475203835,0.3990587381448239
-0.27795272643191193,-0.3372181936569513,-0.48636848786790376,-0.7938559310892627,-0.27033889019402624,-0.2931229407048563
7.1273516481445744,0.0756756656440257,0.15855993829540918,0.2017141018172954,0.04296614881205068,-0.11812686579646912
-1.54667278162765,0.4409638566368012,0.007531980957004786,-0.5356295229858771,-0.28203478479465927,-0.7495735297488465
-0.0779875804766289,-0.14386465495766973,0.16570104849503609,-1.4634363712473855,-0.052772777812969573,-0.1391260760231955
7.163722081792404,0.6463213717915762,0.49813854521894996,0.05113434324000098,0.3845635623978992,0.29563439890022164
-1.4724995886197547,-0.48966791944284394,-0.3028011008473173,-0.6246712244908824,-0.29587606606908706,-0.16252238305584016
-0.21422565838839303,-0.29870907591745816,-1.5323140980221097,0.7563561492325286,-0.7073591655786955,-0.12960230512319337
-0.35586242031178894,0.0020958087803615673,-0.38177188092462344,-1.450329265092327,-0.012486835838670128,-0.39373842757069655
-1.797661142724328,-0.45292480543612684,-0.19416508419853792,-0.4496479873351822,-0.2664833012910207,-0.2461314106985471
-1.5701705964806487,-0.5616632418942367,-0.09934678685937447,-0.09683668435872421,-0.27237289678597654,-0.1406849189671022
-1.403030795917676,-0.1948960275370056,0.11275507188317863,-0.614815114938657,-0.7188723384180444,-0.4629139647463755
-1.5260668406827582,-0.9554504187343698,-0.38687328762685075,-0.34831440999296065,0.10687806895352582,-0.25643684246694926
-1.6319216148135085,-0.793053699034913,0.07372967119581739,-0.35175375323644004,-0.1698964352637295,-0.3971924109111164
-1.6689109246638498,-0.31006490463913855,-0.07999153844127732,0.06041636410034256,-0.6948068216335704,-0.3605413222460668
-1.747023811959138,-0.9825318736838783,-0.07605510155537294,-0.24626959430881143,0.10803395793399047,-0.17155842392845125
-1.4257093837370534,0.2573200418625209,0.3727152716630322,0.15177707362115286,-0.09068356377508567,0.0604284957072684
-1.450808427799982,-0.19832822690732474,-0.09801003961895717,-0.4022219153488686,-0.10484560004050934,0.0983173888145447
-1.3777293344588273,0.17559609938780832,-0.26166024957251677,-0.035567265242990045,0.8454868058965667,0.34338591102764465
-1.5468118972277387,-0.16415781608990154,-0.5770706090547445,0.14275564040818992,-0.5452731505621977,0.26089703872746156
6.534962368115372,-0.0966162106747525,0.03395840805423765,-0.15056063573580036,0.2663211490337423,-0.614344037813234
-1.0551004760929679,0.9789740756315852,1.243026147326851,0.6414913232649276,1.1848288777406302,-0.2093651133204189
-1.2547076312990362,0.014994071855787437,0.3675241191313628,-0.25780416867770295,-0.45039498347439305,-0.18291987225851863
-0.655455907731361,2.365946610090613,0.6597488856714567,0.41617275900905554,0.4848577603319602,2.091826995244286
-1.435843643298952,-0.10416623156801987,0.4229465271513403,0.03374505130155047,-0.24755641693889838,-0.09045854060052531
-1.5837578758242523,-0.04793822058097187,0.3162097671178458,0.06906974780382283,0.22266241894409927,-0.025254186019382778
-1.6333077078048115,-0.08470248462893443,0.16934794638897516,0.3548886088579004,-0.6409844290443016,-0.11915232830176853
-1.3951945731737332,0.19918905954866892,0.18916754483251572,0.0440584287818062,0.062121381783381564,-0.03540541509745101
-1.3409839113845992,-0.5225757511093388,-0.11016409488942835,-0.6395053451186908,-0.7864908692537984,0.040125551027758555
-1.6257164907134345,-0.37087851285550055,-0.13864539975213716,-0.3749417855267188,-0.4559170188208356,-0.29174476134292415
-1.711718706238792,-0.6094057313151987,-0.0737958923527985,-0.16108914376477593,0.049054083107776446,0.03908025374904166
-1.6978495062103582,-0.2866857230694304,-0.3472770534815054,-0.06461909416146176,-0.678264724641291,-0.17779234161560487
-1.4515980024979653,-0.22515936019257715,-0.29513593600371363,-0.22838436635853793,-0.363063076859327,-0.4998753451611277
-1.67758590601332,-0.47033477926280937,0.14597684947626166,-0.0720923862854965,-0.3672860612263705,-0.05047521720270907
-1.219862997643373,-0.0025385513487500735,-0.19091416355644059,0.18315095578501833,-0.10950210302686053,-0.05283900306561118
-1.5634900499608775,-0.17797899998776873,0.0005146786102860538,-0.40512089576812477,-0.7159357597383695,-0.2879079109491973
-1.5106389870767998,-0.38736249964663044,0.23669648540585353,-0.8919296527769784,0.17361215033591815,-0.373155946837202
-1.3223916833830762,-0.3223864545774877,0.45949905013992637,-0.16915794407875273,-0.24118031840722237,-0.14065535529057827
7.062157221177616,0.13435299181074833,0.033899340080033216,0.20515568495854508,0.021087420909100537,-0.0741087190011207
-1.1441247439331943,0.6884782145675993,-0.5801563488125624,1.0362145159529246,0.5409937493040915,0.12043520847760918
3.609200837261019,1.2115122102224527,0.27666548429992055,-0.23569895868502128,1.0375620867339657,0.3499794269683314
-1.5358369986684683,0.33801650352858076,-0.5618531054987983,0.06716284532568309,-0.26546047605325895,0.005915947730489256
-1.814542894829502,-0.5914115140801947,-0.13687009520775179,-0.4596150943777351,-0.009617936061192997,-0.39302789391716897
-1.6075033895337427,0.035233004505496476,0.4070508670273425,0.19432968657527167,0.30084879872225984,0.057704782639289354
-1.2421781974567434,0.09131997587214136,0.5340761249464151,-0.35484278261926094,0.8577765169655844,-0.22135674128823982
-1.6723486106863,-0.5769147350034745,-0.18219066575185783,-0.44676967109096843,-0.26640039229495693,-0.20218994410814967
-1.5817602815104705,-0.30107193036711016,0.09612568592524948,-0.5658041097706662,-0.4736955737689921,-0.5696560478454898
6.3284079838274705,-0.40244721152365115,-0.767972050032058,-0.16288714593640738,-0.241699634425228,-0.14952851135373904
-1.706285420618941,-0.5285141267591071,0.18993461554299065,-0.12131256940697473,-0.2666745217423026,-0.036189690987280684
-1.5632398995439072,-0.07459386768332972,-0.2531507466982227,-0.17493500352425354,-1.3999529595043037,0.0753718188455283
-1.4755527863429172,-0.609145604109624,-0.16965097766083606,-0.5127100666985458,-0.5567815710041608,0.05033212613702667
8.4868147398856,-0.02945957257366347,-0.2502068007167453,1.0709584643590728,-0.30894770397350324,0.046583849823856174
-1.4844115503536972,-0.05036113517312425,0.3139850607310418,0.6641280919232749,0.9292517025521301,0.38289213591580656
7.20253196234064,0.013403949562919992,-0.20532497606418557,-0.05831013585294771,-0.03213385343636318,-0.026818193864643486
4.961742715721467,0.5711418319314903,0.06662349120122583,0.3790975329268447,1.534637919608174,0.1155052972307221
-1.7586065645247684,-1.620480463615324,0.044299443171998694,0.19838583644622007,-0.3646330420635001,0.13345365605815465
-1.0907892620666604,1.6661321165333949,0.5858046691774974,0.651951740156291,2.19392047147942,0.7951550451007002
-1.2650733379557877,0.002158972003066626,0.40420117260790633,-0.26074887557737825,-0.4647243963874838,-0.19250727037184415
-1.7321238794872522,0.0022299300716859846,-0.06214864211966695,0.12219989723677659,-0.187304188394629,0.09268729449324982
-1.366288271017858,-0.028210578583914063,-0.5661567075636842,-0.33793972525361937,-0.7104832976390498,-0.044133567917634856
-1.4860124888443165,0.7409700503247991,0.07747316712506012,0.15003776712915837,-0.7144848868043221,-0.027826698988009244
-1.6922057534125585,-0.9246363318777873,-0.008772830205968668,-0.2564602817192127,-0.09539918663399856,0.0005003490018837349
1.4631360042388086,-0.6490382291631673,0.3164405439685321,-0.5332493603330107,-0.17593841196833004,-0.11198496439908462
6.805167148786945,-0.031311389116353,0.2629512106595009,0.20617853036072364,-0.04633197067050949,-0.11555600265111421
3.8698450898933205,1.209426977148793,-0.13814712361872503,1.28356323023967,0.9401378243573393,0.5970534637544334
-1.6723105030021768,-1.029637710436289,0.1404385279364878,-0.11743261914280231,-0.35035881805182895,-0.31194207563481263
-1.6885856654633737,0.07790583161362268,0.2752548926804138,0.2009103802368456,0.12327002049677789,0.24629338381773702
-1.6041707323107222,0.06595088484678005,0.5317933537369655,0.11132656792459246,-0.2298323467399076,0.012984110301563238
0.6292425343960383,-0.8801741628997002,0.19477394014508131,-0.015620639792963782,-1.5375114225237447,-0.24359546295096962
1.9446344990740405,-0.48573983121167497,-0.36638073887765993,-0.2843783322395322,-0.723278158392106,-0.22708797098223757
-1.5914656657206716,-0.4307954649980661,-0.443525257129957,-0.4157361445856749,-0.36119649041350693,-0.17656849913570136
-1.13754081942449,0.7428518753364671,0.0022833219756894863,0.31848817409722785,0.3632009174081312,0.22050558231139156
-1.3110797140243637,0.19325909259560328,-0.45052172516633676,-0.050725641732449644,-0.2022106934501198,0.05324717235783688
2.6588568105820807,-0.3136526186656375,-0.3133907803684471,0.44299582006143773,0.9939604410371047,0.4445122029146272
-1.5936522106577549,-0.10371542145330834,0.3789195310140292,-0.1727256851940472,-0.27700297697770493,-0.3221676695124258
-1.4706263943438962,-0.4173938493179173,-0.21966544356794934,-0.5507468583280763,0.24867903446281497,-0.39182259920833445
-1.4152391445388266,-0.1983969794723828,0.6218653179374158,0.9747518029173795,0.9082937027214711,0.3286295837762536
13.035060726564122,-0.3250724411692439,0.015356195515882064,-0.07411965534775987,-0.010607280662157664,-0.1500871923432674
4.8913796372362865,0.5542571795755239,0.08302394788585851,0.7310857165130935,0.05655955813830932,0.2685276934253507
-1.7257441193959056,-0.20683805702923924,-0.036149015973221836,-0.2756882413320912,-0.6301366738957247,-0.25841211966397126
-1.2612769580756764,0.005757247800028322,0.3592121521444114,-0.14858262054928212,-0.4596562877406663,-0.1953703058168491
-1.5254391333520516,0.20233767312311907,-0.328405011218353,0.020742860859339428,-0.9534412315513161,0.05380404511356237
0.06237944104430039,-0.15003700838511236,-0.014700434894522258,-1.8569855391012455,-0.16374256986125144,-0.4570586869493856
-1.44304232516141,-0.047746081600724674,-0.1426084917979061,0.03569889048245634,-0.10761800120830703,-0.03755053173649715
-0.9575716689288841,0.2854128475414972,1.46918005511855,1.1974562091680347,0.23710404161024315,0.6385333416358862
4.530542467243108,0.7009434061003414,0.3441461699816152,0.31786603643393624,1.5177960714991723,0.08073100273403636
-1.7086926718127766,-0.13709825178927923,0.0325534974748188,0.17897563226454496,-0.6794963482014754,-0.23917431833457867
7.295966538857533,-0.728370576131783,-0.09464683645601865,-0.3665423156133325,-0.24589067512262325,-0.3436532397212892
-1.3294957804404866,0.3193732556798908,-0.1163781591642772,1.4312026757453422,0.6328082891320659,0.22538247779351592
-1.2048281048817082,-0.4106725239457228,0.5262927496664404,-0.19987487617390223,-0.18058200442125227,-0.10757039730938837
-0.294690460097652,-0.1327430550068908,-1.6000883161955253,-0.06868157486419588,-0.7516927805651953,-0.15493098870802655
10.277010484138136,0.009617067483328636,0.18254498336432096,-0.09539358853091327,-0.20337953289225835,0.046910723388377984
-1.581934237555865,-0.45424260127808885,-0.47620260173783846,-0.260454313106623,-0.19773507925944087,-0.25476463668449206
-1.288778261624469,-0.15334987279844486,0.3057009563239956,-0.23565271606448246,-0.30427547246629627,-0.06544948650554001
5.952192977598817,0.2545434410815633,-0.6537826192102658,0.0306616796416853,-0.08628250621922305,0.12715686569490833
-1.3927221179399776,-0.027092669725128943,0.15636965427753471,-0.02878038275361405,-0.07205446712684706,-0.09550240067253803
-1.691291702446974,-0.7166019542965519,-0.02591184305472372,-0.007766112048423202,-0.4163732261721496,-0.1298815654072229
-1.3248301778880145,-0.27250327477940595,-0.19500047409367458,-0.43782626083542875,-0.3710537251384539,-0.2627556032486851
-1.3235381812200782,0.7167311127826372,0.15737155250034407,1.3532343032605223,1.0016177184976842,0.3374867214040739
-0.9422830343430197,1.069276352574382,1.3499101590853348,1.1851061021901854,2.156615295760812,0.10473622946144287
-0.22330326469180753,-0.4206976158427745,-0.03129488323637706,-1.8083382835641488,-0.2995823771055694,-0.3697014232049299
2.4932772158652505,-0.014309234355997014,0.15172850279191727,0.6916716348531269,0.12245105218468634,-0.1657191050243115
-1.6384819318522408,-0.24811351219956257,-0.2681103185088754,-0.3982686622167939,-0.3156766865114324,-0.32520701842383026
-1.4636748322267361,-0.2505822257260596,0.06138715493906882,-0.1581532200346404,-0.4030517360968582,-0.23826965227447747
-1.2780960304191333,0.053643111932329096,-0.736960125588463,-0.10004964557422688,-0.4289472003195232,0.24392459503103286
-1.3515260668755837,0.40076025593086806,-0.08596077294283361,0.6341555237352441,0.7419658132866053,-0.2160742632229154
-1.1150066996974541,0.6984750902297066,0.061115681027840416,0.005351055362120878,-0.4163657942000843,-0.14085807932715327
-1.3178581652924173,-0.9010930233302168,0.014640050102434571,-0.23310900815791244,0.0839457687549676,-0.1755765334760162
3.2055293452191798,1.4889730694891963,0.5334951197565575,0.9921300624991665,0.8669107454403927,0.409135856063216
-1.5434910346012418,-0.5682688270310494,-0.21042809558190434,-0.4010304469745303,-0.41626742584045884,-0.2949065341235619
-1.5564656205085732,-0.6360041357954617,0.09728333384183142,-0.6787238599995671,-0.15520810596097073,-0.19362661084310637
-1.5559259214578298,-0.47143974148706763,-0.2690074916290091,-0.4989701566781466,-0.41989495818565403,-0.2191540947150333
-1.6183716278544087,-0.9249892579683838,0.010208361909311623,-0.19882075097427562,-0.11097964226093045,-0.5224517827270104
-1.4455449061388002,-0.5483095874013629,-0.4083743439509226,-0.5194896416072114,-0.25450363947390453,-0.14995538160617228
2.6908246697201577,-0.026270753978978646,0.057103678827927565,-1.286791215400513,-0.9647700866549487,-0.33459831360047865
-1.5201979679092643,-0.35368825376846363,0.17588726244795927,0.07751242920093525,0.39531030983737225,-0.08087396558064824
-1.3186695198008749,0.5533490421395022,0.06741176730580506,0.26465916197099354,0.07403720529921173,-0.030991891812578276
3.6737341015119527,0.18613236716729475,-0.33621819952345094,1.2617963250553699,0.7327490424620837,0.7533277489647903
-1.2146793050104376,0.6624507603193586,-0.3476946320315597,-0.05334155220736509,0.21194142742147262,-0.18918908169213952
1.316174728665805,0.2764005069422457,-0.8859486727892802,0.38003985559112646,0.5825297109190009,0.13058984327483156
-1.678726145917152,-0.11627256412380545,0.16397872400258914,-0.10956254434147812,-0.23888634814092763,-0.019122194814206482
-1.7031372996873961,-0.6246720024613491,0.14259150471729307,-0.22987799911539422,-0.5674195330378066,-0.21463474383181058
2.5321606315786416,0.17288326761558778,-0.6104582762837409,1.2522364003086168,0.6933132296762319,-0.07916770291803396
-1.5183218525044588,0.06537456591264865,0.15246449665343548,1.2666830625205567,0.5819250069025391,0.021478645537782465
2.705996136765128,-0.026168102919561495,0.0689313568870188,-1.2884322116890474,-0.9689570911123888,-0.3247934607362932
0.8719409138628652,-0.5159702900881493,-0.9540422288059285,-0.8920439940999778,-0.10615904866979319,-0.21242196660315918
-1.2955778014487822,-0.818980411555179,0.26078852018840104,-0.2248248592804802,-0.3026729055631524,-0.33749132746399096
7.78307045669465,0.3718955680350497,-0.0647598247540697,0.06460888604811689,0.243801749603549,0.2442571489687711
-1.5708026817234724,-0.5474878526761555,-0.06594809541755348,-0.29624855615060214,-0.6994957850746438,-0.1508589198756404
-1.482387822043658,0.08232242871855301,0.3956347630238152,-0.2534174597571954,-0.013163250796691605,-0.07524761068863525
-0.841443448684424,0.6078671239384604,1.4127486512716845,1.1409644335724476,0.29282031459865737,0.7660887767501807
-1.2369899132447284,1.3151510106695807,-0.7864934168284731,0.39044068516745584,0.726442336502345,0.52236040462843
-1.7610790605540725,-0.4227724863519945,-0.027410271217933605,-0.26513768843107377,-0.394825415558181,-0.4595028835421576
-1.3114072179886103,0.260309957429079,-0.4770983972026439,0.3283625483453818,-0.017838736691323596,0.43713623343561886
2.8504015875153956,0.9252543360956014,0.6587797488394694,0.0858705098721754,0.868920981760649,-0.10001883063610592
-1.6616635453881907,-0.4786162116437879,0.022981389356005463,-0.5107300427008574,-0.041574155765395276,-0.25100331170575035
-1.4992106600143513,-0.008229909184585047,0.33121787289644505,0.6885144171696241,0.44041116322760326,0.32882102061588153
13.035060726564122,-0.3250724411692439,0.015356195515882064,-0.07411965534775987,-0.010607280662157664,-0.1500871923432674
-1.7095629124371214,-0.3152324141058915,-0.3116979541266868,0.06464843956821006,-0.7164842730542259,0.16088996387557944
-0.9680227365520838,0.2877826195244171,1.4459675577928508,1.1812798328784717,0.19470049654233312,0.6241563172854113
-1.2491124483571372,1.330418381255444,0.7659705932413325,0.33473121854453713,-0.028944542111902276,1.189699854985117
-1.3909689788490243,1.030080421304335,0.8688918910166499,0.8646148898314339,0.6643652607494456,0.42924262544455627
-1.372827097939008,-0.4560768310567713,0.08825421743099963,-0.4108120698350186,-0.23150858311595723,-0.19212535441655756
-1.5957187977661693,-0.411926291313225,-0.12914083842239799,-0.08061240503114764,-0.02144801392314214,0.0718147692321165
-1.183648316627943,0.2073457294655252,-0.4647461594726605,-0.19472473802441412,-0.37321520847177936,0.0254565586601008
1.9197863238520212,-0.45796182193952156,0.6776967690449164,-0.5235948664868542,0.04198187262088027,-0.2515601965952951
-1.364393383666303,-0.18338695167958197,0.7414967990266323,-0.08469232489407495,0.19942798685054144,0.1794652962478489
-1.5985883650630244,-0.8071419945965421,-0.13965277156774536,-0.280804004993425,-0.2842133936697007,-0.27373650993629073
-1.7301182025985395,-0.19426883147536148,0.09918118958063085,-0.4413101719228543,-0.7366741241747585,-0.25721263119934107
6.524205810990648,0.014358368691345966,-0.19570813339958168,-0.12436390018805242,0.18671927762746215,-0.08586281248143446
-1.411503238157885,-0.285883929767341,-0.19115349149748576,-0.5207584843425269,-0.5456313512243463,-0.27083955857281883
-1.5372393952780878,-0.36607416407404103,-0.1959843391147279,-0.37764699828136883,-0.4233845522837032,-0.1064145307728227
6.18131395345785,-0.5497549502333476,0.14738144608232068,-0.7536933167463414,-0.33168080341620276,-0.10005009425557633
-1.2828827153930351,-0.9301825922288739,-0.3560160083586018,-0.31910530844436225,0.14211770368354357,-0.26247159731520053
5.854126689942166,-0.6488490933899845,-0.20488562030690682,-0.795002943823953,-0.44842135567993985,-0.2716027873370174
-1.762979787089015,0.4959515384570393,0.3435267405366947,0.028214117982457224,-1.0604014068039933,0.16343991966928384
-1.488492336762287,-0.17659822799688218,-0.3306024812795067,-0.5585146447451267,-0.382719229259013,-0.2878861355182853
-1.6735230961639034,-0.9564055369467875,0.10434185535448093,0.0920141167092912,-0.15273558353485023,-0.39221196945011005
-1.619233304997654,-0.8042317328420242,0.11153320962816456,-0.36941440730029995,-0.2275854731077232,-0.40695158309364515
-1.582962579659836,-0.1282080503285495,-0.3876244256200155,-0.31074376169988405,-0.6239892400324005,-0.2816000012332215
2.326256886453554,-0.1839553890099685,-0.4897429559138541,-1.661986336139341,-1.1474806675183393,-0.4464804501168196
-1.4141416087297354,-0.2484265149571218,-0.640459040855136,-0.5491712959427286,0.16972030611273858,-0.19396549721550277
-1.2997179722625323,-0.9979566582830025,-0.3418857736223909,-0.36303356039614293,0.13493277475711554,-0.25350179998572986
-1.0434851137798609,0.6707265707528779,-0.11081533547174996,2.1882867465029125,1.6483504874532517,0.49887198217499906
-1.4788191040409548,1.4244344240345366,0.5442547204376396,0.09545675308820455,-1.12182633474241,0.13698263497783797
6.454884895500612,-0.16119044544111433,-1.0303307574122114,-0.48748892629703316,-0.1681935474430822,-0.3032496037074823
-1.6994947723041272,-0.5949665153473862,0.14055208901677385,-0.4431837881417187,-0.6178413340302457,-0.0974434381436584
-1.0039386006810351,1.6092492833381715,1.0382612732744556,2.080076581806398,1.305898208752647,0.6149109242399667
-1.7444526869658805,-0.5163410654519314,-0.2743808784798211,-0.6787673027993176,0.0584987179890969,-0.15561586812973127
-1.3397873084014738,-0.2193039881935449,-0.757027547360715,-0.19159999150015133,-0.26678544028100504,-0.14546032320068014
-1.6782794941447348,-0.4515759294333727,0.07207103264637439,-0.5122179960341103,-0.2656547697190907,-0.24209080264152172
2.6601331996894153,0.6256256726720213,1.1485665032074908,1.5346368686562146,0.10247748764071514,0.1583724570343448
12.505058562925965,-0.206539928465047,0.08276327850021906,0.016341599818076872,0.01833124194947918,-0.08742147141792965
-1.6334887786663668,-0.12559851202481292,-0.6151456926412059,0.03179920947986024,0.17407830901534613,-0.1778654825888175
-1.1444893167418135,0.6611875041550259,0.14207503897748627,1.0694075704571755,1.5745213794433452,0.0785762265331458
-1.411503238157885,-0.285883929767341,-0.19115349149748576,-0.5207584843425269,-0.5456313512243463,-0.27083955857281883
-0.9393100529070715,1.4456265593905449,-0.8555791976693584,0.17035250612007322,0.45754286824776214,1.3238555106369239
6.589225240045219,-0.032191190576681385,0.14535414756007492,-0.08143252139625545,0.2549883471608266,-0.6973166819140658
-0.9048713210124767,1.1087280416558636,-0.06566854208463724,0.286162243799857,1.0130322606959625,0.98920589570457
-1.0309467901271383,0.8851709373077912,0.5900940622337796,0.46990972881491994,0.6901088686089168,0.21568526683168704
3.8621102971201995,0.22671691330848515,0.08169335724030341,-0.301919475913139,-0.6661894887819706,0.15373439896653388
-1.6025666497818725,-0.38517192311571713,0.09896489785542754,-0.3029213756247961,-0.3737796158900114,-0.35801384701061567
-1.3486830682790647,0.011558455239086529,-0.25794131163584927,0.12345588002607769,0.21296598093090918,0.09476793304348083
-1.4797716510553518,0.22418467862125283,-0.04157586034106922,0.40764804238250896,-0.5361629403658515,0.40847307759856283
-1.4527437565359058,-0.4077182875913067,-0.10069717075091897,-0.670759363938081,-0.36383295424300716,-0.20631525643287327
-1.4793754667651062,-0.215151838823735,-0.9418018796243015,-0.3620011297357019,-0.24829195481521,-0.1357379452932232
-1.1490810431369003,0.5026420127825163,-0.4808299678909246,0.7749165543316451,0.9958052482812689,-0.011286612341101215
-1.4160467277417368,-0.5944227661052637,-0.2913403312432093,-0.6048673990029207,-0.3374330976490601,-0.18314948470996625
-1.4419156555828565,-0.48370919548108593,-0.23181008263113959,-0.461084771216349,-0.44172920292096585,-0.1649546237463772
-0.8797431772395667,0.4602892135137895,1.3945263891128834,1.559628998085026,-0.021850283835447078,0.8578806775182234
-1.5043793571344584,-0.222942935275148,0.12868166209856796,-0.22445010201259163,-0.3319906572279165,-0.4865031230808284
-1.4035945377768853,-0.370687321937781,0.304632168077424,-0.4078089798554318,-0.36169766497011613,-0.945186760057307
-1.5774761013686716,-0.1015067001739813,0.36152085208240775,0.2918304416191701,-0.5494622656438518,-0.23636239235550402
-1.5544200177592502,-0.24579515999556795,-0.5037281102375931,-0.48912000057072397,-0.35797036615077604,-0.04900389425795804
-1.1496538154139044,1.843134264160793,0.993444620785201,0.5285915940440656,0.11589644417601452,0.3165084265690546
-1.672620332717576,-0.8330248453309635,0.1964573967110168,-0.02478109446873607,-0.23790672393421128,-0.08570486118004096
2.5185376852141004,0.08709103177335674,0.2613070815333795,1.3381929783424988,0.3772478912299902,0.01937328840685552
-1.216445674745855,0.3177180350282678,-0.6740591802738701,0.610858890849857,0.26556286557632164,0.33971271092990535
13.172339427214794,-0.2634204467034139,-0.24714901531529967,-0.05853696925207708,-0.025038405379561812,-0.12926585363893475
-1.3300246071510946,-0.20761687322092184,-0.6696790497986892,-0.1495846576967402,-0.2425265868473107,-0.14384636855952485
-1.6168828180660204,-0.7967586360198438,-0.022960114953519496,-0.2886984559447037,-0.20659414830516157,-0.1970002203224421
-1.6312108224228985,0.18740292057696076,-0.433582360184366,-0.009941408580915271,-0.31872590905444004,0.4194816190564048
-1.5365216770789276,-0.5309053202090946,-0.3649638012015323,-0.381748219249705,0.06784034832118198,-0.337783884634326
-1.4210648338562188,0.003436727487152828,-0.24290723651434035,-0.19407986832263827,0.4682757126143902,0.14620159759148224
-1.2129198369502887,1.1869691116948893,-0.4857724653212254,0.34560959318144835,0.6437695038887878,0.7656892659806978
-1.6384534738376864,-0.9083394159034162,-0.21994499921503727,-0.25045621055287853,-0.0763838070586254,0.04034476830609074
-1.4432469598480604,-0.9544047039162853,-0.6743868719971025,0.0772190554134005,0.43403094084612154,0.3186671018156365
-1.126478066076162,0.21408290909887565,0.6416497669979381,1.032308913525515,1.0903393197429834,0.5529983407101853
-1.4504289505229684,-0.7273546585276216,-0.7596090239243407,0.10405990828879208,0.2637954554898804,0.10833938696879118
-1.404648908235028,-0.22321388918738458,0.30355060913343707,-0.20047043328147357,-0.7783003687867831,-0.85253715914866
-1.3305957459759985,-0.3369128073829483,0.23941041391817824,-0.6285578822065726,-0.7865974510440464,-0.1625316203353924
1.1140412080198039,-0.5759185956502186,-0.3978490799724751,-0.9095804501268192,-0.07972143500961923,-0.30351258898421385
-1.393774683961885,0.04603750411629746,-0.6628842894494521,-0.04619891438751342,-0.050499703536594394,0.034907579555333426
-1.7045541961634383,0.25444098531351855,0.18417992944978065,0.122740445294413,-1.0883456763833743,-0.3833123046800701
-1.5378489644598323,-0.4417581667037192,-0.4693882020500048,-0.27256952157586717,0.07938526806111225,-0.2519855320763759
-1.3440523688189783,1.0792344733899821,0.8428351133385757,0.89566296220433,0.7546799707671223,0.45485099011649044
-1.3363339200757065,-0.18047828447950764,-0.43210484061969034,-0.23217270011873706,-0.23159681578408398,-0.15400963525431383
-1.5772687578481257,0.21927351263591685,0.2167816045704407,-0.655661815959424,-1.0372997034008886,-0.2780276905676248
1.325680642724788,0.22594550894640394,0.16519447449199404,0.30181772647698524,-0.8076721111373175,-0.128320158353821
-1.7300347168478536,-0.3064212332095288,-0.19521645900765366,0.08412897841727349,-1.232960853757299,0.11943633273916658
1.7279290325689702,0.47812078487723053,-1.130612391247079,-0.034646404064121686,0.4095125116483763,-0.1548196937597952
-1.8010601193287579,-0.6229519117008725,-0.02454047132549002,-0.46103829564412024,-0.1319011577455375,-0.3929004084079869
-0.25837776495903664,-0.6615918664207224,0.04490520587431735,-1.8027098671603936,-0.14924133353140445,-0.4320461232306128
-1.3570672046490262,0.5246973297912301,-0.6758990873126257,0.7175467151865589,0.32513344810595585,0.17896252787655417
-1.3853915925781541,-0.13703560654141697,0.22765200781827688,-0.3832840233581738,-0.36829918371445414,-0.15193994806808703
-1.7423968605936804,-0.6985481737622501,0.05421303067052289,-0.08991001748917167,-0.41961641492527624,-0.015456816429053874
-1.7070281822751336,-0.1260357835261503,-0.05860577602768618,-0.10686118417471349,-0.13844908910604756,-0.32588827840094275
6.758404238840024,0.08371332976587605,0.07645948091261244,-0.3294766106962504,-0.06843874427462165,-0.0921997894248596
3.8005301001186895,0.6136343436886562,0.5640824451013743,-0.10775180022995123,1.1039188025596913,-0.04629010374851776
2.361599496722897,0.24857684230683494,0.9890323464735044,0.8231872060259006,-0.1403596862690154,0.121094201769016
-1.2170642080991627,1.1520777769916468,0.33931630010538794,0.34688175675531574,0.6076065053075539,0.39052389159136774
-1.2127876453026394,2.4984171378377167,0.8411218256473532,0.48195082227817154,1.167093206149366,0.5512721352765132
-1.0961409726795328,0.5882585859797632,1.4168122640683651,0.27935777645383886,1.6190812489867392,0.334125847993278
-1.6654870023259332,-0.7783099921403233,-0.2518239430874177,-0.18194310531811606,-0.1710081780816587,-0.2595358684502825
2.9607148803407606,1.5020027277918286,0.5709974911542387,0.8763835221930192,0.9067296351182078,0.6268282947776758
-1.6767910104012098,-0.12577941834606385,0.18877869213009685,0.03760963231279705,-0.2742572480448258,-0.11432950241079363
-1.1130991614155759,1.0161657289238846,-0.09739139725114018,1.1881551235723027,1.2752762387264782,0.7669382810621941
-1.6391319845834478,-0.4269053395734753,-0.05081309809113186,-0.5345073904244996,-0.1359259586885237,-0.23721135910401314
2.1628930102772403,-0.5706214595303895,0.5879911595817754,-0.43169175036453855,-0.8438604473678948,-0.22823910745214926
-1.634333001802541,-0.5887341587702529,-0.11445375096201912,-0.43550440390075845,-0.09214706957494478,-0.3965366452054613
-1.5497769122388376,0.3160741414627965,-1.0712164319937008,0.2716104810358249,-0.4137895601689633,0.10638854249102848
-1.2521460792344596,-0.4604496153521217,0.33222489139347544,-0.44675428093770647,-0.6183689791190604,-0.315557556147819
-1.369533186355916,-0.42425292855756636,-0.6315372874570039,-0.22377347565037461,-0.30547290145123046,-0.21146060093761232
8.989622910986416,0.41563080280915954,0.19375526208776583,0.005648280603318657,0.08938701265550057,0.3262955724344945
-1.592599542853356,0.054123884216764014,0.36830703705688767,0.19538742195031153,0.32028740878678136,0.08523703313206211
-1.3604871719833325,-0.3911609916075114,-0.7022650301460089,0.14887125229439677,0.7658125228766495,-0.10912101690919014
3.700273970093248,1.1768857478762258,0.31183203315170566,-0.3310712400838979,1.0552566490085424,0.34052469188743073
-1.1320837528131118,0.033190020511343336,-0.5257581722319493,-0.0048240641281797406,0.5254554844236596,0.010759176587150993
2.39664536012079,0.19454448785968922,1.0276485802166342,0.8416367417192558,-0.14052726868534876,0.09073976332352679
-1.4620405915077213,1.256565795825485,0.5721457901936642,0.08797390235887645,-1.0477407845861841,0.05076531557381519
3.4041028937744087,-0.27699768267412256,0.4307683311051928,0.7866319216435905,0.9641626383118403,0.4871075662740923
-1.4804663034395393,-0.3802344717301864,-0.04875743206168037,-0.6559302350992245,-0.6520894542812928,0.012669816628850616
-1.2661859881879416,1.028423870097163,-0.8449573036506349,0.31517797087849564,0.569222463153476,0.14526041990543095
5.133441251870941,0.41122732381240407,0.37980546062228077,0.32373938218738996,2.2010303744408257,0.2985880462934384
-1.304811526204778,-0.05969563620559894,-0.4930907354280719,0.018086834495488802,-0.22725201436186576,-0.1300839693095897
-1.5985883650630244,-0.8071419945965421,-0.13965277156774536,-0.280804004993425,-0.2842133936697007,-0.27373650993629073
5.890874714801035,0.25671933774885036,-0.9304457080594836,-0.013047852760590962,-0.08870934630071477,0.12437780622589997
-1.475145345717103,-0.10118780592382681,0.41979526859998667,0.7385860403790933,0.36279036450138585,0.1651967773271428
4.745498723842688,0.031419460128537635,0.3316919627253377,-0.486521022061819,-0.7081700300898964,0.07485518923526754
-1.6364516013895802,-0.2625549319780635,-0.015020838313023727,-0.3051011014618132,-0.7083941624511189,-0.32088407082997444
-1.669202058378491,-0.9992797175811652,0.11356024443032851,-0.09986201107818145,-0.4000806893666333,0.029089878970951253
-1.1864451600813988,0.8319383521945406,0.9415332909355616,0.38177296095959445,0.28928659515127825,0.4434455660202804
-1.3834394491690327,-0.4467945146464682,-0.6161687363506304,-0.25510251974479037,-0.2393381917313453,-0.23042801409414496
-1.393659626557865,-0.4479267655168451,0.09496714146940052,-0.3159216365751203,-0.18704290901084308,-0.42348078696769953
-1.5229108269840923,-0.37664282195028065,-0.3144592033933429,-0.5776141551292128,-0.09669986504175598,-0.47322028013132467
4.7210575199958225,-0.615660771744757,0.03570047465590697,-0.1410427961901834,-0.24524814865514766,-0.24369627249870746
-1.3788027369286877,0.22433407848351744,0.5808908622399296,0.8593417782314539,-0.22278296279856707,0.688657943812994
9.205083175850032,0.022877895918877594,0.07573147822709005,-0.23019167211900507,-0.10062990140984754,-0.25646073505938854
6.542351205249383,0.5623312738899785,-0.7734087279009146,-0.06440400433222633,0.1708840080308469,0.2012138375013324
-1.6598156507631414,0.506420478997325,0.2691315599225738,0.05820126857245331,-1.120161101504998,-0.4767293489405447
-1.5013631523505802,-0.7558053277964182,-0.018213149516923235,-0.19052958568968223,0.07702459599166085,-0.09876162135196781
0.5460699941181896,-1.0892397367316335,-0.2854733328095264,-0.01635290083757238,-1.7403722257930403,-0.39240999795342524
-1.5486650765362948,0.013675729274432911,-0.3757022283264292,0.08818329675317958,-0.1854960035150371,0.10464448364307745
-1.65721314786637,-0.9781704930635491,-0.12487986187678098,-0.2686251559415788,-0.1608905191952383,-0.19611193326610693
7.902186018781015,0.4127450015479781,-0.06258891313259958,0.5009311326042374,0.4233150195785972,0.2541517295797147
-1.584379935920388,-0.9417212990920654,0.10675614868520308,-0.1948292727183665,0.07736483466467442,0.04082119746615019
-1.4266177036360992,-0.9461168511024324,-0.671014336086656,0.07795118972463803,0.41128182890569825,0.32205859445918433
-1.6312108224228985,0.18740292057696076,-0.433582360184366,-0.009941408580915271,-0.31872590905444004,0.4194816190564048
-0.9422830343430197,1.069276352574382,1.3499101590853348,1.1851061021901854,2.156615295760812,0.10473622946144287
-1.6616635453881907,-0.4786162116437879,0.022981389356005463,-0.5107300427008574,-0.041574155765395276,-0.25100331170575035
-1.4612999358886354,-0.07685304948304775,-0.4331527591267636,-0.19177625370123855,-1.289869779397772,0.08679948552645735
3.0217838825276697,-0.06862147759148544,-0.07924863694172443,-1.2972114290071812,-0.8199877164419141,-0.29939802702540735
7.221819215830186,-0.25982656941325827,-0.12145576221266334,-0.09877099535744686,0.08725804982541979,-0.09459474512559098
-1.11621266372544,0.456871567528876,1.3775465404638603,0.7350748922450416,0.25301274105464333,0.29148968979886297
-1.49564123888363,-0.3042798047411503,0.060769708658975,-0.19002783237949367,-0.05956318083099039,-0.04804985644288408
-1.3054839430510938,-0.18850043789011695,-0.8686687692522945,-0.2119986824655099,-0.16559089374500185,-0.11266772546700676
-1.5198044547873455,0.0759690184609762,0.032267647823203294,0.6828163068435227,-0.6726076102533286,0.33687179529471506
-1.3715847751999268,-0.17698115749051752,0.40550267215546754,-0.2530316647652179,-0.43892450173202424,-0.19590442293871327
-1.4572723168195434,0.2349830922381608,0.4858719205552085,0.9779559258492482,-0.8550692369307186,0.32033363764385014
-1.3671048876687775,-0.210904659125357,-0.1323781768466498,-0.24770104444767332,-0.2227402162466569,-0.2897731987483815
2.8034889816909954,1.67138213172106,0.8872607166432959,0.4025833074552579,0.6625103164682541,0.4687705333872344
-1.2698200003230182,-0.013870225518410792,0.718655291648761,0.15898307273828113,0.2766289472156418,0.3010288687597549
0.8203698767869306,-0.4355444081760577,-0.1793687717695816,-1.0297210069602374,-0.1959039918099351,-0.30067687882732036
-1.2066330174618778,1.8308947021951116,-0.3895811324273585,0.498879351805029,0.33300365611579724,0.15412389042244865
2.5385063164526307,0.6207422391661054,-0.3615123084649126,-0.060670698552478725,0.5689979283757599,0.25571094107213815
0.4273666831914859,-1.1773654036853611,0.1547653293775632,-0.1392939668737766,-1.779840172484753,-0.6212011198305989
-1.6129338198896472,-0.41024835102540425,-0.05826460441320972,-0.23056217350992225,-0.42889645508781515,-0.35796069877754044
-1.621574354375816,-0.29410065067015184,0.060336246560639135,-0.4086896229834364,-0.22594149903961097,-0.3696937056222934
-1.6184901892482828,-0.3252690441514222,0.01948478417329757,-0.12009376134903407,-0.16146044397165224,-0.23269689497612608
-1.5537512093323174,-0.4147600585293667,-0.17952507364946907,-0.02355436739790876,0.13052396442558728,0.029731467450482236
-1.4613299843831697,-0.3643812079237359,0.10458772926389348,-0.025641671496307115,-0.38702298263713025,0.06996525458268206
-1.3816007931426477,-0.25034675072825097,-0.1082871541351013,-0.5116596996849946,-0.9135658872250723,-0.23002922644064042
-0.20728279197007862,-0.6145575586625803,0.1126093050199966,-1.5801287005085043,-0.1663786027203276,-0.36503639619438294
-1.7314514860477566,-0.8082748518946068,-0.07682712562696659,-0.19717532341012103,-0.20776985217332006,-0.28308926129154194
-1.2621326774635744,0.4217591131231869,-0.17944585636525665,1.4745586246586928,-0.30659069065127476,0.8744638510327544
-1.2931286184129402,0.45476206892717913,-0.2807531095094363,0.13176967415196386,0.704008788268088,0.34557073883384914
-1.4979587141629878,-0.2098859069435275,-0.6006285430697192,-0.4644272691955363,0.1428167622813765,-0.4446828937211458
-1.3685684999079568,1.1350566169943828,-0.1517368412724735,0.19391001739734767,-0.13361924980100984,0.23754282824640482
-1.2801215759914726,-0.1400141469232609,0.32763395235038073,-0.21233023005364726,-0.2458612359467672,-0.07319926857428867
-1.415151431374027,-0.17994831819122176,-0.8282990524687204,-0.36189536695829405,0.2670170331781396,-0.22954511762766014
-1.4035945377768853,-0.370687321937781,0.304632168077424,-0.4078089798554318,-0.36169766497011613,-0.945186760057307
-1.5942177916461369,-1.2866033421353398,-0.12372448236137013,0.06944070929533606,-0.30207110768234746,0.4831144109190093
4.891045857508085,-0.3113258102276042,-0.14967951295425874,-1.0305504648314157,-1.512029254241607,-0.09516688963297468
5.845461958889479,0.8046908228901413,-0.9170998004324378,0.40431773664194987,0.8557172729404597,0.2795441180655668
-1.5366579892697199,-0.453060770734395,0.17733323506748558,-0.08175152407792893,0.2390904765850489,-0.008220048713639658
-1.65721314786637,-0.9781704930635491,-0.12487986187678098,-0.2686251559415788,-0.1608905191952383,-0.19611193326610693
-1.5303551485471398,-0.28443895542731795,-0.10696435239607635,-0.5609194886632829,-0.055421794926521634,-0.3549872795946151
-1.2859876708405549,1.4751599416918,1.17025716705381,0.28068911823067316,1.014081781161553,0.47954148686385417
-1.5022253197576543,-0.24834629476329356,0.21557454256077235,-0.39276295149440565,-0.5138656404605372,-0.33701963669641044
-1.4505397782542058,1.0906068743299018,0.48768745214913534,0.08814490942664678,-1.038429823136903,-0.035897876323452566
-1.1471440455808335,0.8964810266996723,-0.37750613149263545,1.2462409427155559,1.1074636137567364,0.6925583390356029
-1.5902673077249785,-0.06961948142282479,-0.6461123272449389,-0.08939000390136859,-0.23895947428274963,-0.03779190787061168
-1.820420341787133,-0.3605184876078217,0.04919771155348292,-0.24995766647044634,-0.4215467202990549,-0.22221241449654636
-1.469818330450549,-0.28379024445528445,-0.41625490750647925,-0.14130020219691106,-0.25817198596817137,-0.0916274763020676
9.289782717554612,-0.10653949977142603,0.11339590671128796,1.2306244210517556,-0.2959929312904587,0.009728893505607334
-1.7449574921387483,-1.5568104470228035,-0.0745517979703105,0.20179669945957135,-0.3259438799799102,0.16318068544333586
-1.5450357604496034,-0.05297506947611616,-0.3271243446568241,-0.15790208930424426,-0.43689451702619525,-0.07860046973512388
-1.355640788808761,-0.4227578691999995,-0.5513233866746308,-0.423354737773312,-0.25187277958316306,-0.1425425551164979
-1.3610619698208297,-0.3968224951987886,0.10641495093522702,-0.3885438927641589,-0.2093667536837493,-0.1664662474995441
-1.3992336544831545,-0.20035297420584727,0.13937261464252768,-0.22805003905307578,-0.18289263128754155,-0.25912955239425756
-1.188267414140874,0.558096803690927,0.37973116679232266,1.052411680066331,0.7239114085066788,0.676938055972893
9.216219805290956,-0.0011656804603659237,-0.3174553622729122,1.1290911526354914,-0.28722346008894745,-0.004719792207922359
6.659573219339702,-0.36792836391337563,0.039276341663878465,-0.2672761212149053,0.1707491091106362,-0.34682215296817837
-0.9244253967777533,1.0275919762397203,-0.3045198614942112,0.3004459015973349,1.0070547337738014,0.8554424435468241
4.118992011106952,0.38375447539048857,0.4931032641515149,1.437433531691257,0.8094302887455352,0.8764643682787278
2.4642634890130615,-0.005501703510651856,0.40920398115441997,0.804646982683221,0.1258144500609714,-0.16844975480684427
-1.5372045582038918,0.03644356151226871,-1.2976890315189373,-0.17273324105918775,0.405516276658586,0.06317179288003226
6.983602617734691,-0.26154827525869984,0.3484985864821372,-0.22086898709440705,-0.23848712773371702,-0.25252722243857095
-1.5874168777456812,-0.7912397864730885,0.31021967866728345,-0.09590748543900203,-0.03599418143687889,-0.211788378415132
-1.7262464869866652,-0.0395119320676183,-0.022319818541611722,-0.06944843383481274,-0.1920792231289662,0.09019498728457356
-1.6200451648420102,-0.08151584169291812,-0.5795227123678238,-0.2712816646171352,-0.07841854258332223,-0.2232446340553977
-1.4844115503536972,-0.05036113517312425,0.3139850607310418,0.6641280919232749,0.9292517025521301,0.38289213591580656
2.5850149404430525,0.44989305868049523,0.5169570085998751,0.8377897026284182,-0.49286659357570706,0.4755029520023299
-1.4264710025666876,0.5720054130529507,0.47955359797359953,1.3370487919947809,0.5356387067929338,0.14868270609284034
0.4175702226721994,-0.44026753642969874,-1.1019037612152525,0.10263751029699228,-0.9410795068535635,-0.1904618632904807
-1.5544200177592502,-0.24579515999556795,-0.5037281102375931,-0.48912000057072397,-0.35797036615077604,-0.04900389425795804
-1.4158376828356236,-0.19212148611737428,-0.16318558642712913,-0.4195991123546582,-0.37909773377843997,-0.32284130477249706
-1.419968472505177,-0.222899830508427,-0.26675949934982673,-0.483374125020863,-0.5541051045790778,-0.19045259761076494
-1.3650316813996217,-0.6423972452296505,-0.19868925393544287,-0.3702739410956158,-0.5404458659580895,-0.2320780113767615
-1.370979591727661,-0.0019037694015622139,0.08442765069196341,-0.0016234737259768694,-0.29648536124864083,0.1054103447043088
-1.7051294420546663,-1.1554607775124217,0.09512574144445325,-0.012447762789692386,-0.24846833096615498,-0.30970309649885036
-1.2044659947597625,0.8910986380244859,-0.5624993105714944,0.2482090159974139,0.5384622356027435,0.2375352616964503
-1.2129897332527682,0.49306388401311446,-0.6176031689837034,0.043186121542948014,-0.11732622203447804,-0.08362776017600718
-1.3642716614304287,-0.3264613910211834,-0.12208808874410372,-0.5717601122493183,-0.7757820036225286,0.19813719262758503
4.563159409003072,0.7129504651687799,0.424657042563529,0.33930843145318584,1.5327241214075753,0.12189185120706386
-1.6776104767541093,-1.2457275510992838,0.033305890962337145,-0.31533027164124106,-0.3717464921032285,0.20805835795071717
6.505024904553326,-0.11333079381407003,0.21608752502607237,-0.15140501925398464,0.18858604998642123,-0.665229097388595
-1.690352347408554,-0.28392012869786076,-0.39355781250050376,0.088772348098187,-0.690219475791033,0.19382505052102253
5.419560030312175,0.6804923099498901,-0.1582696557506511,0.16323061268819564,2.0348814844297487,0.20436916497788998
-1.467297983226563,0.29024121389104085,0.18397434244257635,0.45369465231901446,-0.5223287800045334,0.4805860355084156
-1.6242034930477989,-0.13717128176226293,0.10020345708827726,-0.11705650166956279,-0.5908035908144128,-0.1930361577410083
-1.5247178419580352,0.19775257609118482,0.4041853185646532,0.02076922009558707,0.015996398488567657,0.4832194105320053
-1.646930741465985,-0.1913093260392632,-0.13447092403023564,-0.352807357244508,-0.4746660803011971,-0.30987467473870794
-1.0839174936185842,0.5154986301966585,1.0829602436579195,-0.2766385500690241,0.5142920920566763,-0.5590993147974921
-1.422146136646814,1.5283508142450928,-0.4374579301664767,0.58075496984624,0.8210736496466393,0.42467001384240577
-1.712338886119865,-0.7807929199767701,-0.47845276687537275,-0.09648374463853816,-0.009170268074695726,-0.18099257397386312
-1.2266212066363027,0.05472159330598973,-0.8469405442775594,-0.08312229095057212,-0.4268717801758047,0.2830822154002917
-1.650825295501532,-0.2630351618936041,-0.02444687133564108,-0.31358968586404756,-0.7251981968863123,-0.3319344090988132
-0.9391600520833944,1.214103067109166,0.5597796411589435,2.6041500796311365,1.6817626415742115,0.9688849038146943
0.9180741059861606,0.8304009846515984,0.4461022997023899,0.30350457350667726,-0.4730959255198854,-0.230638899472678
-1.4982948601244233,-0.02370662841822767,0.15391590715263276,-0.16100941172088984,0.1565871544039496,0.018814920614669182
-1.2148929264283719,0.5042398618013636,-0.1156502174726187,1.673892416407523,0.7654400463584926,1.3298590757329767
-1.3890917962977933,0.8401557071220845,0.7063898246731477,1.0901875075220353,0.7988771060115704,0.04074910118590972
-1.7392289910230365,-0.41298440004517023,-0.05353998505407305,-0.4487547368956538,-0.19094787655518816,-0.31697810037171203
-1.325056083295107,-0.7028682128111209,0.23280928958520242,-0.029813358473123344,0.4763520075696162,-0.01683895772428738
-1.1898241916803984,0.650557272141356,0.20182635465414098,0.12264357203579657,-0.009526067916599443,-0.07321627807228419
-1.224053525627365,-0.09499164980642227,-0.10939871601459022,0.24089278591559693,-0.5922501566145556,-0.7065525171744572
-0.007993661227787318,-0.12927295189750773,0.23871591560024327,-1.3919256859602516,-0.03694156259140499,-0.10896483584555935
-1.4879046727052578,0.21213137066633694,-0.5241365661993674,-0.09142179678901607,-0.14817511717707904,-0.1641537053782518
-1.4438436619920911,-0.4396554469961648,-0.38426852739530604,-0.5389665474908201,-0.19951944492444024,-0.074280268401721
-1.6281392606910468,0.1730084095922157,-0.28564825396854954,0.01840040728328373,-0.2623867163571536,0.4630051836495435
-1.2816001222096909,0.053325178096559595,-0.7468161209330625,-0.09592686159059577,-0.43886869187916144,0.24249783545041179
-0.31373531853174424,-0.03981211165056697,-0.3912652318289781,-1.7839374476757748,-0.09119783247638052,-0.4272583438454325
-1.6242722677145753,-0.43870837935735196,0.15829782013186244,-0.16738924467016447,-0.11348639019116726,-0.08732677957350903
-1.6051610529511806,-0.3084279742708702,-0.02598809188840222,-0.25297456243093386,-0.41627433520033924,-0.6007100764653385
-1.3516073855206356,-0.3655801871073397,0.0915937618146159,-0.45608081227217834,-0.3037512053219027,-0.7876577369028797
-1.2148929264283719,0.5042398618013636,-0.1156502174726187,1.673892416407523,0.7654400463584926,1.3298590757329767
-1.7846401733771562,-0.4110565316922362,0.0029868142320821065,0.030623945354484285,-0.47808310176092167,-0.3016471320756005
2.652078891590335,0.054722841484748486,0.1912772883078786,1.3028181095427045,0.3299119870858817,-0.02154380179820936
-1.6085081332466042,-0.5492982127706332,-0.12699939385455378,-0.17097797063123232,-0.023999404982775578,0.06297990186101723
6.0950929229150805,-0.5673182638843118,0.3678763320595416,-0.753133411232869,-0.3470210317288627,-0.10991204650413644
-1.263427865280106,2.1389624961780207,0.9603104179979394,0.7381860669448285,-0.19734304329503538,0.4665614972098213
-1.3084191783723058,-0.18080870506526364,0.004988608642093701,-0.7629555284748912,-0.6547745831339563,-0.17920361282000755
3.8621102971201995,0.22671691330848515,0.08169335724030341,-0.301919475913139,-0.6661894887819706,0.15373439896653388
4.389871080818423,0.2232879541619376,-0.27754906599722007,-0.21200015987235793,1.2368071374070402,0.0008748854274198958
-1.2285409056621874,0.7385400835793428,-0.2648671447394029,0.6862731913421521,0.6125294896092854,0.5885321820332813
-1.4427506595045942,-0.4190824954624301,0.36166232129286385,0.16859382659056077,0.6871534542271945,0.2532937263186417
-1.6310015616181888,-0.3453553682244963,0.001585305544856411,-0.5517479594331269,-0.2205692179082324,-0.24234105742738782
-1.5218178067275168,0.21406905967429,0.5315749528278494,0.9043412158852815,-0.9170598063712603,0.3166341495691098
-1.1243254803635887,2.733808210258047,1.0374889037838724,0.4837744168325277,1.0106703909069295,0.325255799470137
-1.3375858697543181,-0.045501658207161844,-0.5784893031770655,-0.4008849063544132,-0.17749325784415912,-0.2973387754118535
7.119327028756094,-0.3993420847385235,0.08386388640844157,-0.2106684349389576,-0.04478114519737902,-0.2602507579847219
3.700929115795215,0.6106441178485764,0.4440489861845752,-0.15808572870467175,1.070571389549599,-0.09390288174285198
-1.3340568550557954,-0.19199125432391306,-0.09734274807719305,-0.3689211069099018,-0.7240247376566065,-0.367387156232586
1.4157108813310433,1.1449799895987312,-1.5380691774520165,0.21941873137497372,-0.6308230545640847,0.32234260087791333
-1.5350849813608145,-0.2700651651175,0.24397333542627075,-0.45939051548458687,-0.356211961150807,-0.511934576100967
-1.0078973367864161,0.7073391731097317,1.440099550286267,1.0162655454918936,-0.2186117122138172,0.5792246678840657
1.878487374997347,-0.3437169605238458,-1.4454977324619516,0.1388205029216825,0.7401213006340104,0.3408309284620717
-1.5762351580709921,-0.5092087277707816,-0.09856774556590303,-0.227788473511627,-0.5563003237888499,-0.3087278990360547
-1.580422017227013,-0.2586333152063787,-0.6916655766136877,-0.4892113902481115,-0.2431641411993567,0.00810749831770169
1.0863316337690132,-0.6557648790880501,-0.44901228745770666,-0.3977022318875671,-0.07177830635411457,-0.08658397838904436
2.644235781925206,0.6398055371881456,1.0592091710571812,1.5062393743117521,0.09782472512935078,0.1703658755507907
1.5677109730318808,1.4868828981647964,0.8130399828445999,0.5379510220370263,-0.15319450620812977,0.5442335981440282
1.6374026296089952,-0.4780012429879939,0.4677419271399783,-0.6504213839199599,-0.042444081647394154,-0.29212535581748805
-1.7122419717021946,-0.6446672059074148,-0.31134634671133016,-0.43502147355398524,0.03648690127987735,-0.3434896286619274
-1.575564986393526,-0.6385962534349596,-0.4811272004050413,-0.027176252054553554,0.30099567621113626,0.042632643966138514
-1.729306039186739,-0.4791099138979593,-0.3358271325921569,-0.6448316417495326,0.0951847368054399,-0.12168609265080414
-1.4215650227255163,0.6458929697747041,-0.6173274064846626,0.08138139550304402,-0.9802384669185292,-0.09373706957120825
-1.5916929511665505,-0.17426328257161192,-0.4069439649062998,0.3931869705636152,-0.5908003092372403,-0.05143858926176346
-1.6160899092734748,-0.24424396767194706,0.0035507595493966004,-0.5833903704917807,-0.36488989334362726,-0.41390263557789897
-1.448239497625512,-0.5116371333776433,-0.2250581962852416,-0.6625137773105623,-0.33035403028129806,-0.19917019707142272
-1.724105830836899,-0.4382834947593551,0.09929088862235709,-0.24445523636181726,-0.22719962083342002,-0.21378597270719246
-1.644062069845467,-0.3146485653266037,-0.1709823636472052,0.3236317249231448,-0.14708479230340624,-0.3775740902214645
-1.377066096942295,-0.21274115852873887,0.06743079341833773,-0.32013193720798766,0.5087187626187856,0.07193609819247526
0.4572909237148683,-1.0302116463912276,-0.5811522649315892,0.3624170757252359,-0.7741334336062701,-0.1525112897582208
4.8913796372362865,0.5542571795755239,0.08302394788585851,0.7310857165130935,0.05655955813830932,0.2685276934253507
0.6464818007210613,-0.2534908135429691,-0.523339046493217,-1.3070575156702993,-0.06872183143440239,-0.14346540765499383
-1.5880205777250207,-0.11108296540490521,-0.5901166013740415,-0.3137167576565469,-0.06339246607325731,-0.2953745370247641
-1.3731932760746537,0.5092511347625548,0.64410891227928,-0.3548931414395203,0.2288024387596087,-0.37620360327715124
-1.6132594145771617,-0.7426426164558407,-0.09639909156488023,0.3035235237591729,-1.0586722894881566,-0.13932918750913045
2.662310754542846,-1.0121674379481531,-0.90096318098051,0.033886179474567645,-0.9337369080880017,0.20390213347707198
5.0673817474667,-0.32751506408397424,-0.022577611799612297,-1.009987012681676,-1.5727755115884996,-0.11288523276663846
-1.4825856091158003,-0.2767586582086018,-0.1216372028529203,-0.3816633564407923,-0.692131155075952,-0.2793172976369104
3.6754473597947377,1.1676220908800483,-0.14222631252203463,-0.10675001362133964,1.014096629873436,0.31758057623921265
-1.4542424664615499,-0.2364510478629408,0.13768783727119613,-0.3196758327895256,-0.4923546181044711,-0.32080759754145405
-1.729306039186739,-0.4791099138979593,-0.3358271325921569,-0.6448316417495326,0.0951847368054399,-0.12168609265080414
-1.2718123840223767,1.4349377188543766,1.1134971715539124,0.3696300876742681,0.015998216569671046,1.212374337299333
-1.3450789385249355,-1.3164117430794915,-0.2517673527280876,-0.061006374468711155,-0.0044333272257051914,-0.16708516066387616
-1.5979886487418333,-0.38649614685461586,-0.3204192642675074,-0.27219184800141816,-0.09206776236313678,-0.35665964990271715
-0.7688517057992154,1.5296784025383565,0.6166575060242616,0.439254604115626,0.9274098311589696,0.7880743863761127
-1.3271236079894893,-0.14845006186438556,-0.2078390133933065,-0.2558138766298742,-0.013068228325526024,0.13839770952274238
-1.5429184238216225,-0.5894525431903658,-0.19239776384401922,-0.35932696964094174,-0.5214936046503413,-0.04535407779634339
6.914588106262475,0.8554913644223161,0.25371105936801536,0.17659854123054428,-0.011335050864577804,0.2066304878452926
-1.814542894829502,-0.5914115140801947,-0.13687009520775179,-0.4596150943777351,-0.009617936061192997,-0.39302789391716897
-1.3437124111837166,-0.40280839499304094,0.7874710219460954,0.2129974467533353,-0.15861223812788017,0.03847191914997168
-1.678375599927688,0.11507006024547638,0.44282818237702554,0.03848945298303002,0.23472358666236579,-0.15452223509490384
-1.483727658592379,0.06456466907494508,0.07905259498407798,0.656332191848534,-0.6302956791997563,-0.017372403487779145
9.195528607321414,0.0777588180086024,-0.2673657571731549,0.9492968491138734,0.1393631299951266,0.06388350627929029
-1.0819002904666488,0.4027493255600658,0.5343707218331817,0.46687792730542915,0.8523398919409824,0.878809577090122
-1.3392255735516745,0.3417732258603173,0.20022346294893567,0.9409106212868974,-0.2806132857875088,0.7565457458084158
4.670556852126044,0.6957754603733358,-0.03297322973312299,0.7836752889196313,0.15269882346616967,0.5231928400673493
-1.4979981707631378,-0.24826764737505433,0.05314694445726679,-0.37559919259408336,-0.9384863627816347,-0.3478288302072396
-1.0011835823831339,0.681024924234447,1.297379943462625,0.8470766677513649,1.1801508214475287,0.3445250666163883
-1.477535154158873,-0.2939060665899123,0.12792003878475414,-0.4290088086005212,0.019815997802703638,-0.6697173952595262
-1.2998350978659565,0.22874718476077377,-0.018885494501948426,1.392621148398007,0.32605790490195735,0.8490817157517324
-1.3823418630611377,-0.488631553091435,-0.5653432647929346,-0.2366452363263793,-0.22078750414829976,-0.22963581363989516
-1.6448766491090763,0.4848057193062809,0.1283138479744788,0.06505580254327566,-1.0631569353605188,-0.4701650761245297
-1.6350934533908832,-0.07090952726561248,-0.5479985784018402,-0.2650348993390178,-0.11074625785447592,-0.22209540314165316
-1.3689292609308978,-0.0705862065929775,0.3197167278340846,-0.1326027438507775,-0.09759041774968677,-0.08826014284443705
-1.4284279463537337,-0.12544478557407343,-0.21458350156324113,0.7074749617594648,0.40183971306677657,-0.08544770402211743
-1.5714920445063898,-0.26670129622543426,-0.7732287694817104,-0.23818367368221185,-0.09006745547417437,-0.21474633792967077
-1.5917122379656,-1.232368417426418,0.09388977278709162,0.34166339417556835,0.19841350898138602,0.3583220809564054
-1.4623749613622752,1.2871623498376004,0.1720463245590314,0.6931759925594932,0.925547013512222,0.5266079138673971
2.398757740500997,0.07908614222772595,0.20333552607814478,0.6294557136378308,0.3299201386297813,-0.008701943629390908
7.273108219205823,-0.3366048763382253,-0.031954465519386153,-0.11716973600157389,0.045426010303924215,-0.08924219695250221
13.632440666875922,0.10976626021751594,-0.05172437255595083,-0.12380120176935655,0.0624535584353383,-0.03096274805385231
0.11247399669914915,-0.27322200487181475,-0.08101863478560523,-2.3642198166049977,-0.1851235240941161,-0.5512055627224405
-1.644062069845467,-0.3146485653266037,-0.1709823636472052,0.3236317249231448,-0.14708479230340624,-0.3775740902214645
-1.4045923890790957,1.0198309640213745,-0.39342770939310134,0.4360184132902122,0.5881686346249693,0.9710327447635541
0.9180741059861606,0.8304009846515984,0.4461022997023899,0.30350457350667726,-0.4730959255198854,-0.230638899472678
8.500634820164347,0.16013869967821912,0.1475716676502624,-0.2674506778916078,-0.014430594957494073,0.11272247204987655
2.3434066173768278,1.1087072836027314,0.2326501641283605,0.492785490801983,-0.29160061030150425,0.5041336597686576
-1.628492839489784,-0.3965084945533709,0.1380917508494087,-0.07881349845630713,-0.1728003932858694,0.13085216182795797
-1.5041669745356137,-1.124382220335823,0.033100168384620106,-0.20594574624556466,0.0572029390333471,0.063601946598781
10.617271239936466,0.2739223891917734,0.1802617147114873,-0.05338557072263279,-0.16057786159463414,0.055211152420087284
-1.1165939376635352,0.9820247318791236,0.6893148535159016,1.482126120855994,1.0960308866420931,0.38677839651259693
-1.6259912072083391,-0.27018030518818265,-0.35774177363245657,-0.29666090734592687,-0.3900162646171876,-0.16063445031268775
-1.7125279759412357,-0.1643249502681627,0.08529345600110982,0.0006748148453844233,-0.8015250258327519,-0.26079971505723176
-1.2662087169977334,-0.08501570269038955,0.1701185903815187,-0.273414547065264,-0.5608570639374556,-0.2415774590361522
7.445415992207722,0.01584953527965672,-0.08362175119273764,0.007233501991365499,-0.04988779855380974,0.012270115859444182
-1.4211776247149122,-0.5048631981354027,0.33430047105888794,0.09030465660661696,0.3316635363426755,0.1943317540785615
9.33150173875024,-0.06296271306109666,0.14587755013728596,0.9776498561911181,0.14095437658228605,0.06534229816475685
6.321528810376268,-0.22724470694512713,-0.38644790417070984,-0.5227524049600079,-0.19295882188984315,-0.41909699796549865
3.5214524151230253,-0.27476133166259437,0.703223739907451,0.8885637050874439,1.0409830227482415,0.5353465224070645
-1.5133190205135088,0.0735327542271202,-0.26523293154511274,0.15015521106310176,-0.2519420812243965,-0.0671329869260356
-1.5136728980634968,0.32300651405361563,0.3841996423844404,-0.3109289661340756,-0.5787038159781138,-0.397556970196413
-1.2229745915367676,0.7746105924198876,-0.05557284415258451,0.7425987844594466,0.6694045843872558,0.6551693451811399
6.305332758303104,0.4996500855529679,0.9423349888931872,0.6303289374554939,-0.17658809341170198,0.44156482116641593
0.5357275192300018,-0.32077528943695727,-0.1940478553283966,-1.5079908749253619,0.18127254257735737,-0.053757269374773466
-1.5700105181793798,-0.33101618221761747,-0.2903318806448574,-0.6290222561962413,-0.3751281154090999,-0.23717685903440136
-1.4465870884999668,-0.5669643989125159,-0.37565494087717793,-0.578262867598423,-0.28188305719395085,-0.1685053006840488
5.661543452300937,0.16595756855755578,-0.29778432144911465,-0.16113117032978216,0.021708312308664133,-0.35964361878802087
3.676380473613224,1.2044588587240572,0.27660564622074035,-0.3010233745522096,1.0518632792019549,0.34093620359290117
6.8593300930666254,1.25239114504177,0.6107878384005108,0.2677443964765382,0.14111820613014311,0.4078426587670302
5.133441251870941,0.41122732381240407,0.37980546062228077,0.32373938218738996,2.2010303744408257,0.2985880462934384
7.742775647359368,0.13712955918642933,0.8477934302016553,-0.11805642364692621,0.03392372431384419,0.015520460503747108
-1.6431649857019914,-0.8826140622216028,-0.6671399715968626,0.02062042143929655,0.03034393792401538,0.006068375288547107
6.99907111927328,0.11818972973543485,-0.6477539773908831,0.00013575859088617073,-0.17875095900937846,0.026067622002085886
-1.7376245757360675,-0.5490915175058751,-0.2129162869778857,-0.6932460633763026,-0.028767184927997097,-0.15456046277713778
-1.3463282967594643,-0.04608283765152941,-0.13924738753493035,-0.23309886440284897,-0.25553877211965964,-0.10500032318094
-1.6105081294667958,-0.33599330868519367,-0.555737413049977,-0.5095530761054274,-0.21180493604345377,-0.10569197804845411
2.7611309938176056,0.16774032114170528,-0.08777947895333156,1.166488756074499,0.6925209979406857,-0.2251041879421493
-1.4210648338562188,0.003436727487152828,-0.24290723651434035,-0.19407986832263827,0.4682757126143902,0.14620159759148224
0.24308891628959056,-0.1256242043449847,0.031790372627925514,-1.68502351517109,-0.1348609864798524,-0.4190540518718089
-1.2027274865286504,-0.029059833861160664,0.8373200545900167,-0.31597342845107035,0.8198008137543903,-0.29611883166006875
-1.3550607315597638,-0.07973576792735794,-0.6936741123386778,-0.4462838071982619,-0.2206235812922855,-0.31963361406591184
1.7055280142055458,-0.6938667742281522,0.5289051351140667,0.931573705426852,-0.6468843206589838,-0.07578418572837699
3.676380473613224,1.2044588587240572,0.27660564622074035,-0.3010233745522096,1.0518632792019549,0.34093620359290117
-1.7846401733771562,-0.4110565316922362,0.0029868142320821065,0.030623945354484285,-0.47808310176092167,-0.3016471320756005
-1.4184844278991295,-0.37088725567458375,-0.2603340028020197,-0.5206285878755783,-0.4518065788949815,-0.25986041284031464
-1.2127118691443168,0.35346685282903556,-0.0021729004444985883,0.3318947508421764,0.9380177200540561,-0.0677025445330426
-1.3078374519059013,-0.22259995174903188,-0.7187158315932712,-0.14374188727631906,-0.2582913177169778,-0.13171172055987693
-1.1665001946904365,0.9051732315382746,-0.34841850547833425,2.2866676849482617,1.4772834672338366,0.7607439528086567
7.78307045669465,0.3718955680350497,-0.0647598247540697,0.06460888604811689,0.243801749603549,0.2442571489687711
-1.5827633465513677,0.06210704383988749,0.1994739348088485,-0.1430227945887645,-0.19304549727702994,0.02047052707263456
-1.5529304866349156,0.10409511472763276,0.25471503505593784,-0.7605651287209472,-0.3374368551295651,-0.5225082233936861
-1.4731016225185716,-0.27870974461719955,-0.24831070751770742,-0.2926414105409802,-0.2546404486580722,-0.12385436656450635
-1.5942177916461369,-1.2866033421353398,-0.12372448236137013,0.06944070929533606,-0.30207110768234746,0.4831144109190093
-1.5370115554186963,-0.29308402981071385,-0.24943473146029174,-0.5729621200859207,-0.07191533423837577,-0.3738130940918991
4.435346547197941,0.4994460892060971,-0.9650353101859516,0.32867011213704184,-0.44358829394917704,0.14778133655614997
-1.412465492166915,-0.10542689046336973,-0.24523306806370837,0.32891011320390273,-0.3459970713353039,-0.26936899276670706
-1.5225613846943427,-0.43646168108309746,-0.7075342308313383,-0.37423896693596503,0.04505755038921548,-0.15070576974756345
-1.6187735978288709,-0.5064465071672031,-0.023786114453669717,-0.1914211191628414,0.1983811613245623,0.08048234462925183
-0.31373531853174424,-0.03981211165056697,-0.3912652318289781,-1.7839374476757748,-0.09119783247638052,-0.4272583438454325
-1.4504619306756572,-0.2547017798796985,-0.6266549859011179,-0.43200183448768714,0.08349160351128943,-0.3582978241224488
-1.3474876167597374,-0.4753423302034306,-0.5866143327166706,-0.5623026283646363,0.04924848108188312,-0.19373663550418577
-1.324455100549738,-0.1646161384024995,-0.5230716970586812,-0.45222149895747565,-0.30508054467977624,-0.04255796822851866
0.8846104071086917,0.866243276593795,0.604017359378989,0.3226991085450823,-0.49817063492353575,-0.23451020616503493
-1.6937027562353877,-0.26939971697493575,-0.2142684067774433,-0.045838911386300765,-0.6943391880786776,-0.16406982338742246
9.228679203716196,-0.06456987401831465,0.1632302470547294,0.9373614423829166,0.1749164765965284,0.06912540892437846
-0.9680227365520838,0.2877826195244171,1.4459675577928508,1.1812798328784717,0.19470049654233312,0.6241563172854113
-1.4554201326011738,-0.14110781478037893,-0.18403119016976638,-0.7526796872838337,-0.4170513002293721,-0.21363229765823094
13.843879425861576,0.19827729503664643,0.2550802888371449,-0.09958995545777743,-0.0834920766120251,-0.0360170653635366
-1.3823171674917294,-0.19320107632574782,-0.023843791488487007,-0.40417570760632743,-0.754254364256835,-0.2155110638844956
-1.490007885957214,-0.2924726366481509,-0.07755517490824483,-0.5446851798108757,-0.42304595920251825,-0.5574557796571163
-1.4230561919079066,-0.4137912111513443,-0.3095783847501671,-0.006556481444980067,0.09926396469944178,0.19076861426827912
-1.6393854060703015,-0.2368171806678998,-0.05986196275317821,-0.2417945178889716,-0.4547393106611922,-0.24448846290461707
-1.3184113747348845,-0.5248565889672737,-0.44739128755970936,-0.6304999188129299,-0.0439832295208135,-0.23690496227757335
-1.605373351517541,0.02741068250128097,0.41948681853969794,0.07554321685353435,-0.08931496273258359,0.01797247904737902
-1.0482923518619,2.2750627913335086,1.5079581445162025,0.5639582225393576,1.0087550870185238,0.5862237816405211
-1.4089240588842633,-0.5493387591733021,0.18393327511247062,-0.38212671970395107,-0.3704485191857945,-0.20739661217596564
-1.6891960759579896,-0.2084853276120384,0.11014029096408096,-0.014664770961108357,-0.39420841356228525,-0.24066352592482582
-1.3116870146866044,1.2795324106533952,-1.1927561521068433,0.380816367921787,0.7068554540744353,0.2991767489687336
6.7938904921971774,-0.3692329262481221,-0.21027638192287273,-0.478155338640719,-0.18474481180309352,-0.07578785204324139
-1.389901583865141,-1.0170121450697163,-0.31253843003844484,-0.014622649916634228,0.8465170814529508,-0.18952666788415015
-1.533166337491569,0.0591492505860626,0.002582037139626231,0.6578421775071274,-0.6814698412560868,0.3228256437698474
7.582158276679077,0.3637600591126479,0.9081228110269192,0.12429529773990447,0.17095144722997765,0.07565866126407339
-1.4623749613622752,1.2871623498376004,0.1720463245590314,0.6931759925594932,0.925547013512222,0.5266079138673971
-1.384085730221341,-0.012838878460462395,0.5518204332317219,0.8985166807531973,0.7577509338981214,0.24971758566913144
-1.126478066076162,0.21408290909887565,0.6416497669979381,1.032308913525515,1.0903393197429834,0.5529983407101853
-1.4865191217468239,-0.6188135432082963,-0.025948756795056243,-0.24119020480759978,-0.6094416065108597,-0.0990733111347685
-1.5580343508418353,-0.11907795750886087,-0.3878627891257224,-0.35125995149773565,-0.6135160163091977,-0.23823201416697504
5.946768154487498,-0.703465827449907,-0.08808134332741425,-0.8365224953265847,-0.4647119262118962,-0.29937959907762357
-1.3573850783488222,1.6230483044614035,0.6886248412590423,0.674285239092161,-0.42648468669574285,0.3601889694018225
1.7506304801324424,-0.5715785564227333,0.5772558240455326,0.9014909407341849,-0.6235586149691521,-0.05155283058658748
-1.6042317382677147,-0.4138495535999066,-0.039239467611793546,-0.5746391879132354,0.1387337585173849,-0.018260338897113145
-1.6291342059613367,-0.7035188771584023,0.35968216791182106,0.09889428393142684,-0.14898010999456582,-0.05096155098706173
-1.5932345984576666,0.029341392446725532,0.3558378275108679,0.04540632918768441,-0.10838481473215975,0.045752999586231156
-0.22924997681359108,0.0221917577967117,-1.5691356281636404,0.7758430003321152,-0.7587328103487471,-0.11838391766284516
0.3431638398529741,-0.0704189412891186,0.8775804715063716,-1.138014021335547,0.1565654382704852,-0.10400124143084769
2.742349586218279,0.814513589984531,0.3517954692231733,0.07056078593451531,0.7543052199233211,-0.09943033039883957
-1.2604991718537326,1.6888909614856915,0.6035139516511584,0.3879061412336373,0.8404926837346112,0.7766852016051511
-1.6239860292341717,-0.036716503362061156,0.11346876295876199,0.25826738026424756,-0.6624637604029299,-0.09025919762227579
-1.5343605868057923,1.007976899427889,-0.1898210367264179,0.5262660642603898,0.8016724009267946,0.43465686614498084
-1.099381688700184,0.1432608096436196,0.41883682495200114,0.3323384721522027,1.2293217014319724,0.22622206099991243
2.9518711735788297,0.028845179030128502,-0.43675008271013016,0.5460060430583742,-0.3756097871913069,0.44226916983106224
-1.653622303541953,-0.505348662120796,-0.45144615365139545,-0.15668029941432435,-0.18091929622553662,-0.2153695942173874
6.989044546182826,-0.2510579671293427,0.3620119386243862,-0.22012716594745374,-0.23830459634473575,-0.2470195147128156
-1.1320837528131118,0.033190020511343336,-0.5257581722319493,-0.0048240641281797406,0.5254554844236596,0.010759176587150993
-1.1107065123859394,0.7527697212752944,1.3796691717084781,0.9423610812815095,0.21021395771647697,0.6791794239883634
-1.2421781974567434,0.09131997587214136,0.5340761249464151,-0.35484278261926094,0.8577765169655844,-0.22135674128823982
-1.5980416684974237,-0.7171635998202807,-0.6882304586977033,0.17293831350368546,0.07430801085446162,-0.10783705529867431
-1.5929351501086797,0.02013617564293236,0.17657613101744696,0.09285885739606761,-0.12431425506869977,0.10995377611405215
7.295966538857533,-0.728370576131783,-0.09464683645601865,-0.3665423156133325,-0.24589067512262325,-0.3436532397212892
-1.119187945401426,3.1067814182011673,0.6492716155200358,0.8161512727299867,1.3501394983707953,0.6791707264369944
-1.453742618071334,-0.43728349054574683,-0.12794877767712093,-0.5948908205948298,-0.5562329908267843,-0.1446094757755557
9.130190266529675,0.37210454374794505,0.14661583594327918,-0.03927724262480306,0.03446642831336291,0.27731863993123435
-1.6168632018685773,-0.49921361189392144,-0.10009373329084002,-0.5079889394197552,-0.18334666064386956,-0.22297848369779288
4.185557092719493,0.22184804004433084,0.3764359161505565,1.3920518378140645,0.742533132881413,0.8802577031264954
-1.4413139144298124,-0.3943195039506871,-0.5520680599379602,-0.5138264742179959,-0.35518059134218805,-0.14753127921657064
-1.5430802714114062,0.9506820245611811,0.08231612939248016,0.040321321376238346,-1.3090263653779313,-0.2089514383655655
-1.719237649214112,-0.5712591234125752,0.11445276232421552,-0.11330589165231164,-0.3501780064133327,-0.46220545875556024
-1.6437088160932847,-0.12339709404996492,-0.23386902734591272,-0.34014497377539343,-0.6962903660321251,-0.2561978855983044
7.739516142107868,0.3453400524934318,-0.0002073801129537829,0.09698535050814604,0.2377195034527583,0.2501690870527196
-1.6005956718428804,-0.6614616535339028,0.42557437762119843,0.16264960582116006,0.4508403065817364,0.0695863501859555
-1.3890752892550102,0.4879403155890398,0.6223788062265073,0.48511538909233903,-0.3080294102092399,0.6472114634928494
2.0726926866881694,0.3244241068982871,1.1047685350845056,0.5679924801586684,-0.1955418468464863,0.11746528654888128
-1.6289233395622986,-0.026674483189677106,-0.5378886769443867,-0.13611288424475715,-0.05007045771807159,-0.16818524585655473
-1.0405543329105158,2.672890609111744,1.1656317777439749,0.4796797812964974,1.3631596920542663,0.30284813732888066
-1.124458837919887,0.9296693163229748,0.6007414340663203,1.4522932573775273,1.0892050474065682,0.41126674847198313
-1.4527437565359058,-0.4077182875913067,-0.10069717075091897,-0.670759363938081,-0.36383295424300716,-0.20631525643287327
5.666520311794647,0.8073963327875481,0.27284226548125673,0.1956147500401604,0.0417003491705786,0.441555928988748
-1.6329797684511194,-0.36242444102260907,-0.36155660047321314,-0.1975404129367991,-0.24342531175141058,-0.23022664820885355
-1.2947101077306675,0.15837083631282514,0.2797971206093496,0.33243285735728034,0.27749586864383946,0.599719581370966
8.487873137221207,0.004405017251767183,-0.09016840562635092,0.8443730100186941,0.09912025826280302,0.03339159200829498
-1.7339580149570024,-0.7021122331619895,0.08702502512239589,-0.09817896004822053,0.20616504221610485,0.003933668711328488
7.1047384375159375,0.39548951699809554,-0.1098278713999959,0.15100384963723018,0.06788924319106056,-0.23066767552642323
-1.452804482960983,-0.47766419469850685,-0.4170761739845149,-0.5764567389936195,-0.05392979823861101,-0.042925544970778204
-1.5265063140020267,-0.7023375496293929,-0.1784575755858183,-0.38170262546452666,-0.5960867096417695,0.0001668687979412654
-1.3128413713419822,-0.2656437567505582,-0.035656033425981094,-0.44174209744291515,-0.27424952084215903,-0.25813921083146796
-1.4632423820364777,-0.05819216802358152,0.7757643002790254,0.8514415465221017,0.5342647545350981,0.3108791422866711
-1.6604258500303917,-0.14558233022882244,-0.10391708089841967,-0.41794471269964484,-0.47656128401920983,-0.28449600915049067
-1.6384534738376864,-0.9083394159034162,-0.21994499921503727,-0.25045621055287853,-0.0763838070586254,0.04034476830609074
-1.7213700481568344,-0.7187835501952352,-0.08195451362652174,-0.11615275110474381,-0.3662783956646647,-0.01861306709410648
-1.3422691418241064,-0.13341694734989734,0.1689810788246058,-0.173226335129699,-0.9407507034825772,-0.4033830021423867
1.8766501765091856,-0.49665445242571366,-0.06175317797315376,-0.2927205914883915,-0.8023298102760027,-0.21627509076322818
-1.3406815832310495,-0.05914866656990098,0.4146760983003971,-0.09169206933191841,-0.09746328248878197,-0.05887072482707837
1.325680642724788,0.22594550894640394,0.16519447449199404,0.30181772647698524,-0.8076721111373175,-0.128320158353821
-0.9750681953432184,1.0649078920206039,1.3397598787150409,1.1844517206969274,2.1556520678279636,0.10803365710061984
-1.6668244144155557,-0.4644646801377935,0.04947728554469436,0.1419615002562953,-0.9378645617367585,-0.41980231486832714
7.026923953383066,-0.0216517076847997,-0.4119999038911705,-0.050935962693513186,-0.007427295294973399,0.023460268578518545
-1.4067087429411955,-0.22748115167160007,0.3012697273345286,-0.18391908354958672,-0.7710168673034098,-0.8535871459547351
1.860611803977905,1.3680175355202373,-0.7530056009228486,0.3983762829800244,-0.3666419941179003,-0.0027193274114253613
-0.7209828095503634,0.9634685452182962,-0.6423686707099141,1.3101022853030955,2.178333233228658,0.756315065476957
-1.4432469598480604,-0.9544047039162853,-0.6743868719971025,0.0772190554134005,0.43403094084612154,0.3186671018156365
-1.7238429975852305,-0.13921659791922159,0.12587849659282158,0.15804539087835506,-0.7328239865473671,-0.22498404035659056
-1.5092129836016082,-0.5493049713366959,-0.05462566306595146,-0.3269775900331822,-0.43468063321766215,-0.312009055914783
7.32782634495416,1.088165332179203,0.9630915873247538,0.25133981261551247,0.1165593034738428,0.3298333798529943
-1.5774761013686716,-0.1015067001739813,0.36152085208240775,0.2918304416191701,-0.5494622656438518,-0.23636239235550402
-1.2412369609640348,0.020837110086131958,-0.7586514707049257,0.19202268349702326,0.42247101764322664,0.04260343910746355
-1.5229734578450245,-0.32948536840427445,0.21846841747265666,-0.12118065378973544,0.12822596565674238,-0.17395733536270624
-1.705760665205859,0.07990136010482997,-0.21187240835162238,-0.841271120311107,-0.13246041723359367,-0.2531262215862994
-1.7910971676159553,-0.4483713190317718,0.3644002517200019,-0.029912142522759703,-0.19024703658639774,-0.2175996804396795
-1.3066517319944941,-0.10771247341452027,-0.37179208995638346,-0.4096372200497784,-0.6389133304673796,-0.2282174573780161
-1.702764690251758,-0.6763823989271144,-0.1748332420550919,-0.418862288923455,-0.09326500669987312,-0.34417209839969815
-1.2663317107929584,-0.09929499454019536,-0.12240766242659284,-0.36594853157941154,-1.0284596948799212,-0.43885844381530237
-1.3317465559548938,0.16389245498082236,0.1840168430414028,1.1104485582958545,0.7591145793286217,0.007994476262372827
-1.5410823839231844,-0.5580042166836832,0.10684571527259906,-0.16733033152319948,0.1306527350337293,-0.09773678553468046
-0.8340443196292218,0.41737368897463095,1.1876868420762443,1.5086060797664405,-0.02941443181077952,0.8582217303687035
-1.451635973814137,-0.3452174611642319,0.17131331076826176,0.0016812932360156635,-0.3557504238105879,0.11462289778284587
-1.6768930193867766,-1.0780521912698742,0.09616381823863039,-0.06989140207699256,-0.314432150795576,-0.334265674598855
-0.7263979231133066,-0.28491886477196837,0.39213547340787214,-0.7517359781351892,-0.1831968392092056,-0.2375989131748952
-1.57261261126493,-0.10007465441560043,-0.6164721350769805,-0.034127027820862965,-0.10473361470733643,-0.16957597671604316
-1.4634626091028056,-1.3570425348047714,0.03100432329987964,-0.1977918607559291,0.3287196946070895,0.02467811281784683
-1.512469116553976,-0.7945086401107252,-0.033240483713916094,-0.20260130842974997,0.07342261369591402,-0.10607378112420751
-1.1718661312115348,-0.012904063805401671,-0.6223990996271587,-0.10179226034100977,-0.6027109765856365,-0.08293286981721684
-1.553724956072884,-0.18821103499926367,0.46853285146041335,0.45115469416476234,-0.0597394546099272,-0.036065723389728736
-1.2863133248478262,2.2271162432050042,-0.47807359884272754,0.9881965823869827,1.1040102425973104,0.6153717818937344
-1.3926675891235978,0.2705018899603365,0.3657140879135883,0.17943625675506794,0.29135282121599965,0.17439086073953722
-1.6120816007868135,-0.5189879147240689,-0.12894982146695771,-0.47389000044980956,-0.454294298516554,-0.2461887282085286
2.5170566120068125,-0.4030158925589708,-0.3623390148298553,0.7068104007112584,0.15393196552623445,-0.1081985789352465
-0.337552643988387,-0.42019348063922385,0.004500907557991434,-1.7923315676910154,-0.3220413568815286,-0.33581610530170664
-1.3427683074298373,-0.11369441609984168,-0.14159199792703636,-0.3543598315547838,-1.077809936110335,-0.09256705981538485
-1.0026724953476671,-0.2434741120600995,0.7976224548140277,0.23251335039835613,0.3719841255403469,0.037263505156923026
-1.6813321790230469,-0.626447928718042,-0.11210236428442312,-0.48590951627285867,-0.25804288730299746,-0.23081024017576043
-1.5587692225387024,-0.5413182433751376,-0.13449179646457923,-0.4753845491593511,-0.4443694928281921,-0.26314845491446404
8.485824432324625,0.14559436695103156,0.24205628770481494,-0.28308532789462754,-0.010961603089895704,0.08192115520789944
-1.5028118696335333,1.103115105068566,-0.1619161365452574,0.24147509227959915,-0.08086349067012279,0.2741604551540549
-1.4179946261916991,0.2801244938329377,0.8969692507176177,1.0044305151434927,-0.17929556797151244,0.7511004677659715
-1.5480974240064551,-0.7841515193386784,-0.27781018425121107,-0.2961440951387744,-0.20835000372518325,-0.1921727624132026
-1.397852100111233,0.028130502047905976,0.08231687445698099,-0.17575503154359431,-0.4166364332399548,-0.01138231700432133
-1.6028516538936728,-0.737485180416092,0.02065383861009369,-0.544093463755767,-0.032697730526546405,-0.21353553230154027
-1.4531412421274088,0.09062533542949483,0.1757641408990866,0.9870607532001645,0.025936369277697276,0.5949548946437458
-1.01414515259225,1.6726979720673143,1.390956799727832,0.593906600533413,0.09232262362840814,0.12358900518205151
-1.5102881976433273,-0.12904357956608886,-0.34059763400288096,-0.05070878013767459,-0.3146720293216625,-0.15542258372976026
-1.1740505186129275,1.633303001537765,-1.2456570493639292,0.4125469243601798,0.5203075219957118,0.445100449662709
-1.5107698435558083,0.19970120325130664,0.4157608592987748,0.03813745066266272,0.02474743270283685,0.4707147033628524
-1.509867535438863,-0.4420645231366327,-0.258683762305299,-0.5591158284669752,-0.5035351014753228,-0.12276054077783302
-1.6574359598143422,-0.20843238013507984,-0.8053194074194654,-0.0670679077638065,0.16420735480808005,-0.23650325097772434
-1.3170053951060063,0.6502135942624159,1.189010268269383,0.18998962085919316,0.6992800606457562,0.19610317073003522
-0.915400150361912,0.5759381509668243,1.602234292576892,1.1520039725484934,0.32674313858299037,0.7846533980361141
-1.33471035094987,-0.28359285702355735,-0.18809845361276922,-0.38186031518873254,-0.9702965658458116,-0.24074976317946162
-1.3821919499001853,-0.1392777786814662,0.280954023644764,-0.39445231965385946,-0.36437302039002706,-0.16303212002964798
-1.0186010387630324,0.31956383169066693,0.8285564443873986,1.1717685643157083,0.13540384656880883,0.01891420154572294
-0.5327488636671183,1.2685364521125089,0.5279665263110886,2.0183271025974663,1.8743029680600811,1.0606031948788726
5.654433244492488,0.804589808731018,0.43165848309017485,0.19997099513484085,0.02606619477627752,0.44948299280452686
-1.1055846936104021,0.762021023536262,1.3766056180985515,0.9371151972346728,0.21315980045651925,0.6919852954068915
-1.709898168192056,-0.1920191424744188,0.07190353174926165,-0.4216299088964138,-0.7490101853362918,-0.22791837314525348
-1.339403346748396,-0.032129169473461894,0.45113900238231086,-0.14050403719270196,0.8540578520132815,0.23171529872379362
8.475408509195871,-0.05854241340984033,-0.13380695126089687,1.0348380783242495,-0.32047402437165406,0.030207107106053423
-1.4583995059319728,-0.10356047662483933,-0.6578163746547346,-0.30310973832055865,-0.5554013741363473,0.056261229869926085
-1.1898241916803984,0.650557272141356,0.20182635465414098,0.12264357203579657,-0.009526067916599443,-0.07321627807228419
-1.3151783741248146,-0.06731745178592073,-0.37341361859458766,0.034878601544776074,-0.24750272312152102,-0.1472960353613445
-1.5186995774136651,-0.4419295908893554,-0.36499299920378664,-0.18815562086939902,-0.16369581389930757,-0.11554366336059024
10.277010484138136,0.009617067483328636,0.18254498336432096,-0.09539358853091327,-0.20337953289225835,0.046910723388377984
-0.9348875825724682,0.7160012912658701,1.1379727113402853,0.8720939394355168,1.1841828360778697,0.33046225810508784
-1.2885107038866488,1.0471247948459155,0.7055008651074747,1.430565944001371,1.0510698875754596,0.469872436229486
9.800657707219479,-0.02683740328916672,-0.0626797457502089,-0.07598224050687927,-0.14420218113657846,-0.015197992458635266
-1.2538091464191823,-0.3229384204520753,0.08413910422366142,-0.5394927311260216,-0.8003118786445018,-0.11621198780081682
-1.6614115176986552,-0.48936319076654083,0.08727076777742189,-0.4482764266316358,-0.5889717497223997,-0.1310845526320435
8.957360895029456,0.3652518517202242,-0.30384399987234645,0.003916998870168156,-0.05203876935579092,0.20220501861476667
-0.8483399256619354,0.707910080076783,1.049096717195964,1.1487972079503483,1.2771350775572174,0.6246517899371169
-1.6642058208204014,-0.48135199830984976,-0.1258705059222463,-0.5664029625032801,-0.0448626747047167,-0.2656839791258399
2.923177233128885,1.0354648517623872,-0.8026853399249044,1.0493909741897431,0.8622692625003576,0.6118143483280237
-1.3734160042493468,-0.18091569387861184,-0.6126735751885896,-0.34312353741501583,-0.5455917890800722,-0.21404522001476192
-1.5924912180660793,-0.03883973613348076,0.2626425928663695,0.07780610026841114,-0.31187803013856924,-0.1040232857792575
-1.1342283090450518,1.0293462824686292,-0.41924691061902647,1.121835052531066,1.2501880340334635,0.6330179987970431
1.7614059584036197,0.18057874520453066,-0.889771494275563,0.4877024016463794,0.745177839868314,0.04481478436489225
-1.5713810640087538,-0.8399683535996433,-0.30893978475784417,-0.06999823079832855,0.28223678063857116,0.020241486177895403
-1.2997179722625323,-0.9979566582830025,-0.3418857736223909,-0.36303356039614293,0.13493277475711554,-0.25350179998572986
2.704000545407293,1.1215563334043286,0.5960072093849934,0.06409792475724724,0.923756706221991,-0.0701200655614169
-1.5064662067926715,-0.10731699551512842,0.10792274126502834,-0.7381447462892325,-0.36512798600682833,-0.5909761837008749
-1.4140547114677424,-0.2171555144118825,0.3385925642902812,-0.24542881242038977,-0.09574700659240733,-0.04120411275805624
-1.481158770178348,-0.21794024223578462,0.050006899961862826,-0.5006928639923907,-0.1168634519487733,-0.2759177285196567
-1.375811795635128,-0.20430845037444118,0.28568350754125926,-0.25194873967532927,-0.7883755264586796,-0.7766587593558794
-1.4862997060576522,0.4274584504598854,-0.5086575542481411,0.08890925693563911,-1.03552677739694,-0.15538662978398277
-1.3226948698358951,-0.026840891421338928,-0.6293450022967848,-0.5962428042317925,0.2692143473655717,-0.62596580949514
-1.3642716614304287,-0.3264613910211834,-0.12208808874410372,-0.5717601122493183,-0.7757820036225286,0.19813719262758503
6.4168411622895185,-0.4497029843755198,-0.24835378195369925,-0.16966300822396016,-0.4715247110256428,-0.22814580575771276
-1.2670774228954973,0.32703945999792916,-0.4193718138815027,1.6615036676832786,0.7357888735863042,1.2098652643546963
-0.911071073481663,0.5774417003572687,1.5902987354670968,1.1612443997164763,0.32282171108156615,0.7898765521867154
-1.6615452181207055,-0.3354127447889782,-0.2586664423345454,-0.30802295590959194,-0.14774766577622828,-0.26551871382618086
-1.4750937498412868,-0.22432116252877685,-0.26049743607458264,-0.6247011660991479,-0.5477327799405531,-0.28198509359605467
-1.2724014426108239,0.9567725833477644,0.08624327008064046,0.2598579335006608,0.6584463676545914,0.4065697351954235
-1.2737240224007005,-0.05865155002507862,-0.45550989710768125,-0.05080711614164266,-0.34405926596255276,-0.05000453632101734
-1.745951800392861,-0.1795924182978609,-0.1376947066080015,-0.19442290943000365,-0.66394197387099,-0.2458417057097311
-1.3128413713419822,-0.2656437567505582,-0.035656033425981094,-0.44174209744291515,-0.27424952084215903,-0.25813921083146796
-1.3412800453264253,1.783449009629216,0.8928496334888604,0.6472812216905559,-0.3683776838210255,0.40235717940096954
-1.4804170672586148,-0.42137654836817706,-0.7293133792246513,0.32179097829018366,0.5498073942521555,0.1991392890673766
-1.1411434302647379,3.0473069320236252,0.4838830060661695,0.7805106538669715,1.3432375649768546,0.654006892765677
-1.4638147080079127,-0.25788850468480035,-0.14303379442874092,-0.5341699820786436,-0.34864223124524146,-0.2729732629005377
6.962078917320883,-0.34579562509151335,0.020764161279336328,-0.4264103083791099,-0.1739677733330611,-0.055745963544298734
-1.3841329669793636,0.5033724756996669,0.5537615369083896,0.4956179846487673,-0.3217770507558563,0.5841074236553332
2.855935777777214,0.03515864315208258,0.09310407780813279,1.5298163701489491,0.8688172734742974,0.36410493701886315
-1.531690468473655,0.0019998348125299112,-0.2790480031076783,0.4453187303215255,-0.6148206526702562,-0.13848963734105846
7.791437213240148,0.3428709543724109,-0.30413722244146557,0.06752768739744079,0.22861996019778522,0.25289482792384727
-1.619454956024046,-0.15699819502481302,-0.01793494139897728,-0.155196430133836,-0.38191164939316746,-0.6874162675255534
-1.3065155047706942,-0.14398654313286946,-0.0438587804793182,-0.46436451008954627,-0.743252059317754,-0.36066928175831364
-1.572692601972743,-0.5488350753901146,-0.06687280545886773,-0.2921758556257095,-0.7007926147380928,-0.16301490171853011
-1.0908787028311195,0.2418020246954843,1.3290759433022832,0.36713552247343734,0.21707589537275349,0.3721735285717148
-1.7050956083426154,-1.0953988481859445,0.1363531576681049,-0.05976803662560641,-0.33294437169018765,-0.28582371092116776
-1.3108057352563123,0.012388422741168494,-1.022063624761991,-0.473885728686081,0.002226961374191283,-0.31087594609172936
7.582158276679077,0.3637600591126479,0.9081228110269192,0.12429529773990447,0.17095144722997765,0.07565866126407339
11.194428102243132,0.24625103853515842,-0.18818960973384316,-0.04192988548449303,-0.11595742918588593,0.058349549739032544
-1.3034184970802711,-0.4343611037346445,-0.4670914046349771,-0.6178264283079391,-0.019024492691703702,-0.2200450177962349
-1.1409871784590286,-0.09980770099566598,0.37328693661163603,-0.06802651048133304,-0.7300313010446703,-0.2623705834799303
-1.3025859768749584,1.1809291290995279,-0.18097253702897234,0.22330430196419598,0.8516284661974775,0.8870139788800582
-0.9750681953432184,1.0649078920206039,1.3397598787150409,1.1844517206969274,2.1556520678279636,0.10803365710061984
10.315859158061354,-0.029591784839435035,-0.1559380427880579,-0.05642625251791186,-0.14191551812556152,0.01898852924936475
10.17851231817265,-0.03221520181251757,0.1923952654195997,-0.021018613245543532,0.005113272051347752,0.045495203398807575
-1.5284400191002647,-0.5536267089095193,-0.20519637508016494,-0.28147904049176936,-0.6669512613775556,-0.1256643073157673
-1.6493675271042003,-0.10475599565824613,0.15468054460083364,-0.3050953313211018,-0.6032158905347258,-0.21747942996823907
-1.4771637621896914,-0.24683759643963998,-0.04733929613163717,-0.4509957181145466,-0.1573154058657252,0.09163682923946354
-1.6448766491090763,0.4848057193062809,0.1283138479744788,0.06505580254327566,-1.0631569353605188,-0.4701650761245297
6.964281927288533,-0.36208024342468875,-0.03459823869217014,-0.4472250819100613,-0.18170330259329792,-0.05832065743555653
-1.4720647801266433,-0.25406639518001517,-0.6589363223404885,-0.21336342476340323,-0.26470842055959126,-0.30059071520054137
-1.5852974818933547,-0.1402532666895353,-0.3925984977540392,-0.12853331907488522,-0.04821082632102514,-0.23160206612574247
-1.3346421944773477,-0.12164529156851482,0.19912203227226924,-0.1700071303824965,-0.9124081449397858,-0.39216996722603803
-1.5250803995591886,-0.0728887304377126,-0.5707454167078401,-0.08415075796472239,-0.02390542806267625,-0.13935268343134857
3.3120094454200024,1.4861353784546083,0.3408367128135038,1.0860534603460938,0.8752924892964523,0.4271113043928642
-1.6727919489096934,-0.5917200292390092,-0.08697153541564528,-0.5251925755026275,-0.2905286574211947,-0.23064006366774853
6.561421107374092,0.006594101452093108,-0.5462562828137636,-0.17696353639629192,0.1754449062527157,-0.12325333732759977
-1.5542158466394698,-0.619441751494799,0.5497484063665238,0.604511529151392,0.3675324758925665,-0.05820564902364161
-0.7105461070630155,1.5198357328276226,0.44656658426670715,0.4861634869176368,0.9342086547842493,0.9149707937063485
-1.2186136164658388,0.3757927301999053,-0.07135381693209307,0.641693088682436,0.7957240813875671,0.43638746579408005
-1.2751321269604572,0.3256400382281811,0.14910713622301083,0.2679893644362781,0.9381495858151431,-0.09654825356174465
-1.4629814609887408,0.10820004576067606,-0.9456622218284704,0.1441316583410126,0.5929877828525295,-0.20805414594318952
-1.3504616959370683,-0.014454196463886586,-0.8793882388476111,-0.15082341129922947,-0.5148232229452704,-0.10885182177240979
-1.0819002904666488,0.4027493255600658,0.5343707218331817,0.46687792730542915,0.8523398919409824,0.878809577090122
-0.8941248994416059,0.34800073750702276,1.3721135142124463,1.2124123139384344,0.22422758262451906,0.6242135466891008
-1.5300034011656092,-0.9019758835110847,-0.4383384336016588,-0.0433963909289548,-0.18210979907675526,-0.04396408084208407
-1.3357635908401646,-0.6046426961867458,0.38879832929828984,-0.15396586263557066,-0.21048284347596893,-0.2893683833238185
6.4528127540095,0.23080579411963176,-0.02064725587893326,0.016421837682289057,0.11772654364051058,-0.10250903103139303
-1.1147692847043438,0.718981415603855,1.3637268759598318,0.01622576637504028,1.5099912294324203,-0.33260052322912487
2.965741261674002,1.486718495129931,0.6067092236649574,0.8732417248364112,0.8763237246327942,0.5983866594075706
-1.5554844707180058,-0.02790258600149539,-0.22382093436220493,-0.20786698682167462,-0.4340816357196809,0.11752191961017056
-1.3421741399851572,0.5699467287508833,-0.75104203610722,0.7128208760444755,0.4237360823111951,0.21400458025718852
6.752608281416859,0.0559851149652596,0.3485431834725174,0.10170430565781594,0.24861427940271574,0.022549789826915696
-1.6092344750367265,-1.1196980404456878,-0.07360762804579932,-0.3675627407699885,-0.017010269469686166,-0.17735238787495256
-1.5734639171051605,-0.0922644076017816,0.4092039711520141,-0.20335861262324353,-0.22664426017529268,-0.2885003328010216
-1.0839174936185842,0.5154986301966585,1.0829602436579195,-0.2766385500690241,0.5142920920566763,-0.5590993147974921
-1.3342947194585963,0.3872894827013815,0.47262806320870926,1.1052818162366675,0.906350979651899,0.18172632832883856
-1.428468860793252,-0.11533811818435642,0.3551731303303496,0.029105427970717173,-0.2601790602187109,-0.07431136189605116
2.1025103665174574,0.933429847527933,-0.8186262942035777,-0.10188397380935336,0.3109092300891611,0.13067309236114052
-1.7260212221714082,-0.4119529305564411,0.20545084155010204,-0.31500375408020875,-0.1195310025689454,-0.2034428712932944
-1.355718190075983,-0.24881750402621436,0.076607211094543,-0.5732558061333485,-1.1686215544848653,-0.11959164197311623
-1.4605722765747193,0.8757753388898302,-0.5971717420851281,0.1345790034867454,0.5076043056310987,0.5095469252596578
-1.4079570816060123,-0.27687829629884936,-0.21991341871931425,-0.3959863719180959,-0.6545910852293723,-0.3535337364251244
7.157025991190197,0.2405554392072872,0.3931917849791581,0.02691827388141306,0.1009316448981869,-0.03911261240193699
-1.2163662543483758,-0.3067864729456267,0.9188260732817665,-0.035005359501747844,0.11993858502961854,-0.03756136324412216
-1.7040289330061944,-0.5740130430354758,0.2274816657487248,-0.05555698712496367,-0.3512811097371568,0.0024433101481346514
-1.7333247848748292,-0.49853731660399797,-0.06613354943621631,-0.22554895699062952,-0.564853608836975,-0.11730914032433143
-1.3238199637762258,0.31903057016304875,-0.18041306227380818,1.411109632932623,0.6318270454604732,0.2088086114018557
-1.3823418630611377,-0.488631553091435,-0.5653432647929346,-0.2366452363263793,-0.22078750414829976,-0.22963581363989516
-1.239545779198354,1.8646088259193787,0.8106356426151372,0.39772740716794686,0.8997283073377702,0.7342445453775033
-1.7941500516994437,-0.38011725885308134,0.26047718563254224,-0.18142525420518693,-0.3479172470281517,-0.1947434960682047
-1.3250144731493012,0.334166999862666,0.371620616976228,0.8670000895787734,0.515207618465689,0.6944232270141741
-1.2446262635458718,0.35694372906793465,0.15090872316483483,0.7144878380621912,0.8784911566608581,0.45859835730718546
-1.377117137727764,0.393364167516457,-0.08558920122762369,0.6619094050830991,0.7410078979965351,-0.2178049241443577
-1.6033033792183304,-0.2052190332229252,-0.1699956911390269,0.4670178414225485,-0.5486028600654106,-0.0009818513572502074
-1.704262015014065,-0.6514972652777763,0.027614604113218994,-0.1282799934026981,-0.5464314081881195,-0.1979399450493312
-1.2186136164658388,0.3757927301999053,-0.07135381693209307,0.641693088682436,0.7957240813875671,0.43638746579408005
-1.0135186062207,0.6963729798926458,1.431669653167635,1.0082934769321186,-0.2183067967459173,0.5755172354489523
-1.3127813257691066,-0.1999711034169085,0.09621439968245053,-0.2304212134785094,-0.8086102835918241,-0.7843951487800425
-1.1509248665051741,0.9643421807621152,0.02952289032983478,0.4305562116819933,0.654275713043842,1.0817076470077505
-1.2423937386158665,-0.08690485657742138,0.20337923211177064,-0.006481990055210177,-0.12878238063159603,-0.974679176123937
6.758404238840024,0.08371332976587605,0.07645948091261244,-0.3294766106962504,-0.06843874427462165,-0.0921997894248596
1.2604290022300715,1.097458763869628,-1.4858338865953373,0.25702838458699756,-0.6005438876735607,0.3057720615832252
-1.5591275668630664,0.11527377562179475,-0.4131017274734197,-0.4370116614358697,-0.5783840478284855,-0.22860373349422375
-1.5120273641361368,-1.6750654866187826,0.05620632530351762,-0.3604359953147985,0.19504188048175172,-0.08229642713761502
-1.0614444051324423,2.352403669521644,1.473711285630879,0.535766321552598,1.1081503095550316,0.5353672060771442
-1.2357518315659595,-0.2561399037805835,-0.4322070583466563,-0.22388302578927127,0.24669216807315136,-0.6156514355613848
2.6588568105820807,-0.3136526186656375,-0.3133907803684471,0.44299582006143773,0.9939604410371047,0.4445122029146272
-1.4815878813014336,-0.209225602101151,-0.32360085376018183,-0.5722897696053452,-0.4931071313680935,-0.260735640555454
2.2086484248789704,1.0768099267712612,0.27527980602300867,0.04995815922800019,0.6366999459297115,0.192155564905224
6.910960647630816,0.2804052666629585,0.6750219880409306,0.10911237215085866,0.1817785937585953,0.018666467687211828
-1.4166634908185167,-0.44044571795301024,-0.4828356566571161,-0.014343009546508615,0.309755685733045,0.1358925827377617
-1.4592284234145196,-0.19625651503601763,-0.05472466391156159,-0.48071985238004716,-0.13706078094995386,-0.3752067268433614
-1.1631524508065585,1.2789528235033532,-0.18675619146895533,0.41015537787858714,0.5579505944612153,0.9424392754495237
-1.7205246586418408,-0.32155257877203586,-0.05606839450335027,-0.4188301566185922,-0.5861110540700979,-0.26559887732459225
-1.2489226606874275,0.8442468249800736,0.10652523767099077,0.06138087275287588,0.2915093847352279,-0.12183283422953728
-1.3305957459759985,-0.3369128073829483,0.23941041391817824,-0.6285578822065726,-0.7865974510440464,-0.1625316203353924
-1.4413139144298124,-0.3943195039506871,-0.5520680599379602,-0.5138264742179959,-0.35518059134218805,-0.14753127921657064
-1.5307709139450032,-0.7269335612057286,-0.5618554953640902,0.08646492342593398,0.25695461437021305,0.11980476698544835
-1.512226697497389,-0.5037986551107453,0.3744870682073747,-0.16534041715833087,0.2581162008336438,-0.977743300671305
-1.448512142720393,-0.30384824060083626,0.3316890677103352,-0.31475323591476423,-0.17298874938444947,-0.2442349985921233
-1.4812217233903748,-0.2754334741743303,0.13034884745888534,-0.34675599763782433,-0.6151187832234633,-0.11053434248114424
-1.6878718184368402,-0.5496653400056055,0.15907809432461367,-0.4343927143082222,-0.5004354098072045,-0.19279375944637275
-1.1082309011556377,-0.41011886997718944,0.7868199488412654,0.14534906880553097,0.3115534413850228,-0.0051848487900616694
-1.4812217233903748,-0.2754334741743303,0.13034884745888534,-0.34675599763782433,-0.6151187832234633,-0.11053434248114424
-1.4841944196239145,0.1442229741389375,-0.9062228318557098,0.0213230116825999,-0.7923319243188691,0.1466144992307611
-1.2765262839387037,1.125953277429391,0.19957083604736095,0.8145200497762098,0.31388851813045476,0.4670818703222766
-1.3842252939374238,-0.8910128971228166,0.3506617318602629,-0.24485037320198122,-0.340970296685324,-0.34379849535376716
-1.692409858735883,-0.24029735977779607,0.07367508959668297,-0.1673815959750436,-0.4031849911722463,-0.7437832215811071
-1.417330344516919,-0.2820284100131698,0.45349738068321754,-0.019397899432149673,0.46791150359494343,0.004979245328775962
1.6382839389510817,1.5615550721130924,0.980755964153005,0.5452970021803231,-0.1435692314799883,0.5447950406362584
-1.609252386260655,-0.5481900326207769,-0.08596527891675501,-0.4768927064520105,-0.4260689930076934,-0.2863164144236995
-1.5666613081852263,-0.08858155460388341,0.2787725548285081,-0.18919542408346235,-0.32710824028833896,-0.30088141712237665
-1.4031146294430068,-0.1978803681169842,-0.3675575657863205,-0.21987875572478593,-0.4730412340325283,-0.18646904739243264
-1.339484360401021,-0.005462162914872361,-0.9052603744537103,-0.07671236659878292,-0.5160569896971654,-0.08227281327784342
-1.6160241037853902,-0.9101067864881011,-0.5914853623895697,0.10052084398920103,0.3566340079831095,0.052178688482328886
6.2566911928304965,-0.06124546719557616,-0.7614339868579966,-0.1396270263476141,0.2702830741487719,-0.584642327997933
-1.790618347746907,-0.46972940426771287,-0.07766340028268076,-0.5121895436575122,-0.29237695297425287,-0.2541830088243681
-1.3201393943096893,-0.27204341124797604,-0.3559529736774371,-0.17649336818304168,-0.2572242755895546,-0.1540127252426427
-1.0779902833426704,0.5368907087440328,1.0919257700511704,-0.28186908438129255,0.5108673644902267,-0.548603381563514
-1.6005956718428804,-0.6614616535339028,0.42557437762119843,0.16264960582116006,0.4508403065817364,0.0695863501859555
4.647521173791526,0.49545688843447466,-0.04969245571604455,0.3731813870424547,2.244729554169563,0.2565401677429038
-1.7265079002234953,-0.1550250484695971,-0.2108745068599035,-0.14917746114420535,-0.6504143666390129,-0.236549190217763
-1.4166294269139477,-0.33108647808594044,0.0711850165041565,-0.8890238483582854,0.19699806122334093,-0.33201921022659386
-1.529845825542033,0.06152440310971806,0.15173940204750186,1.2298933213854721,0.5953988728844479,0.016955174222229964
-1.3761839959715074,-0.162362623895708,-0.652259117104454,-0.362215352082324,-0.5392550770492371,-0.19938452495243328
2.8504015875153956,0.9252543360956014,0.6587797488394694,0.0858705098721754,0.868920981760649,-0.10001883063610592
-1.6171872045729325,-0.06779306898704615,0.08184980207873944,-0.005189625202187922,-0.3451561464236653,-0.11034344309230552
-1.4247213047371,-0.3081753407158165,0.2266474043675553,-0.3463672998913146,-0.054531857907165485,0.07733563260534593
-1.3229153013975032,-0.048594328625260926,-0.35615963591712635,0.14104215048972946,0.3547884917293839,0.09399581114722086
-1.2967851100273096,0.35531884235344846,-0.0255601775556781,1.2403289530561652,0.10326661927294394,0.7510302088909301
2.4708807553692242,-0.30669756155710903,-0.14385509927758505,0.8850254056344153,0.2039164359937778,-0.04673943801540742
6.18131395345785,-0.5497549502333476,0.14738144608232068,-0.7536933167463414,-0.33168080341620276,-0.10005009425557633
-1.5434590039061253,-0.030926063033692733,-0.5650986505908068,0.11504309270696265,-0.47576610075480386,-0.2009347812642396
-1.3178246260507762,-0.09844494674505946,-0.3819007312694033,-0.41606060685936685,-0.4126126357904567,0.2547546250817729
1.0388771544381914,0.010859636531895369,1.0337182070871764,0.706923333667557,0.1447896041741261,0.041701717082728615
-1.4967794261643508,-0.2506723573416621,0.04514263161181911,-0.37835740399058665,-0.939883147949861,-0.33977558837490046
-1.4250680337352357,-1.0397910130278316,0.04005674627121957,-0.01273610594183778,0.1314985896790733,-0.008030764036667309
-1.6237048700293317,-0.16216930584390643,0.1130393529209235,-0.5190990371843808,-0.2980848697445863,-0.5616444405290475
-1.5217763202725156,0.7958966821664121,-1.0317076023373417,-0.17882714721610957,0.0152531869789925,0.4622209960264448
3.030620965783813,-0.958161954633624,0.8191427189580177,0.36968342969594076,-0.7487899321653316,-0.24533267282135923
-1.4801175337658756,0.040693548326939215,-0.8670368774382715,0.19929809776579063,0.573039607514913,-0.156032631618654
-1.4470374260476977,-1.6636526839495462,-0.09565189180456475,-0.34219090049852174,0.21703783794029352,-0.06709845325430748
2.411904058380556,0.8756448945299702,-0.7953116563158737,-0.0316206962111795,0.6692062554564128,0.3498381911519886
-1.260912558815105,0.7262701075773662,-0.008061337026202788,0.4625761790871117,0.049643612743639105,0.05702658903318481
-1.5572050813223661,-0.05225419760156321,0.2953776910737135,-0.2111624629063963,-0.20455693262609867,-0.2727377086306965
-0.34249823541807134,-0.7611756049589504,0.27820980812130014,-0.7797192169330152,-0.1483002089456112,-0.2410196399509148
-1.7514342361355912,0.011762946357098007,0.0901300251121283,0.17066737871270593,-0.1708417651412604,0.12192669134803943
-1.4300927807896424,-0.34054345475487463,-0.33435813637624706,-0.6125312720225693,0.19415186319476424,-0.04825952788572749
1.7506304801324424,-0.5715785564227333,0.5772558240455326,0.9014909407341849,-0.6235586149691521,-0.05155283058658748
-1.3832538904767535,-0.7479061162935942,0.5579647744252878,-0.2540972605169701,-0.1416171012224777,-0.1604473467421196
-1.061471384352745,0.6423329371111329,0.034258082186373495,2.2445549812948444,1.6736233039870112,0.5221802394018318
-1.6845240271501791,-0.34883671941375094,0.17458161821923449,-0.2723643162661346,-0.4469178495280307,-0.1072648575532189
-1.6298583198906373,-0.1258218780891448,0.10110385601502374,-0.4982924538989143,-0.7162531611245728,-0.4206779754371299
4.0782644345741765,-0.03315249430264879,-0.13317675971076853,-0.5746493529700131,-0.8183681127863695,0.08366972663467488
-1.3689292609308978,-0.0705862065929775,0.3197167278340846,-0.1326027438507775,-0.09759041774968677,-0.08826014284443705
-1.3640589232549112,-0.218100423527406,0.16440110988669351,-0.2554875873382337,-0.5217235291635439,-0.2591841005115453
-1.5559141204334026,-0.42314081106525847,-0.3526856308292781,-0.4123489916341839,-0.018648024879953207,-0.32210827195368197
-1.4279446860350005,-1.3433510518077354,-0.07392581457482808,-0.05414232448891664,-0.01883380111534916,-0.20417941455133115
1.3953609271582772,-0.4339568774338946,0.44403783504470834,-1.2572610305405596,0.6435587497141895,0.19744939532695105
-1.2636382353679896,-0.15283729816977296,-0.5944265714758684,-0.112303489819662,-0.6378987094645889,-0.11054805247863601
-1.5648013163586194,-0.31261666026021423,0.10084896805333586,-0.48517135636891795,0.08620510128647325,-0.4247405077476629
-0.09015014523479743,-0.2369218954165202,0.02318828839584792,-2.363805761451882,-0.19088945581808603,-0.5200604699433571
-1.1363566736945063,0.08374060825736877,0.948509087402762,-0.1318436675586572,-0.13933758972199053,-0.32281095261332515
-1.5872591552342905,0.29358029982566813,0.1024589147550247,-0.5824409263014181,-0.3276445299127102,-0.7313437499734909
9.37800606964353,-0.07630885142887169,0.07608534851660952,1.2441244985807254,-0.2993973452213317,0.008069160609415534
-1.4537070593667287,-0.6014837659922726,-0.19582861974629637,-0.441545554739556,0.33031997322748063,-0.3510208197603985
-1.5633546555944098,-0.05278175441846704,-0.5444054228806018,0.025169198721466786,0.0051883591579771375,0.22993387622593772
-1.5075907958467918,-0.20496597435013406,-0.2913657940799848,-0.27620915448042843,-0.456844168914337,-0.26920413930771847
7.197733777861436,1.2209401648010898,0.3489451919113865,0.32088503972636717,0.16298344749288188,0.402490089483613
-1.496860085943563,-0.4230628024165936,-0.09263401670170301,-0.3938993912743923,-0.42737666149541775,-0.507321370914593
2.8034889816909954,1.67138213172106,0.8872607166432959,0.4025833074552579,0.6625103164682541,0.4687705333872344
-1.4321284129789316,-0.615203763269086,0.3192755294250592,-0.028574237693411046,-0.43539330287701733,-0.6610338070545313
3.8564806034576042,0.6104621550504331,0.5235098092700798,-0.07285040353807498,1.1463419079606187,-0.03536519315355097
-1.7296422260090805,-0.47628999667310407,-0.48605558317053316,-0.34967486182551444,-0.17809959893765223,-0.2122740370945344
0.19541925157374923,-0.12990267423645752,0.059749834774835045,-1.7396253813750289,-0.1517914600245484,-0.4225421705272079
-1.2501012157962892,-0.8199174049070334,-0.629583029452917,-0.11756773424287724,0.21573442042633117,-0.17978187133233772
-1.5570247291701764,0.1722005560041655,-0.9563124050185827,0.03770674538128287,-0.687875270202819,0.015503326799039659
-1.72645127085196,-0.3325810254387498,-0.07249266310453985,-0.22427824355923331,-0.1499158684449845,-0.5864795860840452
-1.6314644357983372,-0.2974126810966149,-0.30293473105723595,-0.3411119431096476,-0.3869958999162348,-0.17187675569496302
-1.6141722134880463,-0.23712737360630953,0.12901388445034362,-0.140864841838873,-0.09731313205905844,-0.6566877377569634
-1.6192926741833629,0.015253747359054472,-0.08731448765921773,-0.6287428346313191,-0.15161337799318925,-0.2718982810318602
-1.3411826843118777,0.37711656819365297,0.23925504879480802,-0.4726315842901055,0.15964167632257711,-0.42395579403231615
-1.609252386260655,-0.5481900326207769,-0.08596527891675501,-0.4768927064520105,-0.4260689930076934,-0.2863164144236995
-1.725434058947044,-0.5234405685688397,0.0459661066521974,-0.23285856582067305,-0.5358584871167948,-0.13705612702572068
-1.6635871034587624,-1.3129136781390074,0.021529605511233747,0.020253080356246757,-0.34325985064685044,0.47438005317008614
-1.4282441910585462,-0.16940131046105794,0.21861617460912391,-0.25736731003376656,-0.5266392156676858,-0.01180418651492806
7.140074410901988,0.2818572705713692,0.4947215988799635,0.0004558437720770456,0.350325712028001,0.0632131676261534
-1.384954320426121,-0.16618300541112013,0.08461745542296771,-0.5108662610741586,-0.7544207012402346,-0.3976558461008474
-1.4880147354216766,-0.03054824510986422,-0.682728104229563,-0.4779531428902013,0.10076896492542212,-0.4858579713963772
-1.6663541740162386,-0.4424637179519725,0.12946487710627885,0.27189170892374187,-0.35455363307174176,-0.28790252101201996
-1.3585743837183417,-0.5403126410332915,-0.07435332319703136,-0.24604513889912877,-0.44976431529430944,-0.23149397038563121
7.049628858777641,-0.242734618037748,0.13962082436015166,-0.24195291708593364,-0.22426800167253144,-0.2449159576324984
-1.6547813906749522,-0.5330074936329537,-0.08143273644243319,-0.5091305364952684,-0.26284674511725037,-0.2064313029120618
13.935043703812982,0.08978189561304002,-0.10944173273594929,-0.1495890221892701,-0.009035660028570118,-0.024754093561077033
-1.0215696580573421,1.0120678468770847,-0.5703127249750541,2.4911678754186855,1.4883405862305281,0.7991978716598964
-1.3325575967398382,-0.02944818865730224,0.6093611191143993,0.08378164909535542,-0.317640045352681,-0.4743580892600042
8.245522191788217,0.508997977473251,0.8096230579012297,0.18599393045478002,0.25840950493947756,0.40436891122373314
-1.4698105015058618,-0.13146430752928603,0.3232279960160666,-0.013964922860162335,-0.15753968469656254,0.02186112755155286
-1.391420034439865,0.4862006775421643,0.6115084356879129,-0.38712614563274766,0.2134407128414999,-0.39172591452552746
2.4389599138771048,0.18656186874871447,1.1192860367860449,0.8546663303882294,-0.1343816111632137,0.09452380803434159
3.238807630729219,0.029915693301100638,0.5797923267763849,1.3935353822021879,0.8881381263900865,0.32506551684984625
-1.406492648277489,-0.2817248186663035,-0.6052447172324987,-0.4018087238031873,-0.31679582767351583,-0.19164213916160774
-1.181571811507093,0.7970753434724662,1.190642699507564,1.3960714272984875,0.9843783500186458,1.1789312696855097
-1.6559559539647164,-0.3940342018432614,0.023218815765453545,-0.3671403134403115,-0.4430470651114015,-0.12673384772434437
-1.5445311700532656,-0.809847363637547,-0.2678742707149194,-0.23248529469813017,-0.17407794684902508,-0.1781743741711939
1.877638458235743,-0.5024554753824834,-0.05531420467506376,-0.29585375319516316,-0.8038385373814537,-0.21820728089793412
-1.6575794081198674,0.4340546879523971,0.512579931015201,0.12253218714778757,-0.9376160798723275,-0.23527249411494858
-1.5724358389598385,0.0029090527663894763,0.24948083898763737,0.1696964052308112,-0.11063427103864205,0.09339605682301692
8.484356041968445,0.03777761466606735,-0.22428831899942417,0.8947849599757353,0.1252635790425794,0.039820663735070656
-1.5256397855749306,-0.3571079697976347,-0.33160281934817737,0.06597005136398999,-0.49141026694954143,-0.2665720995304742
-1.383555838916565,0.34515779964094284,0.3998960302752555,0.8830198397249118,-0.26625151629098875,0.8227543732008405
10.548106304635551,-0.08519000344785747,-0.2552923117572751,-0.035990325099496595,-0.04508489245289061,0.07185148820956867
-1.0264823383045019,0.15265010704733784,1.1714276509253077,0.10760556850863566,0.42049756901832,-0.003925752897647673
-1.325602366555394,-0.23877267533391977,-0.39101643874915687,-0.46495887040203354,0.27258523455360645,0.08315103289917848
-1.677074860904788,-0.46046416366849274,-0.08109838440174479,-0.5651712195506126,-0.16992616845970368,-0.24854091337194192
-1.4217783413373848,0.09509152874981397,-0.3970498032988042,0.11501057119132027,0.48384562755567656,-0.1290577181040319
1.8687883434033223,1.3072435246913645,-0.680783868308413,0.4207068124827054,-0.35368263814070555,0.010667680463602263
-1.6362791078019603,-0.05858493723849332,-0.04073627366651004,-0.1036469760327327,-0.2409582629699333,0.00914731934057519
-1.6051610529511806,-0.3084279742708702,-0.02598809188840222,-0.25297456243093386,-0.41627433520033924,-0.6007100764653385
-1.3971462284670737,-0.33071724328364005,0.3671673972492627,-0.3886250116421977,-0.334209270878949,-0.9177012316594919
-1.6668149149119162,-0.27337560409494643,-0.3744304391253097,0.06346382522790428,-1.129425434761169,0.12420292927199261
-1.3449749115177776,0.12266702114089563,-0.31354411762684875,0.35742086931383926,1.3874468690865136,0.27618856510303624
-1.154100604624096,1.9029687113426035,-0.1883480618659797,0.4702354927805981,0.4165466732432947,0.1586510031586236
-1.5020869364930194,0.618282974495595,0.5000087823472308,0.3331804722421868,0.45024579375537405,0.17304880612394535
-1.155223351063928,1.9112394168941917,-0.23900498568544287,1.1426230769138936,1.3764851139170233,0.6913016865942841
-1.1773129589198326,0.4445154441751826,-0.08952761828307042,1.1080744271016358,0.9745305709329829,0.04227780850046176
-1.586533106039683,0.3115958197026858,0.16958117386467972,0.2765311134850872,0.24582993230788566,0.3879465671956755
-1.4122008362059943,-0.19813966925999998,-0.1283058166991914,0.08390453665430452,-0.04231645644953586,0.39648994453014186
-1.3771276448587784,-0.22361488390333661,0.3921953461373043,-0.2902135073486919,0.44017189318599576,-0.3907989168428455
-1.4070006731962625,-0.16068802531875703,-0.8133063930906298,-0.2768472889878675,-0.4220913985583814,-0.15575887283305961
1.7286552234999468,-0.4499512203161628,0.3595444387441963,-0.6656482947898577,-0.038435494156232174,-0.2849252213414185
-1.5014124494310828,-0.18661309924847178,-0.981622995952671,-0.335598208912124,-0.22744920712200156,-0.005908986756764687
-1.1584241173784098,1.846063305925349,1.002318151796856,0.5346308507776099,0.11128285035198274,0.3085111684940335
-1.4382829734266551,-0.13464309397678842,-0.19973044287091796,0.6557290378213287,0.40533849077240364,-0.11555751037646968
-1.5681256324902804,0.370332106955715,0.12093845502531454,-0.5613449363148533,-0.30754778906349,-0.7740532757709359
-1.4141416087297354,-0.2484265149571218,-0.640459040855136,-0.5491712959427286,0.16972030611273858,-0.19396549721550277
-0.8088578768954163,0.857391187962642,-0.43371667764496824,1.103293033515618,2.220911016139357,0.7144673193925074
-1.3973908792463483,-0.36992520161514975,0.10954799403590688,-0.48853344294390194,-0.38614811697014684,-0.10940208479131512
-1.4231632865764243,0.8909223844870785,-0.5200035332567926,0.40842743279193405,0.5553806166937245,0.9146418526522377
-1.7610790605540725,-0.4227724863519945,-0.027410271217933605,-0.26513768843107377,-0.394825415558181,-0.4595028835421576
-1.2201386150188829,0.23586404206104997,-0.6801890084188513,0.006840836162565292,-0.1691605501825245,0.05063377520491713
-1.492632188068368,-0.30126580409787446,0.15262863684803826,-0.46380572396839315,-0.49346558385031697,-0.31807689197100425
-1.3509246988247134,-0.13623746838210238,-0.04385947892958358,-0.36125371674993373,-1.0398018996980989,-0.3786772006821003
-1.2779413846646894,0.015179248982145494,0.40171356503497324,-0.1840286219962577,-0.4608065671736787,-0.11076882326923863
-1.4917874155945527,0.17085789968968879,-0.5796722386945208,0.09159420281635718,-0.10054462534300797,-0.35015394365306574
-1.3128074247001649,-0.5211640629966806,-0.7676854300470658,0.4560315271178104,0.502579440591991,0.35653544362286566
-1.5487311594871236,-0.1012382600672725,-0.2986720298466861,0.10252699850248018,-0.6677835170604919,0.24909044236530362
-1.7216410597571814,-0.9075420794561256,-0.12706874215341835,-0.17773933373777762,0.17871102693470395,-0.16703747279800127
-1.5214066149690908,-0.41859656716258303,-0.5167448553712404,-0.0712459653006116,-0.0625671616205046,-0.23748053122691187
7.430029254749402,-0.024944080953560297,-0.21961587194121,-0.03580636358986131,-0.06194213052938105,0.038937186676780706
-1.6239860292341717,-0.036716503362061156,0.11346876295876199,0.25826738026424756,-0.6624637604029299,-0.09025919762227579
-1.7241537115241445,-0.24146425074671055,0.03859007653468679,-0.26873300648390247,-0.6981434198753969,-0.2577072809499489
10.310999091061658,-0.06754389029625889,0.09604030964246588,-0.02426255406290775,-0.04092456430743305,0.083951484690521
-1.1244344866739544,0.8775501013092804,-1.1284071093988022,0.9146689402562658,0.6483425018240048,0.16039174832462103
-1.6028482147016456,-0.3294416269418264,-0.3878549649999359,-0.5699157871571681,-0.3330574955043627,-0.20476838161093466
-1.293804060805517,-0.20237691673448316,-0.3938885752025288,-0.6692171539420834,-0.4631170279548951,-0.10339077260091667
-1.6203878465041983,-0.7939753952155334,0.0630431540473517,0.048381941151835924,0.3830010047212979,0.0722227536939104
4.412591144289003,0.3060875430785199,-0.615067097029103,-0.12822962399764806,1.1965961532573621,-0.10774933616258672
-0.09015014523479743,-0.2369218954165202,0.02318828839584792,-2.363805761451882,-0.19088945581808603,-0.5200604699433571
-1.4564821367805492,-0.08301000727414386,-0.7349292569233298,-0.2600683384057373,-0.6070692784145584,-0.1649640390474302
-1.6021191717723544,-0.3925094600770037,0.21277937438788427,-0.30610293294629204,-0.3503601303952614,-0.3031862891673645
4.964530594090654,-0.1817852455839842,0.2984514064838476,-0.7837305366412897,-1.4039970292978388,-0.11595438284938596
-1.7190011294486471,-0.26481813473568794,0.007325889480621184,-0.2292444853253954,-0.6722762091608445,-0.21560280950491958
-1.5576260980945347,-0.7476195540919467,0.042073947846925495,-0.2226349226559471,-0.006728352701450932,-0.16265326488460236
-1.7392289910230365,-0.41298440004517023,-0.05353998505407305,-0.4487547368956538,-0.19094787655518816,-0.31697810037171203
0.14785964841852653,-0.7312931686514141,-1.0104466320283374,-0.35905336494778683,-0.33860994463160066,-0.16188507651607534
-1.5058610949952216,-0.4002996943207782,-0.5433369236281764,-0.04541619199226119,-0.05511204407433949,-0.23140719515988403
4.977033321749029,0.6846999065891686,-0.36027950846587603,0.8023468842651336,0.1590220354677887,0.4881519639897732
0.6605433814602008,-0.42199568051059855,-0.10292759197678517,-2.0484712761311257,-0.225741051883149,-0.3561227545471627
-1.6350125395511097,-0.17120842837932843,0.09988846798676589,-0.5346571505777835,-0.3198185662596299,-0.5482834539740981
-1.560120071900777,0.17616265590815883,0.3784644827232433,0.7558058850842823,-0.1712101398883552,-0.2577913355386711
2.585229084652783,0.4337004680299545,0.6538320166537839,0.8166344209751849,-0.4813096518826772,0.4665785636423523
-1.4443919361633755,0.3199354808363443,0.7772424141233334,0.2560213116460045,0.039331911381337833,0.12966315878205803
-1.1325361537340586,0.09985674057430176,0.754080930243545,1.0915020559356663,1.0960014896691932,0.593111775863658
-1.536152191863848,-0.8426853451662452,-0.2627499767348751,-0.23590077139148743,-0.25053163456143523,-0.26334620655711216
-0.9722608271142471,2.1282547837084533,0.6574692522130714,0.7471486252531739,0.3183643469898378,0.13203213377503986
-1.0280221612923368,0.8602967881614079,0.6385597696336947,0.47319281836020216,0.6898884374313058,0.23159976382456077
1.860611803977905,1.3680175355202373,-0.7530056009228486,0.3983762829800244,-0.3666419941179003,-0.0027193274114253613
0.48415412286979936,-1.1030222861134027,-0.2242644867486402,-0.026968556263449756,-1.807718949857715,-0.42238211882066207
-1.6714691524427152,0.2055634920866995,0.603308719763767,0.07057580558409389,0.28919615352297123,-0.1693585337289383
-0.11059829480049951,-0.6416753724033627,0.07116986366477035,-1.6954842884535384,-0.09475130965244892,-0.405697371536619
2.8110444021720276,0.11249744185011694,-0.6332830150139772,0.5490345037799702,-0.496198106894052,0.4329564757235572
-1.551167337541029,-0.5490294485039464,-0.22999469722238822,-0.4014514535370281,-0.41707420304328086,-0.28567522430506725
-1.696001364911158,-0.48027021298092354,-0.16798391986654584,-0.2161875216376371,-0.5433295453821207,-0.09548991490951987
-1.5404703139602003,-0.3293622615435845,-0.37159033283286796,-0.32168311114537096,-0.3648771668102606,-0.4203741010247117
-1.671764171603651,-0.604918365672998,0.1261119255794602,0.03402534709405387,0.4474160734793977,0.09801427845424335
-1.4332617132831258,-0.47635545404506496,-0.2654958003607336,-0.6319280799842345,-0.34114616048036545,-0.17647317938887166
7.249665507440941,-0.3476067056294238,-0.014172176355787866,-0.1035489480960779,0.03950938420135227,-0.09315811182228484
-1.4950584582704864,-0.6219790328958655,-0.08281946186803223,-0.2575873711159454,-0.6308934445817325,-0.14107377499648327
-1.617387226293256,-0.5738557176406501,-0.23449094532118206,-0.44362360624632674,0.045258502837242,-0.3362249686818087
-1.7399657789932015,-0.2941689419645032,0.08995479160414048,-0.29597167136083635,-0.649654116353348,-0.24495596093640132
-1.0900495007738795,3.1024850090854983,0.4554324033526693,0.8325306033950425,1.384502999068225,0.6861875928596853
-1.0138282796254943,0.8896870105454034,1.464579776398429,1.7628392537882547,0.8822164584411336,1.306259947573174
-1.685077972274737,-0.22330665464638347,0.10075693172893396,-0.20159876655584716,-0.36089822641065916,-0.1237934823851604
-1.5335372632624555,-0.2085065279133727,-0.3025670783988144,-0.4470471817391727,-0.4719652024697051,-0.28584734737826084
-1.3671048876687775,-0.210904659125357,-0.1323781768466498,-0.24770104444767332,-0.2227402162466569,-0.2897731987483815
1.2545246804731787,-0.6780419994379369,0.16282199079902832,-0.6629024020440782,-0.2343237438120779,-0.16854025046711532
2.749243820409622,-0.20012348925825005,0.13618078835754852,0.6421135977068797,0.7044926803715255,0.012628201854609562
-1.5747969563181603,-0.46008887740057,-0.13471646430769574,-0.3128472618414017,-0.17740729389116322,-0.028955637445443924
-1.4791994859468631,0.38942002597007563,-0.9241288785241006,-0.2930142598255237,-0.0703545956446241,-0.6405611746110973
-0.9662207155939304,0.3746093461225286,1.0554609598179638,0.4800155174357114,0.6290283699764329,0.6405121214093029
-1.432962545502412,-0.6254747956382498,-0.01341405442796634,-0.3952385356462272,-0.5617555836846527,-0.21537588397243246
-1.3926026730443064,-0.15730760281483433,-0.8757729446119297,-0.5326471563267279,-0.007908801484217113,-0.306478618575093
6.677467504024793,-0.42623266367796,0.04457897261259616,-0.27128368797092084,0.12115130609715892,-0.3336431394537096
-1.154100604624096,1.9029687113426035,-0.1883480618659797,0.4702354927805981,0.4165466732432947,0.1586510031586236
-1.5194202809535364,0.05038152060490813,-0.21859132059832384,-0.06937259714675939,0.020101490458158153,-0.2096819306690232
-1.618283856745021,-0.7495204189111792,0.023426321891970893,-0.29837094961551774,-0.12195963730027427,-0.3867691437452029
-1.6837028919970434,-1.1239138046911772,-0.005492502331103732,-0.1721333689901418,-0.11271934200975083,-0.2001733098014677
-1.5622174482332485,-0.682237019168475,0.1302051339126198,-0.39192429758380926,-0.24343552829625195,-0.32869145459263005
-1.1423252308436356,-0.1199239465169147,0.3497972628403866,0.5211276788449066,0.44254760622697015,0.4808302977492872
-1.5159432216441726,0.11536853868922302,0.3052118275824042,0.08192327250917343,0.30539788543717583,0.037129204273595076
6.225874642621329,0.22921833293797375,-0.025111361604854887,0.07624103738046237,-0.08257997526227405,0.09476908613372502
-1.549324622112691,-0.5381639013344542,-0.7307386057334778,-0.38824628213543383,0.02024576439355109,-0.18038263152239312
2.1899190633156578,-0.5779092535523778,0.4315367829742044,-0.3209990653053114,-0.8084571468873979,-0.20295678117874277
-1.3352424801051408,0.03084018510542052,-0.3064689162689911,0.18526877663632962,0.20877855028407277,0.1015335661692525
6.525803558586057,0.4345917282796655,-0.38182544822263975,0.1287646116986928,0.05877903607252574,0.22658464584584745
-1.597686640910842,-0.7203483138996056,-0.05540746599131161,-0.02140669097166346,-0.02779172801572373,0.12728366990221446
-1.5788633325033135,-0.17491535601693842,0.13881366715064808,0.24785575192161163,-0.43997812330779995,0.23238125319734804
-1.5587949732028843,-0.08820810818130545,-0.2391943391337257,-0.07207943399129016,-0.10534955860698925,-0.3623971592933734
-1.7223083784619773,-0.3368849039154921,0.09399555305743537,-0.26885833975271645,-0.1792438932848886,-0.5748188253825102
-1.6355072172379999,-0.429742263495567,0.04729828220165587,-0.43430552261687694,-0.45193129100227897,-0.1707650327970198
13.017603632914698,-0.32204215231503525,0.024183524847649206,-0.07378210307508012,-0.0070089378616510845,-0.14842361195300152
-1.4334461659071833,-0.16554282018482552,-0.236696590309677,-0.6437027434708644,-0.628310334194345,-0.3023519347264615
-1.4639358609486683,-0.21353048023055826,-0.8953209034222621,-0.40448704882226344,-0.23922004826712234,-0.1742714424708818
4.6330195683592414,0.49651465535329425,-0.03140666851262989,0.37143405221532305,2.250422091441566,0.25836099261986567
-1.51176705682279,-0.318678184979753,-0.5829790431885121,-0.5224837443109488,-0.31835047823776114,-0.150334139139767
-1.598860960616604,0.010663067816213366,-0.6112438141483725,-0.09662747852053585,-0.6245021037413092,-0.21049320320663198
-1.2580081317027412,0.3250345945418367,0.24337576885450465,1.6660240894986147,0.35585179057889194,0.9699681809036286
8.967164754912284,0.3938143812687002,-0.019027476305274862,0.028600038976225133,-0.05939489961561589,0.2022579718350701
-1.6689109246638498,-0.31006490463913855,-0.07999153844127732,0.06041636410034256,-0.6948068216335704,-0.3605413222460668
-1.254941712281844,0.011170775144983542,-0.7222907047122029,0.12911925884710104,0.42989564325945445,0.0670206138350259
0.901633328105821,-0.3343585530437026,0.008399063440324189,-1.5848467361389142,-0.16494951747714423,-0.170701538697786
-1.6651643584087683,-0.010484465427294304,0.19187585510353666,0.042310683817924376,-0.3508145758056536,-0.03988695035681109
-1.3150029540616484,-0.015874783143317233,0.45940232763146305,-0.21331211001080427,-0.1805515821713949,0.3392835200468734
-1.4969428490955534,-0.19468977483318478,0.4402132373464214,0.11475130622475,0.2598785854353092,-0.11277934104062246
-1.5827572904078986,-0.5471345243719006,-0.34736997205368403,-0.3697600587118328,-0.3043241662988089,-0.28304635230860964
-1.6058115255160326,-1.1701488709470904,0.21628462075855956,-0.3377900866017686,-0.0013314029337963067,-0.25648964054338913
-1.3796149564963824,-0.2512401347224717,-0.1044053965093734,-0.5107105206605138,-0.9099670862821793,-0.235017920731354
7.314936879336762,0.08507465766650102,0.24406414345109126,-0.19189299065094564,0.0035989673983254397,-0.04114728851271114
0.07233992566969488,0.09733113981894434,0.49058831010801485,-1.388552078912554,0.0831898682766494,-0.319380452234202
-1.0053064625501495,0.7277927903782226,0.8516122504473381,0.3822600486857713,2.4349002006161053,0.3485032010936761
-1.5181435594920922,0.263751524045824,-0.7992121414146715,-0.23634802705064503,0.1717287857074731,-0.014269126234763032
-1.6075033895337427,0.035233004505496476,0.4070508670273425,0.19432968657527167,0.30084879872225984,0.057704782639289354
-0.9546195528025622,1.8574240436686362,-0.1360263670219982,0.2681658732648957,0.8335475014273931,1.227055035369495
-1.2878093086934022,-0.1332426194664601,0.7492483683850063,-0.30458760441582644,0.4824192798488271,-0.7921882641599575
-1.6509286386430404,-0.2716409755607576,0.120260434971984,-0.14210848555303304,-0.2655377278912223,-0.48269888895196655
6.632484092418059,-0.3062896674726563,0.024866635253671856,-0.11071916394623228,-0.08966571167618158,-0.009984483707632746
-1.3411171911021251,-0.11010989973789298,0.26742713931312,-0.6202874814701499,-0.9229925068997783,-0.11505145781939957
-1.338580456943032,-0.9766137646803696,-0.5269759168333228,-0.040146622792615244,0.825765403463922,-0.1693922622608988
-1.0035727875143559,1.57404529798044,1.0095976734020609,2.1055735634398016,1.370687035612265,0.5596041364017817
-1.2056568498595823,1.164209944471862,0.3008434703962431,0.3499745501456255,0.6042220371021085,0.4252828438056303
-1.7069133761053406,-0.7452336379001075,-0.48118697250616016,-0.09755484026196036,-0.0013666983476442068,-0.18304364385380734
-1.4665739827123558,-0.2789634218022861,-0.19004710783482023,-0.4355337174798501,-0.6475619507568104,-0.1755869945612004
-1.489084259581559,-0.9103817743677755,-0.1578105997368399,-0.45687782988500225,0.1669256487957749,-0.23332706260214622
-1.165789571996992,0.4357223993180092,0.26469337160393525,0.27404538174159604,0.15264795062024605,0.15442146029326914
-0.7500767941883785,0.9253983269177606,-0.260029471479977,1.1947681542008175,2.0992380072132737,0.7675235403924606
5.177467772695942,-0.28416464797349456,-0.08220152958007616,-0.9596707587646179,-1.4852908690449125,-0.10895419475723275
-1.463337011459433,-0.3424981874001304,-0.14217470234910426,-0.6619158266000605,-0.648669645244717,0.02758399850609139
6.4728101762501495,0.11491929057738347,-0.6621286883168612,0.18699153058420112,-0.047131002437903316,0.004976140952010886
-0.883768476066007,2.1890623156873263,0.6337130609708382,0.778542692155013,0.34755949669533936,0.16022742327714345
-1.2299217299800642,0.9536264186266697,0.7037823045326553,1.5807613837158692,1.1753534730799704,0.5008448316201416
-1.4720077782964491,0.7601400217141876,0.7757068732949265,0.4121221948139167,0.5694096907864755,0.2325180073590838
-1.7058305412328594,-0.32898979621805674,0.09466171448298252,-0.2207338676688761,-0.15855716598587777,-0.5577443887785339
-1.7552743241139852,-0.9779943276592425,-0.07894597534187818,-0.26356819021646677,0.012644228068754152,-0.151667497028921
-1.57956027686602,-0.5767114515476925,-0.7628736441067141,-0.43394097111378294,0.1506233366025671,-0.19931607886406089
-1.7081579933127464,-0.5976878924258044,0.20427981093566874,-0.43821931172382866,-0.6618204940228489,-0.07437676068031361
-1.3134107549180578,-0.6852921867801572,0.41257627697427113,-0.5041370559211701,0.4470164427524066,-0.738843286226766
-1.1773036149390708,1.128911345363686,0.9246171501309126,0.6323930504793498,0.7071131748700136,0.5314604453426369
-1.0400223946962752,3.064927222038291,0.9908570752872241,0.8411131903163109,1.0735941340222697,0.8686062749171116
-1.2818488517357436,1.0795868583693473,0.10604427427842082,1.1208492842759388,1.3422682893349127,0.6543306330989117
-1.652148038942256,-0.12440663451123585,-0.21545982081653414,-0.32763147489170574,-0.7016060260560624,-0.26646588787234426
6.5741899832583375,1.164534426419688,0.20649908142267434,0.20816896775440613,0.1148611369759404,0.38400007048877594
-1.3930548442663644,1.7870265817160444,1.0067519848098578,0.19960768685918387,-0.4190310127346214,0.36421175854870325
-1.5682764856896076,-0.4781665440155977,0.0013270142266519338,-0.6085603303951351,-0.0890219274317078,-0.5156133170856259
-1.4261259693397907,0.16146989455999441,0.1865463132803055,0.7791419196634353,0.5966457372988787,0.022172621049375573
-1.391257662279536,-0.35494600279388233,0.0698975220228548,-0.3333574633373162,0.5632463456106841,-0.2611014532902246
-1.3761839959715074,-0.162362623895708,-0.652259117104454,-0.362215352082324,-0.5392550770492371,-0.19938452495243328
-1.7301182025985395,-0.19426883147536148,0.09918118958063085,-0.4413101719228543,-0.7366741241747585,-0.25721263119934107
2.515147830825356,0.19181848182808206,1.1290772795857706,0.8426792201411764,-0.08021514364681824,0.09646452058609548
-1.443656059566147,-0.4129541349948621,-0.5244491762555961,-0.5273058626344851,-0.3436647334725168,-0.1567379640915439
-1.7444526869658805,-0.5163410654519314,-0.2743808784798211,-0.6787673027993176,0.0584987179890969,-0.15561586812973127
-1.674718942096693,-1.1858543846294416,0.2724795540137333,0.26412341190300653,-0.3010256271841748,0.14137452370456075
-1.5900898494524838,-0.09790239689608875,-0.05240067679440229,-0.0030175649074831983,0.14386217895473627,-0.06665103064212521
-1.5258571787519701,1.2029021719639863,0.46426867883261574,0.06419483965941465,-0.7837992204119985,0.2646134299442633
0.5509152839063586,-0.4823428699335108,-0.5044125145079492,-1.1096608837175437,-0.23310768413474608,-0.27979392557764476
-1.823272793869374,-0.6148837949357898,-0.07079452484358516,-0.4689293335401796,-0.02995911187150396,-0.3972458694131088
-1.4020429281954079,-0.26675385728906564,0.2622534192063627,-0.27942839520063406,0.011395280480830465,0.1273221623192277
-1.5968841359264385,-0.5904982504035792,-0.41568361050462527,-0.11914248985177409,-0.2724183103793952,-0.17312957822893957
-1.5902673077249785,-0.06961948142282479,-0.6461123272449389,-0.08939000390136859,-0.23895947428274963,-0.03779190787061168
2.04512781278619,-0.04174565596777959,-0.9621586140616746,0.31925036019487313,0.8846636812587962,0.005887825896062998
-1.5972993077862954,0.13290280560432663,0.03570375327871961,-0.4930166631249575,-0.5035692595958343,-0.1285010008432792
-1.500538953741079,-0.25439709911549896,-0.02321342604117027,-0.674719936798882,0.1778283859418527,-0.099531871525652
-1.5267610353349526,-0.5342259898911482,-0.04831384204999903,-0.2618952357515985,0.06503302188018875,-0.11418825371778223
-1.6096455375892063,-0.0285254889607028,-0.6450264826230184,-0.24560682566456418,-0.06462553677415007,-0.23528488469773423
-1.242773334219142,2.0042822356982546,0.7381305701940915,0.4029710339967378,0.9750899713147434,0.6705458620408355
-1.452804482960983,-0.47766419469850685,-0.4170761739845149,-0.5764567389936195,-0.05392979823861101,-0.042925544970778204
-1.4433431235448286,0.27129852636688606,-0.9593278279330445,-0.18347313870884024,0.1900612578557812,-0.019293222861867805
-0.7899866912029764,0.7082316525232394,0.8436125694463571,1.1089818400795215,1.2736040251991367,0.6047340780779764
2.954141781871881,1.4408094749263487,0.3306687414303398,0.8608293594851771,0.8814302141307362,0.6007829606245082
0.7581729588868181,-0.33215524042470457,0.2176406511857315,-0.6068414367643865,0.176711049715834,-0.21574801475964275
-1.2859876708405549,1.4751599416918,1.17025716705381,0.28068911823067316,1.014081781161553,0.47954148686385417
-1.7376245757360675,-0.5490915175058751,-0.2129162869778857,-0.6932460633763026,-0.028767184927997097,-0.15456046277713778
7.151787995515905,0.26747705452162207,0.10803405850883517,0.23502407047350407,0.07817533896554335,0.0025158847892374297
-1.0948695863337918,0.3969512339254536,-0.2201000566683248,0.42155427657510297,0.6756272007338083,0.7542008348073016
-1.4620405915077213,1.256565795825485,0.5721457901936642,0.08797390235887645,-1.0477407845861841,0.05076531557381519
-1.4841785541281034,0.1337403099171447,0.44282086107556584,-0.17672634899476183,-0.03589153555073814,-0.07008357902687881
-1.0348988773792853,0.7175706821010723,-0.021214457301630487,2.2575917658811084,1.7761651648791879,0.528749000382172
7.11198992426061,0.22604211487674417,0.4199014433180897,0.2566054998096476,0.07756395972845347,0.016947085375298848
-1.227868704075516,-0.015169621599868167,-0.9302200370035391,0.0024036845283771776,-0.38589640775776124,-0.02582094884219847
3.327491609123558,1.439216090203414,0.6565868405513108,0.450464251508815,0.7157430109647192,0.3529608615700118
-1.626735344681592,-0.5604713758498483,-0.1476564153777294,-0.4428981662576168,-0.11174910541457711,-0.38625610680962713
-1.2849000799466415,-0.4608281629448853,-0.8455350014409079,0.4635561911791911,0.5431986973328832,0.36857417714255547
-1.595803213442233,-0.47279339282263244,-0.17643040557378095,0.020657536685765168,-0.5144930082845598,-0.16628834955080085
-1.3317465559548938,0.16389245498082236,0.1840168430414028,1.1104485582958545,0.7591145793286217,0.007994476262372827
6.136476518776352,0.5673592519928221,0.6400743172828595,0.5761917487405239,-0.213210536191943,0.43652759984091644
-1.3384796876349643,0.12110653471661367,-0.39560225220403916,0.3020343488545286,1.5255042228087836,0.2351599142895109
0.3004454862936893,-0.08526461528495678,0.8188186341598588,-1.238382145874894,0.14459782765515003,-0.12325986354122266
1.8824824072060704,-1.239532813868013,-1.012249106409193,-0.032686160550828285,-0.9810952131215546,-0.20976298223251091
-1.6884441326241195,0.24827934143236752,0.05392727179451893,0.12824194464646,-1.0569269699220334,-0.3820278419405841
-1.113346020090086,0.6935290859460783,1.3495418299007758,0.008740584757634087,1.5052801550514332,-0.3444374948040431
-1.5201979679092643,-0.35368825376846363,0.17588726244795927,0.07751242920093525,0.39531030983737225,-0.08087396558064824
-1.574700710581531,-0.0299607163147254,-0.679663959722954,0.3446775813400097,-0.2420035320433357,0.17855792830577896
1.8382473843167129,0.32590778813071763,0.9638237096895155,0.5500584025008384,-0.27252820942197437,0.04544598726612442
-1.6457760942769095,0.30286739032683146,0.27998524836269206,0.22069702968464303,-0.4523033475348217,-0.1134067722297706
-1.6614115176986552,-0.48936319076654083,0.08727076777742189,-0.4482764266316358,-0.5889717497223997,-0.1310845526320435
-1.0588887998930085,0.20692995962572208,0.43784137686641006,2.085298079756961,1.0759868130476047,1.6116762042828137
9.87597130666662,0.025791800906950255,-0.0995380406990976,0.2676230794690146,-0.1294808992141203,0.02279674832435056
-1.2030209041523268,0.36339351622449345,-0.7111679413705317,0.6404746429279135,0.2862378292171508,0.34917718927567865
-1.5352837899819904,-0.520418867631774,-0.3167992036132813,-0.18189159453520873,-0.16847388263317442,-0.1420166233371781
7.276499305506885,-0.3580189256180591,0.8183305886747304,-0.09208408509619427,0.32641162467984114,0.22889549609171828
-1.4356179663425306,-1.391144565182644,-0.18839267860999964,-0.21065442046194807,0.3309640105807546,0.011539653982747528
-1.5214759618968536,-0.4627718055985524,-0.45780409094833135,-0.328063711037585,-0.33387561408688593,-0.30136796049740266
-1.4670807912151154,0.12756183086115458,0.21763187433623418,0.07875412838325119,0.32407815170532084,0.08158976236064604
0.11247399669914915,-0.27322200487181475,-0.08101863478560523,-2.3642198166049977,-0.1851235240941161,-0.5512055627224405
-1.6519260816984225,-0.8758852218655541,0.2858635637993765,0.08467989151037614,-0.1035438041118829,-0.3306064630617071
3.845011392798553,0.23447366199905403,0.09979717532694837,-0.2966961746277062,-0.6590130070608385,0.15737260343666298
-0.9245655752554263,0.9532494255420769,1.6152480144372763,0.3838812006579827,1.1167608527463089,0.0627300854573461
-1.3477780798026862,-0.5338923736947949,-0.5408308699381159,-0.6096796650411411,0.025851952178908247,-0.2239442519751606
0.5995282025814347,-0.31311413225842827,-0.07203273015888773,-1.2006144239899852,0.04524734268465334,-0.17662309560543998
6.08957243075829,-0.41188047161611413,-0.49784854031078396,-0.6644121723820557,-0.34212947928752385,-0.050458316544837775
-1.1944208307373179,-0.44538811354863134,0.10064651432828345,-0.4159601318604747,-0.6563798542691708,-0.34131667604363247
2.361599496722897,0.24857684230683494,0.9890323464735044,0.8231872060259006,-0.1403596862690154,0.121094201769016
-0.8088578768954163,0.857391187962642,-0.43371667764496824,1.103293033515618,2.220911016139357,0.7144673193925074
-1.5914656657206716,-0.4307954649980661,-0.443525257129957,-0.4157361445856749,-0.36119649041350693,-0.17656849913570136
-1.5978189301158694,-0.5455133340758413,-0.25918495372643513,-0.4057401158067599,-0.3246967550198891,-0.30143827540793394
-1.6286270023312894,0.20231289885889822,0.1534792499499823,-1.0212300778578554,-0.3512691442464201,-0.3910397375017359
-1.4101117863046129,0.10194724641391562,-0.35216922558897557,0.21892201149611087,0.11563649045100999,-0.18866384503266767
-1.5379865001076005,-0.44067804713629605,-0.5471569387910346,-0.2776406352032768,0.0569759465320618,-0.270102244606997
-1.5521480363448148,-0.7641332154880054,0.004121364841122972,-0.23591011739961557,-0.032538217738071494,-0.18106861009330405
2.134548792379646,-0.10028447893524554,-0.9478498423048266,0.4239952538554693,0.8503110139295778,-0.005870091443589445
-1.1129145913374967,2.8531769944591754,1.0981898420748673,0.4677514791682032,1.1770283535794235,0.27686945777536964
-1.11621266372544,0.456871567528876,1.3775465404638603,0.7350748922450416,0.25301274105464333,0.29148968979886297
-1.4255191686341204,-0.2822313243927974,0.3577663811283957,-0.0627902900699492,0.3682473850075783,0.03487357203283349
-1.1899669188586353,0.48223321549552994,0.7050920942790261,0.6654830572444721,0.5014944007115514,0.03661309364481249
-1.2660009864736692,-0.07519021778073946,0.4664490922368704,0.03817204413123897,-0.038213757393073304,0.08034279243875125
-1.650041013187336,0.19877225144369892,0.03513501719534639,-0.6041565046777391,-0.5185035031719166,-0.547046928292142
-1.5508729069912428,0.02467146454558775,0.3711670047335837,0.12587441217214917,0.29403035574351877,0.025405698440817265
-1.319548476136522,-0.048403595167134765,-0.6903638716742021,-0.04839517497304229,-0.26717185659963294,-0.15560149174029378
2.6688306091590475,-0.09833636808569371,-0.3405628988874889,1.1751669119018948,0.7702484827625982,0.1779768426433006
-1.6183716278544087,-0.9249892579683838,0.010208361909311623,-0.19882075097427562,-0.11097964226093045,-0.5224517827270104
-1.4532046476359937,-0.07647804385069307,-0.8144956465839784,-0.23839056066458814,-0.5611426111464267,-0.13766044663185584
-0.8445518076930879,0.6963213645606994,1.0488898624153296,1.1431670498638382,1.2654198066945335,0.6272453876722252
-1.4536650969543095,-0.16651486027331774,-0.20232141689477753,-0.46938875753146003,-0.624665647757988,-0.3382305251551717
-1.5450383030609949,-0.16306975105433016,-0.18061567861240363,-0.26553999374459636,-0.3887135954975238,-0.5870343609455225
-1.4827413857298477,-0.2409676001767042,-0.09066195065787709,-0.3105173645422665,-0.6679639671805159,-0.26627563697247
-1.4124932845186522,-0.6674929270166375,-0.3468502995807786,-0.25919837112602556,0.148645393885395,-0.21873686168552675
-1.5798745460704946,-0.28938284084581617,0.1344419277117076,-0.7470361161546091,0.1884474796298606,-0.10060950600606329
-1.4258051475341613,-0.4094517097465369,-0.4389189584504387,-0.46329472845205266,-0.07210137579533898,-0.13866668573788204
-1.029466616729248,0.9586534855454726,1.227941970470169,0.6320533112840994,1.1944709118364965,-0.2161812541470266
1.1635061555466373,-0.34567239893310847,0.35856006492839465,-1.3556178145732212,0.38578415103248637,0.07915279524659327
-1.376685773439651,-0.35362160253564334,0.12814965163211692,-0.4462527158874471,-0.5321751750315293,-0.3190746706590714
7.064154758493393,-0.42087270220659595,0.057517558088670484,-0.21255666042229057,-0.05734545143297128,-0.2830859312885963
3.273913830817442,0.03358766996963866,0.6070595529452264,1.3908015978735069,0.8279136547205811,0.3219783699224347
-1.3235381812200782,0.7167311127826372,0.15737155250034407,1.3532343032605223,1.0016177184976842,0.3374867214040739
-1.6138465929097843,0.7029180343017659,0.6096201050756953,0.08484078432063466,-1.0030838608076327,-0.36284596284394005
-1.2805957356554414,-0.08938902415307333,-0.24889328818094028,-0.31856229995751717,-1.0357131857234616,-0.08832164825765919
-1.1674884694693386,-0.32619871823284324,0.5510967625916413,-0.1901529384734577,-0.02344573466373613,-0.1274573511250383
-0.22176553151824482,-0.3813283689959246,0.03725508821365115,-1.620009279140729,-0.2900018761851148,-0.3040408271082157
1.878487374997347,-0.3437169605238458,-1.4454977324619516,0.1388205029216825,0.7401213006340104,0.3408309284620717
0.5460699941181896,-1.0892397367316335,-0.2854733328095264,-0.01635290083757238,-1.7403722257930403,-0.39240999795342524
-1.7045541961634383,0.25444098531351855,0.18417992944978065,0.122740445294413,-1.0883456763833743,-0.3833123046800701
-1.6500575332154268,-0.9081233180096148,-0.6641946331490568,0.028328089051883856,0.041451039124086674,-0.0018316322891449555
-1.3009806946613445,0.2771985426651058,-0.17558377594413055,1.4029960015763019,0.2794560740815919,0.7979945481804555
-1.4762167671586355,-0.18838370681351696,0.5464456445831235,-0.32528278471880756,0.4780288214300216,-0.08535978770979202
-1.45492781337079,-0.15799958472468395,-0.09338363553622453,-0.2247945519062093,-0.12592135553528813,0.017925452356856903
-1.2313292430343963,0.13650857367044894,-0.28921473836606737,-0.05792385001069209,0.47147276099321617,0.14915639996067934
-1.670954427592561,-1.1023815468302287,0.009011334318304103,-0.16798381838347834,-0.10575873656115962,-0.19999177402627885
-1.3352979155288593,-0.2834956884318298,-0.3555127492874004,-0.4670722821869489,-0.5306917419562561,-0.24259825302735122
14.080308266475452,0.08714756477990368,-0.10767760395913704,-0.14368159377162112,-0.022019868448565114,-0.01508228253321592
-1.121300463082067,0.8445982474374191,0.13172199111314087,0.7545600408936329,0.7327700915600888,0.7195055228174266
-1.6195818253199668,-0.3003356286775216,-0.20388646841967584,-0.4458714705553279,-0.5042448903968275,-0.23350614484445037
-1.3261218135629858,0.34449914648355306,-0.19702299329919623,1.4443018970266877,0.6319387339041554,0.2448103498606186
1.0384149018241309,-0.7046255413355076,0.6799478153059512,0.02719314659042441,-0.39194483912311356,-0.20635619667665747
4.0782644345741765,-0.03315249430264879,-0.13317675971076853,-0.5746493529700131,-0.8183681127863695,0.08366972663467488
-1.2714356606711783,0.028789453272771263,0.3037654931456802,-0.17272216556819805,-0.19884827417737233,-0.11820028577959751
-1.547483607124306,-0.28199325142037923,-0.21785459988321024,-0.4330408275598426,-0.2556398570865853,-0.3675813064069119
1.366785999100873,-0.34938149015003545,0.2869016477093861,-1.425286805898505,0.2923910150463823,0.08836382854600326
0.901633328105821,-0.3343585530437026,0.008399063440324189,-1.5848467361389142,-0.16494951747714423,-0.170701538697786
-1.3248301778880145,-0.27250327477940595,-0.19500047409367458,-0.43782626083542875,-0.3710537251384539,-0.2627556032486851
6.561421107374092,0.006594101452093108,-0.5462562828137636,-0.17696353639629192,0.1754449062527157,-0.12325333732759977
-1.425817562882171,-0.3210060745919231,0.12917787322165436,-0.23013196725997398,-0.3326831977608154,-0.3709020728562947
1.0030983033896141,-0.2987969877084742,0.13184223835363926,-1.4388815265878645,-0.13402793406499733,-0.11995628518366383
-1.5643368138572675,0.11364159989278222,0.43827944691968895,-0.0034361122375142624,-0.5683092951064002,0.003706311823210935
3.3412333174960263,0.2761321723315976,-0.9336992982803272,1.3358867743135567,0.7662184831805396,0.7530394514184794
-1.619454956024046,-0.15699819502481302,-0.01793494139897728,-0.155196430133836,-0.38191164939316746,-0.6874162675255534
-1.718349878978111,-0.4212778742590924,-0.5467746616082046,-0.3665418014597312,-0.133055964613689,-0.23146691733503047
-1.4067087429411955,-0.22748115167160007,0.3012697273345286,-0.18391908354958672,-0.7710168673034098,-0.8535871459547351
5.269442339437126,0.4218531746660183,0.6785398051019504,0.38205666317279724,2.050420456517903,0.31003367868926607
-1.4079570816060123,-0.27687829629884936,-0.21991341871931425,-0.3959863719180959,-0.6545910852293723,-0.3535337364251244
-1.5691086981374123,-0.6055977150801253,0.26390199541133147,-0.1724241110903305,0.09569259236404086,0.0009811783167526448
-1.514252075508819,-0.28607955670421154,-0.15318950220473723,0.040020110441107995,0.2203212020610753,0.09540888214378536
-0.9654127707989969,0.7157766124847286,0.5584423887934278,0.3171621517229061,2.385670388793222,0.3495595295333615
-1.586533106039683,0.3115958197026858,0.16958117386467972,0.2765311134850872,0.24582993230788566,0.3879465671956755
-1.7378350779911012,-1.4898005805685384,0.15016564928157217,0.2047701194949882,-0.43212228131083463,0.1351171652244722
-1.683437120532517,-0.5587025394252612,-0.20162234675863142,-0.44248695140432387,-0.10492624501281234,-0.2842261512567579
-1.2842051306560276,0.8310934722541476,0.5135499507448851,1.5129139066267423,1.1231423672157674,0.4276250869745626
-1.1749865348215915,0.548278407343988,0.0811616194868271,0.19799352126018008,-0.03755756849431641,-0.04086065594490523
3.871750402142961,1.2215798577838506,-0.1929572301984152,1.2824324547954455,0.9436268673558947,0.5980284617451934
0.5655772871014527,-0.3070090392813384,-0.14449213612879408,-1.4476389948578632,0.16831561316875038,-0.029994364359105883
-1.4581549675259082,0.5023510364366912,0.3113865300741274,0.3020860527190524,0.7115238732743067,0.4526528345969176
-1.2179944010938428,0.733268917203914,-1.0463356764503686,0.0577789913291535,1.099807759013329,0.16871147346227222
5.177467772695942,-0.28416464797349456,-0.08220152958007616,-0.9596707587646179,-1.4852908690449125,-0.10895419475723275
-0.9546195528025622,1.8574240436686362,-0.1360263670219982,0.2681658732648957,0.8335475014273931,1.227055035369495
-1.3957503068390045,-0.8231127967928211,0.18879231444962366,0.04680958014550109,0.14788656901670635,0.0007385742007283395
-1.0686333703076285,0.7899368750420241,0.0032981774609057743,0.7597065594181842,0.7384326229586233,0.7251084109963793
-1.6291342059613367,-0.7035188771584023,0.35968216791182106,0.09889428393142684,-0.14898010999456582,-0.05096155098706173
-1.6091516946423117,-0.3258746687037811,-0.14713070136825798,-0.2267982007403061,-0.359944271734825,-0.10359386543126176
6.15936324934815,0.5835749118531239,-0.23534773840927128,-0.04558316611062193,0.11738393652875727,0.1705059302930663
6.5917721281613195,0.11186490704607463,0.37272598344009744,-0.31581595397583495,-0.05758291847085867,-0.07479644713672615
2.0080246908314514,0.23994013470439587,-0.5396246726237381,-0.10706300615155097,0.3922052793301371,-0.16874593436927354
-1.4750213470784166,-0.31467529428690366,-0.41832830247335184,-0.44233935893542864,0.12473152190127289,-0.4116117808699896
-1.6319216148135085,-0.793053699034913,0.07372967119581739,-0.35175375323644004,-0.1698964352637295,-0.3971924109111164
-1.516495159922009,-0.5339923393416331,-0.012149037568308502,-0.36645998250546974,-0.38883600744594765,-0.15913361733955786
-1.4927901551865537,-0.34313692330595613,-0.5130184871035469,-0.40563151527506297,-0.018467612013316946,-0.14667631807320658
-1.2160548871360422,0.8422335266561485,1.4111015657514563,1.4321190150175926,1.0264543317227388,1.2342169975449613
-1.6158681723836639,-0.76161485981826,-0.06910335391557085,-0.34058260343292124,0.031818838664124556,-0.08360785007495453
6.46119766378519,-0.06226914195293608,-0.43848711351695946,-0.08623244479991742,0.28898521677024736,-0.5452803890088513
-1.5955070620268363,-1.1548704901142737,0.22818315261078007,-0.3427906495117191,0.015613563684198787,-0.2587650511965239
-1.299030801125012,1.4022367482362879,1.0280010692203192,0.2848502662890952,0.9779940307029109,0.4268507011434134
-1.3832538904767535,-0.7479061162935942,0.5579647744252878,-0.2540972605169701,-0.1416171012224777,-0.1604473467421196
-1.5683316267941887,-0.10277410520861076,0.16565293665907385,0.6649555768927602,0.1476571216527243,-0.33524043032609346
-1.2050548937451149,2.443261719822462,0.6299888899671864,0.4804444863018405,1.146398986389379,0.551889268220451
2.220939336565307,0.2054522369361047,0.7347298289349979,1.250761845576075,-0.09149428989537345,0.21694244755706033
-1.1637908246514446,1.382871997175758,0.21595080984446702,0.6086708963369155,2.030547921008011,0.7220081913622174
-1.5378417051923425,-0.1688926572121175,0.016431288644385533,-0.7809036197544651,-0.4338177954200175,-0.23246750128284177
-1.4010901024237477,0.5198286390711391,-0.6359913326938084,0.369338757936581,0.6164993982066418,-0.10682931009476151
2.9509156715274942,1.7054328521012965,1.201232118517506,0.47079095906660484,0.740227770417224,0.4774288721592642
-0.7346547518904779,2.7484624578943264,0.7880679303230244,0.41327288432914,0.6957833587065606,2.010780410018126
-1.5641798918052223,-0.23707170369620983,-0.09223222099116984,-0.3221611777857901,0.2538150947108187,-0.08622084926386223
-1.6618682863462881,-1.0841023916960302,0.13007384841822328,-0.21980908621054765,-0.1418745811520233,-0.24770948809378424
3.455935300553728,-0.1368038407370334,0.5423591315020125,-1.3792931489278613,-0.9323846366944826,-0.3233839014606131
-1.4629857832817266,0.13214314275017183,0.45300036112794534,0.5710304416958039,0.8742958148498047,0.3964777413342095
-1.6727881773250535,-1.0712236157220871,0.01033850766181525,-0.028990046607655855,-0.294953582496292,-0.3030694641010025
-1.5736181587009277,-0.2089827160491003,-0.11993224650102212,-0.426633708322558,0.12022837099632039,-0.3110088168401013
-0.9612383931847591,1.679872601471998,1.2654817464171735,0.5739785612746059,0.07680302592199635,0.1018957032695495
11.129663769310163,0.18011526497843366,-0.01276617848107905,-0.09694947168518955,-0.13333309082414527,0.052460408491967245
6.111493182859254,0.3106256072550353,-0.15027493526142355,0.06785698257959072,0.16770473427868868,0.4829253506820033
-1.2724014426108239,0.9567725833477644,0.08624327008064046,0.2598579335006608,0.6584463676545914,0.4065697351954235
-1.5246458683710984,-0.24515754249774468,-0.11940140680469866,-0.23525598536085743,-0.5523223771397603,-0.19770563590702503
-1.3296108073645465,-0.25693839521782885,-0.24717242486579327,-0.3246470279572917,-0.8320952666868741,-0.3066202335236685
-0.8940002252920668,1.1414961543847002,0.054901587979599376,0.2927026856233343,1.0327292333477038,1.0371790596791814
-1.4233693983035236,-0.39245563455420807,0.2963458817152853,-0.14616759007655955,0.2522246165230938,-0.9248327723478351
-0.7688517057992154,1.5296784025383565,0.6166575060242616,0.439254604115626,0.9274098311589696,0.7880743863761127
-1.395956116637964,-0.2786769450774591,-0.30067887275677835,-0.2789763497291692,-0.2414316322169413,-0.3707187000785863
-1.7333052112153002,-0.5410157204067323,0.06806457607774571,-0.5245027119511361,-0.28558288833961165,-0.06800049406758356
-1.2408511220046592,-0.02577909929575287,0.1547292645150107,-0.5828454168708397,-0.5382150008984138,-0.08201324984971112
-1.7378350779911012,-1.4898005805685384,0.15016564928157217,0.2047701194949882,-0.43212228131083463,0.1351171652244722
-1.477241686518312,0.06665853765345159,-1.5176175238618619,-0.10462523801278141,0.38768188621084354,0.05627498457773128
-1.2194048737072827,-0.33941596488160103,0.8774056836997007,-0.044722812202840016,0.10553385535935934,-0.03530259022214914
-1.4321284129789316,-0.615203763269086,0.3192755294250592,-0.028574237693411046,-0.43539330287701733,-0.6610338070545313
-1.8028344999776378,-0.4816764319646713,-0.12293523273588995,-0.48036594646585584,-0.2651667304717415,-0.261332816582827
-1.4476017799623775,-0.30421726024759177,0.5948855731039656,-0.2691670181123576,0.5259607581172961,-0.40964140801585863
-1.5910191230401352,-0.3281326768457752,-0.48108019626937254,-0.4706266645137133,-0.3134763493396007,-0.12986079598192493
-1.30224093185188,1.8893388159875288,0.8622220633657977,0.747344924095678,0.49972275281714956,0.9382884727217992
2.5213005258308203,1.1921358345823874,0.7202487446893149,0.21355874513551176,0.8339236668785449,0.23580496434257225
-1.408473013318076,-0.0889747025837526,0.09438015979122243,-0.38140881674406885,-0.005219595098647437,-0.2263235412227025
-1.681715903927132,-0.9639638141131703,-0.033684111790556304,-0.039968795817029154,-0.1852821142269652,-0.08753536652977197
-1.490536938514624,-0.17954575072646237,-0.17880042679476324,-0.526091172704155,-0.5544334562956291,-0.31694348986767834
-1.4075964358244502,-0.2538008616686027,-0.20251486108249697,-0.3920863203709888,-0.6616414124001636,-0.3461657968806134
-1.5350396967710103,-0.7219446737136231,-0.24699803595612468,-0.18526008106746564,-0.1268698758132634,-0.36026408870281135
-1.719237649214112,-0.5712591234125752,0.11445276232421552,-0.11330589165231164,-0.3501780064133327,-0.46220545875556024
4.210735028433273,0.31088564470766383,0.6122789124355015,1.4485362925443723,0.7971821948753574,0.8959870120241847
-1.5071455078336793,-0.3754061756101615,0.3762417649646615,-0.14175613664894718,0.013502826420549697,0.1388955619442227
-1.6618682863462881,-1.0841023916960302,0.13007384841822328,-0.21980908621054765,-0.1418745811520233,-0.24770948809378424
0.005270569742369483,-0.2165256697699971,0.03297872851359827,-2.1747607004992178,-0.1827840440567054,-0.47873427365278753
-1.6994947723041272,-0.5949665153473862,0.14055208901677385,-0.4431837881417187,-0.6178413340302457,-0.0974434381436584
-1.4782917518953544,-0.25101547039242494,-0.15194577069646012,-0.5424617177636899,-0.04042479312452434,-0.45032206751153364
-1.3515260668755837,0.40076025593086806,-0.08596077294283361,0.6341555237352441,0.7419658132866053,-0.2160742632229154
-1.6726949606515453,-0.23102171536216623,-0.1505227779824579,0.12724760570513424,-0.7127943140351705,-0.2166102660786297
-1.589626865049633,-0.22801086310072433,-0.0004145454771354995,-0.5933421510236175,-0.37945529418654256,-0.3974239860639099
-0.9252369841199423,0.4691918253753047,-0.26153042859442016,0.5291716180547037,1.9641767032066357,0.17015882650081718
-1.4037976845395068,-0.201376377292296,0.10984903229102387,-0.6140609351645923,-0.7023593755796156,-0.4525832242467986
-1.3550607315597638,-0.07973576792735794,-0.6936741123386778,-0.4462838071982619,-0.2206235812922855,-0.31963361406591184
-1.4893109084058085,-0.46557099954796033,-0.20006531464133115,-0.30871055348591103,-0.16403668923765224,-0.08613592953601494
-1.1231735379560275,0.06973057733486134,-0.29434374663024,0.05339791870298974,0.7190723607537844,0.0775441392607149
-1.6634052460215119,-0.4938045634921899,-0.08599351462954187,-0.3307792322353977,-0.4128424300744405,-0.15393929627920178
1.7286997316953832,1.46095606623442,0.7858573698859807,0.5596487060776136,-0.08777613593742425,0.5472245401185789
-1.112315702798892,0.6774842692605847,0.15174616811272384,1.0691485460606471,1.5814931518013782,0.06665195819410638
-1.670954427592561,-1.1023815468302287,0.009011334318304103,-0.16798381838347834,-0.10575873656115962,-0.19999177402627885
-1.6402887913627695,-0.39595153827526347,-0.04060584501643639,-0.3775171867116378,-0.4471824382822196,-0.3212907154481328
-1.0136307053089877,0.6577747296510909,1.4021852614311658,0.7888089562640003,0.2554223368755037,0.3641136744862649
-1.3449749115177776,0.12266702114089563,-0.31354411762684875,0.35742086931383926,1.3874468690865136,0.27618856510303624
-1.127463452608862,0.56682835496429,1.3834668997256718,0.26462466973833404,1.5903324028280459,0.34395248468434014
1.9127604618445062,0.39752630848320003,0.9845708846404522,0.5544286253177547,-0.2051809606784107,0.10894209464459882
-1.6584122249513118,-0.9531056479149846,0.04960393081322899,-0.28753115474200225,-0.21705263321555565,0.006231894570725455
-1.6786430915779167,-0.468906117878271,0.15888658224856828,-0.08236999858374641,-0.26493229451042744,-0.5010394842729518
-1.3022310832010913,-0.10975895772181894,0.28325346848792454,0.009431606748730498,-0.37864329443302247,-0.563619924096983
-1.4669790214365204,0.5538136014207727,-0.03754426754762218,0.1846408391599298,0.685202126496386,0.3307817635766319
-1.1696312337191923,-0.26625095300436,-0.27167972113078576,-0.722417956138487,-0.13837168514556167,-0.2970325331312169
-1.3823108316605275,0.12912115690310763,-0.4493703424929985,0.4318719852856076,-0.1680541864491338,-0.3927159282285843
-1.4995104497222413,-1.0792411315549155,0.03219407357972535,0.03197068907423962,-0.014699491807839922,-0.19053179245660817
4.210735028433273,0.31088564470766383,0.6122789124355015,1.4485362925443723,0.7971821948753574,0.8959870120241847
-1.4130772189440814,-0.18066069692760942,0.30464678699732123,-0.22491026569315756,-0.10122464457549842,-0.04647746718905896
-1.3935784186704712,0.07380735927566315,0.22666259653971715,0.3198773429760896,0.38783663011268815,0.23700269230233673
-1.104173102247673,-0.03820850989728145,-0.2611436552616989,0.4485506222230398,0.2965267013475804,0.5395597935422819
4.961742715721467,0.5711418319314903,0.06662349120122583,0.3790975329268447,1.534637919608174,0.1155052972307221
-1.6584122249513118,-0.9531056479149846,0.04960393081322899,-0.28753115474200225,-0.21705263321555565,0.006231894570725455
1.2545246804731787,-0.6780419994379369,0.16282199079902832,-0.6629024020440782,-0.2343237438120779,-0.16854025046711532
-1.5624499257975126,-0.036204269004227366,-0.4574163748438476,-0.6025001622519092,-0.07991646066060171,-0.3920808429228733
-1.1873649172947556,0.1791339109303077,-0.3202719462823842,-0.13525143009394555,-0.2789721924852023,0.05454830107351677
-1.530434119699449,0.037961720870218055,0.196503181571839,-0.13075305232030116,0.13784432566696028,0.005399600564612555
-1.2662087169977334,-0.08501570269038955,0.1701185903815187,-0.273414547065264,-0.5608570639374556,-0.2415774590361522
-1.680573164379392,-0.1553291923743885,-0.34003761317801284,-0.24568991864683337,-0.5225490759385126,-0.18850296426698476
-1.2160548871360422,0.8422335266561485,1.4111015657514563,1.4321190150175926,1.0264543317227388,1.2342169975449613
-1.4327221049365344,1.5069588308425883,0.21793301767507053,0.4432407801665983,0.017878012167073524,0.4474909409928774
-1.3844758956452674,-0.30717643940155853,0.5978794233112227,0.44949116820817664,1.072352450507654,0.3503236450272087
-1.6396835785318071,0.20688041225139941,0.04717057816796873,-0.6045735908038592,-0.48237617140657557,-0.5599890283777115
-1.6872397084328914,-0.3754787105202483,0.11661415779553216,-0.13105918244932782,-0.3130001685087546,-0.46101926033464424
-1.287187851254744,-0.09067620237452212,0.4858971445036536,-0.1974167697167933,-0.14768928422659525,0.01778583819702491
10.26079867479309,0.013259511843579003,0.1941256098214555,-0.09241422476490042,-0.20069053584437552,0.049527358150063816
-1.6789698931665191,-0.1579936785360668,0.06976765307619015,-0.34904458740837235,-0.41069857760224787,-0.33801288290860193
-1.3816007931426477,-0.25034675072825097,-0.1082871541351013,-0.5116596996849946,-0.9135658872250723,-0.23002922644064042
7.742775647359368,0.13712955918642933,0.8477934302016553,-0.11805642364692621,0.03392372431384419,0.015520460503747108
-1.5280440923572844,-0.16466212767164015,-0.22437603169365664,-0.2976609105227286,-0.4239293195486717,-0.60966768020876
-1.675520612266488,0.08293813867968827,0.20322110196660942,0.1754867417791189,0.11498665901079642,0.2606489190506573
-1.1456600252331048,0.16214935361025928,0.44558513205907485,0.4791548100466203,0.21627455836222761,0.1264078097671544
-1.0686333703076285,0.7899368750420241,0.0032981774609057743,0.7597065594181842,0.7384326229586233,0.7251084109963793
-1.427160592204113,-0.19993829827772985,-0.013154018963302249,-0.49947817063855393,-0.6780389950767971,-0.3562669662992667
4.366766794330611,-0.5859943721784527,0.9804860562628267,0.4199693723210301,-0.448941795310099,0.34296200877739585
2.8570753561473743,0.05783162449048061,-0.3950562706029202,0.5503106346313963,-0.36770469835622954,0.4541750492868618
-1.3510811825762672,-0.18010657618815373,-0.3264787110660662,-0.382366136576328,-0.314965724969222,-0.15966429893030448
-1.3670211707780493,1.8109071269438637,0.9123187768621687,0.24270572925761383,-0.3624737859189837,0.36930267622328977
-1.4504289505229684,-0.7273546585276216,-0.7596090239243407,0.10405990828879208,0.2637954554898804,0.10833938696879118
-1.3221064159031168,0.37804877306776125,-0.1930212214643996,0.22179787907946194,-0.004781030351410824,-0.05488519472861042
5.835562140806116,0.4297419717156688,-1.006632760559005,0.07666187240129227,0.04919096895711125,0.3883540067857893
-1.303705685921006,-0.11327315283621668,0.3072101111837772,-0.5585536959666679,-0.51441908653854,-0.48167852612727385
-1.3451978180987876,1.196336443320921,0.0768853429153352,0.20650791825393675,-0.12270947083341535,0.2107925376740507
-0.9070318477897108,1.0304821588688635,1.1155554594862818,1.1896623785445037,2.060704964755082,0.10741234749525323
0.9137445432146066,-0.2749120841290115,-0.3426051803566553,-1.2169874315919602,0.06737823987901775,0.21707926513860828
0.10920542572902328,-0.1423290161921414,-0.5101148773087474,-1.7532259078175514,-0.09630981101547423,-0.4446258226263052
7.584023143390287,0.3768634402511853,0.848859864535591,0.11371805808443038,0.16741488107119468,0.0912238313839589
-1.391257662279536,-0.35494600279388233,0.0698975220228548,-0.3333574633373162,0.5632463456106841,-0.2611014532902246
-1.5891255712788719,-0.7085331409102134,0.48983842078734346,0.17478442451447515,-0.16160225553781585,-0.22770100121503814
-1.4913308237171874,-0.136118557315678,0.5544597640564537,0.11497252738678924,0.2537795169505263,-0.1158681100269511
-1.4185721423530187,-0.4564823070157727,0.1880643732990004,-0.5237585155756926,-0.3651962102368274,0.023366173642104644
-1.3110797140243637,0.19325909259560328,-0.45052172516633676,-0.050725641732449644,-0.2022106934501198,0.05324717235783688
6.644376578187721,0.5840679026949352,0.21912922927512757,0.04730604969874162,2.3157346526064253,0.2976401566501188
-1.6171872045729325,-0.06779306898704615,0.08184980207873944,-0.005189625202187922,-0.3451561464236653,-0.11034344309230552
-1.540607144002282,0.07333021261642406,0.19753801818777433,-0.8497040202217332,-0.3317424061323308,-0.5162229322853057
-1.4971491179787328,-0.3613145120441872,-0.5328595475767052,-0.33302462915034475,-0.3397136126219301,-0.17054214981739527
6.396134810114942,0.044454726363559134,-1.012023241660198,-0.13699968470846008,0.2883563825144569,-0.16626712507209945
0.9630034524650756,-0.6615731831894527,0.22644524470038374,0.4015337949852402,-1.13280400018876,-0.09252181770713702
2.0591174794359297,0.9322116255742225,-0.9337000192088879,-0.14539829434958115,0.2881753186991323,0.11889578513403844
-1.5864942843107779,0.7309565820390084,0.6271560355493904,0.14380415646902756,-0.951525358440587,-0.3082649676570241
-1.5406109694328043,-0.22413943140492223,-0.15086675983161826,-0.37946056825250013,-0.5902366021060614,-0.2744627701799655
-1.299197583371474,0.03416150513796178,0.6343645707044837,0.28648878234629405,0.3695153994197193,-0.07801781203860762
-1.4936952995511288,-0.8496587193969914,-0.23751722160345054,-0.43671981605284615,0.1816535630730372,-0.2078172441018505
4.957949893214144,-0.17927288628777002,0.292146902842014,-0.7795938644771471,-1.402676453404188,-0.11907073574565757
-1.6213064775105082,0.0332134902487772,0.27214107775994734,-0.7924985177934302,-0.3695072400439729,-0.5738713413143585
-1.5043793571344584,-0.222942935275148,0.12868166209856796,-0.22445010201259163,-0.3319906572279165,-0.4865031230808284
-1.562683290559557,-0.13666698485945314,-0.07860908390429343,-0.47076676710431875,-0.2744850884639414,-0.5236854901070056
2.7132479459407812,-0.2052911340415379,0.1993013039653739,0.7467400367261533,0.7875777677879291,0.002949617707096351
3.455008984636374,1.3671671014851086,-0.6905908559695803,1.2817659319770227,1.047342224906503,0.6031772566159982
-1.408185145450047,-0.29218011860390347,-0.5645636634080347,-0.3956727280110252,-0.333400592270736,-0.19914564991986028
-1.3650316813996217,-0.6423972452296505,-0.19868925393544287,-0.3702739410956158,-0.5404458659580895,-0.2320780113767615
-1.5920818603053601,-0.0616198085016216,-0.39066273380471134,0.010486320117258427,-0.5272071937369059,-0.28317814010592707
2.8128067426744283,-0.09119256837695447,-0.38010789741102174,-1.353958453086023,-0.8955414234937819,-0.3184181933183079
-1.4531412421274088,0.09062533542949483,0.1757641408990866,0.9870607532001645,0.025936369277697276,0.5949548946437458
-1.2875279507730428,0.03084526515564464,-0.2884625778797744,0.19763318579191128,0.4119089550523028,0.06495935796457447
6.06974378936996,0.42649644332798975,0.8580493684737384,0.7060215488041353,-0.1489557769697874,0.4524650286119901
-1.5430802714114062,0.9506820245611811,0.08231612939248016,0.040321321376238346,-1.3090263653779313,-0.2089514383655655
-1.4638147080079127,-0.25788850468480035,-0.14303379442874092,-0.5341699820786436,-0.34864223124524146,-0.2729732629005377
-1.3617710299120633,-0.07198236166764298,-0.16716278207323162,-0.04616041254195847,-0.3949495251624937,-0.03288176761858854
-1.5217763202725156,0.7958966821664121,-1.0317076023373417,-0.17882714721610957,0.0152531869789925,0.4622209960264448
-1.5487311594871236,-0.1012382600672725,-0.2986720298466861,0.10252699850248018,-0.6677835170604919,0.24909044236530362
-1.6615452181207055,-0.3354127447889782,-0.2586664423345454,-0.30802295590959194,-0.14774766577622828,-0.26551871382618086
-1.680573164379392,-0.1553291923743885,-0.34003761317801284,-0.24568991864683337,-0.5225490759385126,-0.18850296426698476
-1.0506888348685421,0.728016259955155,0.7453280367581692,1.1516283683038564,0.9546159874406102,0.8585068457391367
-1.4801175337658756,0.040693548326939215,-0.8670368774382715,0.19929809776579063,0.573039607514913,-0.156032631618654
-1.5718242892967087,-0.40237062652510824,0.2317544354243442,-0.42609280477715744,0.035137975977621326,-0.709558810209998
-1.4674743355950175,0.06818206996246162,-0.18223888051033227,0.46436919010213984,-0.4040015272277325,0.28754943135926164
-1.5558301854561387,-0.11429925735194911,0.15919411558583296,-0.16852848394285522,-0.5202897877734745,-0.1582155126806768
-1.0389016101178212,0.4207523037813496,0.9913214064773365,1.071374299670133,1.1672778186829504,0.15224188211915576
-1.5713810640087538,-0.8399683535996433,-0.30893978475784417,-0.06999823079832855,0.28223678063857116,0.020241486177895403
0.9637193052717445,-0.3892279226125657,-0.6491456332782382,-1.2436169172423492,0.33729212498516065,0.07203604061836681
5.854126689942166,-0.6488490933899845,-0.20488562030690682,-0.795002943823953,-0.44842135567993985,-0.2716027873370174
0.11695805844938922,-0.4072465513775373,-0.7661124349362174,-0.7958751241690514,0.16905412554772836,-0.20248219182013424
-1.0306944368062347,0.23802547262333537,0.6782345867960535,0.5869654907132754,1.1991429119024175,0.25509529895652305
-1.5769773675035479,-0.7463072416074992,0.23118602165858818,-0.2534039164641201,0.025401631089446507,-0.20485020548971666
8.516911448414392,-0.006675272810128926,-0.1056876777317099,0.8452219279770438,0.09988184265474166,0.029342340632052013
1.214645865643433,-0.6764611865535974,0.41619034317213116,0.39846367551796996,-1.1964223376896372,-0.05431842828453249
-1.4938140709847798,-0.15529179980334057,-0.3032460622379154,-0.3481987314287477,-0.7425971666701509,-0.32139461456418117
-1.437651094236649,-0.058557877141607345,0.10221397867317208,-0.36012732023126404,-0.33549917117384787,-0.21394256693633093
7.675926917301628,0.9282640677106032,0.5851061681791827,0.2303595178140459,0.18635379927136136,0.3061591488565388
-1.2498568345327035,0.4294147861961726,-0.09281413439487579,0.8689825923004405,0.5083813838748342,0.4898382008887465
-1.5321992622652982,-0.5608046814153881,-0.06679753066477531,-0.344490542275413,-0.40244908833887866,-0.3922461126685239
-1.6432585584579966,-0.9622216583466493,-0.1295471584758895,-0.27035648580292143,-0.1620364434647089,-0.18938975457313206
-1.2179944010938428,0.733268917203914,-1.0463356764503686,0.0577789913291535,1.099807759013329,0.16871147346227222
-1.1052460967153779,1.8017956265519208,-0.5791448799236509,1.0465011717563757,1.349772231506339,0.7055158820471711
10.703853674855326,0.3039011881436306,0.03280313694030529,-0.0424703123916368,-0.15459956931336447,0.05979646042451171
-0.9523095269090616,0.8907867514443568,1.2709677056764854,1.7118106335754655,0.8411421388650218,1.268370552579243
6.297052292220187,0.1286067701960713,-0.10495221939197112,0.003640199366484511,-0.0067612137044389935,0.18316255242305574
8.029296666885607,0.4645950675121758,0.11288705361770211,0.5057742889802347,0.38510706199515,0.27569751111669055
-1.5818851321697838,0.2694644530528782,0.027653621363249923,-0.5847393519733363,-0.29731302658589676,-0.688299346620729
-1.4745406272819608,-0.4852848583582477,-0.15982878427599337,-0.4613092018832143,-0.288223166226612,-0.23266895733339574
-1.371802675384304,0.02699809371863922,0.3690860452121311,0.4470461463859549,1.0094759236560917,0.13721680067649958
-1.4233693983035236,-0.39245563455420807,0.2963458817152853,-0.14616759007655955,0.2522246165230938,-0.9248327723478351
8.829089243743049,0.035799542457792544,-0.05350655059596366,-0.06660214400693536,-0.0802496275274627,-0.31934235100941016
-1.7291143391184531,-0.17529045892981002,0.03751820426909119,-0.3585913534279771,-0.7344193119759208,-0.2682965979106351
6.4168411622895185,-0.4497029843755198,-0.24835378195369925,-0.16966300822396016,-0.4715247110256428,-0.22814580575771276
-1.2387871004270687,-0.2712281266704573,-0.4411076460624862,-0.2297187032029989,0.23448288096701633,-0.6257021265672731
-1.3116842475765498,-0.13908419111999837,0.28162200641220875,-0.06536511402804017,-0.18394103997078678,-1.0080785393751879
-1.6786430915779167,-0.468906117878271,0.15888658224856828,-0.08236999858374641,-0.26493229451042744,-0.5010394842729518
1.9026533138075006,1.3923013137310496,-0.46877930815756264,0.38511876647323867,-0.4514825406766472,0.42873150622484135
6.048553585095458,-0.6933141133776727,-0.2708876481271408,-0.6593782984265554,-0.21325839929947854,-0.1832123960564428
-1.5681221441705517,-0.0550861699873834,-0.226003938768073,-0.16787276261964043,-1.4227636946139264,0.07442414705357547
-1.646930741465985,-0.1913093260392632,-0.13447092403023564,-0.352807357244508,-0.4746660803011971,-0.30987467473870794
-1.324682407821211,-0.19808638013477411,-0.4284875009810903,-0.39760871454156743,-0.49216466177560164,-0.17606136090234004
-1.718349878978111,-0.4212778742590924,-0.5467746616082046,-0.3665418014597312,-0.133055964613689,-0.23146691733503047
-1.413798856269523,-0.24043506205580048,-0.11090148014910818,-0.36644740534363174,-0.9165388444817932,-0.323229470203049
-1.4755527863429172,-0.609145604109624,-0.16965097766083606,-0.5127100666985458,-0.5567815710041608,0.05033212613702667
-1.6214376620578734,-0.35057848025603533,-0.4622246898611067,-0.24672848881922663,-0.33410109680449707,-0.17019229758474236
2.069646870255365,0.6929098777904072,-0.8323706561495529,0.07315834183794447,0.5484141166644383,-0.11896349914934282
-1.388351931636282,-0.23510996480774732,0.09194440975804426,-0.4274616418393122,-0.3760049555333302,-0.3856626256486149
0.21723886029823417,0.058408950397842614,0.49954247199089313,-1.8368979527505858,0.02212589142185983,-0.362595146966291
1.6800881871669722,1.5188096031703402,0.9753416213934126,0.5639389718227671,-0.10852272813310027,0.5419126213077152
7.105792660321904,-0.4224925270554949,0.07759055269645819,0.010375722451815955,0.1655933870694711,0.07283509592713679
-1.3605422520424888,0.07860110830278824,0.5393345881607784,-0.35808104519648526,0.3270263612835921,0.06878671017283412
-1.3491866430757944,-0.3384703654420063,-0.2910250174277468,-0.298368756775268,0.5566835950105957,-0.27176625187398573
-1.6927147512996088,-0.38439091496623046,0.05169851028832903,-0.3314587265627467,-0.4736403528210075,-0.1537263214592383
-0.22330326469180753,-0.4206976158427745,-0.03129488323637706,-1.8083382835641488,-0.2995823771055694,-0.3697014232049299
6.993359022352147,-0.356153670044444,0.23626939590590454,0.02718008340735061,0.1133288957996261,0.039819520389315737
5.946768154487498,-0.703465827449907,-0.08808134332741425,-0.8365224953265847,-0.4647119262118962,-0.29937959907762357
-1.4175379046727588,-0.06253893000591568,-0.5613461539683425,-0.3254253471721418,-0.6259882813882576,-0.26699304137248236
-1.6177362802768713,0.21109313897350068,-0.19432721450559576,0.0731134918651958,-0.919125511391168,0.09762491603111488
-1.5031707309641704,0.1283342832854416,-0.8473539017072222,-0.23833453338949093,-0.30635506238072807,-0.35000625897085236
-1.3405275501491158,-0.11552472102460501,-0.13666021331869185,-0.36554631232612006,-1.0797257936526024,-0.09116700050525443
-1.0186010387630324,0.31956383169066693,0.8285564443873986,1.1717685643157083,0.13540384656880883,0.01891420154572294
-1.4906617888060159,1.118254053399417,-0.30940007446191936,0.39287899360795125,-0.03964213036346761,0.3455305141586106
-1.41062449743507,0.47542765047416224,0.28899380408608466,0.5066815969839927,-0.44841808060371907,0.4488594053809223
1.6381285385328554,0.14665940019653664,0.6916412663168922,0.265523753148731,-0.8039726145384478,-0.11851434353885393
1.2004952306244514,-0.584974262959517,-0.3444146859895989,-0.9088430585083355,-0.12418333901905869,-0.31553869326087103
-1.397120431914343,-0.3947885784383598,-0.15012487941609393,-0.29248852385946306,-0.32609663166559477,-0.19253361672063257
2.7291401089898186,-0.313816125509805,-0.2446983175914795,0.4871674398072571,0.948550975812396,0.44968701700219926
-1.318521522513662,0.1717530201835993,-0.35451665896569257,0.3094434345743375,1.4220327986910313,0.2734167198781987
1.7055280142055458,-0.6938667742281522,0.5289051351140667,0.931573705426852,-0.6468843206589838,-0.07578418572837699
-1.4179687445223752,-0.2909303602091727,0.6139631612335794,-0.2699121027331404,0.5273070250894427,-0.4060853067833076
-1.46025407770174,-0.17444143611058782,0.031269695832364226,-0.20972139947790303,-0.10668151697746657,0.028343210258234858
-1.3459402360417012,-0.2309479559225716,0.16069073409144666,-0.17263213331860922,-0.7750219728077534,-0.8285237202151283
7.004092637585607,1.2798423779167871,0.8398029244024618,0.30437546751563954,0.14985254758228855,0.36456215486342736
-1.59389503812828,-0.9675528450509925,-0.2592009469157087,-0.397766634283283,0.12685373030419586,-0.29689720585068163
6.246369177322572,0.6076259126048066,-0.5124333622949239,-0.04901760686542595,0.1458601877398811,0.15136369627428967
-0.8757682203411133,0.5837985376345143,0.6310311427528954,0.7310371577444417,2.266755896319481,0.2999789413760314
-1.4468439613757809,-0.007394496410437284,-0.24448702473166214,-0.20028330853842682,0.4598281319297277,0.15988868107895818
-1.4696880555403022,0.3222814906745666,-0.567994865975279,0.11143090457415564,-0.022498151969662008,-0.3347281825316961
-1.5207634409886264,-0.1763260531902771,-0.4171165182714931,-0.2967159667994444,-0.11333258267393753,-0.38686979480656936
-1.5419683100229586,0.8827483951199432,-0.1336703891082827,-0.0003934863119673703,-1.3406338326191454,-0.20373039139543286
-1.1180564887003823,0.8829211739675943,1.4578059582071046,0.7625099084378055,1.0819651106716766,1.0296780975864088
-1.550578678349274,-0.8856506984258612,-0.03517525352502127,-0.16805371142798503,0.046118794744621945,0.08361378449148076
-1.3281379933659088,-0.05217196803881399,-0.5652198517264225,-0.019136331555803476,-0.28883109628980025,-0.18086201588261688
-1.3723881041846213,-0.05177037914569557,-0.39848019977055654,-0.7474173687339211,-0.43268168945628677,-0.4269817303119212
-1.2605622289408793,1.6537711235637234,0.46013535611870565,0.3845855504996058,0.834628443932493,0.759429436816843
-1.1816638354889142,0.3763305157895029,0.06217215230348433,0.36873782554078033,0.7625838409185577,0.8418180739546034
-1.3864859608065727,-0.3842005082665119,0.03486095059026765,-0.6585351169172414,-0.8957820139219685,-0.07583030536517178
7.0359186006564105,1.2717308466472463,0.769607045112045,0.2918119075029838,0.169941692878593,0.3724359284538317
-1.5747119904043883,-0.5088524110298311,-0.10480544276558587,-0.23523589449588325,-0.5594853388608015,-0.29382795153441116
-1.572692601972743,-0.5488350753901146,-0.06687280545886773,-0.2921758556257095,-0.7007926147380928,-0.16301490171853011
-1.6434499414152388,0.015422288926814562,-0.21289287260604647,-0.44332855112434305,-0.6108298700679554,-0.20351919541321808
6.2688510363676535,-0.3727444824789297,-0.9228291197522476,-0.18374018347212426,-0.15507614079997795,-0.12025360674449381
-1.4291807665294898,-0.21328719092176854,0.14683375105137783,-0.23109385220404774,-0.2219985064638254,-0.07871398187801784
-1.6057372782286228,0.02885445221040456,0.06143238146088447,-0.05044542820009115,0.15643118377165446,0.01149346103228406
0.8846104071086917,0.866243276593795,0.604017359378989,0.3226991085450823,-0.49817063492353575,-0.23451020616503493
-1.479664399438192,-0.005394444195533096,-0.6149325635674452,-0.2859424184971115,-0.25818817220590895,-0.3800607265938421
-1.3885163619561027,-0.08488095976857435,-0.8806814967944143,-0.4784826720167157,0.37513553057540117,-0.39644679080999573
1.590496720684758,0.6550613772602963,0.1827136107041519,0.27070330644990653,-0.6128877136399744,-0.23183889221574996
-1.2297153057670784,0.11824286726946749,0.2722201054366318,0.2438813386879645,-0.17071591550114376,0.12354206745369738
-1.455655635748755,-0.7534376604334558,0.10373075609270735,-0.42826772276880065,-0.07325919573395975,-0.12116331652534526
6.574894689457311,0.5901873596173585,0.13484656043717055,0.06341112149291517,2.348946570026676,0.3157642520278338
-1.6434499414152388,0.015422288926814562,-0.21289287260604647,-0.44332855112434305,-0.6108298700679554,-0.20351919541321808
-1.40934889398176,-0.04617783746747562,-0.39691946075654727,-0.08754114440244691,0.5092542586575141,0.2721615792512809
-1.7039070870939126,-0.48721571783791634,-0.026668383100323604,-0.49237203708017324,-0.32907932696201514,-0.1419636859455361
-1.3777397856261044,-0.18759499581272543,0.3538547552454525,-0.6660654490690067,-0.6128176896755325,-0.4979052807089338
-1.703568374664104,-0.36493833652430974,0.05826714548650264,-0.3111296587510827,-0.39888555518103536,-0.14733005286189835
-1.45934271004994,-0.10414386265675607,-0.6738853778321758,-0.3149098572362125,-0.5664306649714115,0.06285202350551192
-1.6723322640152283,-0.35835847811263527,-0.6506541899565502,-0.13281479473058871,-0.3622654344798333,-0.13635765966400143
6.634019695762899,0.12248029485850584,-0.019029474797898883,0.009287443643032226,0.08691805378014106,-0.1439808210749832
2.5135993877860963,0.07298951140540633,0.5081629114401938,0.7556695370453155,0.3746706703143825,-0.02133734703835537
-0.7707607755276659,1.5292723324269493,0.5985770030310469,0.4380895690936228,0.9145658089254618,0.7878233386600336
0.323981369115329,-0.07515943861558141,0.045151450065059655,0.4829997155004396,0.12401589177670382,-0.03260997284862299
6.329126175030916,-0.22878439104867088,-0.3905925386083175,-0.5220011799795603,-0.20041760791052168,-0.4279471714075003
6.989044546182826,-0.2510579671293427,0.3620119386243862,-0.22012716594745374,-0.23830459634473575,-0.2470195147128156
-1.3137944021000403,0.03175064091226138,-0.04560930217551589,-0.16940760415329434,-0.32008720177429495,0.00025411026062699746
6.111493182859254,0.3106256072550353,-0.15027493526142355,0.06785698257959072,0.16770473427868868,0.4829253506820033
0.8634782905643382,-0.6790927433533718,0.4402350276764388,-0.05839429713171238,-0.4236558192838454,-0.2469143872568658
-0.932140530064334,1.0422406379762148,0.24937642228046833,1.5736008748923884,2.3140108664990096,0.3802723882191783
-1.3390137365123822,-0.01252301132216108,-0.28811063830985134,-0.8254587470906924,-0.5078584750713121,-0.4525323351925763
-1.523588004514759,-0.3227722770653375,-0.26286071158547586,-0.11113425834666685,-0.4436234010239498,-0.4326151760071725
-1.4604295245907555,-0.17475364683643568,-0.11696633044128124,-0.49068362202983345,-0.646114530153389,-0.34701460406679524
-1.2299217299800642,0.9536264186266697,0.7037823045326553,1.5807613837158692,1.1753534730799704,0.5008448316201416
-1.551830766066092,-0.3957035541177397,-0.3113186662067757,-0.2742638625823562,-0.40600038697464524,-0.29186321431134127
-1.6056407595290503,0.11104251119903061,0.0849251115938728,-0.49110829394650124,-0.5141940477345435,-0.11582745059078227
-1.391420034439865,0.4862006775421643,0.6115084356879129,-0.38712614563274766,0.2134407128414999,-0.39172591452552746
-1.1031696417215162,-0.053663963747150836,0.5249036750201584,-0.2044587913375613,-0.2390818499568278,-0.3940936693071055
-1.674718942096693,-1.1858543846294416,0.2724795540137333,0.26412341190300653,-0.3010256271841748,0.14137452370456075
1.4528558923361687,-0.5024856404253445,-0.255270539529954,-0.7401997385316771,-1.0155265666387843,-0.345002603494484
6.74293128010196,-0.1818979577927341,-0.695923053347101,-0.1701623707412744,0.008387047886511855,-0.2827163974939065
-1.7074289661626618,-0.6923601650582087,0.1660428930748882,-0.014182345481867935,0.3706100845838546,0.0562290514802985
-1.3851076808246432,0.4266793433931205,-0.640181896434923,0.08538228737799203,-0.8544778533532835,-0.12660895248333595
-1.49564123888363,-0.3042798047411503,0.060769708658975,-0.19002783237949367,-0.05956318083099039,-0.04804985644288408
-1.2747672363796105,2.155214314439084,1.1415894953819157,0.7552337799158015,-0.21914249689248955,0.48279843231529324
-1.601339250879286,-0.3676471657648774,0.1857007471099559,-0.4658957124434569,0.1973455920432958,-0.4354501398738256
-1.5898068955206333,-0.7523759731618499,0.22124814393946798,0.48867370920798,0.312424034792333,-0.06824268578272683
-1.5381718934089312,0.059585586738540613,0.17079470935354507,-0.020552274779913945,-0.3017171738153787,-0.06420520361401894
2.6601331996894153,0.6256256726720213,1.1485665032074908,1.5346368686562146,0.10247748764071514,0.1583724570343448
-1.4586634248949892,-0.3756404102962159,0.24965277966381424,0.8287066192392208,0.7734016149149879,0.27213907893623185
-1.5036372977741503,-0.24010897165559136,-0.12616211160171317,-0.5489579614410479,-0.5763117706304265,-0.32729047163846386
-1.6701332969303044,-1.2321286562051292,0.03238825556563406,-0.3212012862066937,-0.3794431984101082,0.21018362823261932
-1.434182017640964,-0.31910675935728594,-0.24433627755158807,-0.3294175502014067,-0.1552535598300276,-0.19328760114882354
-1.5522278107901317,0.18741209522618732,-0.40369008678792473,-0.24790814005836967,-0.1251224640557754,-0.1683057379757011
-1.6064067798282793,-1.0843147985808588,-0.39968120823105796,-0.2542035570940744,0.33787216884875226,-0.3536046727073599
-1.2361711722333724,0.4157782487480374,-0.22217215975108837,0.7853248456020475,0.6780432350707816,0.05128157798298617
1.6188003339173307,-0.45060017289056525,0.3420314360381884,-1.275452226701192,0.5597316952996353,0.21388682988699156
-1.3459287865493306,-0.5599028625475649,-0.051338894295774255,-0.21426017910282852,-0.35992729555685615,-0.2464945999770604
-1.4075964358244502,-0.2538008616686027,-0.20251486108249697,-0.3920863203709888,-0.6616414124001636,-0.3461657968806134
-1.4795035056717365,-0.5998141219337771,-0.35888658863248524,-0.17570398609705626,-0.04157847041279667,-0.14174940002700187
-1.303774730739264,0.6411306348196176,1.1629941401169372,0.1857102571502891,0.6802190121703658,0.18224888749501078
-1.5305819632231055,-0.428598923549633,-0.26713980730782033,-0.41311629744946615,-0.2999734404158701,-0.42943756646955844
-1.2885107038866488,1.0471247948459155,0.7055008651074747,1.430565944001371,1.0510698875754596,0.469872436229486
-1.332320695907417,-0.08104778983694248,0.18031146683953322,-0.3288618568194438,-0.703467864413401,-0.3009987923993905
-1.6925634443162638,-0.5808311901847955,-0.02341430406197068,-0.4221351513311001,-0.6157150803648873,-0.048569435199946935
-1.4670807912151154,0.12756183086115458,0.21763187433623418,0.07875412838325119,0.32407815170532084,0.08158976236064604
-1.420655128675306,-0.2538421690304903,0.16072685652270613,-0.8589359164704442,0.1593247031168477,-0.3044353094303948
-1.3745918345515327,-0.17229333831967822,0.36738000198612564,-0.656118220002545,-0.6211502793781813,-0.5099680316230993
1.0876981617954915,-0.2481678479376959,0.19700820157180676,-1.3341985730467973,-0.11374512782739597,-0.08959781826033592
-1.1231735379560275,0.06973057733486134,-0.29434374663024,0.05339791870298974,0.7190723607537844,0.0775441392607149
-1.6436117983721583,-0.39213670207402973,-0.32890347616085525,-0.18289456384373148,-0.2447629350231824,-0.23877982741357548
3.1422827390582535,0.2283807775111935,0.13462963471561346,0.8605161634942597,-0.49069280863974823,0.4671461208220014
-1.1409871784590286,-0.09980770099566598,0.37328693661163603,-0.06802651048133304,-0.7300313010446703,-0.2623705834799303
-1.408473013318076,-0.0889747025837526,0.09438015979122243,-0.38140881674406885,-0.005219595098647437,-0.2263235412227025
-1.7333052112153002,-0.5410157204067323,0.06806457607774571,-0.5245027119511361,-0.28558288833961165,-0.06800049406758356
-1.4950584582704864,-0.6219790328958655,-0.08281946186803223,-0.2575873711159454,-0.6308934445817325,-0.14107377499648327
2.4194921527040134,0.18821400767276422,-0.5653092803123538,1.286659996155204,0.7159328124037362,-0.19240488722910914
-1.2552027799568182,-0.4626133957790956,0.3345274437843359,-0.4422652546350545,-0.6074838460805565,-0.3284907094902479
-1.2824056571666442,-0.09586750726744493,0.14463165098992642,-0.5781268845323939,-0.8686033367503155,-0.08873134356110204
-1.4085803526986003,0.5792587302694381,0.4745865854249608,1.3023261416763994,0.52937532427616,0.17265291762694535
-1.542325242291713,-0.269805149470386,0.22518282560537203,0.055930453696716086,-0.021188144368930514,0.4114010511330121
1.639793286846463,1.165851245661528,0.34971218854102587,0.02357265868742869,0.04116959108335644,0.40782850181323343
7.1047384375159375,0.39548951699809554,-0.1098278713999959,0.15100384963723018,0.06788924319106056,-0.23066767552642323
-1.3662353892141874,-0.682074748246456,0.685048637817847,-0.17402547662139153,-0.09908230534651713,-0.13446795608250017
-0.057459876958209984,-0.23043509398570383,0.00947965004292706,-2.2971197752527757,-0.19850117505571757,-0.4949187658631447
-1.4696582150072275,-0.27871450283862687,-0.06628278310359657,-0.4450977035097744,-0.6390673312526195,-0.192577882325921
-1.3957503068390045,-0.8231127967928211,0.18879231444962366,0.04680958014550109,0.14788656901670635,0.0007385742007283395
-1.6833648926010403,-0.6451298608134933,-0.03943815838485352,0.07763538579153119,-0.5518483661877258,-0.27976635039743286
0.15858559033278535,-1.0088988620573178,-1.1085849119642286,0.46484835338742453,-0.7516130764208632,-0.17689775810435068
-1.5459076257947444,-0.4670427803863046,-0.5571532150353102,-0.3351116767799339,0.12897005746423876,-0.2907948932625181
10.046495340419725,-0.013890016914244805,0.08892336620866723,-0.06878033811127135,-0.15984178088029058,0.019576669738894527
8.753288778087882,0.04819605331636107,0.1710536449584954,-0.07593860942205696,-0.06318979135748092,-0.3050132704787236
-1.584379935920388,-0.9417212990920654,0.10675614868520308,-0.1948292727183665,0.07736483466467442,0.04082119746615019
2.391006474388063,-0.011555553802580176,0.2918759799997071,0.7596643482862435,0.13224193423387645,-0.17452328146182602
1.558945696259685,0.08843988540070141,-0.7976562321049483,0.4285021890665708,0.6064486566410416,-0.11429206995643029
3.67099629081411,1.1511865944622937,-0.15494319944172458,-0.06668068154608404,1.008030029407478,0.3171812969479944
-1.5698689314128902,-0.12012190276191735,-0.06689282543105912,-0.48982082729886894,-0.6925619316828603,-0.3623172290553543
-1.6708706240107936,-0.1672383603820235,-0.012022325045100259,-0.38359918778254276,-0.4451420527553282,-0.331809903229302
-1.683437120532517,-0.5587025394252612,-0.20162234675863142,-0.44248695140432387,-0.10492624501281234,-0.2842261512567579
0.9595820309514836,-0.7003486439990283,0.6721536234816019,0.01671049362699487,-0.4406837705751058,-0.2201618472930002
0.36452717770914195,-1.1325224794358641,0.12441609665500084,-0.15097202951320315,-1.7839744102186026,-0.5937091547102897
-1.2731956176893113,-0.3055662234760334,-0.015401241345575396,-0.4414858729495338,-0.289668849204032,-0.716280751035193
-1.7949743721820348,-0.5979737102385987,-0.05547632040031021,-0.4638729015727599,-0.14458172194447003,-0.37751333781458724
6.9610197076610865,0.05333722005725992,-0.9413070641656734,-0.006025779312477404,-0.13078242494751038,0.03409375645554008
-1.4710882017293656,-0.10975115099677617,-0.3834385448404049,-0.05277460636458582,0.08035739539166484,-0.10618555913685399
14.140035718276929,0.11511116812479981,-0.26363535850457986,-0.09740824537336817,-0.005236582263580202,-0.00500198660273014
-1.3103829867158219,0.15198447642206958,0.7923137408154054,0.11610871440343122,-0.21672719707388946,-0.00784542305540146
-1.2670288059853687,1.8403211087551303,0.3885262715016518,0.24573435365845722,0.5429490962451703,0.7680328539033754
9.832019857918938,-0.009959410207701927,0.040240177181582175,-0.06695204601784459,-0.1428538458641113,-0.010601107806332066
-1.4971387666758076,-1.0913703805390795,-0.39196327151813076,-0.1459894312557707,-0.07447651495465471,-0.16435136560237018
4.7195302781685085,-0.6171155452536332,0.013437955695011888,-0.1483521210310318,-0.24299128289995034,-0.24478156657358122
-1.6606383070055153,-0.18298300371294926,0.011811440182186422,-0.2694620416201865,-0.3726848012183463,-0.11078163288142416
-1.4404049639404908,1.311237743080884,0.048671146061661785,0.7062897943344024,0.9153316279751263,0.5250905222826889
-1.603386420290625,-0.19411506136574325,-0.3907426402225227,-0.23097631216793882,-0.032650852787481664,-0.2395156740749153
-1.4942309636450681,-0.7375344877140501,-0.2818343032919977,-0.2914444015142097,-0.05677716610371,-0.2048188132471276
4.93828585227742,-0.35251015932998614,0.04462827092305997,-1.0537141608928513,-1.5588854076412937,-0.11792008784790309
-1.4355970046106732,-0.4188220705680267,-0.42043108559878456,-0.53448774264161,0.04743556433032858,0.002564543572141575
2.9607148803407606,1.5020027277918286,0.5709974911542387,0.8763835221930192,0.9067296351182078,0.6268282947776758
-1.4416474895456264,-0.7208700245947345,0.017866143701136712,-0.36386972348862456,0.22038103832700792,-0.20653528198877263
-1.6396835785318071,0.20688041225139941,0.04717057816796873,-0.6045735908038592,-0.48237617140657557,-0.5599890283777115
7.791437213240148,0.3428709543724109,-0.30413722244146557,0.06752768739744079,0.22861996019778522,0.25289482792384727
-1.5041669745356137,-1.124382220335823,0.033100168384620106,-0.20594574624556466,0.0572029390333471,0.063601946598781
10.77784097458913,0.16108532539723894,-0.013866669292191913,-0.06853786529120397,-0.09885607820844515,0.045095238265966446
-1.4873068010494102,-0.5899273641981883,-0.08770156965968458,-0.6934589888984213,-0.15118242202588597,-0.1885269942320754
-1.3356286354814908,-0.22287174672890472,-0.2799274569240107,-0.39164948613164174,-0.63008279279046,-0.290137150233265
-1.505417722109113,1.1860075217104205,0.3825732942871175,0.06374728590393684,-0.7218761226321082,0.16277315346168014
-1.4564821367805492,-0.08301000727414386,-0.7349292569233298,-0.2600683384057373,-0.6070692784145584,-0.1649640390474302
2.113442634831606,0.1270532946778325,0.1262848667204376,0.5712840001757603,0.5582049498844267,-0.11103265300095473
10.310999091061658,-0.06754389029625889,0.09604030964246588,-0.02426255406290775,-0.04092456430743305,0.083951484690521
-1.2038665342595152,0.4793222664169161,1.2464589738414131,0.6320725111873713,1.058143140020527,0.1911427052299675
-1.5092129836016082,-0.5493049713366959,-0.05462566306595146,-0.3269775900331822,-0.43468063321766215,-0.312009055914783
-1.4226512074410311,-0.1888825784338726,-0.0644430705307064,-0.4462037241840017,-0.6779068129041976,-0.23575868934123195
-1.4025889876217117,0.30709370330643826,0.33989992016919507,0.8525264780851399,-0.2915249107303259,0.7847196998071432
-1.6000395529470666,0.029746457655936424,0.26232457421885114,-0.8619240175461942,-0.33621919583156795,-0.5386296804855645
-1.5428567998084524,-0.5292036804352849,-0.28175047145910664,-0.3501697933160795,-0.5311212585974493,-0.05554950764416363
-1.459082159210141,1.5120588969427786,0.7602728140011784,0.04993730606647034,-0.7209713694377206,0.36930594954740514
0.8533258613756969,0.9116619474920218,0.660754638261054,0.32507174606356004,-0.5235644780349294,-0.21971441795616795
0.8803535815434873,-0.3955449343570441,-0.15483316778504086,-0.9505012981710301,-0.13298630894446578,-0.2602526893189657
-1.53377291188475,-0.32101869928656573,-0.1492171254389429,-0.4355057277173229,-0.6583633957289903,-0.13881047661953116
7.902186018781015,0.4127450015479781,-0.06258891313259958,0.5009311326042374,0.4233150195785972,0.2541517295797147
-1.4648453416706588,-0.46661465351095915,0.26352544572797215,-1.0374390227469623,0.3164490003697122,-0.3694203345138171
7.128864696543234,0.027432052827828294,-0.30019812123344275,-0.33778333865680327,-0.07397725082959403,-0.06801024849548322
-1.3275074252047148,-0.024935493165624434,0.6428863963225061,0.0953060471706192,-0.2898128541104829,-0.461518870714523
2.4765621316845325,-0.4059398164922511,-0.2257523895819508,0.6843368907749343,0.17674761984314905,-0.10099997567224263
-1.6192246167054545,-0.12035222691469212,-0.5883262673292204,0.08560566986038268,0.19372490628372505,-0.14082393811903002
3.1422827390582535,0.2283807775111935,0.13462963471561346,0.8605161634942597,-0.49069280863974823,0.4671461208220014
-1.5415583935885309,-0.36289976670027524,-0.27902067121021373,-0.285665598285261,-0.4345990769788878,-0.297791806016781
-1.5718242892967087,-0.40237062652510824,0.2317544354243442,-0.42609280477715744,0.035137975977621326,-0.709558810209998
-1.304562641333214,0.15225691162232158,0.11624160642996657,-0.11100646253329374,0.5752779211535715,0.3236722795667999
6.222191308553841,-0.3891103726043261,-0.2808740885071468,-0.6798089699573405,-0.31746951052396055,-0.07319918140918635
10.046495340419725,-0.013890016914244805,0.08892336620866723,-0.06878033811127135,-0.15984178088029058,0.019576669738894527
-1.526103705037568,-0.8456893713155079,-0.8209173448133997,0.07550624276934526,0.34297719550420963,0.05544773390265116
-1.4631519701327456,0.017079745847650898,-0.16894727242825713,0.06245538266509317,0.012867841418667382,0.1574462400085129
-1.4307677524256845,0.5352914046059735,-0.31105843011517753,0.10002891192901393,-0.1168051373133676,0.05702169350691359
6.987774031776464,0.36839213103562396,0.1369440767252984,0.13181190081426106,0.06208518276346264,-0.25799431089054414
-1.3463282967594643,-0.04608283765152941,-0.13924738753493035,-0.23309886440284897,-0.25553877211965964,-0.10500032318094
1.7279290325689702,0.47812078487723053,-1.130612391247079,-0.034646404064121686,0.4095125116483763,-0.1548196937597952
-1.5818416705130163,-0.46714430633861026,-0.02156307525185426,-0.2891368769234161,-0.17471227172029438,-0.04370461063478995
-1.2266206293052018,-0.009725450597503092,-0.10087621035823756,0.18140622106148782,-0.04923102232849613,-0.033767770828716764
1.8497067777119942,-0.5971106329781227,0.6840301723837401,0.9577140445931842,-0.6612194494329124,-0.015241349052947849
6.048553585095458,-0.6933141133776727,-0.2708876481271408,-0.6593782984265554,-0.21325839929947854,-0.1832123960564428
-1.116555940922599,0.5435585913486707,-0.6118599475327741,1.4425200675945522,1.3260565025744204,0.21597893496391662
-1.6691892595106752,-1.2312112592486628,0.14714614417577243,-0.1860433055361973,-0.10403123514929118,-0.24217608170752503
-1.389506704523788,-0.0672507409271404,-0.17580002563300826,-0.049364760998346476,-0.30118457156504397,-0.08443563379122959
-1.2865568284884723,-0.11360848196404842,0.5039163458249009,-0.1013157280874228,-0.06847962737712919,0.08390522209628377
-1.2961466799829449,0.4238195963419485,-0.20384822950201015,0.651430436903156,0.7301282834169717,-0.22253808333089656
-1.6402887913627695,-0.39595153827526347,-0.04060584501643639,-0.3775171867116378,-0.4471824382822196,-0.3212907154481328
-1.4008336868357731,-0.10643803521092705,-0.43767257236636853,-0.5886786612812317,-0.4848386899027377,-0.2733790496348642
-0.885160948825244,0.8419994348492985,1.3076367138296545,0.41277661539155436,1.1085184488134252,0.04164836293868482
-1.5704791298697969,-0.3573889573274786,-0.27967216160136077,-0.2261299291015565,-0.40290598993834054,-0.30420593329209505
-0.9265234233851738,0.9464468863479262,1.6239084816209717,0.39189773772534314,1.1251785845785116,0.07110963156731052
-1.5928835583668624,-0.22604998587721836,0.26189220203941205,-0.08929221340792425,-0.01870541663160982,-0.5644313130461648
-1.5003771008554234,-0.45670803654865816,0.4269336076287377,-0.1556427172060144,0.27517189067376985,-0.9503562344244455
-0.8483399256619354,0.707910080076783,1.049096717195964,1.1487972079503483,1.2771350775572174,0.6246517899371169
-1.3935784186704712,0.07380735927566315,0.22666259653971715,0.3198773429760896,0.38783663011268815,0.23700269230233673
-1.118837121263757,0.9941015940372692,0.7161228131432319,1.49207675631837,1.1150492694320746,0.4218249548143874
-1.203667976904903,-0.24553134226249998,0.2459249306815772,0.8474592101662144,0.9538563512266847,0.5093730900690888
-1.1107065123859394,0.7527697212752944,1.3796691717084781,0.9423610812815095,0.21021395771647697,0.6791794239883634
11.052328091572544,0.15235101238693025,-0.01461165277457868,-0.098419828343747,-0.133215029388469,0.043717701421552194
1.3906503651717563,-0.4652627780468059,-0.01792135417759314,-1.396716348626443,0.3389004599459473,0.1590579440506015
-1.6166315673211664,-0.7737477941110418,0.21338243747574873,-0.06845341197391326,-0.2665741547678013,0.050143621592485886
5.7605384388102845,0.7779775025144997,0.5247032664868296,0.21952392127623083,0.034280632346108855,0.47737929418634667
6.576025605337432,0.3524057677845326,-0.9600126923830351,0.047809712042125994,-0.04683524369583287,0.09420030434803194
-1.4219489935340757,-0.18191851341839432,-0.4718194511118407,-0.5436577564801321,0.06369666868897461,-0.49067690324284324
2.497238832549448,-0.0060212852291010605,0.31596880877715483,0.7526630488682978,0.11355540956764434,-0.17585220655751124
-1.118837121263757,0.9941015940372692,0.7161228131432319,1.49207675631837,1.1150492694320746,0.4218249548143874
2.644235781925206,0.6398055371881456,1.0592091710571812,1.5062393743117521,0.09782472512935078,0.1703658755507907
-1.35321906364116,-0.271832010972875,-0.3498369153749263,-0.372038851081741,-0.19812081960546338,-0.08788334328010435
8.462934967414878,-0.052043108609635666,-0.12625342558826985,1.0359621907953904,-0.32544576021684557,0.032475441788290545
0.6605433814602008,-0.42199568051059855,-0.10292759197678517,-2.0484712761311257,-0.225741051883149,-0.3561227545471627
-1.308159602901241,1.2285547043470657,0.45344550483251944,1.2511887496928198,1.4224905276486246,0.6884143177294904
8.659910609880463,0.5782965190996414,0.13650925376112594,0.49856586008500625,0.45626899759407247,0.3453043188513835
-1.5637589360408004,-0.037154891096118095,-0.42401568580411375,-0.5793576734877217,-0.06374504959250539,-0.36739466098092743
4.926759285215042,-0.35636884349731013,0.11346032749810951,-1.059403408539628,-1.568215154487459,-0.11395231244823384
-1.3589036936407204,0.4565791282017643,-0.7550667347348451,0.03824366879668525,0.7817608292748912,0.035978345620832276
6.433703493817131,0.9151230196238481,0.26575262406443934,0.3537151729143843,0.5825583471614355,0.20910409367466115
-1.235534607223531,0.19815438766987503,-0.7446628327288113,-0.15156225238571888,-0.40352104793974614,0.07274715562607391
-1.41515850182176,0.140139112850337,0.24607775273404195,1.1706199819830616,0.10569471478010461,0.6519687348755627
-1.6907460943912198,-0.1166004716412466,-0.2907440272062095,-0.5296326813776016,-0.168518130520055,-0.2155736246435954
-1.465530430093753,-0.43899517698765755,-0.1279006114691022,-0.6827037575521319,-0.48373260571031657,0.08050756574914146
-1.4317811304059576,-0.13893808182196163,-0.1957465388472995,0.3416017642730987,-0.3911949496732076,-0.35666156015447736
-1.790618347746907,-0.46972940426771287,-0.07766340028268076,-0.5121895436575122,-0.29237695297425287,-0.2541830088243681
3.0644072278117376,1.0195594478890604,-0.21012125004276086,1.0478094600730008,0.8163647703912663,0.5299071407257071
-1.3834394491690327,-0.4467945146464682,-0.6161687363506304,-0.25510251974479037,-0.2393381917313453,-0.23042801409414496
-1.65780814770912,-0.9508573501152628,-0.04361345803680098,0.085672374825123,-0.11890528950060816,-0.3665746142948566
-1.5134487551935423,-0.2333743491223735,-0.4248467756180969,-0.46542072177044147,0.089720980978894,-0.3404327170315527
-1.5153997873998835,-0.48276265217371367,-0.1870618320428219,-0.577096812603553,-0.5251898704524942,-0.11817579876913503
6.397676841638122,-0.17865299992020486,0.2064077265897975,-0.29208443395171607,0.309520157595031,-0.4218231453345682
-1.0912788236080264,0.6010252577932323,-0.2043500024753113,0.9931422790910741,1.4482330378734753,0.048653271828855614
-1.567147461742028,0.2274425826482114,0.2402528672719108,-0.6381742069058408,-1.0236215596008926,-0.2714159627539502
8.574551760034392,0.5441812087504105,0.31503432613208165,0.45535246100645344,0.4312327278587988,0.3263992318052083
-1.2929346565741164,-0.08881117329196103,0.5190688285501376,-0.21894998768568197,-0.1515961429363986,-0.0042176968773147755
-1.7524457637419435,-0.386401371961917,-0.1193806403520559,-0.30155988544343737,-0.34090612061447423,-0.44241336440679313
-1.3620779533007403,-0.5490027399230902,0.43466233662048415,-0.06444876618127576,-0.23412735730968928,-0.22385434984435026
-1.5425211058002102,-0.23724466885814444,-0.19812878534680997,-0.35794500592321815,-0.7391230427206942,-0.24095903902995458
-1.2824056571666442,-0.09586750726744493,0.14463165098992642,-0.5781268845323939,-0.8686033367503155,-0.08873134356110204
-1.5826535232555266,-0.9612385437570232,-0.28235800483290835,-0.21558643164248306,-0.14408206550896924,-0.19365254495864387
-1.5297562501672277,-0.4039405259472936,-0.42427405063236456,-0.2026399042272874,-0.3923720521268804,-0.037990010783149016
-1.3599666173137657,0.06645684227389226,0.15257775912140942,1.0005584850348435,0.6664201018377597,-0.031060218943576898
0.5928277242575553,-0.44654014050059637,-0.22338810547645754,-2.0795251561293773,-0.17631708152181508,-0.3808118386807237
-0.9180175442507988,1.7844838551156454,-0.6601871126161051,0.2396151742907116,0.9307915993792066,1.4078800159923364
-1.2958179757668231,-0.48435923016528554,0.6399285024489574,-0.20604464894504054,-0.2212674936389649,-0.13352697281222167
2.5385063164526307,0.6207422391661054,-0.3615123084649126,-0.060670698552478725,0.5689979283757599,0.25571094107213815
-1.3577769118380423,-0.10126651817839097,-0.5950409792752687,0.023000111398155325,0.418579519505669,0.038743464741365134
3.201446571456391,-0.029388500189098343,-0.08034844318177116,-1.1956450867271906,-0.9373413943094563,-0.27781045457482473
-0.9138764970944812,0.5045635417032512,-0.27652513861697453,0.6093025498888174,1.9642101045015394,0.19383308708704952
-1.2008275631751215,0.4743722201878923,1.2417437692137423,0.6308240661399942,1.061407714587178,0.19363146215374846
-1.5759987086391436,-0.18315826302789592,-0.14049337339405155,-0.5538886974531807,-0.38878767614418014,-0.3340759813292433
-1.5888883053656384,-0.06772945799721085,0.1665365373874593,0.055105078814631274,0.20624914168112193,-0.030804825362153915
-1.0912788236080264,0.6010252577932323,-0.2043500024753113,0.9931422790910741,1.4482330378734753,0.048653271828855614
-1.526878353022065,-0.21811427874132752,-0.17899782651590065,-0.1436460443401092,-0.45786893664325395,-0.2052125470062432
-1.6234367052671257,-0.7093015732281333,-0.014828438968723434,-0.38208959604612736,-0.6505436362758531,-0.01722257265951673
-1.2173365342383182,-0.17375089923569434,0.49480158892168313,-0.004004573124000379,-0.6979233346067325,-0.2492328773410926
2.113442634831606,0.1270532946778325,0.1262848667204376,0.5712840001757603,0.5582049498844267,-0.11103265300095473
-1.6211886259734256,-0.9323444283243395,0.013485767419582266,-0.20781316768252836,-0.10808734406160217,-0.5267253782850418
1.2830564209232451,0.9451875205454519,-1.2982729512658688,-0.25343957095389186,0.18223707007744405,0.32880497288517674
-1.7063363363998465,-0.3846313568409708,-0.07832773403247162,-0.18351995020486134,-0.3317170464856294,-0.5420014387746682
-1.5392752106421896,0.09122194616788243,-1.2629100229613874,-0.17009280137698407,0.3991964030238178,0.06834609666458187
-1.4234923433248698,0.9688126570580224,-0.4930200695839405,0.22541783463600937,0.5516782139125943,0.6230888288440691
2.555382097194543,-1.0544476264204847,-1.3419131220606033,-0.03810245456196726,-0.907694483241278,0.19418428274759938
-1.6493807971925445,0.4189835801084392,0.4341739965311389,-0.07814759555934943,-0.2925960536912762,-0.008719610022524084
-1.4211776247149122,-0.5048631981354027,0.33430047105888794,0.09030465660661696,0.3316635363426755,0.1943317540785615
-1.4603313929690347,-0.02586995682510814,-0.10659452538914842,-0.2577153983343692,-0.23221594627782735,-0.10758976682357729
-1.727890219777919,-0.3796362439045635,-0.10205953777509172,-0.38571954535828523,-0.14397621752471185,-0.20542397161088174
2.5080202148690707,0.570185570089801,0.9159216193065355,1.490998363342479,0.11836462155814813,0.07105166544133636
-1.4061427897421428,-0.15733822742036496,-0.14916177617594797,-0.4296169887945875,-0.6471338161794191,-0.20569080973339382
-1.5670462247291839,-0.013211176752762234,0.2647201445529602,0.08993781627683092,-0.273973206244493,-0.06361875717595543
7.314423140632393,0.13797108032020808,0.31377337692747304,-0.15025785460172394,-0.04565738847575226,-0.08679659621946627
2.625051783451516,-1.0559392825084688,0.19377120658485986,0.18966640682972416,-0.8748993425355474,-0.35255784569647336
-1.5577568471087009,-0.5833580550226624,-0.10200566640003231,-0.46061778269684794,-0.4258893271673263,-0.304764685757173
-1.2357518315659595,-0.2561399037805835,-0.4322070583466563,-0.22388302578927127,0.24669216807315136,-0.6156514355613848
2.6668655313785066,-1.0159512305603853,-0.8895692529639998,0.031480387829150594,-0.9305015497058738,0.20992741507710788
3.4076517995224203,0.013487152388510395,-0.18276486592221453,-0.9556572803256735,-0.7848909958992875,-0.2183049304867602
-1.640055349452785,-0.519020221672676,-0.268226434123144,-0.38747032621721206,-0.36302571298419856,-0.25659431970272534
7.003366852231313,-0.39613324574728637,0.2166554255572087,0.019156796253273073,0.1425452800106205,0.07873704706813592
2.3434066173768278,1.1087072836027314,0.2326501641283605,0.492785490801983,-0.29160061030150425,0.5041336597686576
-1.5648132184181136,-0.5654731330640642,-0.12471906605987419,-0.4550940946258568,-0.4298803715531911,-0.2944124804316448
6.076354057312684,-0.6764343285923526,-0.2526685819940458,-0.5780320491468737,-0.18451892252405297,-0.12961864560480574
6.062212199589454,-0.11057321506558083,0.2756859973744307,-0.019555790299295252,0.09188805316588777,-0.29784111322347934
-1.5580343508418353,-0.11907795750886087,-0.3878627891257224,-0.35125995149773565,-0.6135160163091977,-0.23823201416697504
3.615213848413958,0.21478819281806377,-0.4030364088340692,1.252626169743071,0.7597875346318984,0.7628884750570628
-1.5626671796887623,-0.5068310120826921,-0.2837901580954268,-0.1603611519579139,-0.4101834449047447,0.08092976372366213
9.21969360332812,0.45059375036907395,0.42796951146612394,0.01973032163648713,0.0871207280784811,0.2996118199174401
-1.3858517142369582,1.5685151670173059,0.19824855489413767,0.4954201011314208,0.08225099519173876,0.484073472459291
8.054714806251553,0.4974768447805051,-0.5519610329927945,0.5517450511926837,0.4329477559311586,0.34587492172908174
-1.7216410597571814,-0.9075420794561256,-0.12706874215341835,-0.17773933373777762,0.17871102693470395,-0.16703747279800127
-1.563131580970272,0.038570702371145196,-0.6701385805826331,-0.009991894806709926,0.009840631193824185,0.1987939604228002
-1.418352831281189,-0.4511979822247676,0.2804414137913444,-0.5406261949175702,-0.3712458406593165,0.08602242764139213
-1.2147149929649266,0.2203057405539643,-0.4666983722103799,-0.08454539748469082,-0.3055030351581093,0.1520693181685418
-1.48179286391608,-0.37329828014295763,-0.2698889191463845,-0.3919600263769576,-0.1363845171897323,-0.032982763793606346
-1.5643368138572675,0.11364159989278222,0.43827944691968895,-0.0034361122375142624,-0.5683092951064002,0.003706311823210935
-1.3117882307460809,0.8021313833245097,-0.20458497708098522,0.18430490019870557,0.593173704678421,0.32120550050970925
-1.4230942828244493,-0.2517641750847874,-0.004011280651040161,-0.38516496478587015,-0.7609850189232845,-0.38275610742803967
-1.6170788517362298,-0.3340012662053749,-0.024559380436039835,-0.14521254546211454,-0.23023243759127957,0.050184295771556864
-1.3362978542393031,-0.06884870059531756,0.09672030837648467,-0.24576761329165592,-0.3216679569551263,0.13597374909931997
-1.6980076302718532,-0.42341607144537047,-0.04631184948745102,-0.2655680919177433,-0.5595014050367093,-0.16344052620422295
-1.341262438796106,-0.1249415477390068,0.2645436027510347,-0.608954349923758,-0.9072368453089913,-0.1088260353037783
-1.7941500516994437,-0.38011725885308134,0.26047718563254224,-0.18142525420518693,-0.3479172470281517,-0.1947434960682047
-1.4213293204939799,-0.4403457242295904,-0.7305819586156151,-0.1949949008017857,-0.2874335990026755,-0.13648755233280307
-0.8894568283250228,1.027502876288416,0.015913556580543196,1.5555224310993196,2.294182641534501,0.4155923274656144
-1.6192130657123742,0.2874924491316728,0.2412357610141772,0.17145654701953605,0.20923875580057302,0.35927887746457515
-1.6961447348345386,-0.1403759724137118,-0.010711877906957037,-0.23803309545337348,-0.1906367208190184,-0.3740827918780486
-1.4796558814640643,-1.6510418761008165,0.10113327009613697,-0.3411105350635289,0.21553935609144295,-0.05595590507920103
-1.2650733379557877,0.002158972003066626,0.40420117260790633,-0.26074887557737825,-0.4647243963874838,-0.19250727037184415
0.4246716420579858,-0.17889017544873678,-0.05493752797191954,-1.7427721445823603,-0.09207440890302983,-0.4521795723977792
7.276728625503509,-0.28591584363218875,-0.04030328745132145,-0.09975557469719223,0.08207334694351733,-0.06828337577305973
-1.5137751944049516,0.018404995472097514,0.3402130188355315,0.1212476271560974,0.31448897341557563,0.09065431543138196
-0.9244253967777533,1.0275919762397203,-0.3045198614942112,0.3004459015973349,1.0070547337738014,0.8554424435468241
-1.4094609143609838,1.5744062344675807,0.7071055791845885,0.06439544086238222,-0.6583264081680743,0.4077408619520617
-1.6393854060703015,-0.2368171806678998,-0.05986196275317821,-0.2417945178889716,-0.4547393106611922,-0.24448846290461707
-1.3677782180304667,-0.17665969400204629,0.1480343114598931,-0.347466527649442,-0.38520065483538407,-0.1905184534895933
-1.3480679932069812,0.13694186518188103,-0.14114827861936075,-0.001024945817473262,-0.04873070077194225,-0.11314730766784423
-1.6431649857019914,-0.8826140622216028,-0.6671399715968626,0.02062042143929655,0.03034393792401538,0.006068375288547107
-1.496010112243514,-0.0357994284483686,0.482466049782413,0.7347340623941219,0.44686382944777375,0.36743747403759386
-1.63712158682068,-0.20972760885593061,-0.25407868034684883,-0.35766363215035346,-0.47260844161148646,-0.2658692133903857
8.96568249751922,0.39511575359000367,-0.011496455732768314,0.029852126118113248,-0.059915232142866696,0.2056887808681317
4.7062663920563965,0.4527708192395355,-0.06673257414435922,0.912055604727123,0.016845703484531183,0.35448706315603234
-1.65734919218822,-0.3239015944075547,0.253376161900105,-0.06476850845885089,-0.05870667732138794,0.05573770771974231
-1.3356286354814908,-0.22287174672890472,-0.2799274569240107,-0.39164948613164174,-0.63008279279046,-0.290137150233265
-1.408185145450047,-0.29218011860390347,-0.5645636634080347,-0.3956727280110252,-0.333400592270736,-0.19914564991986028
-1.617101690469388,-0.793249486065534,0.38160416780821493,0.19131370307373913,-0.06706265028092823,-0.2839902106758891
-1.5260668406827582,-0.9554504187343698,-0.38687328762685075,-0.34831440999296065,0.10687806895352582,-0.25643684246694926
-1.1584136354383152,-0.005292096446900784,0.3053009385932707,0.5279321581331249,0.3596040552043898,0.7065268727498809
2.5990822734688983,0.6003788021274243,1.0876660328362646,1.5372595798805933,0.131941832207397,0.09624163306527471
-1.2626096553683428,-0.016215583012427457,-0.4267914206744564,0.03989837547395027,-0.3267578014337768,-0.027550268284231835
-1.180583874388803,0.01974362772537675,0.10484229669588896,0.4547585422001737,-0.39784646244537736,-0.2202476615734881
-1.2621461016918765,0.3772248470021568,-0.12176422040340865,1.7930855590089245,0.7495603718860611,1.2458207055093087
-1.5944607206073957,-0.6805082448272913,-0.31511754474910547,-0.00596800284093406,-0.20190802476462327,0.03728897221635287
-1.5372393952780878,-0.36607416407404103,-0.1959843391147279,-0.37764699828136883,-0.4233845522837032,-0.1064145307728227
6.164703564574043,0.2680944819031806,-0.2208243510524877,0.06055234346207868,0.14932573155963902,0.4610096546707364
-1.492632188068368,-0.30126580409787446,0.15262863684803826,-0.46380572396839315,-0.49346558385031697,-0.31807689197100425
-1.4307677524256845,0.5352914046059735,-0.31105843011517753,0.10002891192901393,-0.1168051373133676,0.05702169350691359
8.500634820164347,0.16013869967821912,0.1475716676502624,-0.2674506778916078,-0.014430594957494073,0.11272247204987655
-1.6233401604801299,-0.4890843961248302,-0.15561053975839734,-0.52305055509445,-0.08884532431760325,-0.17652174787094568
-1.6037623715887372,-0.49157866116161747,-0.16513380863132732,-0.5032497250129453,-0.18358631718158533,-0.2170376441561102
-1.3778219318356417,-0.10024354852156535,0.06138569002720467,-0.43535760093305637,-0.6245920482519339,-0.34907273858117777
-1.6437020613038726,-0.18851941498089045,-0.13488247936470346,0.2791442537048843,-0.692770737852517,-0.2688938597479278
-1.5757766080335094,0.74477638566347,-0.2412119814551904,0.019452596908399483,-0.4305839075220845,0.03192686477819731
-1.5646559800919309,0.9212160430975455,-0.049133306839435786,0.1394817653632706,-0.6172600974156015,0.23920712563165683
-1.4829174345228018,-0.27992129229455537,-0.1385535732945598,-0.3786299684763104,-0.7148916557406918,-0.2684005554947731
-1.609250718897526,0.014650730945582965,0.048859682805648515,0.6375782098819137,-0.17873649375028794,-0.4223317461876558
-1.5046603088136679,-0.23553679521626802,-0.6255122198300072,-0.4622592887999793,-0.3116246013711973,-0.2317262097347458
-1.4086092537826045,-0.17594250240488915,-0.7291484808418142,-0.2933824258716024,-0.47457800690338964,-0.18961326015101018
-0.9048713210124767,1.1087280416558636,-0.06566854208463724,0.286162243799857,1.0130322606959625,0.98920589570457
-1.2779413846646894,0.015179248982145494,0.40171356503497324,-0.1840286219962577,-0.4608065671736787,-0.11076882326923863
-1.5321992622652982,-0.5608046814153881,-0.06679753066477531,-0.344490542275413,-0.40244908833887866,-0.3922461126685239
-1.5379991652481941,-0.4024926756458585,-0.34616098073612134,-0.6014582366035888,0.06476589855543208,-0.5343439349567869
-1.3864366421921215,-0.18977599090876907,-0.061634743713941266,-0.36083704876081746,-0.6189699536203084,-0.2764858633230281
-1.4865191217468239,-0.6188135432082963,-0.025948756795056243,-0.24119020480759978,-0.6094416065108597,-0.0990733111347685
-1.5818416705130163,-0.46714430633861026,-0.02156307525185426,-0.2891368769234161,-0.17471227172029438,-0.04370461063478995
-1.4994476987994343,-0.08293996111033954,0.04519602970298904,-0.25330038198543103,0.30725433151470555,-0.14072674258519166
7.221489770385373,0.03328992136303327,-0.10586053203232115,-0.04043881845130372,0.0008344300253041833,-0.022671832371001708
-1.5229127047436315,-0.4218388130255975,-0.5082114212774129,-0.40149666568304976,0.08763017918814375,-0.2762401315239923
3.5614549684390595,1.3296991417669046,-0.869386575826011,1.2088170630124668,1.0061560301614987,0.5995417224656392
-1.386213243402074,0.0007502144791356533,0.8352960047511632,0.35310304320326713,0.3669458771662952,-0.0773706931505831
-1.2423937386158665,-0.08690485657742138,0.20337923211177064,-0.006481990055210177,-0.12878238063159603,-0.974679176123937
10.299640969895291,-0.02055715388745012,-0.0539223841865552,-0.11350672799952793,-0.1919499415529035,0.03798656464417692
3.6754473597947377,1.1676220908800483,-0.14222631252203463,-0.10675001362133964,1.014096629873436,0.31758057623921265
-1.422166826640947,-1.3725547663178845,-0.4235335385876395,-0.16933127124125552,0.07141718860218708,-0.06410748959486949
-1.5756184548104768,-0.1659570429795666,-0.13258928275482879,-0.35005978660593695,-0.8092849604425928,-0.33437785537001025
-1.6509286386430404,-0.2716409755607576,0.120260434971984,-0.14210848555303304,-0.2655377278912223,-0.48269888895196655
-1.3151783741248146,-0.06731745178592073,-0.37341361859458766,0.034878601544776074,-0.24750272312152102,-0.1472960353613445
3.4076517995224203,0.013487152388510395,-0.18276486592221453,-0.9556572803256735,-0.7848909958992875,-0.2183049304867602
-1.0155618670409956,0.2752853519562088,1.1524051024316857,0.40317213367923793,0.30292272852505364,0.2567991727714733
-1.4777497420984647,-0.08453535327640688,0.1675298548452566,0.007184309769978115,-0.314680325322006,-0.08510623782285663
-1.2769970814115743,-0.13976238828503207,0.04077538285523574,-0.15832448225942852,-0.874200176176514,-0.38198257861757545
-1.6633572900506934,-1.2285270448532093,0.06052396841062433,-0.12634962649695133,-0.08260435581398884,-0.2246598054178027
-1.1338412255529464,0.928910271968664,0.43413453151177567,1.467670153387353,0.9044602641555004,0.3431335909467064
0.4259299209150089,-1.1587218317980714,0.17676595388466707,-0.15193039950784726,-1.8066569708228157,-0.6145109703480927
-1.0694311861073207,2.4550687653048002,0.8724900835276126,0.4566613755609417,1.2232815041212834,0.2673670126433219
1.6481999512784862,-0.5858831322568364,0.09886738899961675,-0.6821892380830655,-1.0058747676831827,-0.2971405118948667
-1.739826285455114,-0.7433249681320204,0.12793919295120193,-0.07084981911113987,0.18540534201233327,0.005492986144773857
-1.4005881148218682,0.02840502985503065,0.08363591118297437,-0.17664705696968921,-0.4342475351788396,-0.014634980946237913
3.507401363937471,1.3134443681417198,-0.4713040972778696,0.09595006005481636,1.1057056853070348,0.3740338568667243
-0.7612075442007721,-0.2857109813443841,0.36514700298083724,-0.8742462340105988,-0.19308842133233353,-0.23397863916030606
2.3386492865116772,0.16374644443898345,0.8851276461865696,1.3324266993473513,-0.03447274801264207,0.17490090578754808
-1.638276576182569,-0.12325006916658475,0.09444268122340689,-0.5134908153584922,-0.7186845734488453,-0.41696520404549536
7.003366852231313,-0.39613324574728637,0.2166554255572087,0.019156796253273073,0.1425452800106205,0.07873704706813592
-1.461293911913816,-0.24888674336072977,-0.5880200101190525,-0.04012571936246202,-0.032668686053635126,0.6310831743424945
-1.2718123840223767,1.4349377188543766,1.1134971715539124,0.3696300876742681,0.015998216569671046,1.212374337299333
-1.5848024432295218,-0.6652545065710406,-0.40416764539518923,-0.020103007714340315,0.30157191874269845,0.04539026188318823
-1.6624473798003665,-0.5074915549877033,-0.007541213054433673,-0.49186611666388086,-0.16569799199912733,-0.2513419773971905
-1.5964036420452863,0.1498348942778686,-0.056065013745173795,-0.4892229247488662,-0.5203517317002175,-0.16208559437843176
-1.5827633465513677,0.06210704383988749,0.1994739348088485,-0.1430227945887645,-0.19304549727702994,0.02047052707263456
-1.4143083116330906,-0.2940383801374054,-0.07574945894557931,-0.5332820922656178,-0.5342065100994788,-0.2882305804178817
-1.3998122831572737,0.7929208346609676,0.6373272821820604,1.1619243499775507,0.8460749782458981,0.07599469225824972
-1.6021191717723544,-0.3925094600770037,0.21277937438788427,-0.30610293294629204,-0.3503601303952614,-0.3031862891673645
-1.3230753151999282,-0.5022107624026195,-0.47903700348199696,-0.6277137039577624,-0.039174685242856035,-0.23364990074603081
-1.3536742820177259,0.3169637466384111,0.5217696892581499,1.043178678265599,0.8519944515953758,0.1749907412660662
6.321528810376268,-0.22724470694512713,-0.38644790417070984,-0.5227524049600079,-0.19295882188984315,-0.41909699796549865
-1.5327844926289325,-0.27028872270813914,-0.658737183559672,-0.5022309931963076,0.2978855324018554,-0.4789261816586833
9.19025335318653,-0.002919267424486184,-0.34736536730270323,-0.20673780887377732,-0.08373705610383701,-0.24599871709837665
-1.5508729069912428,0.02467146454558775,0.3711670047335837,0.12587441217214917,0.29403035574351877,0.025405698440817265
5.617497870384402,0.16616422005189474,-0.6192672572196414,-0.16184924629569292,0.003482636546159212,-0.37216832396192273
1.6374026296089952,-0.4780012429879939,0.4677419271399783,-0.6504213839199599,-0.042444081647394154,-0.29212535581748805
4.642009010398047,0.4684407557964952,-0.5625226492737435,0.37804031125772236,-0.4344481833358094,0.15796066355567523
-1.4326660624536318,-0.2229682798167715,-0.3253253626962973,-0.3972717380878473,-0.5280787229402354,-0.26851520391908307
-1.574049315055626,-0.053997633768656114,-0.6749399314148138,-0.09211629990725372,-0.22773940909738374,-0.031233725725998508
4.642009010398047,0.4684407557964952,-0.5625226492737435,0.37804031125772236,-0.4344481833358094,0.15796066355567523
-1.678375599927688,0.11507006024547638,0.44282818237702554,0.03848945298303002,0.23472358666236579,-0.15452223509490384
6.668193944373152,-0.3214209501774163,-0.018374762600166114,-0.2668867973222384,0.20229854568036038,-0.33812307071080655
-1.5735978986953312,-0.7245264368903681,0.3331924193388564,-0.16378901358591405,0.0719982991410873,-0.19029718256193454
-1.5090981535569075,-0.7405623463625001,-0.6143600381653708,-0.11486805538134313,0.12731528261634167,-0.283857491107562
-1.6877333566403168,-0.3098405296372808,0.04977807281028794,0.08379283814735634,-0.7235655102751407,-0.38190261517470275
-1.3401446067878413,-0.2060373925247673,0.2612499647442612,-0.3091657858340631,-0.4913142413176213,-0.19695753678222844
-0.3509772024616146,-0.7625511634349927,0.26805749116183053,-0.9755927772770572,-0.14897215885750267,-0.2499032688534393
3.700929115795215,0.6106441178485764,0.4440489861845752,-0.15808572870467175,1.070571389549599,-0.09390288174285198
-1.127402264510281,-0.0811587150121899,0.48014754198437976,0.54202416352107,0.47040882669068207,0.5322928028017
-1.5902541257169034,-0.4608043536236303,-0.38047128611873227,-0.44250299905766066,-0.37278613951059647,-0.18757346012521003
-1.226604614131791,0.8263697983043732,1.401955233385823,1.4304536197745508,1.0351319310001517,1.2140287402659509
-1.4894808722251187,-0.22862490543309102,-0.2342287403491263,-0.02689499469139199,-0.2677521876603887,-0.05096386966040104
-1.3570026690718402,-0.3040316787352464,0.08866788292554859,-0.6047266732029739,-0.6189564632127346,-0.2912778658356151
6.250838678646557,0.9670978182868679,0.19115542460009347,0.36750174816438236,0.6403898823993861,0.2597939113537138
6.601478174536211,0.1193849294817328,0.39023351076210716,-0.31031352438377074,-0.04958536430694405,-0.07048969597108255
-1.491915458993448,0.4371446158441401,-0.4744857904278967,0.09661475098741318,-1.051428482462068,-0.15919268887999508
-1.2842443411757318,1.4448245655286476,1.0895389034988778,0.37178727205199424,-0.008270777009095518,1.225192254688725
4.301284214523389,0.21818675303082743,-0.3218623265993013,-0.2872843752140318,-0.685549079270908,0.11182161378035572
6.432999781524201,-0.15881772212572873,-0.009077450770180259,-0.15921664828714202,0.21623700429758122,-0.6859398579569317
-1.6744816649232475,-1.310515663833756,0.04231644232323712,0.03809990948435905,-0.32820304425256364,0.4699038622342153
-1.4700260475304998,-0.10237211130342762,-0.534538664270464,-0.20163218836178434,-0.3637515418149405,-0.16490573334533037
-1.2008275631751215,0.4743722201878923,1.2417437692137423,0.6308240661399942,1.061407714587178,0.19363146215374846
-0.9192090133477214,1.6868239557235754,0.08134492210417403,0.22157938127440907,0.5032508015337355,1.4272209803112161
-1.6133138794460855,-0.061963781144725186,-0.12185688913080012,-0.573622583099006,0.13251688849487328,-0.43182979433381646
-1.2824849020864588,-0.07857138093651352,-0.46255046679584494,-0.0573309626361745,-0.3351953126676423,-0.1895391918649903
-1.5776877938644376,-0.6352612355272363,0.0034678923192589177,-0.39725447093273275,-0.5273863223557285,-0.07727816897112118
-1.4356179663425306,-1.391144565182644,-0.18839267860999964,-0.21065442046194807,0.3309640105807546,0.011539653982747528
-1.2274694753434436,0.1549134181969942,-0.31459097528348057,-0.012784428990685529,0.4917657692898233,0.22220302088048105
-1.2873730408002413,0.1675464426085099,-0.45506251821887095,0.48277259531968686,0.23561880047159467,0.6282021845575128
-1.3851076808246432,0.4266793433931205,-0.640181896434923,0.08538228737799203,-0.8544778533532835,-0.12660895248333595
6.182691643781016,0.5870270383121753,-0.14350387074907275,0.4816924911426765,1.0019614110251673,0.3381679159214451
0.06824614775721279,-0.3287073408845328,-1.0279851142990264,0.6602533106456715,-0.6788015923666028,-0.1765820987198949
-1.314496028395719,0.033905259030608884,-0.9606860100157756,-0.5305623969075965,-0.01236530342929886,-0.3275849465612481
-1.3127813257691066,-0.1999711034169085,0.09621439968245053,-0.2304212134785094,-0.8086102835918241,-0.7843951487800425
2.538225357377492,0.2117453549299253,1.1059503772362742,1.4392351194685502,0.1198729940420576,0.23327843470929255
-1.3778408617941404,-0.3618290941012184,-0.36594792070116633,-0.540607352986548,0.281556830850657,-0.3514957002759775
-1.0919524624549601,0.6545145108172467,0.6509062651972428,1.842063390556974,1.0014919829892424,0.45660312115160445
-1.1579843869311746,0.9026763528171068,-0.09850286928250458,2.4893610017191583,1.5681343915882242,0.8173797023536536
-1.7225666236716541,-0.33113220823074563,-0.18761880346628954,0.09463456483865312,-1.2145532728066586,0.12927290784436507
-1.6140119568611158,-0.7058648035349553,-0.013397475969285463,-0.3890909041159445,-0.6567968204334452,0.0028736928777811834
-1.6593866044954406,-0.5049616769053439,0.0724331422203758,-0.47277696516667855,-0.12363488928457712,-0.2512033015886473
-1.6429601402392964,-0.20376324393552528,-0.4403245569260938,-0.42686611725699236,-0.2917069253415265,-0.252635035078871
-1.512434453791292,1.1278255746975183,0.0026547719158109815,0.5722894562871284,0.8434657570554804,0.46592841012884195
-1.450503649935934,0.27793184106559576,-0.23045634371597615,-0.16051414260959987,-1.0962965950566026,0.07668358753165751
-1.514054208333048,-0.2983365737400158,-0.38882083742131685,-0.35236515488458786,-0.43506173878481136,-0.25346427447510045
-1.3908568182520469,-0.29908378356489845,-0.0549573980448602,-0.4039304919181841,-0.9803432504540983,-0.26375625808545244
-1.5113970541428041,-0.3222707656104843,-0.3000481164539544,-0.4277133927114829,-0.4438246708301098,-0.22111932983919347
-1.4429548912520893,-0.5078637538930852,0.3172159643311737,0.03660004464195965,0.43886954560527236,0.1587475350933481
-1.6492056141843345,-0.5388111616616909,-0.2250510505352456,-0.4472309448586111,0.08708813340562095,-0.3738236614545894
-1.3393436319976988,0.4127651259831683,0.3302925459377463,0.8168153333128567,0.3944772955759561,0.560091846865515
-1.2387871004270687,-0.2712281266704573,-0.4411076460624862,-0.2297187032029989,0.23448288096701633,-0.6257021265672731
-1.6289838914934938,-0.5024217861073514,-0.07867417695739372,-0.34871794510064696,-0.6125889583968017,-0.12810095826450005
-1.243675372176343,0.8233770930232647,0.10863158099637138,0.08320268167214262,0.30631560334716673,-0.11707364604042887
-1.490007885957214,-0.2924726366481509,-0.07755517490824483,-0.5446851798108757,-0.42304595920251825,-0.5574557796571163
-0.7716036326638205,0.8928078948196828,-0.22069771770286525,1.1788412288690935,2.173682619658675,0.7764362181536054
-1.3470310251767061,0.10155695650909644,-0.25904041296916275,0.35340976719710127,1.4016799244173932,0.2568376259537952
-1.362753979766883,0.30101257554422445,0.5189190818750004,0.8264296209104033,0.43392099104501064,0.6415072746493038
-1.70816584686373,-0.39696504909959257,0.042526387964154665,-0.15629942841494554,-0.32926220921863464,-0.5387605259507451
7.752986327047641,0.1683068702078386,0.7973265213861722,-0.12302622305690983,0.02094514930426323,0.0004930317212924587
-1.609250718897526,0.014650730945582965,0.048859682805648515,0.6375782098819137,-0.17873649375028794,-0.4223317461876558
-1.6211886259734256,-0.9323444283243395,0.013485767419582266,-0.20781316768252836,-0.10808734406160217,-0.5267253782850418
-1.6425660549428387,0.3100600065355679,0.2529376145717355,-0.20945617304953998,-1.4376187082030687,-0.060887087005866126
-1.0109666258110421,2.8426440882143855,1.3613759640154244,0.5089436151079026,1.3994121214717912,0.37028974753282823
-1.7234767982646904,-0.6411450206790519,0.15013780396726603,-0.24874024770504008,-0.5721195908284603,-0.22335707318847875
-1.469055011349749,-0.5941317804791746,0.22708965289227226,-0.33090473675495347,-0.31678932789891606,-0.13560936588123323
2.4639231380559807,0.3996269795600621,0.3551145466575415,0.5929438948869827,-0.5014452460693921,0.44253465501483424
-1.2508814617781725,1.7719446999334079,0.6080282983539842,0.3706912834566432,0.8546248834914931,0.7095461278237355
-1.3821919499001853,-0.1392777786814662,0.280954023644764,-0.39445231965385946,-0.36437302039002706,-0.16303212002964798
1.6800881871669722,1.5188096031703402,0.9753416213934126,0.5639389718227671,-0.10852272813310027,0.5419126213077152
-1.3547823512825896,0.31420933523817113,0.48439733346968145,0.8630499539455653,0.43409174897374453,0.6249074542775092
-1.541050451322477,-0.5308657088435226,0.19201949448558997,-0.1361864814435244,0.1601460645142356,-0.09987154552886307
-1.6708706240107936,-0.1672383603820235,-0.012022325045100259,-0.38359918778254276,-0.4451420527553282,-0.331809903229302
-1.0779902833426704,0.5368907087440328,1.0919257700511704,-0.28186908438129255,0.5108673644902267,-0.548603381563514
-1.6156891008797718,-0.8275468694545044,-0.12156253390550342,-0.2791564094643176,-0.28222116792028135,-0.27151004190469524
-1.4578111216615635,-0.12878385378989873,0.7354314097021827,0.9247808185359796,0.5401424816106143,0.3760482094916012
-1.5571187245171771,-0.6505489102479611,0.49911887747371314,0.08022270268927559,-0.1366815896739011,-0.2520232170557545
-0.09606097888302997,-0.38440747643779205,0.017864646364877283,-1.6879853379403573,-0.2317050181968865,-0.33853046055883634
-1.3907144450310338,0.08796885870145114,0.3427223113893242,0.3107343082569505,0.41281573192933835,0.24305853987780326
-1.3475645082647987,0.6836224488124572,-1.1348641938967878,0.15877395333977462,0.5049958819438263,0.02597228976945827
-1.5648132184181136,-0.5654731330640642,-0.12471906605987419,-0.4550940946258568,-0.4298803715531911,-0.2944124804316448
-1.5496536383094224,-0.37927709067349963,-0.256800486466807,-0.19544278664716083,-0.4370295987872725,-0.32842660396695467
-1.5259122075634626,-1.0733364612584915,-0.5484522601122764,-0.21919802179793485,0.3454547529556494,-0.32710572034446367
-1.242773334219142,2.0042822356982546,0.7381305701940915,0.4029710339967378,0.9750899713147434,0.6705458620408355
5.17254097057002,-0.20512353342529385,-0.3095912448657221,-0.7993853240189619,-1.2920488944733373,-0.0615497134634523
-1.5537512093323174,-0.4147600585293667,-0.17952507364946907,-0.02355436739790876,0.13052396442558728,0.029731467450482236
-1.2961878575624268,-0.09655450383179222,-0.3636791920238534,-0.3120889929567155,-0.6184467954361448,-0.21331149701261493
6.676816690604739,0.3878691113328502,-1.101448814426836,0.033371598653581455,-0.012414653743469237,0.13500948337694835
-1.3228195104628027,-0.15956200321930017,-0.3655341712752943,-0.525548122246254,-0.45088472285457404,0.27556088452518035
-1.2872106917703001,-0.22726084547804332,-0.04888240690538077,-0.5235492270644614,-1.143706335231653,-0.11338404204204257
-0.7500767941883785,0.9253983269177606,-0.260029471479977,1.1947681542008175,2.0992380072132737,0.7675235403924606
-1.4408112670461475,-1.0117986893506177,0.13981146289177665,-0.047189978890239494,0.01792999583461073,-0.02623429150504586
-0.8689366341004675,1.2389198838469737,0.39033647451118186,2.614449124991942,1.7190113726953171,0.9658388138193195
-1.0365808497938858,0.6861949018925189,0.09722014578223158,2.30374505749111,1.717235412987367,0.5416855771481398
-1.345826448989357,-0.10857633260616631,-0.599263526968434,-0.33131115206822376,-0.49447389540498254,-0.14051668290960057
4.273674593498122,0.2843518540008042,0.6643936926232914,1.4331451754029092,0.7734115791505926,0.8859970378979212
-0.0779875804766289,-0.14386465495766973,0.16570104849503609,-1.4634363712473855,-0.052772777812969573,-0.1391260760231955
2.8570753561473743,0.05783162449048061,-0.3950562706029202,0.5503106346313963,-0.36770469835622954,0.4541750492868618
-1.7855303666570064,-0.45028440813030113,0.27748961061607547,-0.0420355436816057,-0.2396775419959364,-0.21868627821902015
-1.2328045919304393,2.093485693143213,0.8854712493843545,0.3846652965016368,0.9733128825288255,0.7146361726176191
-1.7202417502745762,-0.3692974187243407,-0.03097622463676445,-0.41800087822267495,-0.1559513307904299,-0.29292477150101176
-1.4457877978359042,-0.09708345554594364,0.12494740607977199,-0.04148375808816739,0.20560190138795564,-0.09484861980459845
2.515147830825356,0.19181848182808206,1.1290772795857706,0.8426792201411764,-0.08021514364681824,0.09646452058609548
-1.5849339593900365,-0.4775130159749559,-0.3508596136665719,-0.07753367196505892,-0.033395495929119876,-0.024549902768106965
0.2624744656380509,-0.1840202437871152,-0.051476139080195125,-1.8391705495752964,-0.12930590629438785,-0.4789335980470112
0.7178392502668696,-0.3354941979850307,0.17108789153226142,-0.5738415301513631,0.18669594936535633,-0.22223288158639876
-1.5190743425859299,-0.8639009301475639,-0.5294747477366322,-0.06856655278863569,-0.16224198187954586,-0.04860790039999267
4.926759285215042,-0.35636884349731013,0.11346032749810951,-1.059403408539628,-1.568215154487459,-0.11395231244823384
-1.3714174023118093,-0.46281551083686645,-0.3622585249254825,-0.3117956307618914,-0.36569960365562304,-0.2510347113265677
-1.64510542745295,0.029756084622498527,-0.11614581103571918,-0.4798011161840444,-0.6102620742208243,-0.19452059690697218
1.366785999100873,-0.34938149015003545,0.2869016477093861,-1.425286805898505,0.2923910150463823,0.08836382854600326
2.6382355099880956,1.2302586290487025,0.0987382686062788,0.4785161919300755,-0.2202396822803253,0.2390846806432403
-1.6547813906749522,-0.5330074936329537,-0.08143273644243319,-0.5091305364952684,-0.26284674511725037,-0.2064313029120618
-1.64510542745295,0.029756084622498527,-0.11614581103571918,-0.4798011161840444,-0.6102620742208243,-0.19452059690697218
-1.7282222370972986,-0.545623820629247,0.13536244692297938,-0.1385037630980998,-0.3679669389323185,-0.44717641814751946
-1.5392752106421896,0.09122194616788243,-1.2629100229613874,-0.17009280137698407,0.3991964030238178,0.06834609666458187
-1.5318149871781959,0.08879509489734687,0.19196102370533571,1.3033685983021899,0.7109818497671794,-0.0449481228042864
2.398757740500997,0.07908614222772595,0.20333552607814478,0.6294557136378308,0.3299201386297813,-0.008701943629390908
0.7457883542751282,-0.31540951896021935,-0.7331688832792044,0.24221757757520732,-0.8231409781570839,-0.17304567150630434
-1.412716777923193,-0.6690195584249279,0.5082960259113851,-0.17099070407310774,-0.19821552800565845,-0.3132622313977862
-1.5622521217219754,-0.39197817986215616,-0.26115088555504967,-0.25805111716257395,-0.3974616982460915,-0.2994736141847737
4.93828585227742,-0.35251015932998614,0.04462827092305997,-1.0537141608928513,-1.5588854076412937,-0.11792008784790309
-1.7341343402152718,-0.3771175109842525,0.02119183571369485,-0.20646488776682412,-0.16899193228676498,-0.6181443345645138
2.5160499544854082,0.18673797640789144,0.9970944270523804,0.8120526546722344,-0.058875271030067136,0.09094613379532478
-1.2878093086934022,-0.1332426194664601,0.7492483683850063,-0.30458760441582644,0.4824192798488271,-0.7921882641599575
-1.5736181587009277,-0.2089827160491003,-0.11993224650102212,-0.426633708322558,0.12022837099632039,-0.3110088168401013
0.5024313666804625,-0.4813702560467936,-0.19156125030509535,-2.201656739128311,-0.2429396950841948,-0.38353945645160276
-1.4791994859468631,0.38942002597007563,-0.9241288785241006,-0.2930142598255237,-0.0703545956446241,-0.6405611746110973
-1.7161444617571118,-0.7938144589413584,-0.031865647686959125,-0.1708183559884978,-0.19080680204102313,-0.26113759212669546
-1.6898512458564947,-0.14395648250843007,-0.03577796372938792,0.2725491993072239,-0.7035105744227349,-0.14961502582466174
-1.494547505699116,-0.28360997541021093,0.0032445188951712974,-0.3537561761273221,-0.647052792501565,-0.15800339650240788
2.2190381333236804,1.0230416162216802,0.37033870259937524,0.1816251631526784,0.1794288931556545,0.4233777007446727
-1.6045095179760547,0.2652768707525799,0.07842144716534358,0.09695120334448618,0.18804364199731285,0.36657411068712975
-1.1079890885117007,2.3046412261949154,-0.6320369414522914,1.1016759908048956,1.1919714707009272,0.6743549386618505
-1.4797716510553518,0.22418467862125283,-0.04157586034106922,0.40764804238250896,-0.5361629403658515,0.40847307759856283
-1.2255594864672656,0.4922876446262355,-1.4281537681617902,0.4974658895081139,0.32345908054965067,-0.027334119831530012
-1.5776877938644376,-0.6352612355272363,0.0034678923192589177,-0.39725447093273275,-0.5273863223557285,-0.07727816897112118
-0.9867515773254851,0.9095253165123072,1.459265282006375,1.7596452937578757,0.8493660160904517,1.3226009142965993
-0.9392001923364044,1.5114909819789655,0.6632862256651076,1.685869320313051,1.4944228968014532,1.6991984297784564
-1.5742957816534873,-0.3675200965298848,-0.15053309906948248,-0.6230791125248727,-0.15842321506610477,-0.34077097663163197
6.466522608896838,0.8762356419982799,0.14695344690339626,0.33499487121295285,0.5791490898439675,0.2105855414609257
-1.7821827856401833,0.4200179922771486,0.3873550445011905,0.0014466272810566662,-1.0007614913533327,0.08472599568001327
-1.5162856535261147,0.03689773585240658,0.21137131243084112,-0.11342206534652209,0.17966339697416037,-0.009664416002360897
-1.333018924217199,-0.010530669017489586,0.4052231023382743,-0.08375930139310797,-0.09568216789053541,-0.04985196811027004
-1.0217745205238902,0.40767663915795876,1.3745004406459596,0.5098178790155139,0.727793466151916,0.6879549705730907
-1.431881746488257,0.051691924743947126,0.2575636815929333,0.3533736999644443,0.3277692034409148,-0.03413533631826076
-1.1548419746139738,-0.007666248388048367,-0.48227587753212364,-0.02792298269825918,0.6198452461565095,0.031903774715863864
-1.2751321269604572,0.3256400382281811,0.14910713622301083,0.2679893644362781,0.9381495858151431,-0.09654825356174465
-1.5618180233684285,-0.4890027040294199,0.01226942646249391,-0.1133666231879216,0.012124659704754452,0.09832300174233649
-1.336586708985368,-0.1645414593542661,-0.36055002467135217,-0.35656321098786037,-0.3893796742262772,-0.3044581231107389
3.3572539466151867,1.2816382725584248,0.13677448750402088,0.8469216083066473,0.8680123526864135,0.611397298593787
-1.4247213047371,-0.3081753407158165,0.2266474043675553,-0.3463672998913146,-0.054531857907165485,0.07733563260534593
2.810823434210918,-0.17968379681897423,0.5556124448237226,0.851582307511791,0.8377734328279548,0.01352299359918375
-1.4612999358886354,-0.07685304948304775,-0.4331527591267636,-0.19177625370123855,-1.289869779397772,0.08679948552645735
-1.5358369986684683,0.33801650352858076,-0.5618531054987983,0.06716284532568309,-0.26546047605325895,0.005915947730489256
-1.6829216747049933,-0.06503387907329694,-0.07933976621698528,0.0023927619787548664,0.015764101312952875,-0.0973306818397933
-1.3051383045555058,0.3193542919069105,0.14631143590354234,0.27454861346494613,0.9114346540887703,-0.08402853734494879
-1.474676987508331,-0.16407031827599844,0.2984925885549313,-0.02883604056298089,0.09188638327274877,-0.1407644118161232
-1.4827885651795027,-0.44784115436411087,-0.5380959369890315,-0.21940563444984504,-0.08128702062558199,-0.13726666288651282
-1.7406797711715236,-0.45298780205920236,-0.5039434262255272,-0.329570492652107,-0.1360722471745008,-0.22690797159991224
-1.5599270271153158,-0.29563800084186687,0.0919601768600653,-0.5621859190155477,-0.4695828762707955,-0.5758627032156427
-1.5547148855237303,-0.7006850733143479,0.11755839112955739,-0.3456234948813619,-0.03880884014808422,-0.22365454605442092
-1.3588289451592037,-0.07315433378905718,-0.014540135851621441,-0.3220904374799733,-1.1543635536209724,-0.24809478084085307
-1.4025889876217117,0.30709370330643826,0.33989992016919507,0.8525264780851399,-0.2915249107303259,0.7847196998071432
1.0206910389992088,-0.38255598721363276,0.19521966934161947,-1.6150481058120887,-0.00442007115994012,0.22086326256814232
-1.638591888581585,-1.0296307383537564,-0.15343981750430113,-0.05911648284245919,-0.08383839656147228,-0.2725364095916237
-1.2590674108052442,1.1796134472790814,-0.9604875767162978,0.3544178658937564,0.6496361009044869,0.4382784657408463
-1.5797728136903408,-0.9706536750624996,-0.021416592482460965,-0.3788003796016608,-0.21230747026235605,-0.17310383564675608
7.1935808463027655,0.32541859699443904,0.4527094994417597,0.11072960587144706,0.12329652327825104,0.08691890554763425
-1.6789698931665191,-0.1579936785360668,0.06976765307619015,-0.34904458740837235,-0.41069857760224787,-0.33801288290860193
-1.444969705512749,-1.110667560679888,-0.18639290248043872,-0.20115443396885804,0.049759117144338214,0.11417145367536809
4.821640292876053,-0.018462429907072506,0.4574021240152819,-0.54781721652353,-0.7156463900798178,0.06197403683203346
-1.0309467901271383,0.8851709373077912,0.5900940622337796,0.46990972881491994,0.6901088686089168,0.21568526683168704
-1.2662828662099455,-0.039926384062994744,-0.5567420687019207,-0.07585550529916779,-0.4177572006480394,-0.1545688485946429
-1.5526876268953322,-0.037415977883934415,0.3239414701350103,0.5807382849299036,-0.4727878873859085,0.316249110329799
3.6671446580027642,0.5843840945380704,0.19092811567474705,-0.1714322774628436,1.113189935892495,-0.11262026711492719
-1.6329797684511194,-0.36242444102260907,-0.36155660047321314,-0.1975404129367991,-0.24342531175141058,-0.23022664820885355
-0.9699772413176986,1.609412482070525,0.9368831944348589,2.04786205304087,1.2933337042846145,0.5938864031801168
-1.5128802322542274,0.2846546048258305,0.5539041747304849,0.9050412767485029,-0.027247270959451928,-0.1366104789244002
-1.6716431496238509,-0.14341245240374717,0.1491735675500254,-0.17029644039269884,-0.07605106529286879,-0.5410430941703402
6.587369141974631,0.12348385427434415,-0.39029247597001515,-0.03920938607214651,0.07115520128616054,-0.1872413072828206
1.8382473843167129,0.32590778813071763,0.9638237096895155,0.5500584025008384,-0.27252820942197437,0.04544598726612442
1.3430196106546415,1.0201778141132363,-0.18772940612551273,0.2642954119720892,-0.5558799306824667,-0.21899783461464511
-1.3223916833830762,-0.3223864545774877,0.45949905013992637,-0.16915794407875273,-0.24118031840722237,-0.14065535529057827
-1.6091455706376863,-0.4063147053636147,-0.015609692810303945,-0.5044185497823334,0.1548586934379093,-0.43146552191559207
-1.6340986418481822,-0.4481180286871327,-0.0798895593369863,-0.6543685813947765,-0.15390971487489966,-0.09547262218782586
-1.3897980818459705,-0.3936109622195059,0.023030368081005875,-0.6494178015591352,-0.8925106148686984,-0.09530194345339674
-1.2693437955322822,1.4649847150117823,-0.11656056955850283,0.5777919484055856,0.13400221002811089,0.2775016313654903
-1.4414186883233155,-0.7590528247951145,0.014042524852001779,-0.44885289805259315,-0.12812600311454794,-0.11317416714136115
-1.4189661789999826,-1.0191751050928457,-0.32783579794129786,-0.014559529702186099,0.8241117801769117,-0.19270149963991112
-1.3066412409716177,-0.2972659920293438,-0.2577530759211961,-0.5382108800506746,-0.7910863296547576,0.21853942912907626
-1.3489356111295132,-0.17822065800351644,0.03759209606743677,-0.26469232978614216,-0.4932921254226356,-0.02652060555144377
10.257828005274796,-0.07606501845074308,-0.046406472114638775,-0.035387039963585006,-0.06822095304677397,0.0684518294713017
-1.4232851859844249,-0.26209514893071323,-0.6443245686273938,-0.37310617511499333,-0.24911207156547988,-0.1909953660876962
-1.41867521211258,-0.4033354801799237,-0.3404596334693408,0.037273418907477075,0.32448084179648434,0.16955235052633028
6.966926093617164,0.3672680948418909,0.13320229535727632,0.1392523183907111,0.05624422287799323,-0.25744935549142217
-1.5372045582038918,0.03644356151226871,-1.2976890315189373,-0.17273324105918775,0.405516276658586,0.06317179288003226
-1.6041707323107222,0.06595088484678005,0.5317933537369655,0.11132656792459246,-0.2298323467399076,0.012984110301563238
5.778145489081884,0.31364939478145976,0.5046870736717528,0.6284121004124196,-0.23418797510164788,0.46084931697066484
-1.2947227453275023,-0.13431814337689524,-0.21197191273778962,-0.1271949182889605,-0.06414910132937027,-0.10819791225573369
-1.6990128703426572,-0.20613946737922018,-0.2654858101532708,-0.2535164852947892,-0.5132205441115549,-0.2108850531833785
-1.4190666568125063,-0.9987179763444092,0.20267822119792278,0.0030716775812677385,0.11523252141686575,-0.003474274648248911
8.462934967414878,-0.052043108609635666,-0.12625342558826985,1.0359621907953904,-0.32544576021684557,0.032475441788290545
-1.5043433068703382,0.10386358312546021,-0.604979573052734,0.13280919791522372,-0.11169692945181829,-0.3772188328607627
-1.638276576182569,-0.12325006916658475,0.09444268122340689,-0.5134908153584922,-0.7186845734488453,-0.41696520404549536
-1.2249601524249483,0.41116838298144454,0.005158582255464753,1.790091792589769,1.2911060386153899,0.19310409391412994
-1.688643941970325,-1.1581708894449096,0.06056102319394531,-0.11810013669473036,-0.4084566443319329,0.03621813604672148
-1.3066604313331622,0.38058611566708883,-0.3236220325210455,1.338307120104021,0.5844955403950153,0.19243274994387613
-1.5339301107956493,0.20098005048060316,0.5075858206789193,0.8898025299862763,-0.9186856754653164,0.3012789451307758
-1.6160381369256127,-0.2302645295743276,-0.45749869675375743,-0.43117473148212304,-0.22979053025669244,-0.3267638993045868
-1.3198919381427539,0.9571543029435169,0.6951764535769891,1.4472403636037285,1.058909428089301,0.4954484662219949
-1.3971462284670737,-0.33071724328364005,0.3671673972492627,-0.3886250116421977,-0.334209270878949,-0.9177012316594919
-0.5952042515444321,1.242622877720435,0.6928481125624507,2.0183184917369568,1.860043683566813,1.0726241201707976
-1.5949382711035556,-0.8774813106058129,-0.23146282903618026,0.2104527221927703,0.07052620022887948,0.22741811389102934
-1.430279429703864,0.15225853130835015,0.5326261401793577,0.6167208668966606,0.4859079610850453,0.012377173935866653
-1.601339250879286,-0.3676471657648774,0.1857007471099559,-0.4658957124434569,0.1973455920432958,-0.4354501398738256
-1.4917222224329751,-0.3382411800125492,-0.35225312982474943,-0.4585612791961681,0.10890597297471771,-0.41534041952023315
-1.177260459408285,0.2730198298329774,-0.7943028159016379,0.18641010694748195,1.54800487596241,0.2220236256814633
0.4085030054768853,-0.7971018613080155,-0.4378932147036189,-0.06723067431246676,-1.5716227850481497,-0.2050462237680955
-1.3813334117371796,0.0606187312265896,-0.15298917076474627,0.7774408793505239,0.47894856821824305,-0.058808291634384405
7.0967183539915455,0.988912310333504,0.6113142173666025,0.21043723079126442,0.02336987045103233,0.27627418966117484
-1.2228398441745738,1.1322470212426037,1.1634798087633158,0.5458450622267507,0.6564302564757508,0.5510714572472207
-1.5957187977661693,-0.411926291313225,-0.12914083842239799,-0.08061240503114764,-0.02144801392314214,0.0718147692321165
-1.6937027562353877,-0.26939971697493575,-0.2142684067774433,-0.045838911386300765,-0.6943391880786776,-0.16406982338742246
1.106212991629326,-0.35878094148694256,0.1811869093812751,-1.5002143521367861,0.019373328222900575,0.21759997221548397
-1.5347064708734404,-0.25096108904272973,-0.16776855656372677,-0.5329575791763336,-0.37054947919892894,-0.4326992930238672
-1.4706721840084782,-0.9177481928802168,-0.08839228148417169,-0.4395854036112984,0.12048378426488177,-0.2630740069437403
-1.308159602901241,1.2285547043470657,0.45344550483251944,1.2511887496928198,1.4224905276486246,0.6884143177294904
6.935242528536733,-0.13533134980159586,0.7378470186391314,0.011237170972727775,0.14777430642255707,0.05734160981097962
6.54633855065047,0.013386290418050369,-0.20567254051029205,-0.12685355543758353,0.1861964036749411,-0.08470654719055674
-1.454474384712933,-0.16647312472110376,-0.8679933486294902,-0.38135555461314474,-0.16120977346818788,-0.0864414259448679
-1.1281127869689402,0.42299584670540713,1.5992212498406557,0.6415388812784668,1.3331440432242805,0.4181242126253434
-1.2868780000303124,0.1247739140451394,0.9552026062944731,-0.1921622689017257,1.052478651075774,-0.1950713033573988
-1.3962202314176444,-0.20403451012041704,-0.5228568640840445,-0.4825113629494565,0.07250809432206672,-0.19900691406987098
-1.7040289330061944,-0.5740130430354758,0.2274816657487248,-0.05555698712496367,-0.3512811097371568,0.0024433101481346514
4.821640292876053,-0.018462429907072506,0.4574021240152819,-0.54781721652353,-0.7156463900798178,0.06197403683203346
-1.5604228359272392,0.18505003862988564,-0.3994862896792887,-0.23889809587574562,-0.15057125631829912,-0.15462047575567398
-1.54712145412372,-0.026503371764711268,-0.5946079065555278,-0.020142666497052746,-0.34630796439608624,-0.1282775492236964
-1.5689876605774218,-0.02739703226715439,-0.9830185315074464,0.07158293673719135,-0.05192525898171046,-0.02449815216653
-1.4936952995511288,-0.8496587193969914,-0.23751722160345054,-0.43671981605284615,0.1816535630730372,-0.2078172441018505
1.680217359422473,1.0256014788343821,-0.2938383715754121,0.021490278737299483,0.2514287437277858,0.4570759351223432
-1.5381718934089312,0.059585586738540613,0.17079470935354507,-0.020552274779913945,-0.3017171738153787,-0.06420520361401894
-1.4179687445223752,-0.2909303602091727,0.6139631612335794,-0.2699121027331404,0.5273070250894427,-0.4060853067833076
-1.6072265344640693,-0.22542148501285572,0.25895011358501346,-0.12803206065785236,-0.025997559160178683,-0.5750211380653938
-1.0320236529166864,0.6886425198007905,0.4505919344323707,1.8816685295091247,1.0083998460014503,0.43553350748513614
-1.2929346565741164,-0.08881117329196103,0.5190688285501376,-0.21894998768568197,-0.1515961429363986,-0.0042176968773147755
-1.4624616716918784,0.400777255149501,0.7074956303286306,0.9541219512772905,0.10479893230750544,-0.02215008139097167
-1.3840343495410705,-0.3439077471072415,0.018189481970993,-0.5035709093083987,-0.5041839680919884,-0.26136155448646164
0.24341286563079875,-0.32212106651040945,-0.6599059832034319,-1.287611217555754,0.2672909203018577,0.044131002705273405
-1.574049315055626,-0.053997633768656114,-0.6749399314148138,-0.09211629990725372,-0.22773940909738374,-0.031233725725998508
-1.3450789385249355,-1.3164117430794915,-0.2517673527280876,-0.061006374468711155,-0.0044333272257051914,-0.16708516066387616
-0.057003971238204394,-0.20429742203683698,-1.0096259953774522,-0.09641985718457947,-0.8420237568534192,-0.2120775145627313
8.574551760034392,0.5441812087504105,0.31503432613208165,0.45535246100645344,0.4312327278587988,0.3263992318052083
6.931227409126345,0.29475945309362794,0.5917441875849779,0.09601808047605355,0.18332690380359581,0.005152393000104605
-0.9245655752554263,0.9532494255420769,1.6152480144372763,0.3838812006579827,1.1167608527463089,0.0627300854573461
0.5085730730315398,-0.47879471774189497,-0.22482643675747396,-2.190990031228759,-0.2249394310730207,-0.4055523706545339
-1.4010901024237477,0.5198286390711391,-0.6359913326938084,0.369338757936581,0.6164993982066418,-0.10682931009476151
-1.5545506414839287,0.349389191127398,-1.0550067258149014,0.2725877303270915,-0.4553737531851976,0.10334235016632802
-1.547972616448979,-0.5202235774206334,-0.24204843878580123,-0.4098489171242943,-0.4262994608566403,-0.2623770642331008
0.6096142592605789,-0.48351937056461497,-0.37160047287783404,-1.110497799867869,-0.2372592680994546,-0.2833849694361781
7.0359186006564105,1.2717308466472463,0.769607045112045,0.2918119075029838,0.169941692878593,0.3724359284538317
-1.4324323563137327,0.5735443020766511,0.3695266891956845,0.33846299575550653,0.87084609952946,0.5256733861316075
-1.6165242976516332,-0.379181710978829,0.16534398076058576,0.14005575647770616,-0.45916375676205223,-0.10922253175395448
8.913802132218011,0.1830825313033612,0.12731859706191392,0.35930512387732266,-0.03303160504628252,0.0808321340976634
3.615213848413958,0.21478819281806377,-0.4030364088340692,1.252626169743071,0.7597875346318984,0.7628884750570628
-1.3624841278704904,0.16778438791434702,-0.5683125730150875,0.47944891896967223,0.5851807310003582,0.26102853724511715
0.8719409138628652,-0.5159702900881493,-0.9540422288059285,-0.8920439940999778,-0.10615904866979319,-0.21242196660315918
-1.427165461280236,-0.1836387914805953,0.18447767641342736,-0.03875478009537026,-0.337719433370215,-0.09924029794148788
0.057422392409524466,-0.7811810841614275,-0.7020316598452379,0.21292939720191129,-1.041114916113197,-0.1644004640725096
-1.3152064355956923,0.4328792645238692,-0.5450272719116649,0.8043397627742722,0.2553922235143382,-0.0382279812820409
-1.6158681723836639,-0.76161485981826,-0.06910335391557085,-0.34058260343292124,0.031818838664124556,-0.08360785007495453
-1.7086185515727168,-0.21868205133868154,0.1518957515968115,-0.012181886930994732,-0.4017237517691114,-0.23863109153413056
-1.469722071206962,-0.1794992108914296,-0.8332047315983423,-0.41194682226176305,-0.1493526223698129,-0.12132442765680611
-1.3320383877778494,-0.19842982248961002,-0.5099342453083359,-0.5654369391580686,-0.37707357588259816,-0.09857153584564703
-1.339403346748396,-0.032129169473461894,0.45113900238231086,-0.14050403719270196,0.8540578520132815,0.23171529872379362
-1.508270522498458,-0.19766642476264507,-0.055394866688317154,-0.3057226401478941,-0.9003095396327714,-0.1579498744150577
-1.2364733859429922,0.3573045792548446,0.07387469455857848,0.6862988491384086,0.8592576123281412,0.4657133385157569
-1.4219744327865327,-0.25408399452751634,-0.36399174525694855,-0.4427123924563468,-0.6428921692553528,-0.1180235697585732
-1.4455449061388002,-0.5483095874013629,-0.4083743439509226,-0.5194896416072114,-0.25450363947390453,-0.14995538160617228
-1.7086185515727168,-0.21868205133868154,0.1518957515968115,-0.012181886930994732,-0.4017237517691114,-0.23863109153413056
-1.5070201937396719,-0.7553575860909395,-0.1427548528832445,-0.3974223217137053,-0.10922339128267688,-0.09595577850236804
-1.6272267528544557,-0.8075077621752551,-0.6556911164721426,0.16076418475215995,0.04123919964050308,-0.13526437038108774
-1.4568292092106008,-0.252572976402069,-0.43894559015110723,-0.1092264457432858,-0.245807384088214,-0.09166770696884989
-1.4336448570897518,-0.2614749650639582,0.09392037142566682,-0.35170926941065217,-0.42394997993032285,-0.22988624468079535
-1.4724995886197547,-0.48966791944284394,-0.3028011008473173,-0.6246712244908824,-0.29587606606908706,-0.16252238305584016
8.03498549580833,0.4675660002963724,0.0843002029063714,0.5027864911193568,0.39198738169382397,0.2869228193957919
-1.4261259693397907,0.16146989455999441,0.1865463132803055,0.7791419196634353,0.5966457372988787,0.022172621049375573
-1.6191169765915974,-0.5222784228273705,0.22025784106267202,-0.3402673649818999,-0.585726675678125,-0.1267569357719702
-1.4678563764835149,-0.18980860694608334,-0.11413549551530715,-0.5128853608145131,-0.142342636767158,-0.3676450889156997
-1.4850443352558556,-0.43908998881380085,-0.20847433920330605,-0.6456956992156692,-0.06797019503242072,-0.4779992048431786
-1.0011835823831339,0.681024924234447,1.297379943462625,0.8470766677513649,1.1801508214475287,0.3445250666163883
6.277751545151652,0.6848192106351926,0.2880873815098344,0.5249876737961776,1.0097681467378965,0.344509278449938
0.8301051352074525,-0.342684477412049,-0.03076362302775384,-1.6033572500649051,-0.18971953431063307,-0.15729995472912672
-1.6493675271042003,-0.10475599565824613,0.15468054460083364,-0.3050953313211018,-0.6032158905347258,-0.21747942996823907
-1.017684635684579,0.30494940526931913,0.5663698575376226,0.6286844671516316,1.1913206264442493,0.2315359966196381
0.254562065815622,-1.0664831835022717,0.0962294838267988,-0.13576502455404202,-1.725197951593377,-0.5884932502422163
-0.5952042515444321,1.242622877720435,0.6928481125624507,2.0183184917369568,1.860043683566813,1.0726241201707976
-1.4453107282377413,-0.16943879023061778,0.24235287118668342,-0.27396413202624714,-0.26769486387964,-0.17086582935397887
7.96747746062089,0.5037664174566796,-0.05305225134889717,0.5360771692756857,0.455405035273466,0.31902591752041143
-1.0551004760929679,0.9789740756315852,1.243026147326851,0.6414913232649276,1.1848288777406302,-0.2093651133204189
4.325060188593438,-0.0783102659143265,0.01926883649688067,-0.7021630103450778,-0.8370791905623415,0.031240701982587583
10.262064940742208,-0.06276471463874075,0.04111453707717689,-0.024562832321731197,-0.06954893765295153,0.07217503707632827
-1.6023689945366715,-0.9112116183411366,-0.5991518447944075,0.10828555885436487,0.33787549566338215,0.052012649337863016
7.043399410646512,0.22199560221779896,0.21208815603941877,-0.04242977651607272,0.4000310039830412,0.0674508873889669
-1.0140559878144038,1.013176954573341,-0.7171920137499315,2.411496008374531,1.5064929365570365,0.8282492026750211
-1.7069133761053406,-0.7452336379001075,-0.48118697250616016,-0.09755484026196036,-0.0013666983476442068,-0.18304364385380734
-1.4927863256086504,-0.4177052487488479,-0.10307561172344659,-0.3914362004749626,-0.41985732570981577,-0.47935720900976175
4.518874633326415,0.44816006107942913,-0.5564134922963532,0.2995667408537959,2.189592380663081,0.25141249103939783
-1.2138655697119989,-0.18036752060812772,0.48901586317854334,-0.008630250881030905,-0.7023499081449062,-0.25285896260272056
-1.4375904839237912,-0.9868763419234838,0.10724290917613843,-0.03303828096860397,0.026994467732667556,0.006544260199306468
-1.7777288205435149,-0.3452947254183592,0.20852582162747751,-0.16553257445702915,-0.3422463113312501,-0.16816113054940743
-1.36166745707369,0.385125559375434,-0.6099943525468091,0.029173182806881724,0.004322547083992752,-0.3462459054464875
-1.2933120858750287,1.856938035569911,0.8167904900978172,0.7811492727611962,0.4977448641609239,1.037611538726301
-0.5994099088632691,1.2497847038132281,0.69284589591871,2.0232752583239706,1.8604226794529364,1.067973160432704
-1.4796558814640643,-1.6510418761008165,0.10113327009613697,-0.3411105350635289,0.21553935609144295,-0.05595590507920103
-1.3169501671312445,0.41529937218018087,-1.0217091814045762,0.12673250455949084,0.6952423874346176,0.05633600389495678
-1.0377242658399486,0.28317155931476373,-0.8326808445764815,0.3487813920654153,0.5447440096177305,0.18973854815100133
-1.5075751122117753,-0.30462961184411314,0.002469965744335884,-0.3550529800759056,-0.6262460690172035,-0.30415455688738263
-1.0807567375129168,0.10060010534349144,-0.7395347367141016,0.1636011496269617,0.7792461365686646,0.16114675686051502
-1.128010200233757,0.9491564946825232,-0.1609966508340541,1.226339022457267,1.1960535599512065,0.7314813015519338
4.7147453458210276,0.7513265083463359,-0.25375102917804093,0.7461514957280296,0.2272981121189519,0.5682367107375395
-1.3283133573737005,-0.3448658867494336,0.23236653043568664,-0.621716259748469,-0.8007953408957905,-0.1568193112369881
-1.5302937232137581,-0.29133332183549365,-0.4911436185056953,-0.02137174482777253,-0.5153042697134668,-0.29951153278747544
-1.0167691301709456,3.2312570940665584,1.1110133753569542,0.8232483974944564,0.9637849179426629,0.8749198425530436
-1.6029594248084162,-0.24154038001551228,-0.29466281633608093,0.4341716685224147,-0.5735563907809613,-0.03453745636322064
2.593327494214975,0.7095120925036227,0.9164903454909387,1.4363003498190168,0.06675637267611996,0.1422397269374795
-1.4629814609887408,0.10820004576067606,-0.9456622218284704,0.1441316583410126,0.5929877828525295,-0.20805414594318952
3.700273970093248,1.1768857478762258,0.31183203315170566,-0.3310712400838979,1.0552566490085424,0.34052469188743073
-1.1432162115886213,-0.022020354513514657,0.1527742463453398,0.4825486338485172,0.3461970297893207,0.7030332349447562
-1.2828670443667392,0.5275554191053871,-1.2299679939220995,0.5015346152844932,0.3171261187060494,-0.04121690888620392
1.7286997316953832,1.46095606623442,0.7858573698859807,0.5596487060776136,-0.08777613593742425,0.5472245401185789
7.101766869222382,0.0698002754862059,0.1852740027621792,0.22254890086283705,0.060569635058738074,-0.13469598303777675
6.136722367546012,0.19901090935261223,-0.5729109201792498,0.06485125636228649,0.09916747685521973,0.4413026488117059
1.2204212836012136,-0.6161111202213638,-0.5487628372654594,-0.5005758754814074,-0.09565420697721802,-0.11312120879462043
-1.4577568617444014,0.1036573397923379,0.6590965293866664,0.7751127883681586,1.0412201147680205,0.4570818008175697
-0.9189229794932604,0.5725002676999515,0.45862382503676663,0.6678139665082012,2.327387285136481,0.307308615241726
-1.4061427897421428,-0.15733822742036496,-0.14916177617594797,-0.4296169887945875,-0.6471338161794191,-0.20569080973339382
-1.5296319947541728,-0.4303508310915932,0.4818441190538202,-0.29583968166615693,-0.1588724420279326,-0.27571006473702664
1.1946302166748248,-0.672367536738355,0.42433627229614335,0.4299676601365083,-1.2148995440245953,-0.05432511201479991
9.309495900777183,0.0953118637001,-0.1626198162136676,1.1918825105279682,0.18411550997021814,0.09135647671252349
-1.6058115255160326,-1.1701488709470904,0.21628462075855956,-0.3377900866017686,-0.0013314029337963067,-0.25648964054338913
-1.4545216333824824,-0.1647159763734537,-0.11481502340550696,-0.03575118393763558,0.0442315452803608,-0.03520463759039247
4.364319559757358,-0.5053380689773468,1.153730229194555,0.6676910527257568,-0.3824248397909669,0.4011436811861216
-1.7974862156797442,-0.34094989445630414,-0.06930549024729667,-0.27817855450484585,-0.42728963696556493,-0.19294639561440294
-1.4526114723476644,-0.15570983970817895,0.0070891656035084495,0.0038909539162980027,0.09529827519579422,0.004174999054120479
-1.3092666285259502,-0.10924203474371627,-0.0068739468237336765,-0.3934483630139336,-1.0910801626435334,-0.4585490701465002
-1.5687286991097842,-0.1844154548612964,0.0350621671478153,-0.40375750955484846,-0.6976163310369157,-0.26099241630926184
-0.9954195251799466,3.2409900884648826,0.9482839971284706,0.8319800104305068,0.9331005310854065,0.8546973011185268
-1.4662610510120744,-0.7506443444212558,-0.3833683083262051,-0.18231917201262127,-0.027288467840089883,-0.2222605212760104
-1.3397873084014738,-0.2193039881935449,-0.757027547360715,-0.19159999150015133,-0.26678544028100504,-0.14546032320068014
-1.3963944990323511,-0.07618030697024955,-0.10344192848449768,-0.45668647341682245,-0.4350311143726512,0.35327068559168384
-1.5458543419568733,-0.006659822056203405,0.22340779552764173,0.5731456073508384,-0.47232142125889764,0.3136291578366426
-1.4438436619920911,-0.4396554469961648,-0.38426852739530604,-0.5389665474908201,-0.19951944492444024,-0.074280268401721
7.119327028756094,-0.3993420847385235,0.08386388640844157,-0.2106684349389576,-0.04478114519737902,-0.2602507579847219
-1.304811526204778,-0.05969563620559894,-0.4930907354280719,0.018086834495488802,-0.22725201436186576,-0.1300839693095897
-1.5152796382329576,-0.43265685980543583,-0.2700393952513897,-0.13752611545476184,-0.3912319958701683,0.03533708792840126
-1.6008063635846634,0.7012569915468203,-0.6849503998946463,0.4775428187129743,0.6659690330601554,0.3913949205521979
-1.5769773675035479,-0.7463072416074992,0.23118602165858818,-0.2534039164641201,0.025401631089446507,-0.20485020548971666
-1.7563065850126642,-0.44258783076825053,-0.10667641071979478,-0.4468994001868687,-0.17094397926591193,-0.3335733717385193
-1.3364855025210718,0.22580855595013707,-0.6180755258396203,0.24843161736256233,-0.09813178516912253,0.3455314096926134
-1.416156113284074,-0.20683567397648256,-0.2768437650791696,-0.46329539005337445,-0.4799401658321813,-0.22701511540013972
7.32782634495416,1.088165332179203,0.9630915873247538,0.25133981261551247,0.1165593034738428,0.3298333798529943
4.5967822881427205,0.2845942677270836,-0.6909278086575958,-0.10726189481615771,1.2066232588364896,-0.11569240518350826
-1.7970252167487701,-0.39936130765742356,0.020815291360182366,0.03993796783298919,-0.47358545494553167,-0.3102504575271338
-1.5330213348536554,-0.38140922023590557,0.20987849778252132,-0.8054494551002209,-0.30242637833502556,-0.25748847061450025
-1.7333247848748292,-0.49853731660399797,-0.06613354943621631,-0.22554895699062952,-0.564853608836975,-0.11730914032433143
-1.550578678349274,-0.8856506984258612,-0.03517525352502127,-0.16805371142798503,0.046118794744621945,0.08361378449148076
-1.4686799637655257,-0.035589124858630465,-0.2279993358829491,-0.2554897865830912,0.0314073689591481,-0.06988968056370432
-1.5235891447690224,-0.3174285010056242,0.21868046260438934,-0.09340491181427835,-0.17292700197550573,0.002947070756889741
-1.3777293344588273,0.17559609938780832,-0.26166024957251677,-0.035567265242990045,0.8454868058965667,0.34338591102764465
-1.2521460792344596,-0.4604496153521217,0.33222489139347544,-0.44675428093770647,-0.6183689791190604,-0.315557556147819
6.297052292220187,0.1286067701960713,-0.10495221939197112,0.003640199366484511,-0.0067612137044389935,0.18316255242305574
-1.497088329327533,-0.0744778344637054,-0.21915762733314043,0.3570992044683667,-0.42908788562498584,0.3998793030910544
-1.7296422260090805,-0.47628999667310407,-0.48605558317053316,-0.34967486182551444,-0.17809959893765223,-0.2122740370945344
-1.4453107282377413,-0.16943879023061778,0.24235287118668342,-0.27396413202624714,-0.26769486387964,-0.17086582935397887
-1.6405072023831704,-0.42381859986447257,0.07580581845982973,0.07559882947036412,-0.4987003408979379,-0.1422188955744243
-1.709898168192056,-0.1920191424744188,0.07190353174926165,-0.4216299088964138,-0.7490101853362918,-0.22791837314525348
-1.3890404226866302,0.1285237096629878,-0.3382131567555795,0.49119595162869595,-0.19690865299894905,-0.4360095691234699
-1.4474246955674444,0.10966788162546275,0.004607745358745792,0.824039157436138,-0.596294880389465,0.37486765427333624
-1.6120389283401908,-0.24729006369874917,0.24644304176245785,-0.3410907904270974,-0.4410711277288716,-0.27930218679496177
1.1140412080198039,-0.5759185956502186,-0.3978490799724751,-0.9095804501268192,-0.07972143500961923,-0.30351258898421385
-1.3650677391434192,-0.2508625246049414,-0.1340802188720965,0.07738993775072947,0.28848758695249366,0.03978098007593947
-1.1180564887003823,0.8829211739675943,1.4578059582071046,0.7625099084378055,1.0819651106716766,1.0296780975864088
-1.7223987767241002,-0.179882234355219,0.10127684961899484,-0.1890957884855188,-0.21631817387877605,-0.38623601410011443
-1.4584242557320544,0.29789152945880454,-0.6759145852714354,0.39852841091619884,0.2436570072360452,0.09443343751610528
-1.4375904839237912,-0.9868763419234838,0.10724290917613843,-0.03303828096860397,0.026994467732667556,0.006544260199306468
-1.5412815457092797,-0.2837966465275489,0.08619947972822634,-0.14940890560344564,0.13044754340859288,-0.18749813778578667
-1.3382287413965037,-0.190097144938041,-0.2222305567284975,-0.3165324930196402,-0.042688599006595246,0.10608690537148062
-1.5638859923305246,-0.07076370169637981,-0.16040244382212007,-0.04188824740136998,0.14152678759752702,-0.04114338969564607
-1.3014401941802851,0.24555727357611917,0.0808372584092423,1.3822637747125954,0.3238938345332015,0.875756848011898
-1.5961055054898003,0.1619239038612952,-0.13555898411522724,-0.6074123146740588,-0.5268669663211041,-0.4988562124841985
7.96747746062089,0.5037664174566796,-0.05305225134889717,0.5360771692756857,0.455405035273466,0.31902591752041143
-1.5649607794500187,-0.5997034852759374,-0.15031067554402897,-0.29875664481701153,-0.37777261781059845,-0.282057710366795
-1.7257441193959056,-0.20683805702923924,-0.036149015973221836,-0.2756882413320912,-0.6301366738957247,-0.25841211966397126
-1.6768930193867766,-1.0780521912698742,0.09616381823863039,-0.06989140207699256,-0.314432150795576,-0.334265674598855
-1.7651090141554555,-0.33427762814092904,0.005118115413405744,-0.035522662306616555,-0.4763035260894067,-0.24383441270136177
-1.2655761575058417,0.758416022415211,-0.7178881059245847,0.16755461758060747,1.1414016120949577,0.2132539779227098
-1.1052460967153779,1.8017956265519208,-0.5791448799236509,1.0465011717563757,1.349772231506339,0.7055158820471711
-1.5554844707180058,-0.02790258600149539,-0.22382093436220493,-0.20786698682167462,-0.4340816357196809,0.11752191961017056
-0.655455907731361,2.365946610090613,0.6597488856714567,0.41617275900905554,0.4848577603319602,2.091826995244286
-1.4217392348290578,-0.21780728592757953,-0.3707123442918876,-0.34514103355491915,-0.5166415455145869,-0.2763893702779932
-1.7970252167487701,-0.39936130765742356,0.020815291360182366,0.03993796783298919,-0.47358545494553167,-0.3102504575271338
-1.793106806020757,-0.5238964457523428,-0.07532900312214835,-0.12061770219613027,-0.28420707334507617,-0.23324303730672802
-1.0690371995504255,0.6091578596449362,0.12666449874846336,0.03696521002272281,-0.5061642143082219,0.16715772855572494
-1.5897250288847764,-0.48954740493105164,-0.28819400350800317,-0.08252239396413988,-0.08394841259758011,-0.029058402202725646
-1.3480679932069812,0.13694186518188103,-0.14114827861936075,-0.001024945817473262,-0.04873070077194225,-0.11314730766784423
-1.6800319050073238,-0.205133682362382,0.23228751894031496,-0.2581810576781499,-0.5937408508155533,-0.23544862761545926
-1.5570929612351694,-0.06259893262614194,0.458312545655043,-0.0820175750859199,-0.4461304090973671,-0.13579354615776748
-1.747023811959138,-0.9825318736838783,-0.07605510155537294,-0.24626959430881143,0.10803395793399047,-0.17155842392845125
-1.6033033792183304,-0.2052190332229252,-0.1699956911390269,0.4670178414225485,-0.5486028600654106,-0.0009818513572502074
-1.7224482833049606,-0.5783625676168763,0.20460978329074767,-0.1498342692085356,-0.33988345764409283,-0.07316180839082743
-1.4787210305704697,-0.23363311217238922,0.053092502212952496,-0.46671702887772554,-0.8355296418008321,-0.2509947256395306
-1.6076091690112477,-0.24858846301311913,0.16893174025621147,-0.36410711548893177,-0.4537976316889387,-0.2814269376019238
-1.6415139267277332,0.17436844143275124,-0.6084001111354128,0.027404332682248553,-0.3079089429982192,0.49621089603222085
10.178790913261514,-0.03231169427819548,0.1874495733963728,-0.025631183964651503,0.00727023790859528,0.04541814061281003
6.704923212180867,-0.40835148903854734,0.07023687539738631,-0.2682971026479318,0.1362476614971437,-0.3100416039875195
0.45337920789596553,-0.6330729731882282,-0.7906247295758418,0.22632440292765774,-1.0843146743549286,-0.12089309222327314
-0.2959102086834487,-0.6695050467676429,0.07285612971438192,-1.78751456225519,-0.1685263559713272,-0.40517084475107473
-1.259941341171926,0.7246387817311399,-0.006176784587259573,0.4560119936318408,0.05481357860943428,0.06636583483193811
0.2287206636622765,0.06168589181717169,-1.5431552381041327,0.832097549854647,-0.7006739825050172,-0.07889624433037037
-1.5838742376819503,-0.26466106952417606,0.15539035902700027,-0.7724704263435691,0.1954612879410932,-0.10227888298752144
4.530542467243108,0.7009434061003414,0.3441461699816152,0.31786603643393624,1.5177960714991723,0.08073100273403636
1.1033418934027048,-0.693741754645863,0.566844102567499,0.029774097458342013,-0.3511007549708822,-0.20147280642572166
-1.1281127869689402,0.42299584670540713,1.5992212498406557,0.6415388812784668,1.3331440432242805,0.4181242126253434
9.228679203716196,-0.06456987401831465,0.1632302470547294,0.9373614423829166,0.1749164765965284,0.06912540892437846
-1.7125279759412357,-0.1643249502681627,0.08529345600110982,0.0006748148453844233,-0.8015250258327519,-0.26079971505723176
-1.5998692826622243,-1.1139900666773839,-0.3980517370145307,-0.2569861803065002,0.34872453178479385,-0.3323689833967139
-1.0574424680443812,0.4889516038656413,1.42767584229059,0.6761220418363596,1.2772233956043453,0.42383171170825906
-1.732684041045905,-0.39248583997038927,0.05678963461118574,-0.3733796831540527,-0.13608449135965736,-0.20749227886611157
-1.5566460205269732,-0.09032350049196838,-0.3726345138242099,-0.10962905259011749,-0.10591481030773796,-0.3223986978731718
-1.4874616996176147,-0.2142352897980348,0.13794647558935447,-0.40832707813569724,-0.37284629992554175,-0.6814592659359802
-1.6921390295766778,-0.4558511134657579,0.07288682781494084,-0.4062064436020503,-0.45829947521384945,-0.17028626932694146
-1.706752953938797,-0.17322404406434416,-0.1263091540208726,-0.2655131625062048,-0.40981875360507203,-0.30472884052745824
-1.2828827153930351,-0.9301825922288739,-0.3560160083586018,-0.31910530844436225,0.14211770368354357,-0.26247159731520053
-1.3943212103631422,-0.25600615048557707,-0.26296451951227934,-0.36352688305452374,-0.675750033578331,-0.2544013325880543
4.396245010152412,-0.4181952009960438,0.9008435085809264,0.7032382822867185,-0.3880687334900089,0.3670723430090033
1.1155324179115196,-0.7495869325906848,-0.18153594516559998,-0.8713184094410465,-0.25072808715803496,-0.1769713048647092
-1.3083224421092878,0.17295072785012394,0.39992291463236607,0.4215850157576172,0.3506621818057581,0.5758167560981221
-1.5557604327110601,-0.35990393539208565,-0.11923165888453077,-0.18568034158168537,0.0669091165221106,-0.22932618378161393
7.467881762711731,0.09110544294938293,0.5327411641483148,-0.15483040932507702,0.023447240936591857,-0.016444233581358852
-1.4241482004127868,0.2663263872650038,-0.5224664751645786,0.27352134346938317,-0.49263888663349575,0.2983625888746456
-1.7291143391184531,-0.17529045892981002,0.03751820426909119,-0.3585913534279771,-0.7344193119759208,-0.2682965979106351
-0.6859423540983192,2.701528293469896,0.5980669670082925,0.4231163624045485,0.7327546555831677,2.0446125630023455
4.434650872404524,0.6866484593091244,0.0971691534376404,0.2918374083986154,1.6648338578076243,0.08156665477944346
-1.3939863020255248,-0.4752738134468078,-0.4714245165013109,-0.4750688473596286,-0.5571742890748888,0.03544260474537865
-1.6980076302718532,-0.42341607144537047,-0.04631184948745102,-0.2655680919177433,-0.5595014050367093,-0.16344052620422295
-1.4175785420013245,-0.5669276234960927,0.09977482085048028,-0.478054037975692,-0.45617717197214047,0.005799021812115027
2.749243820409622,-0.20012348925825005,0.13618078835754852,0.6421135977068797,0.7044926803715255,0.012628201854609562
1.222106372752612,1.145344117917998,-1.4202211008011898,0.25696849883282186,-0.6173630294337727,0.3243162316118673
-0.8340443196292218,0.41737368897463095,1.1876868420762443,1.5086060797664405,-0.02941443181077952,0.8582217303687035
4.433554232410305,0.2099252690318865,-0.30191232133882,-0.21069393565133399,1.229618834347238,0.0007997531459592154
9.123995559183685,-0.014580868223413956,0.25836444871820874,1.3231580941035372,-0.22789896631963352,0.049680227521663914
1.4889605837076305,-0.6446927464556858,0.23952422857579353,-0.337815276313057,-0.12522939560327281,-0.14129048337120703
-0.854065937041471,0.658680045487544,1.1952088083328087,1.5325878306073457,-0.04216193821054441,0.9099016639850723
-1.6308224339038955,-1.0261070239556567,-0.15448671254336035,-0.06474422136817716,-0.08781852622608297,-0.2666879143698366
-1.6192246167054545,-0.12035222691469212,-0.5883262673292204,0.08560566986038268,0.19372490628372505,-0.14082393811903002
1.9026533138075006,1.3923013137310496,-0.46877930815756264,0.38511876647323867,-0.4514825406766472,0.42873150622484135
-1.5134487551935423,-0.2333743491223735,-0.4248467756180969,-0.46542072177044147,0.089720980978894,-0.3404327170315527
-1.2462207512328491,-0.10751960083028393,-0.755230256985564,-0.3613581459780629,-0.3358996046389411,-0.03693832821663846
-0.7355385936414653,2.7535415545862176,0.7889193814423828,0.42391384092206696,0.6956484671674563,2.002940732927545
-0.8797431772395667,0.4602892135137895,1.3945263891128834,1.559628998085026,-0.021850283835447078,0.8578806775182234
-1.2215954351388476,0.3976647944306736,0.14895972763406853,1.8567183936585456,1.279675586038452,0.23046727288945332
-1.6052648959284854,0.029047765705473117,0.17386098401864353,0.658440286558709,-0.22362327574209173,-0.4154740031740487
0.7719760009732463,-0.40814174904654743,0.09073589266069224,-1.75038167262499,-0.031017321241871735,0.11799287649548447
-1.5822210733543223,-0.13405287869444807,-0.03149508358196536,0.2007004022481515,-0.4910030924006406,0.14215924151811063
-1.2126209551231348,0.026439621382206614,0.026898792978269113,0.2630359658294837,-0.0039062891869684774,-0.019129652835689962
-1.4979587141629878,-0.2098859069435275,-0.6006285430697192,-0.4644272691955363,0.1428167622813765,-0.4446828937211458
-1.7478070962303822,-0.0922708541500087,-0.44111885808086754,-0.08342224350158264,-0.19630726717056715,0.05180738099712654
-1.4781653903093532,-0.23232697905446537,0.052342991865628796,-0.46365164509190443,-0.8282332171501036,-0.26333448565643236
-1.4934856956574314,-0.4635049942213372,0.2634720415640768,-1.0299239808646765,0.30599789403983607,-0.3594482132440918
-1.5335372632624555,-0.2085065279133727,-0.3025670783988144,-0.4470471817391727,-0.4719652024697051,-0.28584734737826084
-1.4138040802932295,-1.1780794223228506,-0.4027157699410025,-0.06548121580291931,0.16414442277386856,0.020957807311111746
-1.4669790214365204,0.5538136014207727,-0.03754426754762218,0.1846408391599298,0.685202126496386,0.3307817635766319
-1.5837578758242523,-0.04793822058097187,0.3162097671178458,0.06906974780382283,0.22266241894409927,-0.025254186019382778
-1.5378417051923425,-0.1688926572121175,0.016431288644385533,-0.7809036197544651,-0.4338177954200175,-0.23246750128284177
-1.641853004057704,-0.0075064314998003565,0.006721353072971696,-0.16872794140478092,-0.4761280190978899,0.13180758068448223
0.8203698767869306,-0.4355444081760577,-0.1793687717695816,-1.0297210069602374,-0.1959039918099351,-0.30067687882732036
-1.3232879149990049,-0.14822371531316836,-0.29277591955952376,-0.3443901432639228,-0.5436352415509973,-0.17988872703107228
-1.7198473054289247,-0.1935230825005961,0.23251415838158393,-0.1386970460026554,-0.2708430486693468,-0.09579761657324136
7.249665507440941,-0.3476067056294238,-0.014172176355787866,-0.1035489480960779,0.03950938420135227,-0.09315811182228484
7.4232076422951785,-0.0102618521496601,-0.39179854096256495,-0.04253903122492458,-0.06783380079923032,0.03843998173248424
3.845011392798553,0.23447366199905403,0.09979717532694837,-0.2966961746277062,-0.6590130070608385,0.15737260343666298
0.5928277242575553,-0.44654014050059637,-0.22338810547645754,-2.0795251561293773,-0.17631708152181508,-0.3808118386807237
-1.3338956329167162,-0.3576366697683458,0.29129581778248026,-0.3453889202604928,-0.4498306528397927,-0.2349829074709937
-1.3325575967398382,-0.02944818865730224,0.6093611191143993,0.08378164909535542,-0.317640045352681,-0.4743580892600042
-1.0039386006810351,1.6092492833381715,1.0382612732744556,2.080076581806398,1.305898208752647,0.6149109242399667
-1.4160467277417368,-0.5944227661052637,-0.2913403312432093,-0.6048673990029207,-0.3374330976490601,-0.18314948470996625
6.464860742744023,-0.11429957597788852,0.12597694999504958,-0.16825400866259568,0.24263905544946657,-0.6406272389586462
-1.2217470183918655,0.5011141974649949,-0.5614517518455115,-0.03280684134076773,-0.12246289774423033,-0.10847557682253187
-1.611280139286483,-0.7157908919059642,0.020762885603436903,-0.5578449526318036,-0.045345914743340474,-0.2170199705968676
-1.6526871895580222,-0.39165771237742997,-0.2819780509590063,0.02801835335708104,0.04605459815029084,0.2564447659116669
-1.4198075501712046,-0.22415228363260903,-0.13324777968367815,-0.47511783203211655,-0.5323891965311348,-0.18610852596444089
-1.7240201803201614,-0.5464626605780604,0.11501053810387582,-0.45554602798363397,-0.41075524310278816,-0.11887614139454697
-1.5901570776023115,-0.22201353372547963,-0.13747704122088886,-0.4429844118363688,0.12068113483984018,-0.32484605802273514
-1.610710765219327,0.11724801425933568,0.05165632440180519,-0.9198017802512943,-0.2962473330067358,-0.3657655855021854
-1.3242213217342576,-0.9555805070453083,-0.41510834759625515,-0.3031145963675332,0.26112265767807813,-0.1875717650227475
-1.6744816649232475,-1.310515663833756,0.04231644232323712,0.03809990948435905,-0.32820304425256364,0.4699038622342153
-1.5410823839231844,-0.5580042166836832,0.10684571527259906,-0.16733033152319948,0.1306527350337293,-0.09773678553468046
1.4303966732715045,-0.3939718101586495,0.4241965610298163,-1.1533667185198468,0.582307343502422,0.212341658664912
-1.5584635914258824,-0.5825525687339648,-0.6974537187388653,-0.3975087095028845,0.04049962208922098,-0.1932154496981535
-1.6010968642311612,-0.07873829537041346,-0.6193221692523448,0.1654883719679732,0.2028390852701992,-0.1168443533781783
-1.5434630640480085,-0.4123745500615824,-0.667999331911789,-0.3844585314326782,0.14435169077257676,-0.28619416156730887
3.0217838825276697,-0.06862147759148544,-0.07924863694172443,-1.2972114290071812,-0.8199877164419141,-0.29939802702540735
-1.4143083116330906,-0.2940383801374054,-0.07574945894557931,-0.5332820922656178,-0.5342065100994788,-0.2882305804178817
-1.481158770178348,-0.21794024223578462,0.050006899961862826,-0.5006928639923907,-0.1168634519487733,-0.2759177285196567
-1.4544449133959683,-1.0801086537435605,-0.15470278125654696,0.04836940509990975,-0.015597934410634373,-0.17240391781122336
4.620173128499831,0.2063155320345225,-0.8932745594948333,0.17584276258261247,2.300469457520376,0.284006202300375
-1.3412489860458985,-0.010779895104376625,-0.3199346791417442,-0.8239122384323658,-0.4920178966222968,-0.43760324815229157
-1.3903881249001464,0.7653500105220586,-0.9256457347680205,0.06346453529237851,0.5737669275422053,0.01743591381776825
-1.3435292959787337,-0.16385060126817003,-0.16858014637638719,-0.3903164673861897,-0.2991273410882223,-0.1653189943286262
-1.5316555199169757,0.0681301126573562,0.31040623458211236,-0.699957449413798,-0.3333974661199072,-0.4367585355663045
-1.5141662831187435,-0.763497118106012,-0.6229413607969313,0.05959159740511095,0.23523896439005987,0.08024500931432262
-1.3409839113845992,-0.5225757511093388,-0.11016409488942835,-0.6395053451186908,-0.7864908692537984,0.040125551027758555
-1.383639169290938,0.14144660677890716,-0.3357449612674002,0.1371667468433378,0.5407715473410803,-0.0987369120613556
2.4194921527040134,0.18821400767276422,-0.5653092803123538,1.286659996155204,0.7159328124037362,-0.19240488722910914
3.6921906424921787,1.2581626451604635,-0.7068202099125245,1.4707725120620554,1.0641944781588684,0.6410915618449365
-1.1243254803635887,2.733808210258047,1.0374889037838724,0.4837744168325277,1.0106703909069295,0.325255799470137
9.011228959096268,-0.009688924220914592,0.02009287496120989,-0.2757442946642433,-0.09510493253221992,-0.24127510657129944
6.385315115589691,0.8900355076843861,-0.09078666408385393,0.3626122282976688,0.6342957874769299,0.24354461823192264
-1.6827513477434597,-0.10171739845635835,-0.30342622526345386,-0.07487161542236186,-0.02572229745377769,-0.11449982643569734
13.684470349384242,0.11138264741787618,-0.09981726406438106,-0.12351314239768464,0.05002011657011282,-0.02437054376052944
-1.2824243426503235,0.11738394773428482,0.7236562493013285,-0.36537143333103606,-0.26925736308135395,-0.6082220968366128
-1.5415583935885309,-0.36289976670027524,-0.27902067121021373,-0.285665598285261,-0.4345990769788878,-0.297791806016781
-1.4635349874582086,-0.41228640865814703,-0.37571215505238287,-0.35466148554904736,-0.20769914867804296,-0.03499066381405856
-1.1858381624567986,0.3010632149481071,-0.6485171323970869,0.17672360203419044,1.6013656134374632,0.22227715270616075
-1.575171797899482,-0.27435123247990006,0.36816542228552235,0.04908977571001602,0.021063463336957168,0.40437715236107336
-1.5521480363448148,-0.7641332154880054,0.004121364841122972,-0.23591011739961557,-0.032538217738071494,-0.18106861009330405
7.105019716958829,0.33892153392304625,0.34883554932117183,-0.011700037913945055,0.3882163996026308,0.054130581221656295
-1.542325242291713,-0.269805149470386,0.22518282560537203,0.055930453696716086,-0.021188144368930514,0.4114010511330121
-1.2464550312349885,1.5761867055687302,1.2829685624649823,0.33804743257940817,1.1142135512527684,0.5364351144682783
-1.5715054495367624,-0.3426670191858639,-0.3631307285846447,-0.31427001747214545,-0.03860831652005564,-0.373122247340869
-1.3814177281209425,-0.38283000373241666,-0.5083179847402441,-0.20739697730281867,-0.22064940156777604,-0.05345184825934111
-1.6103193252849886,-0.13701203057377623,0.027093935911395292,-0.4477198230628678,-0.5615015368646177,-0.16172006192083355
-1.7098851664421397,-0.20672295225783524,-0.21406989700366902,-0.26198516810160255,-0.5042675962630938,-0.2237156020035145
9.271191237367692,0.023523738991885812,-0.01143726222662512,-0.23461884501486566,-0.10118426379238618,-0.2730600541254184
-1.4985929851567121,-0.1951251749410216,-0.7504146134130921,0.4239885492766952,-0.019029586245085828,0.1366156150689957
0.3227318257358307,-0.23958140756536406,-0.7331463015661918,0.7799088158901336,-0.578846006808866,-0.1669117613581855
-1.2038665342595152,0.4793222664169161,1.2464589738414131,0.6320725111873713,1.058143140020527,0.1911427052299675
-1.5178527922862226,-1.140488914316137,0.00902400638449735,-0.20674674247518143,0.047730801648815664,0.05449378740342346
6.912869009408891,0.18612827223174133,0.010951501745641499,-0.04428491773832456,0.05849875056003327,-0.07754874910216722
1.3906503651717563,-0.4652627780468059,-0.01792135417759314,-1.396716348626443,0.3389004599459473,0.1590579440506015
-0.9612383931847591,1.679872601471998,1.2654817464171735,0.5739785612746059,0.07680302592199635,0.1018957032695495
5.441913012464594,0.6794113419732556,-0.159422295024627,0.15181134076419758,2.0356738844572133,0.20444963741636596
-1.5898068955206333,-0.7523759731618499,0.22124814393946798,0.48867370920798,0.312424034792333,-0.06824268578272683
-1.2258920571551022,-0.2344396562432393,0.2736736975567185,-0.30842530555775316,-0.4069986972097739,-0.18904339270418852
1.0863316337690132,-0.6557648790880501,-0.44901228745770666,-0.3977022318875671,-0.07177830635411457,-0.08658397838904436
-1.6593866044954406,-0.5049616769053439,0.0724331422203758,-0.47277696516667855,-0.12363488928457712,-0.2512033015886473
-1.3800358155391257,-0.9127974625650968,0.3262496827120109,-0.2663551573346014,-0.32754763107407453,-0.36458338927742134
-1.5624640229440898,-0.46301464219632177,-0.326317015833543,-0.4565559364602351,-0.4234742271540349,-0.19373822300336838
-1.3559191489184999,-0.1755861784598887,-0.36762236158053113,-0.4598653060182912,-0.43543403653467,-0.20586233909594664
-1.5311267923405374,0.06990280867555376,0.3536210393302575,-0.6732069864870635,-0.300157416729297,-0.422654505931281
-1.3008378412191595,-0.633017830955423,0.31216444276016597,-0.502717053668354,-0.6559398390254834,-0.21630821289654978
-1.4301875327511873,0.43874621496115285,0.29973270662567186,1.0689160585681927,0.11622916188263963,0.16812008811589102
3.1912184799475383,1.461257093695181,0.38407935704796414,0.9548882814992792,0.8500602346651129,0.40146574218635267
2.5850149404430525,0.44989305868049523,0.5169570085998751,0.8377897026284182,-0.49286659357570706,0.4755029520023299
5.950215035661593,0.8141191804333929,-0.6546096330706861,0.4025900468060479,0.8595920656850259,0.28046984955831666
1.1953637954477874,-0.7129068052931063,-0.0015730546031292923,-0.7849746219608591,-0.2370698165303749,-0.188832535902485
-1.4901263582532853,-0.026850984582639556,-0.5718768553791455,-0.5079415572316932,-0.047829415078922806,-0.36476480284404916
-1.4183492491429788,-0.31555980031849423,0.45877303530830654,-0.024681497581797707,0.46691113761418745,-0.004165049253067983
-1.4710969238634177,-0.24190727275586407,-0.009974570694182271,-0.35372227866926065,-0.5965763862091111,-0.24590188572160276
2.5632971969491156,0.19879298489461258,1.2035092712653335,1.4402324671617355,0.09980899000324114,0.24812005978158463
-1.039974245152496,0.9062865681182469,1.1457051777244045,0.7288032323759924,1.0380292256764847,0.944401804538892
-1.3825660918443494,-0.16347560805649114,0.089366968577627,-0.5026112379551674,-0.7587833300126925,-0.3939437580425301
5.36897369619052,-0.6480307998020705,0.13703862025670438,-0.1340945297392242,-0.3457915500979276,-0.22422094802704656
-1.459082159210141,1.5120588969427786,0.7602728140011784,0.04993730606647034,-0.7209713694377206,0.36930594954740514
-1.513249285329884,-1.330576783133537,0.05487683244230775,-0.2370426390191755,-0.03564959954205596,-0.05783899277469986
6.246369177322572,0.6076259126048066,-0.5124333622949239,-0.04901760686542595,0.1458601877398811,0.15136369627428967
7.016055625473629,0.09696093200535665,-0.6700061568105253,-0.0023403637789685874,-0.15947412820835238,0.025484432742713458
6.132535286896965,0.14530704181495763,-0.7937588241923157,-0.019272774359322904,0.08110720084728543,-0.09876918963652075
-1.2622471695125306,1.8537592006658021,0.6311762416899642,0.38355167107190896,0.8832142455398586,0.7488345186611632
-1.378539119150934,-0.048114109637173684,-0.4786150753110653,-0.6886372250038602,-0.39339922237074476,-0.39821738785790317
3.457478728941987,-0.007439153893057226,0.07894374016025812,-0.9629876857152279,-0.7882232820125512,-0.21656005733592226
-1.3992336544831545,-0.20035297420584727,0.13937261464252768,-0.22805003905307578,-0.18289263128754155,-0.25912955239425756
-1.7086926718127766,-0.13709825178927923,0.0325534974748188,0.17897563226454496,-0.6794963482014754,-0.23917431833457867
-1.3547823512825896,0.31420933523817113,0.48439733346968145,0.8630499539455653,0.43409174897374453,0.6249074542775092
-1.469976424564468,0.2288376306543639,-0.47412816393990986,0.020916951594941845,-0.9511471172925208,0.0963457647141613
0.8330726673242268,-0.3240149228491054,-0.6240794784800004,-1.1045624345156742,0.17297606770615173,0.054996643839731664
-1.4850984974386134,-0.2890474999320181,0.13724933278449505,-0.4417589056560313,-0.4701918605171266,-0.2920947107423374
-1.4980684598136567,0.01645782355346795,-0.47033778095299184,-0.12137131422910548,-0.3435206246451228,-0.5831252325154986
-1.5571187245171771,-0.6505489102479611,0.49911887747371314,0.08022270268927559,-0.1366815896739011,-0.2520232170557545
-1.388351931636282,-0.23510996480774732,0.09194440975804426,-0.4274616418393122,-0.3760049555333302,-0.3856626256486149
6.935242528536733,-0.13533134980159586,0.7378470186391314,0.011237170972727775,0.14777430642255707,0.05734160981097962
-1.797661142724328,-0.45292480543612684,-0.19416508419853792,-0.4496479873351822,-0.2664833012910207,-0.2461314106985471
-1.2828670443667392,0.5275554191053871,-1.2299679939220995,0.5015346152844932,0.3171261187060494,-0.04121690888620392
-1.64483475171571,-0.34049819358438144,-0.21842895522802108,-0.29020169231209514,-0.1259086672986388,-0.26281342079048603
-1.5734639171051605,-0.0922644076017816,0.4092039711520141,-0.20335861262324353,-0.22664426017529268,-0.2885003328010216
-1.7011754479901753,-0.23120844773878954,0.2637032625770065,-0.27815216538929666,-0.6042103138821658,-0.25563835947342095
-1.5368742365810928,-0.015450554836248588,-0.39562390883713955,0.1917925092250271,-0.45987296552500495,-0.27408737198461786
7.151787995515905,0.26747705452162207,0.10803405850883517,0.23502407047350407,0.07817533896554335,0.0025158847892374297
-1.3425714765194168,-0.16793843916984957,-0.1543879433267709,-0.687389972484877,-0.6511759837501742,-0.1891365479028315
-1.1788588881334798,-0.02267899016649647,-0.09027294058543334,0.1106605163392306,0.9247056251570558,0.08109030750482625
1.5677109730318808,1.4868828981647964,0.8130399828445999,0.5379510220370263,-0.15319450620812977,0.5442335981440282
-1.243675372176343,0.8233770930232647,0.10863158099637138,0.08320268167214262,0.30631560334716673,-0.11707364604042887
-1.5719911296362603,-0.7030689358409394,-0.17658589577708092,-0.3665842067010375,0.06558868800419762,-0.07187034580521767
8.245522191788217,0.508997977473251,0.8096230579012297,0.18599393045478002,0.25840950493947756,0.40436891122373314
-1.1816065158992444,1.0626142410670631,0.037346092441432305,0.5377475595394929,0.26889452039720796,0.11894101015513663
-1.282049050477781,-0.15649532362523288,-0.4894598751666946,-0.6098962060156209,-0.4477857336015791,-0.10083399348830463
-1.420655128675306,-0.2538421690304903,0.16072685652270613,-0.8589359164704442,0.1593247031168477,-0.3044353094303948
-0.22904047181016376,-0.6548850445948283,0.05995908825646798,-1.7246081757181955,-0.1717089663767882,-0.3900083618137481
8.97741376465372,-0.0052606174275296805,0.07240848752088913,-0.2558602676405307,-0.09127381711633004,-0.23741160157367533
-1.7974862156797442,-0.34094989445630414,-0.06930549024729667,-0.27817855450484585,-0.42728963696556493,-0.19294639561440294
-1.3577769118380423,-0.10126651817839097,-0.5950409792752687,0.023000111398155325,0.418579519505669,0.038743464741365134
-1.4896446798992569,-0.17467281632141812,-0.47241905439684645,-0.2818165884480225,-0.4512248054709783,-0.2295979709015558
-1.588840365328462,-0.6418621944865462,-0.00877203110014868,-0.39747113714226984,-0.532926566869142,-0.09459293971498506
1.7286552234999468,-0.4499512203161628,0.3595444387441963,-0.6656482947898577,-0.038435494156232174,-0.2849252213414185
-1.4301875327511873,0.43874621496115285,0.29973270662567186,1.0689160585681927,0.11622916188263963,0.16812008811589102
7.31414391259767,-0.3769382733632908,0.6185088798754395,-0.03447595072274011,0.3475351244682061,0.23806313964479736
-1.5838742376819503,-0.26466106952417606,0.15539035902700027,-0.7724704263435691,0.1954612879410932,-0.10227888298752144
-1.4537070593667287,-0.6014837659922726,-0.19582861974629637,-0.441545554739556,0.33031997322748063,-0.3510208197603985
-1.5246458683710984,-0.24515754249774468,-0.11940140680469866,-0.23525598536085743,-0.5523223771397603,-0.19770563590702503
-1.4030769671532133,-0.19963170219829565,0.26228367129551244,-0.39281031037547026,0.43022359454177317,-0.11844698743045748
-1.470122282347917,-0.4873040707897903,-0.03212723180450881,-0.6625660096415548,-0.528543670637864,-0.12706426739670204
7.028578648748319,0.23546224709154084,0.37374285236362015,-0.020993849863953914,0.39882218748991616,0.06888173703111183
-1.421614596634468,-0.5707465514966168,0.1892236781570891,-0.41423763740471664,-0.4023948446805221,-0.24751275220908656
-1.429030044654759,-0.4962411983551337,0.3135018893912266,0.04065217939776761,0.42504461393646487,0.14676900826167943
-1.3328164882307993,-0.0226530636855673,-0.37186989931926434,-0.8042335367722628,-0.4842132432837677,-0.3944853805119392
7.738171767064678,0.35014519139330974,-0.008093951696186794,0.09294003698309944,0.24572452841347944,0.24262427013715981
-1.5128527665040286,-0.2969405012255017,-0.21354619355181462,-0.1841862305317581,-0.3491671264252201,-0.14917074648677406
-1.465530430093753,-0.43899517698765755,-0.1279006114691022,-0.6827037575521319,-0.48373260571031657,0.08050756574914146
-1.6000395529470666,0.029746457655936424,0.26232457421885114,-0.8619240175461942,-0.33621919583156795,-0.5386296804855645
-1.4177125134826063,-0.5714543122277997,-0.3232825636457714,-0.591319564003096,-0.34343860232001844,-0.1800522507728583
6.550632349853394,0.6710525365490723,-0.2076356913023879,0.2601999148045943,2.320567886027597,0.3250305882140479
-1.426486470253788,-0.24883475981488812,-0.7636755827600669,-0.531807289170913,0.16119497387883128,-0.1946372877047156
-1.7058305412328594,-0.32898979621805674,0.09466171448298252,-0.2207338676688761,-0.15855716598587777,-0.5577443887785339
-1.3813167662853463,-0.4798328540584888,-0.34271364065210114,-0.35901830212442737,-0.3738011363937274,-0.2483596403677951
-1.6355072172379999,-0.429742263495567,0.04729828220165587,-0.43430552261687694,-0.45193129100227897,-0.1707650327970198
-1.8028344999776378,-0.4816764319646713,-0.12293523273588995,-0.48036594646585584,-0.2651667304717415,-0.261332816582827
-1.6217601637562697,-0.509369036068099,0.04534293629062119,-0.16937115167374792,0.20092551927370936,0.08531521182642147
-1.5197249910152655,-0.2978002111362856,-0.4463201903344432,-0.31022646017382993,-0.3229080429138887,-0.40663125087828395
-1.6023042061377304,-0.8230408382191625,-0.04176998315429828,-0.23131751235213277,-0.018609650345085632,-0.2265456188428385
-1.7588690881311702,-0.37977951729379744,0.19134943039823615,-0.1469192381569431,-0.2574210624226226,-0.19985959236085557
2.1524749783644404,0.8810365976648331,-0.8027989145779687,-0.06645379354250981,0.6181612318674757,0.35839368716580494
-1.5498790969333753,-0.5412513802604647,0.6338009261520399,0.6200909096044328,0.4139913227049105,-0.04152135790503595
-1.7014745833237386,0.31164634631798815,0.022728123309490467,-1.3486388910803486,-0.15239973431058113,-0.33442273017961577
-1.5450383030609949,-0.16306975105433016,-0.18061567861240363,-0.26553999374459636,-0.3887135954975238,-0.5870343609455225
2.662310754542846,-1.0121674379481531,-0.90096318098051,0.033886179474567645,-0.9337369080880017,0.20390213347707198
-1.5028118696335333,1.103115105068566,-0.1619161365452574,0.24147509227959915,-0.08086349067012279,0.2741604551540549
-1.2735136179912867,0.9583108023116799,-0.8894581512691425,0.2821188184130268,0.5334318201923157,0.677039003329373
-1.4317097116211361,0.27280354698206366,0.15448826187203943,-0.3497480967834073,-0.509836885168883,-0.3495191341429992
0.15831918403291134,-0.38151152893995943,-0.7383023510052164,-0.7775214136334478,0.19178018095802593,-0.15845774545123398
-1.4803039939534965,0.07492804991059668,-1.2683720672951784,-0.1969070813162087,0.3764009443665954,-0.015506259011842964
-1.5593302797334132,-0.178922667312276,0.09963685580995209,0.4787234898332913,0.2064180913122695,0.1337741776743063
0.5995282025814347,-0.31311413225842827,-0.07203273015888773,-1.2006144239899852,0.04524734268465334,-0.17662309560543998
-1.4754277358013417,-0.4942685341551589,-0.43195349543987493,-0.15915549617511568,-0.3505058589210338,0.1299442737402109
-1.6214243609942685,-0.029495001015551713,0.1462099366174389,-0.05276179669520457,-0.36640173438056817,-0.07209464934027558
-1.6225518856411396,-0.3993103570183909,-0.06365033641566112,-0.2244436053964837,-0.4248918907416607,-0.35255452444144725
-1.7793472869470752,-0.42112371907229246,-0.07108051487047846,-0.49085258203958326,-0.269393420621969,-0.23416503737682953
-1.3943212103631422,-0.25600615048557707,-0.26296451951227934,-0.36352688305452374,-0.675750033578331,-0.2544013325880543
-1.117476640925319,0.9475661899127624,0.4291402271572421,1.33507473058654,1.0404268566987618,0.3841158002955304
-1.332320695907417,-0.08104778983694248,0.18031146683953322,-0.3288618568194438,-0.703467864413401,-0.3009987923993905
0.4146346886936441,-0.7882590135023202,-0.40422169427043214,-0.3868291275185333,-0.3149530042522126,-0.15590526517721912
-1.4499147505864542,-0.27102809537297595,0.12968797470312446,-0.8603363999608213,0.14181189586459322,-0.3084854417641886
-1.4841944196239145,0.1442229741389375,-0.9062228318557098,0.0213230116825999,-0.7923319243188691,0.1466144992307611
-1.3111021223945425,-0.23101457414676674,-0.24712384676805196,-0.4849375345388456,-0.904660645250465,-0.21803554299851652
-1.5425077234973212,-0.4154565930542916,-0.37618767906380307,-0.07315955826404794,-0.04756213092244843,0.0650997073123325
-1.4433431235448286,0.27129852636688606,-0.9593278279330445,-0.18347313870884024,0.1900612578557812,-0.019293222861867805
-1.7232033141869598,-0.14457847031462956,0.1445019801014968,-0.004298765604290598,-0.7528065577549877,-0.2593561540380677
-1.3242423885068932,-0.31460606043996064,0.1762694660452707,-0.3851257442008844,-0.3626781877854792,-0.8917742149741392
-1.3907933251789693,-0.1821103430252418,-0.38116658916886026,-0.021328709789819666,-0.21933580406260159,-0.056574510447347744
-1.567967341778201,-0.37013426505626146,0.252744981908849,-0.24078390990722415,-0.4675682389395935,-0.2115461586703361
-1.4770036905220185,0.09650878691978935,0.5848755421829417,0.6742565957431846,0.915495816455196,0.44344344016417203
-1.438199595453828,-0.3361701599791879,-0.19688833463032582,-0.36311806142019365,-0.18340564546970597,-0.2322653804675733
-1.3966555470511792,-0.19086458093999353,0.15887865493515582,-0.2092774318639645,-0.1686659745791024,-0.24477525790638782
-1.3348488615923044,0.34339612852055035,-0.7205321849939275,0.3209253619228022,0.24526774174425775,-0.20690399574310633
-1.6696002796344036,-0.43667922813113746,0.021054571598253177,-0.5168620560382498,-0.25838520829435857,-0.24986840353022002
-1.7202125401547812,-0.5194035541847034,0.004334907353996347,-0.4950767316102525,-0.20041556329694266,-0.036343294804918706
0.4929242838536308,-0.804202112119056,-0.02442052099912082,0.24551377677637043,-1.0316857337858796,-0.155733750677301
-1.314922378060052,1.2267407142138584,0.455875080356205,1.2366521431940636,1.427523621326934,0.6725949378177808
2.704000545407293,1.1215563334043286,0.5960072093849934,0.06409792475724724,0.923756706221991,-0.0701200655614169
-1.4194794955227812,0.7908717985392312,-0.09582213076970875,0.2931665910232318,-1.0785300980459074,-0.04435598006629874
0.4175702226721994,-0.44026753642969874,-1.1019037612152525,0.10263751029699228,-0.9410795068535635,-0.1904618632904807
6.914588106262475,0.8554913644223161,0.25371105936801536,0.17659854123054428,-0.011335050864577804,0.2066304878452926
-1.4568255343698522,-0.05116463046410179,0.6837698456152176,-0.3389555751226789,0.34396741646274853,0.06193428043246852
-1.5545249522831135,-0.6222066384583234,-0.07191228405471209,-0.2515401187059645,0.2768213279680908,-0.04268875450346538
-1.1417561896732253,0.46916985700669783,0.05647487809845535,1.3465247056405791,0.3117656648115106,0.64388550986121
2.419489132886311,0.15330837556882054,1.0427786103503807,1.3812617022767226,0.00880667975658816,0.1988734789447897
-0.8757682203411133,0.5837985376345143,0.6310311427528954,0.7310371577444417,2.266755896319481,0.2999789413760314
0.5357275192300018,-0.32077528943695727,-0.1940478553283966,-1.5079908749253619,0.18127254257735737,-0.053757269374773466
8.43714014122943,0.43748906973514473,0.479836118857809,0.12315635724149691,0.20675592625248518,0.2782955009939762
-1.4336757300969554,-0.24642307163370433,-0.5258509055641092,-0.6705998775334339,0.14994862380306,-0.687117728633417
-1.1043536117841135,1.617704347070352,0.6791847048137969,0.6607509492668365,2.1393777229466777,0.8281760856620038
2.652078891590335,0.054722841484748486,0.1912772883078786,1.3028181095427045,0.3299119870858817,-0.02154380179820936
-1.364508084373428,0.8405935331217065,0.34795768284308404,1.280345506676055,0.8849618758331855,0.3824894719043694
1.3430196106546415,1.0201778141132363,-0.18772940612551273,0.2642954119720892,-0.5558799306824667,-0.21899783461464511
-1.6782794941447348,-0.4515759294333727,0.07207103264637439,-0.5122179960341103,-0.2656547697190907,-0.24209080264152172
-1.5557604327110601,-0.35990393539208565,-0.11923165888453077,-0.18568034158168537,0.0669091165221106,-0.22932618378161393
-1.704262015014065,-0.6514972652777763,0.027614604113218994,-0.1282799934026981,-0.5464314081881195,-0.1979399450493312
2.473419632343319,0.0793964794529881,0.42235359965267866,0.6992301803947027,0.35571157006714965,-0.0095727622001531
8.331251874093612,0.53540047205199,0.5551092526703659,0.1463432652500261,0.27255852871133396,0.4125340655498998
-1.2849251548085856,0.5531116556293707,-0.7169764712196051,0.9199138350298944,0.7078648382048873,0.2052994762639888
-1.302766917875144,0.36465918867141556,0.39309125736609657,0.500369958568821,0.40532412393840295,0.780471497051315
5.778145489081884,0.31364939478145976,0.5046870736717528,0.6284121004124196,-0.23418797510164788,0.46084931697066484
8.38985509301154,0.13985198373302102,0.10592263093583688,-0.33770426079715454,0.009786227106870654,0.05311874738447662
-1.3559158829891191,-0.1308753186171711,-0.39381610106974196,-0.3543461752613736,-0.6327032380322986,-0.3353500776754407
-1.1095335043551553,0.5267992567477197,0.6473315671813294,0.7351667845300779,0.9758429664360605,0.9805973683921393
5.710871089698139,0.8147713014200783,0.5883179893803996,0.22345242995368472,0.018940777495593746,0.48785206471196085
-0.8692220475542818,0.4600554308729695,1.3373172700694325,1.2596665007696868,0.13068654314102626,0.4858269985421813
8.944519667723636,0.18025936371386905,0.11433204011313733,0.34974023259578835,-0.03790565895826868,0.08036326832382293
-1.375755292851294,-0.4699544799676369,-0.10498714081690401,-0.29837408607684157,-0.42925955113009057,-0.2805039640252003
-1.0078973367864161,0.7073391731097317,1.440099550286267,1.0162655454918936,-0.2186117122138172,0.5792246678840657
-1.0538403596719421,0.4651664522290103,0.28904449542574234,0.6877019771257565,0.892314528907723,0.8636471955603946
-1.3561795229196676,-0.37980879042612925,-0.43291544835176665,-0.4215726272547771,-0.4888584478209086,-0.17776136790064692
-1.580422017227013,-0.2586333152063787,-0.6916655766136877,-0.4892113902481115,-0.2431641411993567,0.00810749831770169
7.445415992207722,0.01584953527965672,-0.08362175119273764,0.007233501991365499,-0.04988779855380974,0.012270115859444182
-1.3002990965070744,-0.6129709077758417,0.34379420613047457,-0.48759449707900987,-0.6669583720608986,-0.19838955284415563
-1.4526978634464227,1.1112780549276622,0.5751313316730093,0.11186752908111249,-1.0497380121194724,-0.05920269735899512
6.2166460790023335,-0.5408853117824448,-0.039714450692367266,-0.7178173184360466,-0.40192618479066866,-0.20231742120299304
-1.505417722109113,1.1860075217104205,0.3825732942871175,0.06374728590393684,-0.7218761226321082,0.16277315346168014
-1.3002990965070744,-0.6129709077758417,0.34379420613047457,-0.48759449707900987,-0.6669583720608986,-0.19838955284415563
-1.4060192001057543,0.4721512687354401,-0.4035307809216883,-0.13879314027516063,0.14994385287741502,-0.2957389228618906
3.8515575045252852,-0.06836607009451662,0.3080062679541402,-1.1137851044661657,-0.7831268011362768,-0.2057457162326318
-1.4130772189440814,-0.18066069692760942,0.30464678699732123,-0.22491026569315756,-0.10122464457549842,-0.04647746718905896
-1.6448101012024774,-0.08706660857625874,-0.895955846741147,-0.08634151638281487,0.18396345593058422,-0.24241729010247864
0.6197485801986862,-0.30771972996550084,-0.07676565773356124,-1.1251704237901263,0.05429259691724938,-0.19537604965315702
-1.630424153944221,-0.2489774824468387,-0.4964206563277017,-0.27140319604517427,-0.09641137477453098,-0.289696328123405
6.0698667270463895,0.10977332060056098,-1.1314844082318738,-0.24269513994447844,-0.06542570774200711,-0.31478125767928455
6.15936324934815,0.5835749118531239,-0.23534773840927128,-0.04558316611062193,0.11738393652875727,0.1705059302930663
1.4393897889672458,1.4950578166959256,-1.191822555429023,0.44235944255214255,-0.46638193025087543,0.11200355438587228
-1.4787210305704697,-0.23363311217238922,0.053092502212952496,-0.46671702887772554,-0.8355296418008321,-0.2509947256395306
-1.6121373211652101,-0.8308420967238636,0.09964595533842718,-0.23006757042656084,-0.002077809360573915,-0.22192650335393885
-1.1342283090450518,1.0293462824686292,-0.41924691061902647,1.121835052531066,1.2501880340334635,0.6330179987970431
-1.4542323465422815,0.12406320524390892,0.02638625261878873,-0.07602354354740933,-0.06220989356370882,0.35576691826259776
5.661543452300937,0.16595756855755578,-0.29778432144911465,-0.16113117032978216,0.021708312308664133,-0.35964361878802087
-1.2658369997723895,0.33756933650683557,-0.8775739382413419,0.3560040767839598,0.2477100379698283,-0.23096332763572897
4.6330195683592414,0.49651465535329425,-0.03140666851262989,0.37143405221532305,2.250422091441566,0.25836099261986567
-1.652148038942256,-0.12440663451123585,-0.21545982081653414,-0.32763147489170574,-0.7016060260560624,-0.26646588787234426
2.539321354617717,0.6318788906544065,-0.3345698120889856,-0.06654328899336423,0.5612543427546494,0.255328506175855
-1.364508084373428,0.8405935331217065,0.34795768284308404,1.280345506676055,0.8849618758331855,0.3824894719043694
-1.6391522253219348,-0.15956826946137986,-0.13525686620468033,-0.5772110512377491,0.07103368084938333,-0.5025945738122439
-1.1165939376635352,0.9820247318791236,0.6893148535159016,1.482126120855994,1.0960308866420931,0.38677839651259693
-1.3226133411354866,1.7850146045458366,0.2809120955683598,0.12251164496360756,0.3403740459712749,0.6979694508047362
-1.183648316627943,0.2073457294655252,-0.4647461594726605,-0.19472473802441412,-0.37321520847177936,0.0254565586601008
-1.7524457637419435,-0.386401371961917,-0.1193806403520559,-0.30155988544343737,-0.34090612061447423,-0.44241336440679313
-1.3221064159031168,0.37804877306776125,-0.1930212214643996,0.22179787907946194,-0.004781030351410824,-0.05488519472861042
-1.4615921520410842,-0.23366784999268064,-0.5172037844848246,-0.440493729701247,-0.13638332821244392,-0.3695660286348889
-1.5947226015931122,-0.30794997842811667,-0.13781520473847447,-0.254343171039583,-0.37804971054362974,-0.5556156652138065
-1.604980013811385,-1.2097412677619857,-0.3962865105444451,0.14850044763121426,-0.2735301695470459,0.34312686444916296
-1.7343204741672686,-0.5311203238807967,-0.25901433648419314,-0.6864892633857985,-0.018671651800984228,-0.1511763295755264
-1.7321152039162078,-0.2255460570280501,-0.0993535421591301,-0.3805644903552956,-0.6909987808055515,-0.20701436672186743
-1.677074860904788,-0.46046416366849274,-0.08109838440174479,-0.5651712195506126,-0.16992616845970368,-0.24854091337194192
-1.2744892455269115,-0.7562624190112852,-0.2623176761230605,0.01708834244136105,0.32671260132129104,-0.06896028860957082
9.37800606964353,-0.07630885142887169,0.07608534851660952,1.2441244985807254,-0.2993973452213317,0.008069160609415534
-1.7200935975185379,-0.6826485127522487,-0.23881289849718892,-0.4355185671999455,0.019270907461457334,-0.3524770567505147
-1.0919524624549601,0.6545145108172467,0.6509062651972428,1.842063390556974,1.0014919829892424,0.45660312115160445
9.032083168381597,-0.06253584110081875,0.23223197724848993,1.2583931503578711,-0.2102821017849387,0.03387230198529403
12.672373332141069,-0.2273683912424374,0.0423479682405698,-0.01720339930197761,0.03529346165375465,-0.09398346599797992
-1.5746792495003903,-0.7882066484817519,-0.04574018972422622,0.022781650293199226,0.30616235547316945,-0.027834497203967967
-1.6350934533908832,-0.07090952726561248,-0.5479985784018402,-0.2650348993390178,-0.11074625785447592,-0.22209540314165316
-1.2914865399922804,-0.1580773245289026,0.7090949293255399,-0.30996790825218884,0.4676473600423195,-0.802292278748025
-1.410716173714877,-0.17947328093135412,-0.442211200049317,-0.6872929098164137,0.07957971426227373,-0.7431627019697304
-1.6214376620578734,-0.35057848025603533,-0.4622246898611067,-0.24672848881922663,-0.33410109680449707,-0.17019229758474236
-1.5705893579277854,-1.032092495659294,-0.3258923649271057,-0.029121691120726958,-0.06734709181003724,-0.2441904002951729
1.0876981617954915,-0.2481678479376959,0.19700820157180676,-1.3341985730467973,-0.11374512782739597,-0.08959781826033592
-1.0408185888728085,0.4266884399077209,0.9864495554187411,1.0640882392338578,1.1602452460714716,0.14264439477677557
5.766206654232875,0.12238418003366215,-1.221783131045878,-0.03577263126839081,0.027891694523984496,-0.166147462009364
7.249144361046357,0.18422624143610083,-0.809499087145208,-0.006312043466806529,0.12175742451319835,0.21418919842147327
1.1233791259016885,-0.34464751545252287,0.41054505789190643,-1.397785221243339,0.38916009361844106,0.08895082113707443
-1.617101690469388,-0.793249486065534,0.38160416780821493,0.19131370307373913,-0.06706265028092823,-0.2839902106758891
-1.7332699465423556,-0.03630206143516203,0.19805024352714545,0.09997643147540618,-0.10192326216992956,0.142940361960916
-1.117754734795083,-0.41771031245575607,0.7600459421269751,0.14360809760412777,0.2804185437556889,-0.02829311799949757
-1.3773474193489053,0.3515386021667928,0.14600483275927376,0.8249901483044941,0.6459205713519783,-0.0028514889704376665
-1.6618677393999022,0.3794019161097594,0.3145939426797183,-0.21781038351753043,-0.34732963781295556,0.004374308299785802
-1.7081579933127464,-0.5976878924258044,0.20427981093566874,-0.43821931172382866,-0.6618204940228489,-0.07437676068031361
-1.6194770792181092,-0.5524444857184106,-0.21403570741708766,-0.437589416212511,0.059212437602929005,-0.36119916998098733
-1.1444893167418135,0.6611875041550259,0.14207503897748627,1.0694075704571755,1.5745213794433452,0.0785762265331458
-1.5225660943900499,0.25982620517217353,0.12791284117141305,-0.6624831992828216,-1.0256260292172437,-0.2805940249981338
-1.381038097726004,0.4809491180562958,-0.8232101769426091,0.049036313051590306,-0.21297642880537104,-0.03527794829087112
-1.541050451322477,-0.5308657088435226,0.19201949448558997,-0.1361864814435244,0.1601460645142356,-0.09987154552886307
-1.0934151668354402,0.29210833600662583,-0.6856653522422871,0.32702277501562715,0.48732347763670986,0.2566672363545041
-1.6364516013895802,-0.2625549319780635,-0.015020838313023727,-0.3051011014618132,-0.7083941624511189,-0.32088407082997444
-1.3147505652795544,-0.10913420256486087,0.13378907211909227,-0.29024978528696,-0.6922685935519459,-0.31563799475354287
0.5329640788319936,-0.8186969718729226,-1.2089596704967571,0.45569567383797066,-0.7999446009746677,-0.17636279405487273
-1.5872591552342905,0.29358029982566813,0.1024589147550247,-0.5824409263014181,-0.3276445299127102,-0.7313437499734909
-1.544346100510452,-0.7569835676880557,-0.2779287291759127,0.293448035408741,-0.922836324603551,-0.13750325821006623
-1.3713906116503045,-0.16111779750110686,-0.49109108562455606,-0.4177039094453942,0.021863589451945435,-0.1844260234283778
-1.6500575332154268,-0.9081233180096148,-0.6641946331490568,0.028328089051883856,0.041451039124086674,-0.0018316322891449555
-1.589626865049633,-0.22801086310072433,-0.0004145454771354995,-0.5933421510236175,-0.37945529418654256,-0.3974239860639099
-1.1894767684163492,0.5549761281941078,-0.15510905214982845,0.8756724037890578,0.8230570082510026,0.15928920947678707
6.525931430551875,-0.4746927166635844,-0.5144566414343006,-0.1960166635456057,-0.46472721783772347,-0.21783074171806802
-1.6191169765915974,-0.5222784228273705,0.22025784106267202,-0.3402673649818999,-0.585726675678125,-0.1267569357719702
-1.3805303509932856,-0.04758123006205274,-0.5477518042760607,-0.2556743200709489,-0.6138690148123433,-0.13107572331909795
-1.1585554808353193,0.9526437459708232,-0.2654204424784976,2.4208785281364724,1.5836258874433218,0.8225287776030403
-1.4526114723476644,-0.15570983970817895,0.0070891656035084495,0.0038909539162980027,0.09529827519579422,0.004174999054120479
-1.3114072179886103,0.260309957429079,-0.4770983972026439,0.3283625483453818,-0.017838736691323596,0.43713623343561886
-1.7177665618386275,-0.5774872377740771,-0.09779183509935595,-0.2994889533574616,-0.3350296069801737,-0.3247184832717221
-1.3340568550557954,-0.19199125432391306,-0.09734274807719305,-0.3689211069099018,-0.7240247376566065,-0.367387156232586
-1.1637908246514446,1.382871997175758,0.21595080984446702,0.6086708963369155,2.030547921008011,0.7220081913622174
-1.678726145917152,-0.11627256412380545,0.16397872400258914,-0.10956254434147812,-0.23888634814092763,-0.019122194814206482
4.661885311822676,-0.6541241125621892,-0.38935877954000203,-0.18553464883105836,-0.3228151532505029,-0.2672206780650134
-1.65734919218822,-0.3239015944075547,0.253376161900105,-0.06476850845885089,-0.05870667732138794,0.05573770771974231
-1.4571296843415968,0.34288362213916285,0.44325616676725355,1.094346422951272,0.18039088484817334,0.14999362427468757
-1.623983399033496,0.1605669099711711,0.11264929705946453,-0.991371409979769,-0.27868876623412825,-0.41154584933566485
-1.2515321556344792,-0.008295226503347748,-0.8507750437821461,0.05110040859861107,-0.1062549003281363,-0.021391347163303924
-1.5216784170380646,-0.22717265848487952,-0.12481898586113052,-0.4839076410552844,-0.5277806806028941,-0.25840683780723445
-1.3864366421921215,-0.18977599090876907,-0.061634743713941266,-0.36083704876081746,-0.6189699536203084,-0.2764858633230281
2.386014831200811,0.16548100613741049,-0.6247634288091491,1.2774503678429532,0.6352705776181624,-0.11354176479832968
-1.5463645507209383,-0.28827295007680176,0.09336962108173266,-0.24223609592973777,-0.39399935801252306,-0.6223749032998682
-1.4901263582532853,-0.026850984582639556,-0.5718768553791455,-0.5079415572316932,-0.047829415078922806,-0.36476480284404916
-1.389732158501311,-0.0334103028701892,0.0770304559920667,-0.40912380383113844,-0.3785750224235116,0.39122704500325794
-0.9348875825724682,0.7160012912658701,1.1379727113402853,0.8720939394355168,1.1841828360778697,0.33046225810508784
-1.7207568163816136,-0.5153633487773818,0.1418227211359106,-0.06384183426829762,-0.3723723795206048,-0.5000946056589719
-1.5802210438771087,-0.24161906721188905,-0.7898226208892419,-0.4205428344404682,-0.23983095215510133,0.008663031636147076
-1.5788633325033135,-0.17491535601693842,0.13881366715064808,0.24785575192161163,-0.43997812330779995,0.23238125319734804
-1.4660388735086993,-0.3879724777037086,-0.48818973456981996,-0.2997444557772403,-0.21477131473037853,-0.06676314096855733
-1.384416702452571,-0.29249865910629524,-0.013978374574547694,-0.27641082059973243,-0.25945705662945784,-0.23618360350642534
-0.9630940467132284,0.5151915381248675,0.11270009458690705,0.5804501048923436,2.134132030136751,0.24285529704976133
-1.2277805072055312,0.29398903198636717,-0.06306041324907782,0.32819968558505264,0.22760660505318628,0.6594018125407831
0.03895090016236873,-0.4139171843879929,-0.7884222410719605,-0.80270286968804,0.14224880046042362,-0.21825104636944445
-1.5496536383094224,-0.37927709067349963,-0.256800486466807,-0.19544278664716083,-0.4370295987872725,-0.32842660396695467
-1.5735492244094103,-0.5078954506282923,-0.2881652071342202,-0.16205545070363536,-0.40994366845931496,0.06539248699407244
-1.3318534348463404,-0.32503074998785514,-0.916982169962332,-0.09138722226826136,-0.26256909657599337,-0.12149476997670344
-1.1951671414265868,-0.3414814879166072,-0.2836128645371834,0.3258920081208563,-0.05232841767627481,0.08296889142563219
-1.5391378992734526,-0.08875393163150673,-0.5412298094411646,-0.2851421474332956,-0.40441997421526543,-0.2824638260698737
2.811421277175232,0.03056092062103143,0.16977346117409214,0.6278003388520087,1.0690794797126388,0.0188140792986493
-1.155223351063928,1.9112394168941917,-0.23900498568544287,1.1426230769138936,1.3764851139170233,0.6913016865942841
-1.3355957822666222,-0.013487228670647734,0.3593909662858256,-0.07974633201548309,0.8650070480080863,0.23690921079762559
-0.885160948825244,0.8419994348492985,1.3076367138296545,0.41277661539155436,1.1085184488134252,0.04164836293868482
-1.672620332717576,-0.8330248453309635,0.1964573967110168,-0.02478109446873607,-0.23790672393421128,-0.08570486118004096
-1.3283133573737005,-0.3448658867494336,0.23236653043568664,-0.621716259748469,-0.8007953408957905,-0.1568193112369881
-1.565245475670825,0.039790477617786674,-0.7269657309627411,0.007008213189614679,-0.07000760049347576,0.048599213166101586
-1.5674593196898239,-0.18567707460868174,-0.13092857859236567,-0.5522680010602734,-0.38783975899480005,-0.3463336062180778
-1.2560131600722588,0.25628697752006974,-0.6981879502705517,0.8043155452864418,0.14297291661768027,0.3571495667917067
-1.6562005907608817,-0.09760457456340062,0.13758680317195307,0.31095060273226693,-0.6399242214270272,-0.13251317600486606
-1.3869222546220503,0.8133927084502526,-0.8540468961697726,0.06871269280875185,0.5898686700260424,0.009232577031610699
-0.9391600520833944,1.214103067109166,0.5597796411589435,2.6041500796311365,1.6817626415742115,0.9688849038146943
-1.4405993342552108,0.3711078336634877,-0.49888711817454284,0.005628443805744164,-0.0410792762951772,-0.3553223308208279
-1.1840636503975892,-0.19997327685826047,-0.5660695285825914,-0.18301355381183343,0.2881777134626339,-0.6126846719434711
-1.5340624387015545,-0.5628003105045853,-0.39392187136068535,0.19171792921886885,-0.647740056463913,-0.21463009885286188
7.3130312230808485,-0.47091937034572773,-0.2349731851044715,-0.04902772160601078,0.21520801093609904,0.08988749389255118
-1.3611253022815692,-0.035517493910535304,-0.32804676912211284,0.38246464521612333,0.056623573085615414,0.14613093796726906
-1.4629547887704992,-0.44402058067800904,-0.0678930613494453,-0.6483291339229471,-0.5323150851256631,-0.12791387942260152
-1.4553697145992228,-0.2492325794566162,-0.2151192963031586,-0.5133264405396887,-0.30457352968559354,-0.24829176647557652
-0.7899866912029764,0.7082316525232394,0.8436125694463571,1.1089818400795215,1.2736040251991367,0.6047340780779764
6.525931430551875,-0.4746927166635844,-0.5144566414343006,-0.1960166635456057,-0.46472721783772347,-0.21783074171806802
9.371102607892194,-0.02167166520774948,0.107417238823819,1.0276111477689007,0.12896383735770256,0.058174916030489354
-1.4379491991128084,0.3497708049576696,-0.45040315085429417,0.4213280056864739,0.2530663001739282,0.06076018380942161
-1.4197090417772427,-0.37881012429834265,0.1672679799758167,-0.4714188030261618,-0.5337546465926318,-0.09566335441429373
1.3971469358609534,-0.42292685233208577,0.4238922960829019,-1.2096876327118107,0.6287314917278244,0.18194526077403045
-1.725434058947044,-0.5234405685688397,0.0459661066521974,-0.23285856582067305,-0.5358584871167948,-0.13705612702572068
-1.5491508546651107,-0.5743200743104898,0.12273990042269423,-0.24910117878613156,0.021626247979577837,-0.026663594421792607
-1.5258571787519701,1.2029021719639863,0.46426867883261574,0.06419483965941465,-0.7837992204119985,0.2646134299442633
-1.6392252656644921,-0.33392583568527606,-0.2087216797005122,0.3367977898453364,-0.15390805402190214,-0.3968868830751949
-1.379962440623743,0.13935374105795822,-0.2048692219595535,-0.041119583074622434,0.798453619866607,0.34534536075215166
1.7848154218826064,1.225651438983768,0.7322973073455317,0.1269943110958886,0.07324285309404574,0.4122056957818846
1.7778764568143637,1.7673061739172706,1.0949233313147704,0.7281654116302316,0.0868552994849888,0.33516632018358644
-0.9416669363212758,0.7001956872331119,1.2961214469848372,1.0428900769463756,-0.20968252723845562,0.629494414156403
-1.5136728980634968,0.32300651405361563,0.3841996423844404,-0.3109289661340756,-0.5787038159781138,-0.397556970196413
-1.3895196602565623,-0.3020022751800537,-0.0610837545450385,-0.408329810117495,-0.9835352553312491,-0.26439792132268
-1.3743785510136883,-0.18120718120978097,0.2123951154251415,-0.2778637050306205,0.5856244133495823,0.10328556922941856
-1.4825856091158003,-0.2767586582086018,-0.1216372028529203,-0.3816633564407923,-0.692131155075952,-0.2793172976369104
-1.5727257473341016,-0.34947165970135147,-1.0348129230656495,-0.3437981531142744,0.38048363699121057,-0.1292906629445279
-1.439736336374005,-0.3990268741202368,-0.23274895765779433,-0.1840244463491406,-0.33581942115552965,-0.24465747063361237
-1.412508241562996,-0.40166136664890123,-0.8148874279316696,-0.17951703109846606,-0.27647523570906923,-0.12689009590639927
-1.3716166951482263,-0.254538080397828,-0.10794923706369941,-0.34664319227542895,-0.8635010954354125,-0.3343507762376489
-1.4979981707631378,-0.24826764737505433,0.05314694445726679,-0.37559919259408336,-0.9384863627816347,-0.3478288302072396
-1.1231641513768864,0.4343706724576698,1.6166990873362992,0.6331194919338174,1.3380716051977826,0.42406993572251395
-1.513249285329884,-1.330576783133537,0.05487683244230775,-0.2370426390191755,-0.03564959954205596,-0.05783899277469986
-1.6502700170438933,-0.1402811770398565,-0.009703309755582014,-0.1215004581839044,-0.41732205116919147,-0.22813869043726984
-1.2910742051061255,1.2647596838087865,-0.26541926192789345,0.5220150511408294,1.031345242654019,0.461811110525642
-1.6907460943912198,-0.1166004716412466,-0.2907440272062095,-0.5296326813776016,-0.168518130520055,-0.2155736246435954
-1.3938944317457715,-0.5707864288478874,-0.7790955262598835,0.4029062149690667,0.38481074027256795,0.15741703796089238
2.6668655313785066,-1.0159512305603853,-0.8895692529639998,0.031480387829150594,-0.9305015497058738,0.20992741507710788
-1.5615484579084862,-0.1792234543598187,0.1617832198620562,0.47683367589028675,0.2020642657452911,0.17859274698099312
6.910960647630816,0.2804052666629585,0.6750219880409306,0.10911237215085866,0.1817785937585953,0.018666467687211828
-1.5755870572718471,-0.5402712171142958,-0.826662997048168,-0.4265282301656719,0.16277474326748995,-0.19016540478917604
-0.22176553151824482,-0.3813283689959246,0.03725508821365115,-1.620009279140729,-0.2900018761851148,-0.3040408271082157
-1.6242722677145753,-0.43870837935735196,0.15829782013186244,-0.16738924467016447,-0.11348639019116726,-0.08732677957350903
-1.4914426936845462,0.06445088005539625,0.35421137940460257,0.1532610499804488,0.3589225644273876,0.11793116644757348
-1.0485137686129837,1.3649406270777082,-0.32706050512284784,0.616687159530691,1.849212368492037,0.6298503618205811
6.636317329611137,0.12552663337739295,-0.04329743055778339,0.0032072761410799197,0.079785039861209,-0.14877201090310002
-1.3029777434401795,0.3160518023976815,-0.45514625683342635,-0.0012884243043284139,0.7648051612127563,0.2843375062838805
2.2086484248789704,1.0768099267712612,0.27527980602300867,0.04995815922800019,0.6366999459297115,0.192155564905224
7.584023143390287,0.3768634402511853,0.848859864535591,0.11371805808443038,0.16741488107119468,0.0912238313839589
-1.2591553080793596,-0.6517760233491695,0.24044786021538778,-0.487729500634291,0.4059196163565581,-0.786561139575648
-1.4833107907415104,-0.13839427613395838,-0.46524051202517513,-0.20944636937016003,-0.3673117278965474,-0.2033767481012946
-1.3943981670532932,0.3963365202863687,-0.9940053157809079,0.0060775894198415534,-0.2282463883680947,-0.02051852083448105
-1.421067102689576,0.19169158105220496,0.4323754825233863,0.6439017608919426,0.454013978041753,0.04003309622213788
-1.4617498379807883,-0.10336846906751117,-0.5742040770147507,0.5616382958582655,0.023236517761865607,0.21825921447922408
-1.640055349452785,-0.519020221672676,-0.268226434123144,-0.38747032621721206,-0.36302571298419856,-0.25659431970272534
-1.039974245152496,0.9062865681182469,1.1457051777244045,0.7288032323759924,1.0380292256764847,0.944401804538892
-1.611280139286483,-0.7157908919059642,0.020762885603436903,-0.5578449526318036,-0.045345914743340474,-0.2170199705968676
-1.319548476136522,-0.048403595167134765,-0.6903638716742021,-0.04839517497304229,-0.26717185659963294,-0.15560149174029378
10.042045673040183,0.04377452548785762,0.031085519809591317,0.3181111487140029,-0.1094424195840704,0.03925346577748633
-1.1696312337191923,-0.26625095300436,-0.27167972113078576,-0.722417956138487,-0.13837168514556167,-0.2970325331312169
6.668193944373152,-0.3214209501774163,-0.018374762600166114,-0.2668867973222384,0.20229854568036038,-0.33812307071080655
-1.7000523685318802,-0.13183750393955532,-0.3706964403585941,-0.1096945765954461,-0.475335923757579,-0.1759911631659447
-1.455655635748755,-0.7534376604334558,0.10373075609270735,-0.42826772276880065,-0.07325919573395975,-0.12116331652534526
-1.3621316804453052,-0.3410105104780895,0.47726732673341044,-0.12171916622106949,-0.14848631130850162,0.018080957364103988
2.0591174794359297,0.9322116255742225,-0.9337000192088879,-0.14539829434958115,0.2881753186991323,0.11889578513403844
-1.4862691985218455,-0.17729837041933905,-0.20061002719270718,-0.4525762665525179,-0.6533984833644558,-0.2849625604838748
-1.6681211492923997,-0.34449450840451457,-0.012930944706210758,-0.38455093407743424,-0.4444500854950869,-0.1725771400268495
-1.5299213998506898,-0.2657724226689561,-0.7467077516629859,-0.5151629564083721,0.3401885463236662,-0.46149849265609605
-1.1434966787276868,1.4718827815009434,0.5097375918100892,0.6529238409915479,2.1307038450087927,0.7918628044498273
-1.5035742978750615,-0.3199382054073896,-0.01858386453784177,-0.4405735281868299,-0.6342391364005299,-0.3625987608910968
-1.466991939418984,-0.5817759837664579,-0.21214173166145636,-0.43919823161256505,0.4614609229889162,-0.3690945268842232
7.135322000610402,0.06490504929247719,-0.40162251441990826,-0.0403754608535876,-0.014658782567372486,0.039200945157881896
-1.2967440279529248,1.4005184143805904,-0.3527989446678211,0.5219408789633303,0.11554046697161593,0.2928048490785155
-1.610710765219327,0.11724801425933568,0.05165632440180519,-0.9198017802512943,-0.2962473330067358,-0.3657655855021854
-1.1665001946904365,0.9051732315382746,-0.34841850547833425,2.2866676849482617,1.4772834672338366,0.7607439528086567
6.268428763975363,0.6764523441022893,0.26103570048542035,0.5289598596080592,1.0179792794111449,0.33673060687676615
-1.1112024614358669,0.4747017046493903,1.3690818525200654,0.7307762745013883,0.25326507019671574,0.2983276719282803
-1.2376486675429519,0.3708206056737161,0.1401727973437682,1.8314452396757481,1.2289787688428448,0.26635874211486665
-1.6567694312321397,-0.3386782658407022,0.01909710920389465,-0.02317779831108637,0.130399473368178,0.028859999048598442
-1.3843441932847234,-0.14710988730212496,-0.13999932960930792,-0.4492531305034068,-0.6848657512142808,-0.24518072727242163
-1.4716893272163027,0.26733828273074967,0.2252688891466432,1.1831329060496294,0.13479488145739618,0.05340235814056364
-1.0755192520460624,0.47929126040035175,0.7636611844218296,0.5622770757128125,1.0764757860334333,0.9422186172291418
-1.438199595453828,-0.3361701599791879,-0.19688833463032582,-0.36311806142019365,-0.18340564546970597,-0.2322653804675733
1.639793286846463,1.165851245661528,0.34971218854102587,0.02357265868742869,0.04116959108335644,0.40782850181323343
-1.820420341787133,-0.3605184876078217,0.04919771155348292,-0.24995766647044634,-0.4215467202990549,-0.22221241449654636
-1.331385992557809,0.4427993263035428,-0.06528086023121955,0.22676072102671688,0.06147437453237643,-0.03811484748748803
-1.4972209400485152,0.3668677803686944,-1.2567434959916588,0.2737132248936025,-0.37285018743591086,0.08853029727469908
-1.5236560942753155,-0.4908245404278096,-0.24474608404559325,-0.20408074666377965,-0.497540615440143,-0.26456855804366713
-1.5036372977741503,-0.24010897165559136,-0.12616211160171317,-0.5489579614410479,-0.5763117706304265,-0.32729047163846386
-1.1597548976833396,1.9178676135920103,-0.2112463822683949,0.4764842157196652,0.4169786278160727,0.16562403685902602
-1.675313513771378,-1.1132679480392595,0.13577783629314225,-0.2530368899113417,-0.15741808839689664,-0.25142529032771477
4.185557092719493,0.22184804004433084,0.3764359161505565,1.3920518378140645,0.742533132881413,0.8802577031264954
-1.2455261995943545,0.8513997474942216,0.10630906406463425,0.3225630374183166,0.6283109863767744,1.0864628724041767
-1.5715054495367624,-0.3426670191858639,-0.3631307285846447,-0.31427001747214545,-0.03860831652005564,-0.373122247340869
-1.4931758802153174,0.15616802933897547,-0.5160252736016405,0.0906505694261921,-0.11094412357630468,-0.3633011135315669
-1.6994012781175865,-0.2211568690511563,-0.06846750112788867,-0.2802541369416042,-0.6545097820675079,-0.23365344702675128
-1.4232851859844249,-0.26209514893071323,-0.6443245686273938,-0.37310617511499333,-0.24911207156547988,-0.1909953660876962
-1.6042004337059546,0.056109323742428545,0.4256940581627712,0.07446882409735618,-0.2668281257755907,0.00876734776685148
-1.2947101077306675,0.15837083631282514,0.2797971206093496,0.33243285735728034,0.27749586864383946,0.599719581370966
-1.7205246586418408,-0.32155257877203586,-0.05606839450335027,-0.4188301566185922,-0.5861110540700979,-0.26559887732459225
-1.451969743463318,-0.547114848895834,-0.192905175159433,-0.4299752695570911,0.35603036947355604,-0.33243925213292413
6.998550291785421,-0.3702473724205136,0.23946766606748557,0.024734042529207568,0.09380486291322626,0.04640257574607493
0.5004880325117059,-1.1807788152764598,0.0629324286884067,-0.1385930135467643,-1.708919444055259,-0.592740071418221
6.459522263364184,0.6169526754896162,0.07167604014573699,0.07344521320051713,2.4436612438433865,0.32997205745677727
-1.6037623715887372,-0.49157866116161747,-0.16513380863132732,-0.5032497250129453,-0.18358631718158533,-0.2170376441561102
-1.0345276770360048,1.6120809578866127,-0.607895244884238,0.13475032782307572,0.8035207764183726,1.3610521472632555
-1.3914223918030482,0.7937297094495804,-0.8732599117962915,0.4309863069191615,0.4717350219208372,0.8371817715001708
6.534962368115372,-0.0966162106747525,0.03395840805423765,-0.15056063573580036,0.2663211490337423,-0.614344037813234
-1.6707342419998104,-0.4882197188727255,-0.08815478443349302,-0.33930783487241456,-0.4302575058185784,-0.15367306514920767
0.36068084299842146,-0.7350513371746865,-0.3007415964144531,-0.0468676048690208,-1.5156399868053962,-0.17377999695538368
-1.6425660549428387,0.3100600065355679,0.2529376145717355,-0.20945617304953998,-1.4376187082030687,-0.060887087005866126
1.87635051905961,1.2072184652432592,0.6763470070389658,0.15288555343206406,0.12753996175334686,0.43965039628106917
-1.3670211707780493,1.8109071269438637,0.9123187768621687,0.24270572925761383,-0.3624737859189837,0.36930267622328977
7.822158469691538,0.3810367761453998,0.1351558890126098,0.0776426638752103,0.28493754326280035,0.24273904226149534
-1.5414705009260519,-0.2054836125055675,0.0860484695114752,-0.42470871400454285,-0.9344458051772733,-0.27436455430659457
-1.5012174555207376,-0.3536426414539147,-0.451592461431636,-0.44946418596498916,-0.003324541187000482,-0.14253783063340678
-1.2842051306560276,0.8310934722541476,0.5135499507448851,1.5129139066267423,1.1231423672157674,0.4276250869745626
8.361421737342432,0.09849442233226026,0.21640136814112407,-0.3556638781979418,0.013810817962501928,0.02680510072457645
6.108388895127228,0.9335994166550279,-0.05098462525313647,0.35812197558435405,0.6745402241441554,0.2658116456353812
-1.613385091628783,-0.5130129144652723,0.2041593255218199,-0.2506570788352007,-0.362651000516559,-0.19964317829202746
6.587369141974631,0.12348385427434415,-0.39029247597001515,-0.03920938607214651,0.07115520128616054,-0.1872413072828206
-1.1584136354383152,-0.005292096446900784,0.3053009385932707,0.5279321581331249,0.3596040552043898,0.7065268727498809
-1.716287070360412,-0.6105510521908762,0.25223373699326235,-0.09296349840802641,-0.346296159103111,0.042751673856396936
-1.5122681631436894,0.24771319874109832,-0.8511248076880432,-0.2611915170087871,0.15483912485733928,-0.02922268283103022
-1.5971643327731078,-0.44493598584910066,-0.17308039374030315,-0.10702619751319885,-0.04311198189156749,0.03548347278390693
2.506415851621365,-0.17782336761736633,-0.2586456767365992,-1.6445078377851536,-1.1344086740953427,-0.43007465089187497
-1.5425211058002102,-0.23724466885814444,-0.19812878534680997,-0.35794500592321815,-0.7391230427206942,-0.24095903902995458
-1.4867228320363175,0.1302978622314615,-0.5921917520070842,0.23471610029739057,-0.06571455430871405,-0.3178685752587097
0.5509152839063586,-0.4823428699335108,-0.5044125145079492,-1.1096608837175437,-0.23310768413474608,-0.27979392557764476
-1.2376486675429519,0.3708206056737161,0.1401727973437682,1.8314452396757481,1.2289787688428448,0.26635874211486665
-1.4045923890790957,1.0198309640213745,-0.39342770939310134,0.4360184132902122,0.5881686346249693,0.9710327447635541
-0.7707607755276659,1.5292723324269493,0.5985770030310469,0.4380895690936228,0.9145658089254618,0.7878233386600336
8.43714014122943,0.43748906973514473,0.479836118857809,0.12315635724149691,0.20675592625248518,0.2782955009939762
-1.1302326225127537,0.479353951831365,0.4957272021490686,0.5061300725304196,1.016456314386259,1.021547658497911
7.172129690828945,-0.3194402703858147,-0.003915159607400554,-0.4215818434807286,-0.1257894302364252,-0.049071350177479385
-1.3934562295966504,-0.07310174511568225,-0.7870954154295192,-0.5389387833932212,0.4163690717658297,-0.38646071548519934
-1.3731932760746537,0.5092511347625548,0.64410891227928,-0.3548931414395203,0.2288024387596087,-0.37620360327715124
4.273674593498122,0.2843518540008042,0.6643936926232914,1.4331451754029092,0.7734115791505926,0.8859970378979212
9.205083175850032,0.022877895918877594,0.07573147822709005,-0.23019167211900507,-0.10062990140984754,-0.25646073505938854
-1.497703914640446,-0.5906998942422743,-0.7442953490232203,0.25194345317405337,0.13264252340291754,0.12753309294554016
-1.419296407434325,-0.6349745088291554,-0.016339946829669716,-0.2778088028661453,-0.44326987812122226,-0.2566443798093134
-1.621574354375816,-0.29410065067015184,0.060336246560639135,-0.4086896229834364,-0.22594149903961097,-0.3696937056222934
8.981407392719943,0.3197511362914562,-0.12640540888810467,-0.07215815341770775,0.0019160306617615733,0.2578743895562117
-1.4086092537826045,-0.17594250240488915,-0.7291484808418142,-0.2933824258716024,-0.47457800690338964,-0.18961326015101018
-1.4729484497621006,-0.3535452189502648,-0.692638202669887,-0.4936619312377438,-0.28437093714479406,-0.12816956587291709
-1.465397178805247,0.08672057685630163,-0.3315928620144042,-0.01830374782646132,-0.011132707542398267,0.1300085596927261
-1.2591553080793596,-0.6517760233491695,0.24044786021538778,-0.487729500634291,0.4059196163565581,-0.786561139575648
1.623810451260136,-0.48255417907166,0.5864390092728172,-0.6256277240317417,-0.008744586136332074,-0.28319498213849226
1.1828175824660816,-0.6082895695324564,-0.4836890839854946,-0.409178878944401,-0.10228189419288998,-0.09130953357278518
-1.3715847751999268,-0.17698115749051752,0.40550267215546754,-0.2530316647652179,-0.43892450173202424,-0.19590442293871327
7.135322000610402,0.06490504929247719,-0.40162251441990826,-0.0403754608535876,-0.014658782567372486,0.039200945157881896
-1.1112024614358669,0.4747017046493903,1.3690818525200654,0.7307762745013883,0.25326507019671574,0.2983276719282803
-1.3805303509932856,-0.04758123006205274,-0.5477518042760607,-0.2556743200709489,-0.6138690148123433,-0.13107572331909795
-1.1397258207049494,-0.014130416001648351,-0.5517501650174341,0.14314429271894716,0.7147773672132763,-0.061557292703734307
-1.6046580270618664,-0.40091133680918933,-0.46210412793818323,-0.3648553305621382,-0.024414005609294805,-0.39871028724696783
-1.4664866688388876,-0.11228405706981237,-0.5673746447032345,-0.14497291654990194,0.06146426321315402,-0.13424485523590896
-1.5090821387112054,-0.19522683181295442,-0.24632081941706788,-0.4050792754189802,-0.07275690231941133,-0.41299784603438794
-1.4686991266229736,-0.5854468197155498,-0.2754522657772388,-0.5132029681914099,-0.5458889120144056,0.05660945088323853
-1.3553945378089514,-0.2736707349649654,-0.2963215229661368,-0.41411864962894446,-0.2077029372676661,-0.11656556650732827
5.666520311794647,0.8073963327875481,0.27284226548125673,0.1956147500401604,0.0417003491705786,0.441555928988748
-1.6337126359992227,-0.8051114171438112,0.06248775129845617,0.05112834725838262,0.39521466567529645,0.06264966187422907
-1.6133138794460855,-0.061963781144725186,-0.12185688913080012,-0.573622583099006,0.13251688849487328,-0.43182979433381646
-1.7102460950978957,-0.5743693083987832,-0.11679574986814399,-0.3026440406017439,-0.3268378505036129,-0.3041909006583486
-1.6170788517362298,-0.3340012662053749,-0.024559380436039835,-0.14521254546211454,-0.23023243759127957,0.050184295771556864
-0.057003971238204394,-0.20429742203683698,-1.0096259953774522,-0.09641985718457947,-0.8420237568534192,-0.2120775145627313
-1.4020429281954079,-0.26675385728906564,0.2622534192063627,-0.27942839520063406,0.011395280480830465,0.1273221623192277
-1.1899669188586353,0.48223321549552994,0.7050920942790261,0.6654830572444721,0.5014944007115514,0.03661309364481249
-1.3677782180304667,-0.17665969400204629,0.1480343114598931,-0.347466527649442,-0.38520065483538407,-0.1905184534895933
0.8634782905643382,-0.6790927433533718,0.4402350276764388,-0.05839429713171238,-0.4236558192838454,-0.2469143872568658
10.492899392128733,-0.08491409877992717,-0.23284407348812813,-0.04386404481134189,-0.052895999395245384,0.07632348461997766
-1.3033535185182406,-0.1705559396563879,-0.023527367652752772,-0.744345189069505,-0.6301159821238737,-0.15678903770858427
-1.3637234763216328,-0.060477362879099855,0.2539789207883136,-0.0828891812929422,-0.04877839181220415,-0.05007838931417242
2.593327494214975,0.7095120925036227,0.9164903454909387,1.4363003498190168,0.06675637267611996,0.1422397269374795
7.276499305506885,-0.3580189256180591,0.8183305886747304,-0.09208408509619427,0.32641162467984114,0.22889549609171828
-1.4399652845696473,-0.02718578732757401,0.02011649156097921,0.06657156718437851,-0.11988380716719174,-0.04330164000012964
-1.0388452826623726,0.7579930237411884,0.44010436783664875,0.450391139104776,0.5801634074655946,0.20744000479679353
-1.6922057534125585,-0.9246363318777873,-0.008772830205968668,-0.2564602817192127,-0.09539918663399856,0.0005003490018837349
11.112535774297344,0.2268888098534957,-0.1790890714201135,-0.06692135960250843,-0.10576043631059401,0.06175898444021244
2.419489132886311,0.15330837556882054,1.0427786103503807,1.3812617022767226,0.00880667975658816,0.1988734789447897
2.1909278018046723,-0.12214400301754796,-0.9906853017413318,0.3925652326568887,0.8742135166989323,-0.007967909950935055
-1.4135872630179933,-0.18580827952538817,-0.15720164957804128,-0.5045618375667457,-0.8273342817018132,-0.0678024498541923
6.966926093617164,0.3672680948418909,0.13320229535727632,0.1392523183907111,0.05624422287799323,-0.25744935549142217
-1.3842272396196937,0.2872189063343325,0.3100972774913136,0.18626106289964664,0.28779876931315057,0.1832904414312495
-1.4678977280966208,0.013795213976717475,-0.09061366094384138,0.4788501603502827,-0.4401673325485318,0.23348741491548206
-1.4468439613757809,-0.007394496410437284,-0.24448702473166214,-0.20028330853842682,0.4598281319297277,0.15988868107895818
-1.5691086981374123,-0.6055977150801253,0.26390199541133147,-0.1724241110903305,0.09569259236404086,0.0009811783167526448
-1.1503684550572093,0.44480038440614716,-0.46512538281881943,1.4864864644088822,0.7622275989718961,0.3304843765600052
-1.3988020606257567,-0.2621990820402393,-0.2602303056765015,-0.327671291442737,-0.24338226351100042,-0.4169965611613527
6.99907111927328,0.11818972973543485,-0.6477539773908831,0.00013575859088617073,-0.17875095900937846,0.026067622002085886
-1.3440673384949893,-0.13719465246193294,0.4983611279001678,-0.05444528887262085,0.22718572927242234,0.0257886273263922
-1.500538953741079,-0.25439709911549896,-0.02321342604117027,-0.674719936798882,0.1778283859418527,-0.099531871525652
-1.4696880555403022,0.3222814906745666,-0.567994865975279,0.11143090457415564,-0.022498151969662008,-0.3347281825316961
0.42195684035128833,-1.0025603554764515,-0.3354697955601992,-0.06927878672240921,-1.7819165644147403,-0.40172009331292263
-1.5928835583668624,-0.22604998587721836,0.26189220203941205,-0.08929221340792425,-0.01870541663160982,-0.5644313130461648
1.2121156036985017,-0.6680280024272459,0.34234595067729773,0.394064717851184,-1.132737275030162,-0.06605990068904197
-1.5219876849542446,-0.1624891511534964,-0.25334712382836067,-0.038398835578181335,-0.3067762140232737,-0.1771845793163479
-1.5971643327731078,-0.44493598584910066,-0.17308039374030315,-0.10702619751319885,-0.04311198189156749,0.03548347278390693
-1.53377291188475,-0.32101869928656573,-0.1492171254389429,-0.4355057277173229,-0.6583633957289903,-0.13881047661953116
-1.0152945645927702,0.8750479913292649,0.9030101297059723,0.648310924670544,1.0807490576502836,-0.23272253534528486
7.169755964542563,-0.7815814277682698,-0.02446481892130405,-0.3336769366285323,-0.21052231757642226,-0.3618950697592643
1.181907503329962,-0.32746188900931567,0.33849667600154887,-1.268220639431487,0.36983450202674,0.06700805410025469
-1.3287143026859376,-0.2921026157241354,0.3347762201673641,0.38071117208666116,1.021337019188703,0.38396879676149015
-0.841443448684424,0.6078671239384604,1.4127486512716845,1.1409644335724476,0.29282031459865737,0.7660887767501807
-1.5900102304336172,-0.4284495474120581,-0.09840227484565658,-0.2425831065941159,0.23860653008119306,0.0479153828994696
-1.3632886936014488,-0.4274250039684605,-0.2843872920073001,-0.6722688123658124,-0.4402638095717595,0.06276197928480887
6.464860742744023,-0.11429957597788852,0.12597694999504958,-0.16825400866259568,0.24263905544946657,-0.6406272389586462
-1.1794035129427585,0.7878789398854931,0.19730006851409287,0.7540085141599381,0.7599627359991787,0.7080019423032563
-1.5396395609950682,0.29846645152867357,-0.7503987842764527,0.02355078182600873,-0.29592289747686956,0.00011980267460216564
-1.0035727875143559,1.57404529798044,1.0095976734020609,2.1055735634398016,1.370687035612265,0.5596041364017817
-1.2955778014487822,-0.818980411555179,0.26078852018840104,-0.2248248592804802,-0.3026729055631524,-0.33749132746399096
9.371102607892194,-0.02167166520774948,0.107417238823819,1.0276111477689007,0.12896383735770256,0.058174916030489354
8.741472224957903,0.051260873782472946,0.1770615013126313,-0.07198070949825824,-0.05569583006587573,-0.3071449052170816
10.298700825846955,-0.05775527156820601,-0.07279098403224525,-0.04785992657030148,-0.011371229076646588,0.03386127513074896
-1.1561894418524865,0.8695593510169155,0.4152068439932968,-0.00507073060885907,-0.40022466157168224,-0.08790602793869359
-1.567147461742028,0.2274425826482114,0.2402528672719108,-0.6381742069058408,-1.0236215596008926,-0.2714159627539502
-1.6574580557873944,-0.2046041434995291,-0.1302605803347055,-0.5863199378124134,0.02529866305477834,-0.5294807882250494
-1.6941555891588946,-0.354254468324356,-0.019461407156129273,-0.3191734892959733,-0.28675295588012595,-0.13614182878859296
13.017603632914698,-0.32204215231503525,0.024183524847649206,-0.07378210307508012,-0.0070089378616510845,-0.14842361195300152
6.459522263364184,0.6169526754896162,0.07167604014573699,0.07344521320051713,2.4436612438433865,0.32997205745677727
-1.2328045919304393,2.093485693143213,0.8854712493843545,0.3846652965016368,0.9733128825288255,0.7146361726176191
13.84076009642063,0.2029064987315478,0.25235500456636345,-0.09283396916921992,-0.0886798602915448,-0.0363698579557194
-1.5423195810871797,-0.8235001732499807,-0.011078923772251637,-0.4063554054380116,-0.17877359588267674,-0.15807540686663327
0.05573732698699072,-0.07258760350685736,-1.0859119729675568,0.5953590109719198,-0.7811776297517936,-0.09952002048269297
-1.6066497002000837,-0.6597132071725933,0.44432208488112257,0.17425653015725245,0.47799263150973975,0.08802985489374943
-1.5274327932620304,-0.8722777491685463,-0.3206656950260032,-0.18893842322252755,-0.10287005454701337,-0.012485969029554048
-1.5350849813608145,-0.2700651651175,0.24397333542627075,-0.45939051548458687,-0.356211961150807,-0.511934576100967
-1.1391889637459396,0.04692883331705793,0.8196179264564745,-0.18551645783209603,0.8920042606922923,-0.2123452229666757
-1.6422528196220427,-0.2543810670058491,0.26596623197060953,0.2342840000941681,-0.6266841043693065,-0.3244605945644267
-1.357991778582971,-0.2762762475351336,-0.34815949489563125,-0.5656140990977958,-0.5797333305551681,-0.0043223302003581945
-0.27406441759511413,-0.40960168668842023,0.01912276949873345,-1.70924979237304,-0.3199922153662942,-0.3124398656756824
-1.6723105030021768,-1.029637710436289,0.1404385279364878,-0.11743261914280231,-0.35035881805182895,-0.31194207563481263
-1.5141662831187435,-0.763497118106012,-0.6229413607969313,0.05959159740511095,0.23523896439005987,0.08024500931432262
-1.2174146763441926,1.809362547969406,-0.5064631692225197,0.5361772135888273,0.3225873653161901,0.14424949199705525
1.6778942094106242,1.7956478343487159,1.0842815882173484,0.7081423481471167,0.07227129726446511,0.33914766191491996
-0.8894568283250228,1.027502876288416,0.015913556580543196,1.5555224310993196,2.294182641534501,0.4155923274656144
-1.6446621242806674,-0.9649358759640083,0.21545190659563868,-0.06964436829627829,-0.2874902417672156,-0.2987293448999673
-1.474371860757952,-0.25791083269270876,0.035628904692722806,-0.5069656514410541,-0.31328763393297604,-0.4927017734684322
-1.5420551710539987,0.4231131850291176,-0.7340386594848891,-0.34406606017349484,-0.10640343991118911,-0.6516941776947266
-1.094821759537988,0.2185356907220011,1.2683269019311223,0.3393121174422725,0.19095068994730627,0.36838824020645644
5.876422787804715,0.4789550835372369,0.42451632452393656,0.08898388060240654,-0.07797581895736322,0.13977397867502347
-1.7327981940617754,-0.42555470577536475,0.17515141649917362,-0.23901804263981255,-0.21083736304294948,-0.22073648319079991
-1.4368838469002423,-0.2035886962694294,-0.18529811198196397,-0.6870339081570673,-0.6322840304325168,-0.2857039980754758
6.050071457953637,-0.07992755639642041,0.02906477300265144,-0.044916993452531896,0.08089781587740157,-0.3103378479047556
-1.5155658461791213,-0.12801030479950257,-0.18155027626114692,-0.45764604051349406,-0.5339301212749468,-0.1753807677278556
9.99457181239662,0.10410328040205663,-0.32639197250181606,0.3110648637090853,-0.09407461473295861,0.012657197177646651
-1.5470034343544696,-0.09754718791658445,-0.2664314835830594,0.43296227464112624,-0.15331187916402636,0.30669161508287546
7.335767792517979,-0.6601481534742254,-0.16839750608429102,-0.3716686743526059,-0.25176696995182757,-0.3288042672618744
7.099720194459654,0.014337086551874956,-0.30012756295996396,-0.04808238876839427,-0.02489680435875587,-0.009477165794796752
-1.4257093837370534,0.2573200418625209,0.3727152716630322,0.15177707362115286,-0.09068356377508567,0.0604284957072684
2.4642634890130615,-0.005501703510651856,0.40920398115441997,0.804646982683221,0.1258144500609714,-0.16844975480684427
-1.2297153057670784,0.11824286726946749,0.2722201054366318,0.2438813386879645,-0.17071591550114376,0.12354206745369738
-1.3684930110711908,0.1974374361115808,0.18966431067284215,0.19699229568828047,0.25563074222728266,0.1260051840835827
-1.5420551710539987,0.4231131850291176,-0.7340386594848891,-0.34406606017349484,-0.10640343991118911,-0.6516941776947266
-1.1449745765894965,0.7959140957676687,0.21904261622003457,0.7569498297384176,0.7460733299207954,0.7314270649133815
-1.569339924495534,-0.5410737611383555,-0.2510563542211617,-0.25167705130911827,-0.042313349524491076,-0.12954767650331697
-0.38811377443445605,-0.11629519469034197,-0.2876493195222603,-1.2915283524938668,-0.012957257548577981,-0.1254691688022387
3.0567656511360775,-0.928115403327303,0.8590001301681565,0.5589238389052767,-0.7697751464437385,-0.2253855470387093
-1.68719463325965,-0.2797957306656886,0.06882673311437958,-0.2530635895932691,-0.1825911867764547,-0.1819875222519198
-1.2194048737072827,-0.33941596488160103,0.8774056836997007,-0.044722812202840016,0.10553385535935934,-0.03530259022214914
-1.384416702452571,-0.29249865910629524,-0.013978374574547694,-0.27641082059973243,-0.25945705662945784,-0.23618360350642534
-1.3974238448813605,0.516858986171114,-0.6670380401152677,0.34966228023597723,0.6103321043239048,-0.1186522359778844
-1.6972019242659682,-0.2755317053806086,-0.4851599846919557,-0.07888467692068192,-0.719907488989483,0.07285204178034645
1.8736121658521039,0.21729489956636033,-0.05747522646380957,0.4929089648807842,0.580937504099816,0.07224373558925117
-0.22924997681359108,0.0221917577967117,-1.5691356281636404,0.7758430003321152,-0.7587328103487471,-0.11838391766284516
-1.4931758802153174,0.15616802933897547,-0.5160252736016405,0.0906505694261921,-0.11094412357630468,-0.3633011135315669
-1.369363988436008,-0.16725368588547876,-0.3797877310428477,-0.41908228369536193,0.14844258473697872,-0.1427648453818573
-1.3205200352718023,-0.2405990374940679,-0.09918987290456138,-0.45774432263179615,-0.29252601914468124,-0.2728705017212168
6.554248933967249,-0.03186828230651663,-0.15634823168077053,-0.08954173201119416,0.2509107900488382,-0.715383808778725
1.3953609271582772,-0.4339568774338946,0.44403783504470834,-1.2572610305405596,0.6435587497141895,0.19744939532695105
-1.5640517822900823,-0.6263687792027263,0.5158236032327169,0.5860471479513869,0.4079259881632621,-0.06124407446351095
-1.6644193972611543,-0.41303901359397444,0.06775529576842744,-0.6243409439851935,-0.1870006572527766,-0.35687943970660396
6.833349794743587,-0.23843239828522114,0.39716793636119013,-0.05223964812369496,0.04846359175920244,0.03177813828016061
13.632440666875922,0.10976626021751594,-0.05172437255595083,-0.12380120176935655,0.0624535584353383,-0.03096274805385231
-1.2215619726736422,0.8278178735634897,1.0453129799155512,0.13735534222440168,0.6389287685325741,0.17257677720238307
-1.5207590123994592,-1.381355172531994,0.06971446087469535,-0.26420836470244735,-0.0573847643762877,-0.08388404436219556
-1.5303551485471398,-0.28443895542731795,-0.10696435239607635,-0.5609194886632829,-0.055421794926521634,-0.3549872795946151
-0.3240371676375962,-0.3334658616005951,-0.46011461214097477,-0.8487508443940177,-0.2697569369180155,-0.27011475993865264
-1.7327543937395378,-0.43433992559120704,-0.5994415967164874,-0.31829441927498414,-0.09078165100684585,-0.21454972455370594
-1.650041013187336,0.19877225144369892,0.03513501719534639,-0.6041565046777391,-0.5185035031719166,-0.547046928292142
-1.422271756171023,-0.4386881811766323,0.3231051917399095,0.14993384002686794,0.65901133400106,0.23232010668859138
-1.0075805902342392,0.6742800022100306,1.2841003034358403,0.8576817089113227,1.18295370598817,0.34427312733623056
-1.5757766080335094,0.74477638566347,-0.2412119814551904,0.019452596908399483,-0.4305839075220845,0.03192686477819731
-1.626735344681592,-0.5604713758498483,-0.1476564153777294,-0.4428981662576168,-0.11174910541457711,-0.38625610680962713
-1.4179946261916991,0.2801244938329377,0.8969692507176177,1.0044305151434927,-0.17929556797151244,0.7511004677659715
-1.6642058208204014,-0.48135199830984976,-0.1258705059222463,-0.5664029625032801,-0.0448626747047167,-0.2656839791258399
6.54633855065047,0.013386290418050369,-0.20567254051029205,-0.12685355543758353,0.1861964036749411,-0.08470654719055674
-1.0579981186694671,1.3643743907973522,-0.23657698872497976,0.6000407870148882,1.802393646335016,0.621068348694682
-1.662232759065193,0.14984589016337352,-0.522307370940555,0.010172182449098137,-0.34564413512024755,0.48333401961171746
8.913802132218011,0.1830825313033612,0.12731859706191392,0.35930512387732266,-0.03303160504628252,0.0808321340976634
-1.3450005369967297,0.23103592011912652,0.17460876180792365,1.2957113695050504,-0.2073281738572904,0.39049518526285104
-1.5107698435558083,0.19970120325130664,0.4157608592987748,0.03813745066266272,0.02474743270283685,0.4707147033628524
-1.347638261490891,-0.16618941334821763,-0.24696356856168972,-0.46566308431134434,-0.7806478587364474,-0.023142381005465496
1.2604290022300715,1.097458763869628,-1.4858338865953373,0.25702838458699756,-0.6005438876735607,0.3057720615832252
-1.0614444051324423,2.352403669521644,1.473711285630879,0.535766321552598,1.1081503095550316,0.5353672060771442
-1.3423865039240939,1.6865231502574471,0.09359206895893617,0.11587849850688017,0.31164272293408046,0.651441520110197
-1.0085021035517387,-0.01972218043910106,0.7282172546944464,0.014773163348737165,0.30302265958222535,-0.07471694516456366
-1.7225666236716541,-0.33113220823074563,-0.18761880346628954,0.09463456483865312,-1.2145532728066586,0.12927290784436507
-1.5570247291701764,0.1722005560041655,-0.9563124050185827,0.03770674538128287,-0.687875270202819,0.015503326799039659
-1.1546132655912482,0.4250337906935613,0.49491152914814807,0.19267411834188797,0.8828326754015446,0.2417916703077816
6.972949911510681,0.6167506227589608,0.23676963529901124,0.08574358800872793,0.37094097860005865,0.25662919223394426
-1.5692988205382503,-0.0852073957323626,-0.622674708660376,-0.06126997995582079,-0.10964035676677104,-0.16835320515671887
-1.2117906872365,0.3371259011886886,-0.07596675529053665,0.36372040077434,0.27059415708232426,0.7056841101569337
-1.41130042820832,-0.04895627235767937,-0.5874886547907623,-0.3099806603043797,-0.6196743526140598,-0.24552978279044602
7.024993237079478,-0.3237328900591912,-0.08261231167898125,-0.2304498040030848,-0.006738932034360988,-0.27089336927297314
-1.6132594145771617,-0.7426426164558407,-0.09639909156488023,0.3035235237591729,-1.0586722894881566,-0.13932918750913045
-1.7285264886595397,-0.5315161228081466,0.11547427851576429,-0.23009134218953436,-0.5538273999282798,-0.11963287260531075
0.4865789719135102,-0.44419341562021886,0.1772481971528951,-0.9912538953436835,0.10465273787001869,-0.15309523713914483
2.965741261674002,1.486718495129931,0.6067092236649574,0.8732417248364112,0.8763237246327942,0.5983866594075706
1.9127604618445062,0.39752630848320003,0.9845708846404522,0.5544286253177547,-0.2051809606784107,0.10894209464459882
-1.4868859371332626,0.2815339880849153,0.26830880666066076,1.1131451815478373,0.099323858168061,0.051203820668114526
-1.6046580270618664,-0.40091133680918933,-0.46210412793818323,-0.3648553305621382,-0.024414005609294805,-0.39871028724696783
-1.0112274126222442,1.6760639237984747,1.3787543278516312,0.5814155726280901,0.09482924051098006,0.12283076585547895
-1.6191474850383971,-0.08552559748077238,-0.5123551444564667,-0.01665472420529554,-0.7631896880949817,-0.16119311428219665
13.99965080823401,0.17970250383819852,0.10720892336206109,-0.0940743428111802,-0.07300912801167635,-0.04134085230929907
-1.6362791078019603,-0.05858493723849332,-0.04073627366651004,-0.1036469760327327,-0.2409582629699333,0.00914731934057519
5.296078477929865,-0.7306708288236682,0.24589182331481593,-0.15073629209953376,-0.3737275277954625,-0.23926250991368056
0.32381933772697763,-0.2893023488961239,-0.571135295691375,-0.9796931143492099,0.10906398038123025,-0.03382856141843735
-1.501364677680351,0.1700780556308043,-0.09603321684157366,-0.3755412358197631,-0.2837082557441802,-0.27453894398344025
-1.3294957804404866,0.3193732556798908,-0.1163781591642772,1.4312026757453422,0.6328082891320659,0.22538247779351592
-1.6921390295766778,-0.4558511134657579,0.07288682781494084,-0.4062064436020503,-0.45829947521384945,-0.17028626932694146
-1.3529946371043688,0.04454879729924235,0.3125762397415705,0.3619467293522332,1.0219693010382562,0.11608145530927236
9.213671639659406,0.4369304492197485,0.3627112437829657,0.0038452706368656262,0.08415697217458806,0.3011667860737053
-1.3723382689699914,-0.21988721923604812,-0.8104660596899801,-0.3959740036554711,-0.24560640820280605,-0.12864365717922951
8.03498549580833,0.4675660002963724,0.0843002029063714,0.5027864911193568,0.39198738169382397,0.2869228193957919
-1.3777397856261044,-0.18759499581272543,0.3538547552454525,-0.6660654490690067,-0.6128176896755325,-0.4979052807089338
-1.717110300237357,-0.13456464382355712,0.0530338674560203,-0.1198593680176666,-0.15328829002085737,-0.3457834384431128
8.97741376465372,-0.0052606174275296805,0.07240848752088913,-0.2558602676405307,-0.09127381711633004,-0.23741160157367533
-1.4905237955733195,-0.1506551331979483,0.006701532955490359,-0.19287801851748718,-0.390492033882635,-0.2055229516995596
-1.4183492491429788,-0.31555980031849423,0.45877303530830654,-0.024681497581797707,0.46691113761418745,-0.004165049253067983
-1.589350662579849,-0.09465375874008175,-0.46005474081886477,-0.1475171362299451,-0.5381725446666776,-0.20456770638633792
-1.517539559098856,-1.4049805462670442,-0.036890476449267795,-0.20294397485278234,-0.006450106037102977,-0.10995077401530413
-1.6052648959284854,0.029047765705473117,0.17386098401864353,0.658440286558709,-0.22362327574209173,-0.4154740031740487
-1.7063363363998465,-0.3846313568409708,-0.07832773403247162,-0.18351995020486134,-0.3317170464856294,-0.5420014387746682
-1.542550402895936,-0.9256089668795574,-0.15939633395005504,-0.21215470053340468,-0.09385953483144727,-0.462128645085696
-1.2973434736739602,-0.20173438705646968,-0.4469231474159263,-0.6635406916624741,-0.4593791173197226,-0.09456689848703939
-1.6668244144155557,-0.4644646801377935,0.04947728554469436,0.1419615002562953,-0.9378645617367585,-0.41980231486832714
-1.6075061150012506,-0.39195781875380203,-0.5394489793494796,0.014177197425300648,0.006736084701258023,0.2300097611041446
-1.7131653768721549,-0.1672855488472803,-0.06689922154513642,-0.3205345349939674,-0.7218859377918444,-0.268384122064353
-1.4908258172428213,-0.4848476334807253,-0.6634892055423,0.3198891060563662,0.5330018605738617,0.20110944543915452
-1.3734160042493468,-0.18091569387861184,-0.6126735751885896,-0.34312353741501583,-0.5455917890800722,-0.21404522001476192
-1.6056407595290503,0.11104251119903061,0.0849251115938728,-0.49110829394650124,-0.5141940477345435,-0.11582745059078227
-1.2704608954571557,-0.09715327051497853,0.034407100290012115,0.2425421396658806,-0.5989649638775506,-0.7500031856281849
1.2463733117391829,-0.37152406997885173,-0.02829510436735357,-1.4994458750322306,0.12106047554528472,0.04954585163384953
-0.9265234233851738,0.9464468863479262,1.6239084816209717,0.39189773772534314,1.1251785845785116,0.07110963156731052
-1.7774934443704136,-0.29311545617193874,-0.026106595393581542,0.12012953703074963,-0.3734522050350473,-0.25378856995991383
-1.1749865348215915,0.548278407343988,0.0811616194868271,0.19799352126018008,-0.03755756849431641,-0.04086065594490523
-1.6575794081198674,0.4340546879523971,0.512579931015201,0.12253218714778757,-0.9376160798723275,-0.23527249411494858
2.7530554295603973,0.03272439391147954,0.12643416886322914,0.6012306882637364,1.1272496703216026,0.019526229885717162
-1.641258699664616,-0.2984868094060521,0.02128530081105832,-0.4289617155607381,-0.25628947383340805,-0.3783286644733485
-1.4089240588842633,-0.5493387591733021,0.18393327511247062,-0.38212671970395107,-0.3704485191857945,-0.20739661217596564
0.5602327126542518,-0.8596317138908741,0.11240287107566858,-0.04652224196282254,-1.562968415943423,-0.24476283770148308
-1.5969999181326366,-0.4799171018656883,-0.10695293539426161,-0.4417909997511927,-0.1181786122206771,-0.3483130928991669
-1.5022253197576543,-0.24834629476329356,0.21557454256077235,-0.39276295149440565,-0.5138656404605372,-0.33701963669641044
-1.0217745205238902,0.40767663915795876,1.3745004406459596,0.5098178790155139,0.727793466151916,0.6879549705730907
-1.4866159099299487,-1.375646976029141,-0.010524022744624368,-0.20747792540862314,0.30722928069602873,0.01129683237743874
-1.4542323465422815,0.12406320524390892,0.02638625261878873,-0.07602354354740933,-0.06220989356370882,0.35576691826259776
9.33150173875024,-0.06296271306109666,0.14587755013728596,0.9776498561911181,0.14095437658228605,0.06534229816475685
-1.1597548976833396,1.9178676135920103,-0.2112463822683949,0.4764842157196652,0.4169786278160727,0.16562403685902602
-1.6072265344640693,-0.22542148501285572,0.25895011358501346,-0.12803206065785236,-0.025997559160178683,-0.5750211380653938
14.080308266475452,0.08714756477990368,-0.10767760395913704,-0.14368159377162112,-0.022019868448565114,-0.01508228253321592
-1.5944714145866132,0.13604166647975527,-0.5021543189562052,-0.29303635690225754,-0.20767864687478216,-0.10277203546187542
-1.5870275708688446,-0.6218290046203517,-0.44185265894802506,-0.04603932817698385,-0.22385255192135292,0.039181756636534476
-1.295724440022871,-0.2683058303622314,0.3344445491301415,-0.21142704227097853,-0.37349058397914825,-0.10933129938066984
5.269442339437126,0.4218531746660183,0.6785398051019504,0.38205666317279724,2.050420456517903,0.31003367868926607
7.314936879336762,0.08507465766650102,0.24406414345109126,-0.19189299065094564,0.0035989673983254397,-0.04114728851271114
-1.5120273641361368,-1.6750654866187826,0.05620632530351762,-0.3604359953147985,0.19504188048175172,-0.08229642713761502
-1.7304618005789247,0.5115601722508146,0.2180152115515686,0.0450279543998799,-1.053253839630298,0.1355145588619436
-1.5429070536891492,-0.2387001154146136,-0.22136082062019966,-0.3752111049302352,-0.7561405396886457,-0.23836931494496952
-1.3661399041382876,-0.2125755241688704,-0.7793168829545734,-0.16341769675772502,-0.2185868138805995,-0.0964796232881538
-1.5780271420876752,-0.3014244778011701,-0.299090361645447,-0.37102208132924464,-0.14105080102718728,-0.17538783024713278
-1.370979591727661,-0.0019037694015622139,0.08442765069196341,-0.0016234737259768694,-0.29648536124864083,0.1054103447043088
-0.057459876958209984,-0.23043509398570383,0.00947965004292706,-2.2971197752527757,-0.19850117505571757,-0.4949187658631447
7.533522517088471,0.12127593847020844,-0.6840053300003598,-0.009008833189634718,0.012611874907876006,0.08994930535558344
-1.6202734930091427,-0.669144812063595,-0.12321263718970885,-0.2293266098609963,-0.06410809210827963,-0.11394325910134258
0.5932040397953141,-0.4137066202121504,0.3842031223913454,-0.8913939436149695,0.11426257730982467,-0.12559593012874176
-1.4443606083249996,-0.7423912220803115,-0.300042748888964,-0.21856099502451623,0.06062569714669801,-0.07354694642088398
-1.457792258299953,1.0412280375752252,-0.9312027574873445,-0.014679832913104438,0.3831415988876935,0.06633265628404184
-1.40934889398176,-0.04617783746747562,-0.39691946075654727,-0.08754114440244691,0.5092542586575141,0.2721615792512809
-1.4122639205213499,0.17726607445611822,0.17510050757681395,0.8354701910072598,0.6014398919792543,0.017066769087884005
-1.3853915925781541,-0.13703560654141697,0.22765200781827688,-0.3832840233581738,-0.36829918371445414,-0.15193994806808703
-1.5587692225387024,-0.5413182433751376,-0.13449179646457923,-0.4753845491593511,-0.4443694928281921,-0.26314845491446404
-1.239077713200914,-0.246701903653919,-0.5361428510684357,-0.3676038857986857,0.12800393610717692,-0.15502849422195722
-1.1864451600813988,0.8319383521945406,0.9415332909355616,0.38177296095959445,0.28928659515127825,0.4434455660202804
-1.4935840336419564,0.027581329075327767,-0.3060843485454971,-0.04494717724880197,0.013203334921604344,0.1104223522861962
6.972949911510681,0.6167506227589608,0.23676963529901124,0.08574358800872793,0.37094097860005865,0.25662919223394426
-1.376069412950458,-0.291197724660084,0.6089964275591607,0.43351493955190806,1.0526422795092885,0.34065878940115796
2.705996136765128,-0.026168102919561495,0.0689313568870188,-1.2884322116890474,-0.9689570911123888,-0.3247934607362932
-1.4416474895456264,-0.7208700245947345,0.017866143701136712,-0.36386972348862456,0.22038103832700792,-0.20653528198877263
-1.1909370685918454,0.4496529658340777,0.0306753640291501,1.140691190405431,0.9359629336418643,0.028025372398463904
-1.3198919381427539,0.9571543029435169,0.6951764535769891,1.4472403636037285,1.058909428089301,0.4954484662219949
-1.4816604646711728,0.1276832658493712,0.37755915383499017,-0.13373727003854755,-0.01869530612604585,-0.053147247635665654
-1.4325783900989515,-0.266323887850089,-0.7249482913009928,-0.42369759220474873,0.07857489880576471,-0.3521780321042388
-1.6827513477434597,-0.10171739845635835,-0.30342622526345386,-0.07487161542236186,-0.02572229745377769,-0.11449982643569734
-1.5737557522155026,-0.8973797843459926,-0.004379900213668627,-0.36534986118921103,-0.2736319276138067,-0.1615233399463042
-1.2670774228954973,0.32703945999792916,-0.4193718138815027,1.6615036676832786,0.7357888735863042,1.2098652643546963
-1.3349350255343824,0.8852541939931652,-0.2891433060800016,0.26669888709121675,0.5863528531744233,0.22796627322770524
-1.1130991614155759,1.0161657289238846,-0.09739139725114018,1.1881551235723027,1.2752762387264782,0.7669382810621941
-1.5632398995439072,-0.07459386768332972,-0.2531507466982227,-0.17493500352425354,-1.3999529595043037,0.0753718188455283
-1.6800319050073238,-0.205133682362382,0.23228751894031496,-0.2581810576781499,-0.5937408508155533,-0.23544862761545926
-1.4368838469002423,-0.2035886962694294,-0.18529811198196397,-0.6870339081570673,-0.6322840304325168,-0.2857039980754758
-1.3328164882307993,-0.0226530636855673,-0.37186989931926434,-0.8042335367722628,-0.4842132432837677,-0.3944853805119392
3.038763796257709,-0.8743125078555913,0.8017383497571476,0.5854148861101605,-0.756868396936006,-0.2117896036447544
-1.364393383666303,-0.18338695167958197,0.7414967990266323,-0.08469232489407495,0.19942798685054144,0.1794652962478489
-1.5572050813223661,-0.05225419760156321,0.2953776910737135,-0.2111624629063963,-0.20455693262609867,-0.2727377086306965
-1.353045309753256,-0.958815710555696,0.034114219786818334,-0.24277010507258293,0.16058369241296,-0.1644159471117632
7.739516142107868,0.3453400524934318,-0.0002073801129537829,0.09698535050814604,0.2377195034527583,0.2501690870527196
-1.52111497509054,-0.34673455293038474,-0.3301918024027123,-0.28690125266492345,-0.37764897409826326,-0.2906175886253686
-1.4411946057225866,-0.3113465275238625,-0.5076954589737418,-0.16469437459801733,-0.3191980990596504,-0.18991132957009949
-1.4124955009017146,-0.6770770889208068,-0.38389541159742213,-0.18892902062951697,0.15792075204305053,-0.19233255741957586
-1.6021949958880777,-1.2444963921468535,-0.13579178689680854,-0.28692849119460434,-0.3278049467599389,0.22638845437570745
-1.758617547408996,-0.9943639308583258,-0.029569800063128083,-0.2559219833026122,-0.001964838948899454,-0.16345978433689773
-1.0674142353164093,2.269399079176892,1.3384615514690783,0.5318341265803125,1.0963595550680592,0.5181849844927887
-1.5615484579084862,-0.1792234543598187,0.1617832198620562,0.47683367589028675,0.2020642657452911,0.17859274698099312
-1.7241537115241445,-0.24146425074671055,0.03859007653468679,-0.26873300648390247,-0.6981434198753969,-0.2577072809499489
-1.477535154158873,-0.2939060665899123,0.12792003878475414,-0.4290088086005212,0.019815997802703638,-0.6697173952595262
-1.724849541766653,-0.6078456865902135,-0.04206140344611908,-0.24247219319756932,-0.3298714682258137,-0.07854479065029481
1.973010891124929,-0.45258974401048385,0.5499037696056907,-0.5025134966920307,0.05342927844839985,-0.22677108585443995
-1.0345276770360048,1.6120809578866127,-0.607895244884238,0.13475032782307572,0.8035207764183726,1.3610521472632555
-1.4336448570897518,-0.2614749650639582,0.09392037142566682,-0.35170926941065217,-0.42394997993032285,-0.22988624468079535
-1.3618844830888779,-0.17372109478030506,0.7426796814984558,-0.10470380170245255,0.20286444751987656,0.1834956795596617
-1.4055702267848673,0.3166841915108814,-0.880924664050807,-0.15713781445555428,-0.2704495101104759,-0.30621580461260645
-1.4291807665294898,-0.21328719092176854,0.14683375105137783,-0.23109385220404774,-0.2219985064638254,-0.07871398187801784
8.881301719517094,0.23686028743712956,0.014996569016521303,0.3845141797230862,-0.040943688756152764,0.10052904426199268
-1.4336757300969554,-0.24642307163370433,-0.5258509055641092,-0.6705998775334339,0.14994862380306,-0.687117728633417
-1.458010586468062,-0.21559367894043596,-0.22183707229286298,-0.4970495423812335,-0.4491418411051774,-0.20568017218003665
-1.4808912211708067,-0.46825248270623565,0.2732906716450744,-0.29795748688314205,-0.2430683267784782,-0.4395654145499502
-1.3617710299120633,-0.07198236166764298,-0.16716278207323162,-0.04616041254195847,-0.3949495251624937,-0.03288176761858854
-1.3713067913747128,-0.3509060206134053,0.09759463079787656,-0.4114682325739204,-0.5025166617618665,-0.3057426867142588
-1.5172581233471043,-0.19247620128410595,-0.11046523663914201,-0.33098275875440175,-0.9252790640852474,-0.1940517798621306
-1.3927669815745987,-0.5292728108009104,0.03835341966388269,-0.6861361451559396,-0.8015724177565572,0.049392857288282986
3.7373286410559405,1.174194820489949,0.033786479490952114,-0.2458403090157851,0.9940465732463644,0.3189829505260727
-1.4404314706524286,-0.016796306877502887,-0.541179816750153,0.6479510788719652,0.06319696006742942,0.22578264703749368
-1.5154563773124474,-0.28708499146445077,-0.6259437699871778,-0.5188972887617855,-0.3446424518932451,-0.11269042178390581
-1.1144086699844113,0.4776870568420785,0.3404674193323591,0.4317521158115575,0.1429027982249604,0.3434120938915026
0.6410666409690332,-0.2555535917239863,-0.7479195347409974,-0.046029977732985575,-0.14581954029902555,-0.14966352105599545
-1.296526474847245,-0.09609998706591037,-0.24316657373915865,-0.24274640893146415,0.591926771683328,0.009572254362322999
-1.4994182966279177,-0.1792612767496081,-0.6648495019446773,-0.047511042128979185,-0.24583619478466703,-0.09348842706805827
-1.44304232516141,-0.047746081600724674,-0.1426084917979061,0.03569889048245634,-0.10761800120830703,-0.03755053173649715
6.871015057299306,-0.006491298313327304,0.42205208526528765,0.23478830336936798,-0.02967355575507431,-0.0947866951877759
-1.2255594864672656,0.4922876446262355,-1.4281537681617902,0.4974658895081139,0.32345908054965067,-0.027334119831530012
-0.7744329242759436,-0.6982616495927794,-0.38634277452381277,-0.7823249087132181,-0.08796429665062984,-0.30696443794453226
-1.4018494649699111,-0.519387301330374,-0.361644169061322,-0.5820136754688764,-0.3589787619362401,-0.18951007065928882
-1.5268551511423145,0.10028247168020499,0.09392691863917121,1.2809425885842525,0.7365317173448152,-0.04893272836724075
-1.6308224339038955,-1.0261070239556567,-0.15448671254336035,-0.06474422136817716,-0.08781852622608297,-0.2666879143698366
-1.4827413857298477,-0.2409676001767042,-0.09066195065787709,-0.3105173645422665,-0.6679639671805159,-0.26627563697247
-1.542987722648268,-0.3346490371705768,0.22762574374834266,-0.12419744229915924,-0.1866598135601213,-0.023197358475289517
5.364223302881615,-0.7223686024080016,0.35313225554297756,-0.14705676436435255,-0.36652718471923545,-0.24569483358838226
12.550546579317146,-0.18267218788779052,0.03631807726612292,-0.006809121396334793,0.01836882478470178,-0.08721888877306026
-1.5322963071719438,0.2368376794308709,0.22489879993506834,-0.25459781191857184,-0.17500216209032488,-0.22085987267827545
-1.4986566114438276,0.3316020087045984,0.4009297291459256,-0.29962175547057224,-0.5793653235359536,-0.39415771031409913
-1.5845158887658501,-0.5103528825882231,-0.20891134126208785,-0.1270623642537082,-0.012818273612606235,0.08980853200962685
-1.1069879417826898,0.53523658885912,0.674043196355607,0.7561249295282378,0.9783925272417775,1.0009396457153956
6.392661804786069,-0.15474919648517618,-0.06506641568843047,-0.3233726973899843,0.30466076481490834,-0.42809484417708266
-1.4816604646711728,0.1276832658493712,0.37755915383499017,-0.13373727003854755,-0.01869530612604585,-0.053147247635665654
-1.5843869292924686,0.046500269323102014,0.2741784194217761,0.08844576451378432,-0.11842554982116485,0.09448341493660808
-1.0102059307050058,0.20873772729830123,0.19535297148595157,2.065146475590059,1.0702374481710542,1.5836290337484147
-1.5225660943900499,0.25982620517217353,0.12791284117141305,-0.6624831992828216,-1.0256260292172437,-0.2805940249981338
-1.3239249689357973,-0.2460083289517182,-0.47066328960272097,-0.37060943609227015,0.2412436175088784,0.03596245180582468
-1.666353373899779,-0.5110377300517016,0.19238765697953555,-0.21311501619434772,-0.5865158456959512,-0.1676571470246525
-1.1052004184890245,0.8900713911426232,1.4650427317319528,0.7681506375219045,1.102640215764755,1.0174192373550943
13.843879425861576,0.19827729503664643,0.2550802888371449,-0.09958995545777743,-0.0834920766120251,-0.0360170653635366
-1.4104331555753933,0.6387027534836884,-0.022387576876855348,0.1942328812335117,-0.023265794421072745,0.10186313373323165
-1.4429548912520893,-0.5078637538930852,0.3172159643311737,0.03660004464195965,0.43886954560527236,0.1587475350933481
-1.5560139384868599,-0.08299324958301894,0.2474259373446326,-0.17438545462978344,-0.3369079483020623,-0.2761855641185268
0.323981369115329,-0.07515943861558141,0.045151450065059655,0.4829997155004396,0.12401589177670382,-0.03260997284862299
-1.510329953807165,-0.49404271884855344,-0.15324519163667474,-0.35373860879716357,-0.4028286849158086,-0.1957220162753133
-1.177225411025409,0.8576459881484707,-0.20815907160717162,2.3763256706029106,1.4692916327307985,0.7990939605913906
-1.0308324946893246,0.3048478745519054,0.7742565239664315,1.1369896242144366,0.08975510481869821,0.003245119878954449
7.014625938480593,0.23718076014254583,0.4472756526702639,-0.015968787093342013,0.3379330445869466,0.050539256718512775
0.03895090016236873,-0.4139171843879929,-0.7884222410719605,-0.80270286968804,0.14224880046042362,-0.21825104636944445
-1.4406523343148583,0.3754796161092798,0.4146794228141313,1.1111505905775454,0.16898698333963044,0.1591318164428717
10.315169710564236,-0.03975821456496937,-0.2447495467326588,-0.08085568084456737,-0.14842044607406057,0.02049077734278299
-1.306300499386672,0.2747073272198863,0.11514286516410914,0.2229863722983183,0.4455534870931998,-0.2142962241314672
-1.622250786101486,0.1957671396077414,-0.7954058961190069,0.047403966478297775,-0.9057974150245487,-0.030004537998740817
-1.425817562882171,-0.3210060745919231,0.12917787322165436,-0.23013196725997398,-0.3326831977608154,-0.3709020728562947
6.8057174430494864,0.13607347895264577,0.1436003371340179,0.11621969642686837,0.2565443719408852,0.024068429234631622
-1.6562005907608817,-0.09760457456340062,0.13758680317195307,0.31095060273226693,-0.6399242214270272,-0.13251317600486606
-1.7349705128253563,-0.49576714493037644,-0.44979695663962965,-0.33652292728027694,-0.1854963648124458,-0.2258968466981088
-1.4823517756534643,0.07464858157968066,-0.6734407092683198,-0.28598973594234917,-0.31540361922015303,-0.33893184135459437
-1.3296108073645465,-0.25693839521782885,-0.24717242486579327,-0.3246470279572917,-0.8320952666868741,-0.3066202335236685
-1.0586466184230632,1.3858218282606278,-0.6201022716949979,0.07617547008869223,0.3120908909760945,1.2915178523602429
-1.1315375640408103,0.2819626539919845,-0.6791829132929045,1.6537124151912612,0.8477233528750854,1.2585899572763009
3.729048159859889,1.2410879299763857,0.003760152327398921,0.9492939568790228,0.8533368965492979,0.37829872026344324
-1.3727947178377333,0.7031838038861249,-0.36774351461187427,0.2544286737563049,-0.9937969530180872,-0.07670156382600092
-1.1129145913374967,2.8531769944591754,1.0981898420748673,0.4677514791682032,1.1770283535794235,0.27686945777536964
2.5540355249218223,0.012957552725203296,0.30222147911063135,1.3645889508656037,0.3476041048624265,-0.040715993201150234
-1.451969743463318,-0.547114848895834,-0.192905175159433,-0.4299752695570911,0.35603036947355604,-0.33243925213292413
-1.4045796654276066,-0.11157385678267835,-0.020845026246389974,-0.35007272069842976,-0.6693101973050306,-0.2238746155778356
-1.4909390081376082,-0.2710324029938439,0.23783097533640943,-0.15277424501326675,-0.3683344728289331,-0.2180402400061859
-1.448239497625512,-0.5116371333776433,-0.2250581962852416,-0.6625137773105623,-0.33035403028129806,-0.19917019707142272
-1.3470310251767061,0.10155695650909644,-0.25904041296916275,0.35340976719710127,1.4016799244173932,0.2568376259537952
-1.5107206106530684,0.20604796338158474,-0.29292494719947626,0.05176836007181244,-0.928954295209291,0.0706783308825023
5.071420098439368,-0.6360470016904494,0.11166215098160387,-0.12898929617087856,-0.38390018464606096,-0.1930591239561143
-1.5060716213430658,-0.3750341194950475,0.21283595427232674,-0.8044268222542952,-0.28836675708358106,-0.26121683421080366
-1.6045095179760547,0.2652768707525799,0.07842144716534358,0.09695120334448618,0.18804364199731285,0.36657411068712975
-0.9551797545637627,0.32904922302434386,0.6765311551552826,1.175696809551597,0.15558042695431862,0.038971326296175016
-1.1141835669543554,0.03180369142776175,-0.03181620539435204,0.47660830425006734,-0.3594063367121599,-0.21865535006691939
-1.1055846936104021,0.762021023536262,1.3766056180985515,0.9371151972346728,0.21315980045651925,0.6919852954068915
6.998550291785421,-0.3702473724205136,0.23946766606748557,0.024734042529207568,0.09380486291322626,0.04640257574607493
6.203224470333863,-0.6419248645410619,-0.2761029579799894,-0.43797251189939596,-0.09683706170589795,-0.10342541216870242
-1.4501304099767995,-0.6196527549020122,0.46884750605924297,-0.1209761393956409,-0.295094708291499,-0.2514713505868602
-1.5298650565946528,0.4163481435960129,-0.7599034680553541,-0.3445677375395169,-0.12643241815684506,-0.664471115394825
-1.711718706238792,-0.6094057313151987,-0.0737958923527985,-0.16108914376477593,0.049054083107776446,0.03908025374904166
-1.5311414373103653,-0.9346903064753717,-0.32741843596405745,-0.028800876156705648,-0.288073070532878,-0.24693009466707297
-1.4163247756560373,-0.041185506704586386,0.09928231202422996,-0.34884398279765794,-0.2804430692492444,-0.18653894353396067
-1.3278662363358535,0.10183850149803694,-0.15277062190815274,-0.11684641807959222,0.4381012385040642,0.23264249246041754
4.396245010152412,-0.4181952009960438,0.9008435085809264,0.7032382822867185,-0.3880687334900089,0.3670723430090033
8.12059585134105,0.4373903423236225,0.24174288456547405,0.09551427506871707,0.33407639599461597,0.282430829949547
1.558945696259685,0.08843988540070141,-0.7976562321049483,0.4285021890665708,0.6064486566410416,-0.11429206995643029
-1.5347064708734404,-0.25096108904272973,-0.16776855656372677,-0.5329575791763336,-0.37054947919892894,-0.4326992930238672
-1.4985929851567121,-0.1951251749410216,-0.7504146134130921,0.4239885492766952,-0.019029586245085828,0.1366156150689957
7.172129690828945,-0.3194402703858147,-0.003915159607400554,-0.4215818434807286,-0.1257894302364252,-0.049071350177479385
-1.5032046815279088,-0.4109622504768281,-0.5901919069452048,-0.2909898881428706,-0.030185789061155825,-0.19897251785526807
-0.9392001923364044,1.5114909819789655,0.6632862256651076,1.685869320313051,1.4944228968014532,1.6991984297784564
-1.2364733859429922,0.3573045792548446,0.07387469455857848,0.6862988491384086,0.8592576123281412,0.4657133385157569
-1.7777288205435149,-0.3452947254183592,0.20852582162747751,-0.16553257445702915,-0.3422463113312501,-0.16816113054940743
-1.3988255731593346,-0.0967299383136106,-0.09527374828583166,-0.31428146953806213,-0.6250606929314274,-0.18527589279530346
7.288672909432704,-0.48407514241216715,-0.5066646991886298,-0.350107811666369,-0.22278949039666635,-0.31722298191429404
6.079778551562139,-0.565017603342276,0.36433924334246776,-0.7547788537695899,-0.33540551881934544,-0.11345680120008163
-1.3267042520467993,-0.0342762187426071,-0.3275334303614813,0.0628008957675485,-0.061836435974991034,-0.04767456788583597
2.947126677449006,-0.9269040077714619,-1.169109201609882,-0.007770787208577222,-0.8933401011791176,0.21586296525265905
-1.6994012781175865,-0.2211568690511563,-0.06846750112788867,-0.2802541369416042,-0.6545097820675079,-0.23365344702675128
2.10762586100105,0.3042791798471421,0.9596006944102301,0.5431976298528528,-0.13476159656305758,0.10892590569768264
-1.514252075508819,-0.28607955670421154,-0.15318950220473723,0.040020110441107995,0.2203212020610753,0.09540888214378536
-1.522596886119289,-0.29678224245611257,-0.2432720238345301,-0.4317482815767652,-0.6450894988514015,-0.1289581714746535
2.456524486866183,0.04033768379280488,0.20912964116855118,0.7230036971521084,0.1674259845713978,-0.17860849159821662
-1.5898326872811,-0.17668047686475968,-0.1570380837795294,0.3994960511957754,-0.06730034405951939,-0.4017783141043286
0.0009910108851099335,-0.8105129733554498,-1.0950451903348728,-0.41391585763473354,-0.28360833702081156,-0.15789581762827495
6.8057174430494864,0.13607347895264577,0.1436003371340179,0.11621969642686837,0.2565443719408852,0.024068429234631622
-1.395389048549656,-0.1821771441687475,-0.9213572016730872,-0.36711772637237405,0.26012816293092417,-0.22754470378134042
-1.3197189758003363,-0.2880921205881454,-0.4604019888489092,-0.3928124260375326,-0.45587770400234834,-0.2346068671184948
-0.915400150361912,0.5759381509668243,1.602234292576892,1.1520039725484934,0.32674313858299037,0.7846533980361141
-1.4402326352139965,0.12166607700666121,-0.6408776038688775,0.341641374140387,0.6086610269553129,-0.13389021322034397
-1.529845825542033,0.06152440310971806,0.15173940204750186,1.2298933213854721,0.5953988728844479,0.016955174222229964
4.64106040818803,0.5549187260489723,-0.5377102206925721,0.30608696672934693,2.0904666895721404,0.17197311981194424
2.954141781871881,1.4408094749263487,0.3306687414303398,0.8608293594851771,0.8814302141307362,0.6007829606245082
-1.6655092207790014,-0.4759890152548145,0.27002058627884973,0.08022585973112767,-0.9712544129368208,-0.3586495030360924
-1.5099783568337333,-0.2752347045668231,-0.440452104275181,-0.22511643122251646,-0.34501552862205137,-0.4908888254726049
-1.3966555470511792,-0.19086458093999353,0.15887865493515582,-0.2092774318639645,-0.1686659745791024,-0.24477525790638782
3.273913830817442,0.03358766996963866,0.6070595529452264,1.3908015978735069,0.8279136547205811,0.3219783699224347
8.485824432324625,0.14559436695103156,0.24205628770481494,-0.28308532789462754,-0.010961603089895704,0.08192115520789944
1.1033418934027048,-0.693741754645863,0.566844102567499,0.029774097458342013,-0.3511007549708822,-0.20147280642572166
-1.5624574322262834,0.13398519194800276,-0.6649057711402016,0.044057195700912294,-0.8541208577966615,0.14216729339354767
6.06974378936996,0.42649644332798975,0.8580493684737384,0.7060215488041353,-0.1489557769697874,0.4524650286119901
8.96568249751922,0.39511575359000367,-0.011496455732768314,0.029852126118113248,-0.059915232142866696,0.2056887808681317
-1.3774928245282385,-0.24962964842020927,-0.4608216685828055,-0.23383343375170174,-0.38640510862998245,-0.223519829994908
0.8301051352074525,-0.342684477412049,-0.03076362302775384,-1.6033572500649051,-0.18971953431063307,-0.15729995472912672
-1.574649187456511,-0.9559541916694072,-0.27913820775056275,-0.1727476908635368,-0.36524982734858147,0.17168173072389115
-1.5071455078336793,-0.3754061756101615,0.3762417649646615,-0.14175613664894718,0.013502826420549697,0.1388955619442227
-1.6651643584087683,-0.010484465427294304,0.19187585510353666,0.042310683817924376,-0.3508145758056536,-0.03988695035681109
2.7639501670867186,0.9989545403033353,0.8065452956869259,0.09830097889274128,0.9395594108028184,-0.08976116730899036
-1.4177125134826063,-0.5714543122277997,-0.3232825636457714,-0.591319564003096,-0.34343860232001844,-0.1800522507728583
-1.6331823251687652,0.4258005668017523,0.42953434892103715,-0.015844693874293887,-0.22021026873289756,-0.006321362414819637
-0.7263979231133066,-0.28491886477196837,0.39213547340787214,-0.7517359781351892,-0.1831968392092056,-0.2375989131748952
-1.1464218436104316,0.7904637238222022,0.2226949162264587,0.7639466047468897,0.7333643409803886,0.7410415613804656
-1.1988833757608786,0.38218690993303167,-0.8269862036030156,1.3243636440840278,0.5946985669123191,0.2530488816886216
5.8845903017890295,-0.6566090145189414,-0.4307010174458292,-0.5783580500878545,-0.1300550168445303,-0.16381186451819346
-1.4720077782964491,0.7601400217141876,0.7757068732949265,0.4121221948139167,0.5694096907864755,0.2325180073590838
-1.5128802322542274,0.2846546048258305,0.5539041747304849,0.9050412767485029,-0.027247270959451928,-0.1366104789244002
5.617497870384402,0.16616422005189474,-0.6192672572196414,-0.16184924629569292,0.003482636546159212,-0.37216832396192273
6.704923212180867,-0.40835148903854734,0.07023687539738631,-0.2682971026479318,0.1362476614971437,-0.3100416039875195
-1.3079490333869654,0.20156325066883418,0.5281027629333671,0.45987990166504866,0.40372779808250925,0.614715880230814
-1.2910742051061255,1.2647596838087865,-0.26541926192789345,0.5220150511408294,1.031345242654019,0.461811110525642
-1.64483475171571,-0.34049819358438144,-0.21842895522802108,-0.29020169231209514,-0.1259086672986388,-0.26281342079048603
-0.9566727386543972,1.4474027680896857,-0.3649899999357882,0.19465180371852192,0.48531015038821024,1.1866703891421424
1.0388771544381914,0.010859636531895369,1.0337182070871764,0.706923333667557,0.1447896041741261,0.041701717082728615
-1.295724440022871,-0.2683058303622314,0.3344445491301415,-0.21142704227097853,-0.37349058397914825,-0.10933129938066984
-1.0377242658399486,0.28317155931476373,-0.8326808445764815,0.3487813920654153,0.5447440096177305,0.18973854815100133
1.680217359422473,1.0256014788343821,-0.2938383715754121,0.021490278737299483,0.2514287437277858,0.4570759351223432
5.45392438157641,-0.6542222421803261,0.3206364747928765,-0.14113796899937858,-0.3492945271045404,-0.24490176493074603
-1.235534607223531,0.19815438766987503,-0.7446628327288113,-0.15156225238571888,-0.40352104793974614,0.07274715562607391
-1.3440673384949893,-0.13719465246193294,0.4983611279001678,-0.05444528887262085,0.22718572927242234,0.0257886273263922
-1.3727947178377333,0.7031838038861249,-0.36774351461187427,0.2544286737563049,-0.9937969530180872,-0.07670156382600092
8.967164754912284,0.3938143812687002,-0.019027476305274862,0.028600038976225133,-0.05939489961561589,0.2022579718350701
-1.5406109694328043,-0.22413943140492223,-0.15086675983161826,-0.37946056825250013,-0.5902366021060614,-0.2744627701799655
-1.5162826481416176,-0.406093305973803,0.08777931076519965,-0.04571358076726733,0.25434716754221504,0.013702650843528045
6.575665834102703,-0.058876753015961576,0.06102709197033333,0.18354409672769148,-0.06464951079187928,-0.08848311309672764
-1.6030783496370764,-0.7684941238448062,0.0883568082096125,-0.37424808378717483,-0.24291462866814525,-0.38219018160242263
-1.5378489644598323,-0.4417581667037192,-0.4693882020500048,-0.27256952157586717,0.07938526806111225,-0.2519855320763759
-1.41062449743507,0.47542765047416224,0.28899380408608466,0.5066815969839927,-0.44841808060371907,0.4488594053809223
-1.3610619698208297,-0.3968224951987886,0.10641495093522702,-0.3885438927641589,-0.2093667536837493,-0.1664662474995441
6.677467504024793,-0.42623266367796,0.04457897261259616,-0.27128368797092084,0.12115130609715892,-0.3336431394537096
-1.6015546141713524,-0.3742654902884696,0.16434850382124672,-0.4748553164707153,0.05045373064919431,-0.41640048400057883
-1.1423151217374032,0.7058102527360955,-0.5665983822334547,0.7002414984249379,0.6245818863795746,0.5867821697879722
-1.2738929262258563,-0.018088144098834524,-0.24918888184238172,-0.21091571876798232,-0.1967058357272513,-0.1149213145769241
-1.0136307053089877,0.6577747296510909,1.4021852614311658,0.7888089562640003,0.2554223368755037,0.3641136744862649
-1.687509931183017,-0.5178252447525455,0.17123240865786082,0.11208279266709122,-0.9897898023434493,-0.4384488455182966
-1.6170518221034655,-0.48910902664672173,-0.2522791614679446,-0.5022370153726119,-0.05918421606826708,-0.16504990646470824
-1.5748754855996265,-0.9217681441355123,0.21836487804507482,-0.16224552347596732,0.05931359879716825,0.06599221992079794
-0.7050467320953556,2.4241738944839293,0.8564101368263105,0.4105266965928704,0.4532636978446226,2.0423527228035288
-1.4250680337352357,-1.0397910130278316,0.04005674627121957,-0.01273610594183778,0.1314985896790733,-0.008030764036667309
-1.3489356111295132,-0.17822065800351644,0.03759209606743677,-0.26469232978614216,-0.4932921254226356,-0.02652060555144377
0.24308891628959056,-0.1256242043449847,0.031790372627925514,-1.68502351517109,-0.1348609864798524,-0.4190540518718089
9.971334438538063,0.06349982399365448,-0.017188489290411137,0.309773324128264,-0.12828740674874906,0.0369168582742789
-1.4623733214370624,0.1415872187732809,0.2970893980902549,-0.6512259380222736,-0.28089834116670603,-0.3928265994544915
-1.369363988436008,-0.16725368588547876,-0.3797877310428477,-0.41908228369536193,0.14844258473697872,-0.1427648453818573
-1.203667976904903,-0.24553134226249998,0.2459249306815772,0.8474592101662144,0.9538563512266847,0.5093730900690888
-1.2327597321272312,1.0359722550917756,-0.1414006091530563,0.7177976757193055,0.2399080655099338,0.47309979568340954
0.36068084299842146,-0.7350513371746865,-0.3007415964144531,-0.0468676048690208,-1.5156399868053962,-0.17377999695538368
-1.6338599097795157,-0.2138975252946629,0.1304587748186501,-0.20925836822978575,-0.41919323495428296,-0.24218272243030506
1.9150171133972564,0.046638062368675445,-0.7586833178219182,0.5399365573624156,0.557718747068883,-0.11669067852707593
-1.482099060580878,-0.29637570646868966,0.3642279860765517,0.7866782618344023,0.421393589326488,0.3283012595502142
-0.9449604901503825,0.4324225267489222,1.4804757747973027,1.1969469432538589,0.16164743934429407,0.4029551624676404
-1.4815287168571856,0.8986903905238336,0.6513157404093479,0.38236823569404094,0.5278458352742421,0.2966956015513783
4.435346547197941,0.4994460892060971,-0.9650353101859516,0.32867011213704184,-0.44358829394917704,0.14778133655614997
-1.3589752640481847,-0.250356942150783,0.06313833834612655,-0.5636878124045053,-1.1761671584147786,-0.12710379396429217
-1.3039949477306036,-0.009724173042318275,-0.6618883632677841,-0.31549622083555123,-0.6536247975047228,-0.027715602119813748
-1.5784561523908376,-0.3934594416364066,-0.3536709477221949,-0.28745946224621166,-0.36596689490563555,-0.3253084288342575
-1.5681221441705517,-0.0550861699873834,-0.226003938768073,-0.16787276261964043,-1.4227636946139264,0.07442414705357547
-1.6612419159330079,0.09655571949493197,0.012045195701677777,0.0337034863376351,0.03873602502645687,0.20222699873090075
-1.5459076257947444,-0.4670427803863046,-0.5571532150353102,-0.3351116767799339,0.12897005746423876,-0.2907948932625181
12.463909873758974,-0.20646792743390424,0.1140273621660057,0.01891597604800791,0.02293100004663912,-0.08478300127495757
-1.553724956072884,-0.18821103499926367,0.46853285146041335,0.45115469416476234,-0.0597394546099272,-0.036065723389728736
4.866188385425553,0.718962053754735,-0.2951373029154582,0.7971629108559117,0.15767212070657483,0.506573633724147
-1.5262766269698527,-0.022051862401377673,-0.0613656210377105,-0.3523893510159253,0.3845113519054874,-0.10233534532323743
-0.2959102086834487,-0.6695050467676429,0.07285612971438192,-1.78751456225519,-0.1685263559713272,-0.40517084475107473
-1.567936534002683,0.18820236605257043,-0.6458117913595242,0.054369542135500395,-0.8934647710622706,0.13378725994712615
4.118992011106952,0.38375447539048857,0.4931032641515149,1.437433531691257,0.8094302887455352,0.8764643682787278
-1.6966383680736792,-0.6374570473826169,-0.1965257021530396,-0.41606751179954454,-0.10520694298783713,-0.3228800842872396
-1.6457760942769095,0.30286739032683146,0.27998524836269206,0.22069702968464303,-0.4523033475348217,-0.1134067722297706
0.7276279498913705,-0.39180837264964957,0.35014038870871683,-0.8029324952781272,0.1761802789564357,-0.11865344743090249
-1.526103705037568,-0.8456893713155079,-0.8209173448133997,0.07550624276934526,0.34297719550420963,0.05544773390265116
-1.4230942828244493,-0.2517641750847874,-0.004011280651040161,-0.38516496478587015,-0.7609850189232845,-0.38275610742803967
-1.3939416322921783,-0.0102505159114087,0.8228147868927648,0.3346441777394206,0.33254225619765754,-0.067775671571973
-1.325056083295107,-0.7028682128111209,0.23280928958520242,-0.029813358473123344,0.4763520075696162,-0.01683895772428738
7.292623846986075,-0.3665234670825606,0.8295115680797865,-0.09746648622747682,0.3295139070110194,0.22954390457753449
-1.3642662636207425,-0.39867204089987496,4.184586226070806e-05,-0.41163676914697694,-0.3335308436306044,-0.15004234967045485
-1.2142473154094253,-0.04725357320988155,0.801850315205584,-0.32343899719814617,0.7914732638499669,-0.30338744164778647
-1.2621833538638674,-0.16529805836476236,-0.6001165166733472,-0.11245454174690177,-0.632363923052397,-0.10893071366325852
-1.7202417502745762,-0.3692974187243407,-0.03097622463676445,-0.41800087822267495,-0.1559513307904299,-0.29292477150101176
-1.4631837309189213,-0.27036642054003374,-0.4632977936910084,-0.3170477582256985,-0.49318793117219717,-0.08698458282794357
3.030620965783813,-0.958161954633624,0.8191427189580177,0.36968342969594076,-0.7487899321653316,-0.24533267282135923
8.753288778087882,0.04819605331636107,0.1710536449584954,-0.07593860942205696,-0.06318979135748092,-0.3050132704787236
-1.5534116211411255,-0.30255195622046427,-0.7452280657667181,-0.4331259969565451,-0.24131049451976852,-0.1357653005397902
-1.1546132655912482,0.4250337906935613,0.49491152914814807,0.19267411834188797,0.8828326754015446,0.2417916703077816
-1.5209609547532448,-0.309175679166324,-0.38112417542869276,-0.15767701636974038,-0.3857605540643036,-0.42593619781719827
-1.6066497002000837,-0.6597132071725933,0.44432208488112257,0.17425653015725245,0.47799263150973975,0.08802985489374943
-1.6028516538936728,-0.737485180416092,0.02065383861009369,-0.544093463755767,-0.032697730526546405,-0.21353553230154027
-1.3813551706020017,0.12364624486416491,-0.7403547793780266,0.17895457425804398,0.09762722370206069,0.12376559852927296
0.4220118342846537,-0.6458262668627107,-0.6433223597175858,0.2917569058419989,-1.0179093093982676,-0.125821214223944
-1.344965818693085,-0.21229077968304264,-0.00942986167686917,-0.3442165846545964,-0.36477194940369756,-0.21549760553383832
-1.3778219318356417,-0.10024354852156535,0.06138569002720467,-0.43535760093305637,-0.6245920482519339,-0.34907273858117777
-0.26245794790677573,-0.5564390802784962,-0.47343741805163264,-0.7633109108881312,-0.17624119684930012,-0.3351604655960081
-1.2818488517357436,1.0795868583693473,0.10604427427842082,1.1208492842759388,1.3422682893349127,0.6543306330989117
-1.7060441975937097,0.33095820391270037,0.08524879276664589,-1.387986642827811,-0.16591016057849856,-0.3701542101169897
-1.1631586721235592,0.1874589842517238,-0.9186661627213775,-0.002177358290706541,-0.3695355078502776,0.10785184091011674
-1.2969360633266624,-0.18388486626084982,0.46132917981244326,-0.11227098027040286,0.12733198823815473,0.17241566904149494
-1.5070201937396719,-0.7553575860909395,-0.1427548528832445,-0.3974223217137053,-0.10922339128267688,-0.09595577850236804
-1.266349557371203,-0.09004368716057375,0.059583164008764476,0.26009376824361546,-0.5799714674562816,-0.7330266100811256
-1.0085021035517387,-0.01972218043910106,0.7282172546944464,0.014773163348737165,0.30302265958222535,-0.07471694516456366
6.169012696464999,-0.6070824998505873,0.02418081698432964,-0.7532623151387904,-0.42189159043525293,-0.22793431023750035
-1.4686799637655257,-0.035589124858630465,-0.2279993358829491,-0.2554897865830912,0.0314073689591481,-0.06988968056370432
-1.117754734795083,-0.41771031245575607,0.7600459421269751,0.14360809760412777,0.2804185437556889,-0.02829311799949757
-1.474676987508331,-0.16407031827599844,0.2984925885549313,-0.02883604056298089,0.09188638327274877,-0.1407644118161232
0.4246716420579858,-0.17889017544873678,-0.05493752797191954,-1.7427721445823603,-0.09207440890302983,-0.4521795723977792
7.1678762983271085,0.10873234663919636,0.08520047296858531,0.19155400798838998,0.052237105115579295,-0.12813047861459292
10.171183016161121,-0.027310925173765134,0.0626492084557658,-0.06701495883994647,-0.16335926528175151,0.02831298052844056
-1.370512753196685,-0.4787328786393811,-0.058089207712303796,-0.2944235883445749,-0.41621560862363116,-0.27340411399031467
6.2166460790023335,-0.5408853117824448,-0.039714450692367266,-0.7178173184360466,-0.40192618479066866,-0.20231742120299304
-1.44134322672812,0.4720100474212735,-0.919543011892223,0.3736655539896555,0.22558365383477302,-0.2510064509993322
5.36897369619052,-0.6480307998020705,0.13703862025670438,-0.1340945297392242,-0.3457915500979276,-0.22422094802704656
-1.3861837379798208,-0.16743182491811462,-0.2730708648830786,-0.4435409283422432,-0.6950046415428405,-0.234365157342119
-1.413467906845538,-0.16191039868019724,-0.47654570980922867,-0.6846894634052945,0.07718338456093703,-0.7172287985119769
-1.0075805902342392,0.6742800022100306,1.2841003034358403,0.8576817089113227,1.18295370598817,0.34427312733623056
1.049909055361346,0.013576086387809905,1.0455609540536739,0.5961214783921336,0.15011272365750297,0.03805821492419126
5.971095533041879,-0.6977814186343043,-0.016502000813119578,-0.8102959494836856,-0.45600296364121035,-0.2936198176252541
-1.3033535185182406,-0.1705559396563879,-0.023527367652752772,-0.744345189069505,-0.6301159821238737,-0.15678903770858427
-1.5534116211411255,-0.30255195622046427,-0.7452280657667181,-0.4331259969565451,-0.24131049451976852,-0.1357653005397902
-1.3136045440551374,1.0761410253737547,-0.26926341770471995,0.20055807723982394,0.8234875562984716,0.8451814552574765
-1.299030801125012,1.4022367482362879,1.0280010692203192,0.2848502662890952,0.9779940307029109,0.4268507011434134
4.242848984038574,0.2615129056339141,0.6108979880882428,1.438795255086859,0.7651776193854248,0.8877012320298158
-1.4586240672203157,-0.2767501437864377,-0.17743541325375553,-0.3182324941948367,-0.3740002887071143,-0.1740312560109543
-1.1516995277713393,-0.36788073433056523,-0.4664838786707651,0.32932926170570387,-0.04831036109119186,0.09693387892717142
-1.4831499555551353,0.037770064818037456,-1.152680827596008,-0.20601991384264234,0.3100198621920216,-0.14347930830381384
5.273120519785612,0.41227572980847854,0.6266506414775497,0.4113282801090999,1.942070676061011,0.2806127890559872
-1.5343071694227046,0.21564997834693928,-0.1351144641048791,0.15637771132132783,-0.565711966093718,-0.14154213170545046
-1.0167691301709456,3.2312570940665584,1.1110133753569542,0.8232483974944564,0.9637849179426629,0.8749198425530436
-1.2160705634505167,0.7311036375419527,-0.15251287667378507,0.48937255432620935,0.07207848414029659,0.07372429284558979
-1.6221537653278044,-0.1572448942130876,-0.2574707462542742,0.04500524709069226,-0.2821640357017565,-0.22971294007141219
-1.6405072023831704,-0.42381859986447257,0.07580581845982973,0.07559882947036412,-0.4987003408979379,-0.1422188955744243
-1.7406797711715236,-0.45298780205920236,-0.5039434262255272,-0.329570492652107,-0.1360722471745008,-0.22690797159991224
-1.419968472505177,-0.222899830508427,-0.26675949934982673,-0.483374125020863,-0.5541051045790778,-0.19045259761076494
-1.2315664786558516,0.3496953295376044,0.6531215206673904,0.1691730556776581,0.9341812419914466,0.24657360847181617
-1.618283856745021,-0.7495204189111792,0.023426321891970893,-0.29837094961551774,-0.12195963730027427,-0.3867691437452029
-1.6609811092430469,-0.08428077784941292,0.045561149575070355,-0.0918572644056246,-0.22490624890169555,0.00020075062093084757
4.462398839965506,0.17128228562644449,-0.5551442155199838,-0.10878033946272987,1.2576805117776,0.02397293034174385
-1.4317712733299193,-0.46073784590304934,-0.32426901314398443,-0.4511530233917482,-0.46110823739896606,-0.15652739137510857
-1.7198473054289247,-0.1935230825005961,0.23251415838158393,-0.1386970460026554,-0.2708430486693468,-0.09579761657324136
7.276728625503509,-0.28591584363218875,-0.04030328745132145,-0.09975557469719223,0.08207334694351733,-0.06828337577305973
-1.3475645082647987,0.6836224488124572,-1.1348641938967878,0.15877395333977462,0.5049958819438263,0.02597228976945827
-1.6023042061377304,-0.8230408382191625,-0.04176998315429828,-0.23131751235213277,-0.018609650345085632,-0.2265456188428385
-1.457792258299953,1.0412280375752252,-0.9312027574873445,-0.014679832913104438,0.3831415988876935,0.06633265628404184
-1.5570929612351694,-0.06259893262614194,0.458312545655043,-0.0820175750859199,-0.4461304090973671,-0.13579354615776748
-1.3543330526267354,-0.1407561177907256,0.0011683966950473339,-0.5141095865280209,-0.6552134135141512,-0.4508964759570705
4.240886231042667,-0.06748074289412218,-0.08925029123902647,-0.631147512724831,-0.83268033240651,0.04075181355918716
-1.509867535438863,-0.4420645231366327,-0.258683762305299,-0.5591158284669752,-0.5035351014753228,-0.12276054077783302
-1.8010601193287579,-0.6229519117008725,-0.02454047132549002,-0.46103829564412024,-0.1319011577455375,-0.3929004084079869
-1.569539918259398,0.3591839468344733,0.4802103395789427,0.3315858449249418,0.3654967269721638,0.4397654033261978
7.049628858777641,-0.242734618037748,0.13962082436015166,-0.24195291708593364,-0.22426800167253144,-0.2449159576324984
-1.5365665867496046,-0.49115670875012324,-0.21762353310271285,-0.2835146352487766,-0.5139374421466234,-0.14860720525823493
-1.459098063584321,-0.2251835145575543,-0.13763369050105437,-0.5306684253804919,-0.4822966443372685,-0.2101516282914777
-1.5872402779944665,-1.0000338118987755,-0.2570090883073821,-0.3987296174032826,0.13995158413159398,-0.27760059913212476
1.6844261838244263,1.0039951557154265,-0.19192282093544238,0.05561392813475408,0.259808825999745,0.45057739561660637
-1.1091417235515066,0.6835445568568602,0.3510257323465814,0.06279212582219777,-0.5239075521663366,0.157248675524574
-1.4629547887704992,-0.44402058067800904,-0.0678930613494453,-0.6483291339229471,-0.5323150851256631,-0.12791387942260152
-1.296243731744664,-1.044756407688502,-0.32664321943763386,-0.3506999246514548,0.10984400757365416,-0.26118902728820054
-1.5818851321697838,0.2694644530528782,0.027653621363249923,-0.5847393519733363,-0.29731302658589676,-0.688299346620729
-1.5802947752079863,-0.29740949925778853,-0.42096837714941376,-0.38519727619084015,-0.13714460642640405,-0.19414601029637024
-1.5081354402422606,-0.10882493109215996,-1.0073632156662007,0.3167018235102575,0.0016403189558169247,-0.0036953151810382124
-1.533874240718839,-0.5860362466726046,-0.03253003883196203,-0.3400958553909733,-0.3939812043606558,-0.398671033217565
10.042045673040183,0.04377452548785762,0.031085519809591317,0.3181111487140029,-0.1094424195840704,0.03925346577748633
-1.59389503812828,-0.9675528450509925,-0.2592009469157087,-0.397766634283283,0.12685373030419586,-0.29689720585068163
-1.563696196691924,-0.40151645460039853,-0.18432510142140496,-0.513982049506508,-0.1847609842726824,-0.21395262011619764
2.7291401089898186,-0.313816125509805,-0.2446983175914795,0.4871674398072571,0.948550975812396,0.44968701700219926
-1.7052591197564722,0.04644941514991206,0.007021554067884102,-0.16848453965869473,-0.010409424963763753,-0.2746467135587268
6.828512235086048,-0.1892826832374926,-0.5051937446080974,-0.1992035043911478,-0.00635633344429017,-0.2855021669809297
-1.5493530128729807,-0.017592509304940034,0.0964711229392595,0.03790424605230725,0.22751983524039038,0.02040435506807707
0.8441928963902527,0.9223288003287136,0.5938293711163669,0.31679758831481036,-0.5053576460537972,-0.21046440714976772
-1.6776104767541093,-1.2457275510992838,0.033305890962337145,-0.31533027164124106,-0.3717464921032285,0.20805835795071717
-1.6655446970785028,0.26572806091329837,0.1073043957440903,-0.04677284723615167,-0.15400273515042148,0.032090520256407205
-1.1548419746139738,-0.007666248388048367,-0.48227587753212364,-0.02792298269825918,0.6198452461565095,0.031903774715863864
-1.5601617033885733,-0.5170055755814067,-0.3775886908538545,-0.26098475170289875,-0.09002214790378452,-0.13852502823574445
-1.5225613846943427,-0.43646168108309746,-0.7075342308313383,-0.37423896693596503,0.04505755038921548,-0.15070576974756345
-0.7050408028473638,2.425283417859092,0.8623663663281921,0.41973433093663154,0.45548659556337406,2.0315636026394737
-1.576155734965283,-0.32039619086748156,-0.31919913106373526,-0.6068387346110714,-0.37852049356847034,-0.23328207907670395
4.848019202458537,0.4973246640536725,0.29061555965294344,0.7528666368536684,0.04437014912227516,0.2596929532877769
-1.510329953807165,-0.49404271884855344,-0.15324519163667474,-0.35373860879716357,-0.4028286849158086,-0.1957220162753133
-1.4198075501712046,-0.22415228363260903,-0.13324777968367815,-0.47511783203211655,-0.5323891965311348,-0.18610852596444089
0.36452717770914195,-1.1325224794358641,0.12441609665500084,-0.15097202951320315,-1.7839744102186026,-0.5937091547102897
10.262064940742208,-0.06276471463874075,0.04111453707717689,-0.024562832321731197,-0.06954893765295153,0.07217503707632827
-1.5974524600601048,-0.8189003778889133,-0.2833852285060728,-0.049154398337530165,-0.28300528990581336,-0.16739702785148292
-1.760767776635381,-0.05994720500744202,-0.24230066556116808,0.01312332400771817,-0.16792618616340088,0.07716867053630556
-1.6727919489096934,-0.5917200292390092,-0.08697153541564528,-0.5251925755026275,-0.2905286574211947,-0.23064006366774853
-1.6633572900506934,-1.2285270448532093,0.06052396841062433,-0.12634962649695133,-0.08260435581398884,-0.2246598054178027
-1.4217783413373848,0.09509152874981397,-0.3970498032988042,0.11501057119132027,0.48384562755567656,-0.1290577181040319
-1.3278662363358535,0.10183850149803694,-0.15277062190815274,-0.11684641807959222,0.4381012385040642,0.23264249246041754
2.0880477019371892,0.6333264832655148,-1.2267657690876141,-0.23906162918099014,0.46466791174042743,0.26200807195712744
-1.2933120858750287,1.856938035569911,0.8167904900978172,0.7811492727611962,0.4977448641609239,1.037611538726301
-1.422271756171023,-0.4386881811766323,0.3231051917399095,0.14993384002686794,0.65901133400106,0.23232010668859138
-1.4745576762484949,-0.31094774091675276,-1.0113047392141548,-0.34979239461467865,0.18152401100548501,-0.18844456283895242
3.435184932436567,0.2924538052958388,-1.096562654648121,1.197044205227384,0.7137938284789744,0.7433830240296506
-1.7300347168478536,-0.3064212332095288,-0.19521645900765366,0.08412897841727349,-1.232960853757299,0.11943633273916658
-1.1082134718100416,0.36465948412221705,-0.23949908350026247,0.3408031855744513,0.662792065337103,0.7078294519014334
-1.428468860793252,-0.11533811818435642,0.3551731303303496,0.029105427970717173,-0.2601790602187109,-0.07431136189605116
-1.607484999098134,0.02590905332632811,0.2678925358022918,-0.8697766865375812,-0.3298300867173927,-0.5338351817301671
-1.2988732281454756,0.07235728891141507,0.6234922192451532,-0.4072935585724731,-0.3383561954906259,-0.637109789134847
1.4983019863811986,-0.6500070982572687,0.24177988074190895,-0.33443745918680406,-0.10651286876745839,-0.12984765617057095
-1.380350283035055,-0.22392514728324633,0.07903645551099577,-0.4162911844129003,-0.33827437745735484,-0.38513467284595754
3.327491609123558,1.439216090203414,0.6565868405513108,0.450464251508815,0.7157430109647192,0.3529608615700118
2.220939336565307,0.2054522369361047,0.7347298289349979,1.250761845576075,-0.09149428989537345,0.21694244755706033
-1.3384796876349643,0.12110653471661367,-0.39560225220403916,0.3020343488545286,1.5255042228087836,0.2351599142895109
-1.375755292851294,-0.4699544799676369,-0.10498714081690401,-0.29837408607684157,-0.42925955113009057,-0.2805039640252003
-1.496010112243514,-0.0357994284483686,0.482466049782413,0.7347340623941219,0.44686382944777375,0.36743747403759386
-1.4545216333824824,-0.1647159763734537,-0.11481502340550696,-0.03575118393763558,0.0442315452803608,-0.03520463759039247
-1.1529571721427878,0.017345744998234738,-0.5173951867840918,0.025145927209845546,0.8386846794072254,0.10906607526320981
-1.4140547114677424,-0.2171555144118825,0.3385925642902812,-0.24542881242038977,-0.09574700659240733,-0.04120411275805624
4.7071073121605345,0.4517407081776179,0.0849924528839057,0.8731561878391182,0.005244074835087433,0.3239222249799828
-1.5998692826622243,-1.1139900666773839,-0.3980517370145307,-0.2569861803065002,0.34872453178479385,-0.3323689833967139
9.130190266529675,0.37210454374794505,0.14661583594327918,-0.03927724262480306,0.03446642831336291,0.27731863993123435
-1.5035145478402647,-1.0841521405795658,0.016818868090200063,0.028602884882524316,-0.01733053417855736,-0.196439520081258
-1.2070820437816192,0.2639692497360815,-0.6706405059773619,0.09459696379160469,-0.13243325361016267,0.08649286156312501
-1.4743340583456201,-0.42616169825400446,-0.20480445794267202,-0.5391907453481374,0.2620195492990236,-0.3855672524897708
6.441447490051549,0.210259611752197,0.061861560835831025,0.059300235245870095,0.15887053225356096,-0.014552935579929267
-1.5307709139450032,-0.7269335612057286,-0.5618554953640902,0.08646492342593398,0.25695461437021305,0.11980476698544835
-0.9630940467132284,0.5151915381248675,0.11270009458690705,0.5804501048923436,2.134132030136751,0.24285529704976133
-1.1848149572474593,0.4131688273518099,-0.06547121394195078,1.642137682514623,0.20542932920801144,0.8881525994862686
-1.410722736778477,-0.13955840478044196,0.3075819234581375,-0.18424197951563864,-0.16755905337913954,-0.1285548428686347
-1.4542424664615499,-0.2364510478629408,0.13768783727119613,-0.3196758327895256,-0.4923546181044711,-0.32080759754145405
-1.7202125401547812,-0.5194035541847034,0.004334907353996347,-0.4950767316102525,-0.20041556329694266,-0.036343294804918706
4.979099664710633,0.45055455586599746,-0.9232850067934153,0.3485158234417371,-0.4927793467686287,0.20765134777305275
2.8128067426744283,-0.09119256837695447,-0.38010789741102174,-1.353958453086023,-0.8955414234937819,-0.3184181933183079
-1.5224733526188658,-0.42420511087160345,-0.2958847896924248,-0.5746827915166183,-0.09713484101766819,-0.4741077939725311
-1.2235161190367068,-0.09681980769431266,0.5761407864564498,-0.2511657729599672,0.4595666962247892,-0.7680413968246194
-1.282569807317912,0.33476261794652495,-0.011869366613284433,0.845218490986304,0.4487260113407662,-0.1331345012231598
-1.6124812476176562,-0.4278016853154181,-0.13547485392588,-0.680018234249914,-0.062341859303276424,-0.12004856108075554
2.1628930102772403,-0.5706214595303895,0.5879911595817754,-0.43169175036453855,-0.8438604473678948,-0.22823910745214926
-1.3309916556149801,-0.3769110489735473,-0.1127454937563425,-0.6147215884377317,-0.8867535153739765,-0.0650317047001092
-1.6166043905624274,-0.38114600760217776,0.2014286774848279,-0.4898582932262436,0.04668979180029764,-0.4279686676172162
-1.4298939546157157,0.4928871931099272,0.3101239312649405,0.10112745092786996,0.5618660091523334,-0.20881222133620683
6.4528127540095,0.23080579411963176,-0.02064725587893326,0.016421837682289057,0.11772654364051058,-0.10250903103139303
7.105019716958829,0.33892153392304625,0.34883554932117183,-0.011700037913945055,0.3882163996026308,0.054130581221656295
-1.3336574858315287,-0.21939632942655482,0.22814871668775494,-0.28015807315079944,-0.5149323167992869,-0.295829976876112
-1.4532046476359937,-0.07647804385069307,-0.8144956465839784,-0.23839056066458814,-0.5611426111464267,-0.13766044663185584
-1.6226855342227953,-0.12664515676778904,-0.12293667910501713,-0.10162240492136991,-0.37903643992540603,-0.12425610588072028
-1.2285409056621874,0.7385400835793428,-0.2648671447394029,0.6862731913421521,0.6125294896092854,0.5885321820332813
-1.3192849688825687,0.4307793701192625,-0.4199296728132341,0.8387206951384368,0.23055197769756877,-0.07631721097610172
3.4041028937744087,-0.27699768267412256,0.4307683311051928,0.7866319216435905,0.9641626383118403,0.4871075662740923
0.6440043655330633,-0.3944233683881804,0.45227249088687704,-0.8384129076696073,0.1597540620682584,-0.1111727939115582
-1.4604295245907555,-0.17475364683643568,-0.11696633044128124,-0.49068362202983345,-0.646114530153389,-0.34701460406679524
7.430029254749402,-0.024944080953560297,-0.21961587194121,-0.03580636358986131,-0.06194213052938105,0.038937186676780706
-1.688643941970325,-1.1581708894449096,0.06056102319394531,-0.11810013669473036,-0.4084566443319329,0.03621813604672148
-1.3472321911026293,-0.10080903505844717,0.17666091274019824,-0.34278973389667905,-0.7461598696397496,-0.30816935508163135
7.026923953383066,-0.0216517076847997,-0.4119999038911705,-0.050935962693513186,-0.007427295294973399,0.023460268578518545
2.7453698652973153,-0.19698727361221924,0.41817016758811126,0.833208871550944,0.8198340326641578,0.009423904677886797
2.0080246908314514,0.23994013470439587,-0.5396246726237381,-0.10706300615155097,0.3922052793301371,-0.16874593436927354
-1.5601617033885733,-0.5170055755814067,-0.3775886908538545,-0.26098475170289875,-0.09002214790378452,-0.13852502823574445
-1.7534264380759157,-0.24766812935329674,0.03898586408514029,-0.27876737854026207,-0.6716957446208806,-0.2827836695984322
-0.9753815165038422,2.0903454968398245,0.673532090164253,0.7596463954408008,0.31897381091844873,0.1395860281117904
-1.4408112670461475,-1.0117986893506177,0.13981146289177665,-0.047189978890239494,0.01792999583461073,-0.02623429150504586
2.0579663249116678,0.12436104663227068,0.07145767230675888,0.519630788782708,0.6302179135344335,-0.10646720535592509
-1.732684041045905,-0.39248583997038927,0.05678963461118574,-0.3733796831540527,-0.13608449135965736,-0.20749227886611157
-1.5810185133309345,-0.1492120632926369,0.24152401112120267,0.28378879697058895,-0.412631320727072,0.2552710275427899
-1.4781332916888217,-0.1891176403474207,0.5445067510881286,0.08134882067896472,0.2744166312017192,-0.09808246104499446
6.839211027419598,0.5946970585733381,0.3736307163023588,0.099454442033606,2.1772276104133765,0.3338343126585333
-1.717110300237357,-0.13456464382355712,0.0530338674560203,-0.1198593680176666,-0.15328829002085737,-0.3457834384431128
-1.6880514344877593,-0.1059174162750201,-0.36301730959666073,-0.041473404948656666,-0.8126610940503776,-0.1629980440359322
-1.666353373899779,-0.5110377300517016,0.19238765697953555,-0.21311501619434772,-0.5865158456959512,-0.1676571470246525
-1.5666192330122903,-0.5667227576739085,0.3697104188623106,-0.10984078227483743,0.1260136617172535,0.01103823469837564
-1.5512896254861002,-0.05760598180407054,0.38543338199268534,-0.10319709245047501,-0.45118960992943563,-0.12266319347997331
-1.5212263362021503,-0.024503662419837768,0.13591689986658806,-0.25243398731163014,0.5858535076979873,0.0006951805508902547
-1.1584753778123138,0.8855355890827066,0.42126442948381626,-0.006844178366001797,-0.38301483191948565,-0.0954063538098235
-1.5097848618039345,1.2169501070617563,0.6493831377500733,0.07251551715626806,-0.7637389899945556,0.305082931861744
-0.8028601981903921,0.6332955003502013,0.987292595229657,1.5248418300180466,-0.07062723232802887,0.8879189953591083
-1.3864859608065727,-0.3842005082665119,0.03486095059026765,-0.6585351169172414,-0.8957820139219685,-0.07583030536517178
-1.598860960616604,0.010663067816213366,-0.6112438141483725,-0.09662747852053585,-0.6245021037413092,-0.21049320320663198
6.576575719735663,0.03240196179740134,-0.7704824609557678,-0.1471084736799108,0.2840585917231562,-0.12440753316452756
3.8233332868918835,-0.07556208985236097,0.41572897500118666,-1.1882094062210995,-0.7833470840131259,-0.21725505010726776
-1.3107007881074584,0.43141933931735316,-0.007930616429970432,1.461503765378951,-0.2675048007434929,0.9293841640945989
-1.0751473071952267,0.7715448540330633,-0.15010819530807767,0.36526961411735465,0.3622748402354008,0.18050943765213706
-1.2254952346279868,0.42902057070547994,0.202933520721235,1.7804485373316996,0.8604040308607146,1.3628602941810057
-1.3181560906855554,0.007489727453987133,0.3770526588848848,-0.1939369027994039,-0.19189784921255368,0.3050616396378817
-1.5972993077862954,0.13290280560432663,0.03570375327871961,-0.4930166631249575,-0.5035692595958343,-0.1285010008432792
1.5722330581050112,1.3702789193327674,-1.2944016774236884,0.4385888141122147,-0.4234467277616886,0.0691144212898735
-0.8727111768194936,0.5864944722171862,0.6940914449173384,0.7469152903959848,2.265109214444674,0.3154267734876233
-1.4841785541281034,0.1337403099171447,0.44282086107556584,-0.17672634899476183,-0.03589153555073814,-0.07008357902687881
3.566954742755703,1.276187387768732,-0.38916639245966755,0.15383035454416016,1.176959730327318,0.36157968918059014
-1.4801128498528167,-0.3870287145822586,0.24008007351316105,-0.8922294569969327,0.17208630701955335,-0.37769227687852835
-1.2430688717428526,0.5519842376537256,0.9855591832822047,0.7226132200207361,0.6213845561024773,0.08025806156189508
-1.4485366195611833,0.13718091141310468,0.03069217585927661,0.011236938150247736,0.18891909230672913,-0.3118984863952804
-0.9592375698235621,1.031555856370698,0.24863403297575898,1.5820331004866242,2.3152248159484237,0.38490263368628774
-1.3470695831039896,0.07696666569843337,0.5055602601096432,0.5381070621820877,1.1897838933591762,0.1569194728442798
-1.7272268059191551,-0.5139610180021208,0.06373989896093173,-0.19518420156687516,-0.235057767844056,-0.20086809815211157
-1.6030783496370764,-0.7684941238448062,0.0883568082096125,-0.37424808378717483,-0.24291462866814525,-0.38219018160242263
5.043461706160116,0.2822329680796605,-0.5750424126688005,0.2135941821097949,2.4399201157877055,0.30348687579482697
-1.3136194854106993,-1.0226286014130057,-0.3358581401113901,-0.3261254673597514,0.2508666897140289,-0.2152410867412335
-1.316530402137846,-0.05143330809424926,-0.12360695988853827,-0.305995590365807,-1.055438763234624,-0.23582590971295445
-1.6773292323955749,0.2746332714624866,0.05166899742071348,-1.3093422542475401,-0.1372708033585715,-0.3655935896925677
-1.5640517822900823,-0.6263687792027263,0.5158236032327169,0.5860471479513869,0.4079259881632621,-0.06124407446351095
-1.2385821046469179,1.2171691555865416,-0.6873190213697274,0.26984541808576545,0.39588725609190345,0.8388806581611344
-1.4557587153869846,-1.0738674239110524,0.22214140911531374,-0.10514679920998016,0.12114772448626625,-0.049067879078196375
-1.407131538004837,0.6673867881977712,-0.22976440821891364,0.28413543544458436,-0.012507954007546467,0.8352878054383713
-1.5379991652481941,-0.4024926756458585,-0.34616098073612134,-0.6014582366035888,0.06476589855543208,-0.5343439349567869
-1.5670462247291839,-0.013211176752762234,0.2647201445529602,0.08993781627683092,-0.273973206244493,-0.06361875717595543
-1.4867228320363175,0.1302978622314615,-0.5921917520070842,0.23471610029739057,-0.06571455430871405,-0.3178685752587097
0.8324945528902118,-0.39722349619171615,0.09377904978897868,-1.6732204627238185,-0.04001411353170272,0.08109877189025609
4.489761091806094,0.2697519836365188,-0.19149400094155616,-0.25716320473958354,-0.6594192538816712,0.12688438019475978
-1.297612533521657,0.019714221072275075,-0.5524393902734944,-0.6206253076083827,-0.3611720394662753,-0.4065486642240683
-1.7566406100068084,-1.5630502198742475,0.12432486744415881,0.16726703508191054,-0.47007998910516624,0.15185868238411512
6.279604059455307,-0.15612195095669812,-1.2857960583520915,-0.4510614666883131,-0.17216568048331707,-0.3281752995990763
-1.6574580557873944,-0.2046041434995291,-0.1302605803347055,-0.5863199378124134,0.02529866305477834,-0.5294807882250494
-1.4778846767903613,-0.2733449012405237,-0.911347527012636,-0.35522880811108937,0.18669523374865213,-0.1900121990841699
-1.1308041671795372,1.5760052656824697,0.4828136824833223,0.4405908011781993,0.05947201769337528,0.18102164039636717
-1.3778408617941404,-0.3618290941012184,-0.36594792070116633,-0.540607352986548,0.281556830850657,-0.3514957002759775
-1.4494103864257197,-0.36175808713276086,-0.28945506464678483,-0.6567364660520715,0.16309986184912936,-0.07213447414840345
-1.527649072468857,-0.16588782215429815,0.03645100159023729,-0.7748144962278714,-0.42377307366508105,-0.24161980012876424
-1.4102545050972348,0.9820086167572477,0.6713463147918629,0.8167613977055543,0.5810510813769179,0.38127024758609884
-1.7000523685318802,-0.13183750393955532,-0.3706964403585941,-0.1096945765954461,-0.475335923757579,-0.1759911631659447
-1.626405025380588,-0.3366484669462776,-0.17416184936264142,0.08204466516373858,0.07874305123821995,0.30900299771868955
0.6096142592605789,-0.48351937056461497,-0.37160047287783404,-1.110497799867869,-0.2372592680994546,-0.2833849694361781
2.4559295097770897,-0.4006143616460555,-0.12697431538945436,0.703285681211048,0.19502651825750236,-0.08133190828947366
8.334041689750432,0.37183047026741955,0.692683236180329,0.1203231193275174,0.19627324947424338,0.2600913798119778
-1.4044272996086866,-0.2596386725526602,-0.2765013695600194,-0.5291573305009196,-0.44853203972047956,-0.12550057500616787
-1.582316483228154,-0.48780880952064454,-0.004036916551008674,-0.6255196956727417,-0.11601886010582722,-0.5047533712775166
-1.758617547408996,-0.9943639308583258,-0.029569800063128083,-0.2559219833026122,-0.001964838948899454,-0.16345978433689773
-1.2123127370025313,0.4343285145232232,0.05807696836705956,1.8334631344073034,1.21532162534942,0.24364738913053272
-1.6927147512996088,-0.38439091496623046,0.05169851028832903,-0.3314587265627467,-0.4736403528210075,-0.1537263214592383
-1.6338587669627591,-0.169494056383525,-0.12290079994913723,-0.17314884310757747,-0.6484289492522377,-0.19422448511581258
-1.5700105181793798,-0.33101618221761747,-0.2903318806448574,-0.6290222561962413,-0.3751281154090999,-0.23717685903440136
-1.3139708454505719,-0.030127337703669998,-0.27054072332193474,0.15995881843929452,0.3849734866948438,0.1007548124666125
-1.5327844926289325,-0.27028872270813914,-0.658737183559672,-0.5022309931963076,0.2978855324018554,-0.4789261816586833
-0.8689366341004675,1.2389198838469737,0.39033647451118186,2.614449124991942,1.7190113726953171,0.9658388138193195
-1.7285264886595397,-0.5315161228081466,0.11547427851576429,-0.23009134218953436,-0.5538273999282798,-0.11963287260531075
6.477688329105067,-0.1682278827728167,-0.6095956823426711,-0.2727948213487148,0.24382902844710233,-0.32340385353502604
-1.4442728506449851,-0.06871755729966651,-0.04143971749398055,-0.7352089515095779,-0.2961392704629325,-0.5704313494602044
-1.5363978655921036,-0.22390079041259633,-0.22709971818283808,-0.49205136726550874,-0.49769262383369955,-0.3022723901020767
-0.9210802570104584,1.649076810468448,-0.024345560962427463,0.22761162340437444,0.5013287080958837,1.376199874561737
-1.45934271004994,-0.10414386265675607,-0.6738853778321758,-0.3149098572362125,-0.5664306649714115,0.06285202350551192
-1.5259122075634626,-1.0733364612584915,-0.5484522601122764,-0.21919802179793485,0.3454547529556494,-0.32710572034446367
-1.5564656205085732,-0.6360041357954617,0.09728333384183142,-0.6787238599995671,-0.15520810596097073,-0.19362661084310637
-1.0690371995504255,0.6091578596449362,0.12666449874846336,0.03696521002272281,-0.5061642143082219,0.16715772855572494
-1.299523736230502,1.0056086847271999,0.7907664153749405,1.459380403545217,1.0717363822683603,0.49118877532799277
7.190433064223703,0.13148883628279814,-0.043352152453422305,0.1697965462201882,0.047741300563207585,-0.12437456294581048
-1.2921925348532197,0.3691698902309183,0.629322793237435,0.5491646009313271,0.49148459290224206,0.8487982365599843
-1.4018494649699111,-0.519387301330374,-0.361644169061322,-0.5820136754688764,-0.3589787619362401,-0.18951007065928882
1.6844261838244263,1.0039951557154265,-0.19192282093544238,0.05561392813475408,0.259808825999745,0.45057739561660637
-1.5224733526188658,-0.42420511087160345,-0.2958847896924248,-0.5746827915166183,-0.09713484101766819,-0.4741077939725311
-1.4102545050972348,0.9820086167572477,0.6713463147918629,0.8167613977055543,0.5810510813769179,0.38127024758609884
-1.5229734578450245,-0.32948536840427445,0.21846841747265666,-0.12118065378973544,0.12822596565674238,-0.17395733536270624
0.06824614775721279,-0.3287073408845328,-1.0279851142990264,0.6602533106456715,-0.6788015923666028,-0.1765820987198949
-1.462126394499024,-0.47127329064077045,-0.15141337558536191,-0.41550031839170515,-0.4439391451906383,-0.25905371484053963
-1.2126209551231348,0.026439621382206614,0.026898792978269113,0.2630359658294837,-0.0039062891869684774,-0.019129652835689962
-1.466353467103578,-0.7623687672926106,0.15045001524640078,-0.4227878871408483,-0.06607667178139368,-0.11816191399289713
7.1584455093876596,-0.42851397989249335,-0.48908392322801164,-0.02299083005920746,0.20550651077523957,0.07624515987661143
-1.4332617132831258,-0.47635545404506496,-0.2654958003607336,-0.6319280799842345,-0.34114616048036545,-0.17647317938887166
-1.7821827856401833,0.4200179922771486,0.3873550445011905,0.0014466272810566662,-1.0007614913533327,0.08472599568001327
-1.400624704925511,-0.08724950841244304,0.6638758034050691,0.9838585574676196,0.8177327361477675,0.31122481691191106
-1.6217601637562697,-0.509369036068099,0.04534293629062119,-0.16937115167374792,0.20092551927370936,0.08531521182642147
-1.6415139267277332,0.17436844143275124,-0.6084001111354128,0.027404332682248553,-0.3079089429982192,0.49621089603222085
1.095390729917372,-0.4414894465359675,-0.7884161382630077,-0.8286663583617546,-0.07158560813045717,-0.16539569830048026
-0.7346547518904779,2.7484624578943264,0.7880679303230244,0.41327288432914,0.6957833587065606,2.010780410018126
-1.7481798172685798,-0.4138165429107569,-0.18806744538012468,-0.4268527424688036,-0.18350880067596392,-0.3245363976787378
-1.151773838389784,0.45456358483308906,0.2711944063968758,0.30114177625552135,0.18158009656493934,0.194576618013786
-1.5262766269698527,-0.022051862401377673,-0.0613656210377105,-0.3523893510159253,0.3845113519054874,-0.10233534532323743
6.912869009408891,0.18612827223174133,0.010951501745641499,-0.04428491773832456,0.05849875056003327,-0.07754874910216722
-1.512469116553976,-0.7945086401107252,-0.033240483713916094,-0.20260130842974997,0.07342261369591402,-0.10607378112420751
-1.7552743241139852,-0.9779943276592425,-0.07894597534187818,-0.26356819021646677,0.012644228068754152,-0.151667497028921
-1.3726402044775183,0.15051829575079445,-0.14066534330254166,-0.2769508601918977,0.5395675493695743,-0.01336181540903598
6.0950929229150805,-0.5673182638843118,0.3678763320595416,-0.753133411232869,-0.3470210317288627,-0.10991204650413644
-1.533166337491569,0.0591492505860626,0.002582037139626231,0.6578421775071274,-0.6814698412560868,0.3228256437698474
-1.626185812310518,-0.38339216829545025,0.24986148225336605,0.3851014624234607,-0.23257883186998307,-0.17015736473164086
-1.263427865280106,2.1389624961780207,0.9603104179979394,0.7381860669448285,-0.19734304329503538,0.4665614972098213
-1.606051268589414,-0.7564405001895268,-0.09568771937479065,0.3178011978113795,-1.0285549920664014,-0.14140777134538224
-1.5569217051377564,-0.46363432974690505,-0.43807070073122356,-0.2980865079472848,-0.3388568904510366,-0.25667600020876224
-1.3930548442663644,1.7870265817160444,1.0067519848098578,0.19960768685918387,-0.4190310127346214,0.36421175854870325
-1.6728378985339547,-0.4127886409514992,0.11504037720374459,0.33205873999816476,-0.39936850728049517,-0.3808228604835417
-1.475720739465184,-0.15145136365450287,0.6326130847583674,0.8103919224515055,0.47192573857336156,0.2586155989285903
0.7907580308591826,-0.39418837678357654,0.03393233486609659,-1.613554087149654,-0.029565144913969055,0.0319585812102064
-1.2310828213919773,1.5897170925346835,1.0832794740134235,0.3462198128066978,1.061772502357046,0.517180474056673
-1.4917874155945527,0.17085789968968879,-0.5796722386945208,0.09159420281635718,-0.10054462534300797,-0.35015394365306574
-1.3926317396671923,-0.30920758046089813,-0.10851788564546534,0.05443544136698828,0.270344428901649,0.013346624051282547
-1.541005807948978,-0.45188816965545675,-0.4092517635774213,-0.3578032518124735,-0.34862186013873614,-0.2869606761770321
-1.626405025380588,-0.3366484669462776,-0.17416184936264142,0.08204466516373858,0.07874305123821995,0.30900299771868955
6.839211027419598,0.5946970585733381,0.3736307163023588,0.099454442033606,2.1772276104133765,0.3338343126585333
-1.2336201545093501,0.0501920554271597,0.3225875136654018,-0.06708077009787183,-0.173561985447744,-0.04114724222947909
-1.5347534466595536,-0.36887750378364514,-0.07503631123708007,-0.1398428068706321,-0.016245201942710105,0.03381342105847041
-1.23603735940332,0.37168949758720393,0.23842780245879214,1.753317240054328,0.3678470169652,0.9174499424794484
1.6572302669917,1.1812257397348258,0.5800759518143606,0.05076994767467095,0.05081638218626184,0.4024991001502128
-1.6574359598143422,-0.20843238013507984,-0.8053194074194654,-0.0670679077638065,0.16420735480808005,-0.23650325097772434
-1.316530402137846,-0.05143330809424926,-0.12360695988853827,-0.305995590365807,-1.055438763234624,-0.23582590971295445
-1.4538922877621816,-0.2983885958181234,0.07241783210076887,-0.2952005237934536,-0.17475057545233136,-0.12114140660458739
-1.3571439796860292,-0.07613123833115445,-0.022254539469281874,-0.32433879295115153,-1.1460518167801224,-0.250443852469608
5.265027689478363,0.24782730859042976,-0.6905391662385647,0.1888934997796083,2.37847647781405,0.27561971435733823
-1.5107206106530684,0.20604796338158474,-0.29292494719947626,0.05176836007181244,-0.928954295209291,0.0706783308825023
-1.5137751944049516,0.018404995472097514,0.3402130188355315,0.1212476271560974,0.31448897341557563,0.09065431543138196
8.484356041968445,0.03777761466606735,-0.22428831899942417,0.8947849599757353,0.1252635790425794,0.039820663735070656
-1.5982515623025702,-0.9129204976160368,-0.20590800102818285,-0.2653254492269823,-0.15053940426666534,-0.024085432029033224
6.764084731394648,-0.2587712980195616,0.2337434740130736,-0.10276072412848412,0.0775741480873791,-0.008611638352441183
-1.2009362113218647,-0.3538372913961163,-0.3125776392390745,0.2920583675291441,-0.07818907427314463,0.08881588269858759
-1.4294471481945956,0.35742826328979793,-0.5624012442218552,-0.06419098611769537,-0.09076879860807635,-0.3678805159715713
-1.4972209400485152,0.3668677803686944,-1.2567434959916588,0.2737132248936025,-0.37285018743591086,0.08853029727469908
-1.7514342361355912,0.011762946357098007,0.0901300251121283,0.17066737871270593,-0.1708417651412604,0.12192669134803943
6.589225240045219,-0.032191190576681385,0.14535414756007492,-0.08143252139625545,0.2549883471608266,-0.6973166819140658
-1.3078374519059013,-0.22259995174903188,-0.7187158315932712,-0.14374188727631906,-0.2582913177169778,-0.13171172055987693
-1.426486470253788,-0.24883475981488812,-0.7636755827600669,-0.531807289170913,0.16119497387883128,-0.1946372877047156
-1.5507903013281692,-0.30783779764136593,-0.5708528471988862,-0.4935062061365255,0.09289501243831735,-0.12218119099134434
-1.236857862561545,0.9260368536157281,0.18466447261111368,0.3470973482327683,0.6550715475271288,1.1106034620146998
7.675926917301628,0.9282640677106032,0.5851061681791827,0.2303595178140459,0.18635379927136136,0.3061591488565388
-1.3788027369286877,0.22433407848351744,0.5808908622399296,0.8593417782314539,-0.22278296279856707,0.688657943812994
-1.372827097939008,-0.4560768310567713,0.08825421743099963,-0.4108120698350186,-0.23150858311595723,-0.19212535441655756
8.04680905876944,0.06406585717150237,-0.01069011965747931,-0.21032040195165605,-0.1370442701379047,0.0337197519597765
-1.3624841278704904,0.16778438791434702,-0.5683125730150875,0.47944891896967223,0.5851807310003582,0.26102853724511715
-1.4713410697733418,-0.2718499004028966,-0.5886638868647021,-0.0320978199814862,-0.012502301285083998,0.6071850423497264
3.7769424123187534,1.1461234313416986,0.2035840315369858,-0.31844759011164064,1.0239142507578913,0.33980541551315935
-1.4189411412930242,-0.6114870802577166,0.009665997042353264,-0.2617802398029159,-0.474251739997435,-0.23783682334291803
-1.0639688316920535,2.162525857259036,1.2708344182873217,0.527381747131403,0.9650297417378839,0.5208509027673252
-1.6746214246145907,-0.12146709348827872,0.06473410363247407,-0.4406244437760531,-0.7462542263467834,-0.19554826830078495
3.458456934256741,-0.30122549016986017,0.41065460779378143,0.7609567623208678,0.9047130931190047,0.5463410016996101
0.24341286563079875,-0.32212106651040945,-0.6599059832034319,-1.287611217555754,0.2672909203018577,0.044131002705273405
-1.4726937980719443,0.016482908763201153,0.36292714391934044,0.37551426234542334,0.40195395696889397,-0.052347261550943866
2.967615535287599,0.12109414744502157,-0.7087653551538917,0.5263716382783525,-0.49609716123387654,0.4269304675833537
2.539321354617717,0.6318788906544065,-0.3345698120889856,-0.06654328899336423,0.5612543427546494,0.255328506175855
-1.5235878420553417,-0.42713699310092745,0.2675041667611208,0.027744994360088142,-0.2841100016611944,0.1598516772866553
-1.3927221179399776,-0.027092669725128943,0.15636965427753471,-0.02878038275361405,-0.07205446712684706,-0.09550240067253803
-1.3392255735516745,0.3417732258603173,0.20022346294893567,0.9409106212868974,-0.2806132857875088,0.7565457458084158
-0.8838866148073955,1.5182865017076392,0.5282233393466391,1.717906358895395,1.5045627419838814,1.7030158457962439
-1.3181560906855554,0.007489727453987133,0.3770526588848848,-0.1939369027994039,-0.19189784921255368,0.3050616396378817
3.0113865201226515,-0.8317336758260101,0.6894662611970876,0.6303467050264898,-0.7645981955142064,-0.204224862570062
-1.7076945976233686,-0.1812740532397167,0.08861381920692965,-0.17681823008103636,-0.1851816719463394,-0.36587436558028186
-1.5026794690174052,-0.06761325204642903,0.09408083291854326,-0.215719884660452,0.3500300915709138,-0.1159808612431343
-1.331385992557809,0.4427993263035428,-0.06528086023121955,0.22676072102671688,0.06147437453237643,-0.03811484748748803
-1.51176705682279,-0.318678184979753,-0.5829790431885121,-0.5224837443109488,-0.31835047823776114,-0.150334139139767
-1.551167337541029,-0.5490294485039464,-0.22999469722238822,-0.4014514535370281,-0.41707420304328086,-0.28567522430506725
-1.4424033292228429,-0.0443997503435079,0.6739846649645752,-0.33013337756882405,0.32940015368971953,0.043305085205804256
-1.6493807971925445,0.4189835801084392,0.4341739965311389,-0.07814759555934943,-0.2925960536912762,-0.008719610022524084
-1.6293440688343246,-0.7991295390460608,-0.039224550309165065,-0.29741339621079727,-0.20868013347574949,-0.21296571568472938
-1.428430335266256,-0.2184636072705831,-0.08473890432690884,-0.4650134401856655,-0.3961860937751857,-0.35883675742287263
-1.3713067913747128,-0.3509060206134053,0.09759463079787656,-0.4114682325739204,-0.5025166617618665,-0.3057426867142588
-1.592566667037711,-0.2508870531749209,-0.3523571530911154,-0.1881060337516892,-0.4597351901444204,-0.19599102179511413
-1.1970277750666045,0.013542448216328674,-0.5656283101447883,0.15964560226474744,-0.12363128743757444,-0.08356256381997636
6.427961048060922,-0.16934910661913485,0.22691791325932423,-0.29051631308216447,0.31291384029102937,-0.40888459524464127
-1.5189326108617565,-0.30455761349462745,-0.6073663884415816,-0.511654193697182,-0.3203941376386107,-0.14168770254577195
-1.3170053951060063,0.6502135942624159,1.189010268269383,0.18998962085919316,0.6992800606457562,0.19610317073003522
-1.6450647330671981,0.009139596438389772,0.05299679758093987,-0.1510303650982369,-0.4418662228139799,0.17221137766085157
0.5024313666804625,-0.4813702560467936,-0.19156125030509535,-2.201656739128311,-0.2429396950841948,-0.38353945645160276
-1.5396395609950682,0.29846645152867357,-0.7503987842764527,0.02355078182600873,-0.29592289747686956,0.00011980267460216564
3.577249585962963,-0.008790615026770561,-0.25550685496164444,-0.978377346831524,-0.82328482507713,-0.20099532173143286
-1.4069030831817095,-0.4271522386326124,0.03518258631376625,-1.039451577693654,0.33217759941129243,-0.37026824605702297
-1.3576811454202147,-0.47098612557920366,0.0763773613691389,-0.019142378463552993,0.42900303720446614,0.14322730872187533
6.764084731394648,-0.2587712980195616,0.2337434740130736,-0.10276072412848412,0.0775741480873791,-0.008611638352441183
-1.303774730739264,0.6411306348196176,1.1629941401169372,0.1857102571502891,0.6802190121703658,0.18224888749501078
1.8995155742399363,1.1128673835382574,-1.5411740915643095,-0.16957841387350187,0.4226776882308004,0.11367327963779818
-1.2636382353679896,-0.15283729816977296,-0.5944265714758684,-0.112303489819662,-0.6378987094645889,-0.11054805247863601
-1.4219470231045044,-0.10077400329166682,-0.15551899801351474,-0.020617445917316225,0.06375945172639216,-0.05313484081185841
-1.112315702798892,0.6774842692605847,0.15174616811272384,1.0691485460606471,1.5814931518013782,0.06665195819410638
-1.4718479164457554,0.09688195113904362,0.6843543459585479,0.7502738182827521,0.933443861419592,0.4459105938429593
-1.4006323764926112,-0.4859262304002494,0.005940904089301177,-0.41828553507300903,-0.4456415996617279,-0.005665415360895586
7.11198992426061,0.22604211487674417,0.4199014433180897,0.2566054998096476,0.07756395972845347,0.016947085375298848
-1.5955070620268363,-1.1548704901142737,0.22818315261078007,-0.3427906495117191,0.015613563684198787,-0.2587650511965239
9.148570444446527,-0.09080904368719939,0.09748240479086637,0.8782941529025322,0.16776845936321794,0.05881800222632195
-1.4696582150072275,-0.27871450283862687,-0.06628278310359657,-0.4450977035097744,-0.6390673312526195,-0.192577882325921
-1.4807026438013076,-0.2522319651247747,-0.14520729833693596,-0.2888072306963333,-0.3648423664311108,-0.06730541980885209
-1.7399740389203024,-0.653764240730796,0.06273737377225017,-0.2336210648674914,-0.322234332115413,-0.10652829938277135
-1.3621316804453052,-0.3410105104780895,0.47726732673341044,-0.12171916622106949,-0.14848631130850162,0.018080957364103988
-1.2809422760202207,1.1469657499288957,0.22146087295947023,0.8289016257149222,0.3172291191913404,0.4592046497310353
-1.5725165380424466,-0.17627003812341088,0.1390134745938291,-0.140873838247479,-0.09899345924056482,-0.5819515995551592
-1.1095335043551553,0.5267992567477197,0.6473315671813294,0.7351667845300779,0.9758429664360605,0.9805973683921393
-1.448292065244372,-0.502542561943996,-0.26307937042661084,-0.6415162084484453,-0.3357732943153956,-0.19906335801723268
-1.4414186883233155,-0.7590528247951145,0.014042524852001779,-0.44885289805259315,-0.12812600311454794,-0.11317416714136115
-1.565245475670825,0.039790477617786674,-0.7269657309627411,0.007008213189614679,-0.07000760049347576,0.048599213166101586
-1.5532657611764948,-0.5183581816150058,0.05473422819607949,-0.46386501632284927,-0.24834825895508356,-0.275735105489941
-1.2508814617781725,1.7719446999334079,0.6080282983539842,0.3706912834566432,0.8546248834914931,0.7095461278237355
-1.6087146532991041,-0.5073286589629886,0.2131795773752286,-0.30950153551406084,-0.5135679116773068,-0.14358132060098233
3.67099629081411,1.1511865944622937,-0.15494319944172458,-0.06668068154608404,1.008030029407478,0.3171812969479944
-0.9325282637429035,1.5074318717772552,0.6474104076005144,1.6911681137894086,1.4684550520685808,1.711597117792192
-1.4554201326011738,-0.14110781478037893,-0.18403119016976638,-0.7526796872838337,-0.4170513002293721,-0.21363229765823094
5.876422787804715,0.4789550835372369,0.42451632452393656,0.08898388060240654,-0.07797581895736322,0.13977397867502347
-1.773511716667906,-0.5151426425518353,-0.03220566439450119,-0.48524118940007654,-0.10872225179974303,-0.31420798608882866
-1.6331823251687652,0.4258005668017523,0.42953434892103715,-0.015844693874293887,-0.22021026873289756,-0.006321362414819637
7.190433064223703,0.13148883628279814,-0.043352152453422305,0.1697965462201882,0.047741300563207585,-0.12437456294581048
-1.0308309830434454,0.253520832207257,0.6185345319563098,0.5977352035846131,1.2138489480526098,0.2523671845805382
-0.7744329242759436,-0.6982616495927794,-0.38634277452381277,-0.7823249087132181,-0.08796429665062984,-0.30696443794453226
-1.4317097116211361,0.27280354698206366,0.15448826187203943,-0.3497480967834073,-0.509836885168883,-0.3495191341429992
0.9334026797050955,-0.6939513678983668,0.577543740063221,-0.010883078515204262,-0.44033006724892954,-0.22105007021820133
-1.6853374851249725,-0.13954145315716876,-0.29465903027721085,-0.5280861930982086,-0.1619755437366062,-0.19050417465439984
-1.486638242446467,-0.214065066553998,0.13616193129272786,-0.42306611533415106,-0.3736899590958892,-0.6853139422441773
-1.017684635684579,0.30494940526931913,0.5663698575376226,0.6286844671516316,1.1913206264442493,0.2315359966196381
3.3412333174960263,0.2761321723315976,-0.9336992982803272,1.3358867743135567,0.7662184831805396,0.7530394514184794
7.062157221177616,0.13435299181074833,0.033899340080033216,0.20515568495854508,0.021087420909100537,-0.0741087190011207
-1.3342947194585963,0.3872894827013815,0.47262806320870926,1.1052818162366675,0.906350979651899,0.18172632832883856
-1.42936421321268,-0.4033106773065088,-0.23351606872339217,-0.11192337871873027,-0.32245110990959597,-0.19873823212478578
-1.307491394811287,-0.09483689033607468,-0.24632998274170578,-0.2681811170387371,-0.5073882653792162,-0.142571549251572
-1.299197583371474,0.03416150513796178,0.6343645707044837,0.28648878234629405,0.3695153994197193,-0.07801781203860762
-1.3752896745283343,-0.014664858006315128,0.060777602940772016,-0.08149874769516378,-0.09534619093914891,-0.0679781233468308
-1.6448101012024774,-0.08706660857625874,-0.895955846741147,-0.08634151638281487,0.18396345593058422,-0.24241729010247864
-1.2739396702793575,0.8343604185695354,1.074026642188465,0.3768290837334475,0.25076909475203835,0.3990587381448239
-1.6723322640152283,-0.35835847811263527,-0.6506541899565502,-0.13281479473058871,-0.3622654344798333,-0.13635765966400143
-1.677635742853234,0.0633773793280413,0.148696418355049,-0.10668824028287927,0.11187954042337109,-0.16035330825811708
-1.398857406201181,-0.2343046671673183,-0.7372054869669247,-0.011138340841058034,0.014219682308495026,0.632246671974792
-1.705530265325296,-0.3788873642712636,0.10791226953719461,-0.17421256821383582,-0.34625083541659685,-0.47293576941815213
-1.4921594304512529,-0.2723409273128652,-0.6098687681035877,-0.23692960671697666,-0.2789174875248381,-0.284504010361386
-1.6117523349478295,-0.14529654408839035,-0.17650230569400727,0.055158428618436395,-0.6781826866436919,0.22813180730110813
-1.5198044547873455,0.0759690184609762,0.032267647823203294,0.6828163068435227,-0.6726076102533286,0.33687179529471506
-1.3640589232549112,-0.218100423527406,0.16440110988669351,-0.2554875873382337,-0.5217235291635439,-0.2591841005115453
0.42195684035128833,-1.0025603554764515,-0.3354697955601992,-0.06927878672240921,-1.7819165644147403,-0.40172009331292263
-1.4441655965533529,-0.5732836562295304,0.23178789127985733,-0.2848623260956541,-0.2786655603983386,-0.0942324425678742
7.4232076422951785,-0.0102618521496601,-0.39179854096256495,-0.04253903122492458,-0.06783380079923032,0.03843998173248424
-1.3315172831452011,0.3594526699200497,0.5940860950232217,0.9255053214648115,0.5653759904823309,0.7302664228320312
0.31771284811782585,-0.2691829038789224,-1.6338842323295404,0.7285179397843609,-0.6961524257522183,-0.008360416068016862
3.238807630729219,0.029915693301100638,0.5797923267763849,1.3935353822021879,0.8881381263900865,0.32506551684984625
-1.6567694312321397,-0.3386782658407022,0.01909710920389465,-0.02317779831108637,0.130399473368178,0.028859999048598442
-1.5770767760463194,-0.6864902630515559,0.38619955287347973,0.21179360035639036,-0.06472021457548938,-0.25533940898958957
-1.3620779533007403,-0.5490027399230902,0.43466233662048415,-0.06444876618127576,-0.23412735730968928,-0.22385434984435026
6.528738774302339,-0.33693436377978075,0.011158253133366706,-0.26648818597382995,0.17964589052290025,-0.2832032189174321
-1.3626236628405648,-0.18266887470021026,-0.8071862279982152,-0.11952928840004612,-0.16793729317124295,-0.060062737508075455
-1.1648156749858252,1.8848788452571978,-0.27265032258634425,0.4977107455885893,0.3675344897805276,0.16512271262640285
7.1678762983271085,0.10873234663919636,0.08520047296858531,0.19155400798838998,0.052237105115579295,-0.12813047861459292
-1.1416814042098473,0.06924984287135276,0.7537072712642812,1.0315859406983392,1.0679033068959565,0.5972590644414577
-1.527649072468857,-0.16588782215429815,0.03645100159023729,-0.7748144962278714,-0.42377307366508105,-0.24161980012876424
-1.266349557371203,-0.09004368716057375,0.059583164008764476,0.26009376824361546,-0.5799714674562816,-0.7330266100811256
-1.4834104298114323,0.9907918544088291,-0.41695993435737294,0.5891280528162798,0.4238862476925651,0.7631274676105498
-1.412716777923193,-0.6690195584249279,0.5082960259113851,-0.17099070407310774,-0.19821552800565845,-0.3132622313977862
-1.467297983226563,0.29024121389104085,0.18397434244257635,0.45369465231901446,-0.5223287800045334,0.4805860355084156
-1.3722209210539424,-0.15999557430518593,-0.14881452198263603,-0.3400063514555828,-0.6086016070376091,-0.25171754467107144
-1.0588887998930085,0.20692995962572208,0.43784137686641006,2.085298079756961,1.0759868130476047,1.6116762042828137
-1.6437088160932847,-0.12339709404996492,-0.23386902734591272,-0.34014497377539343,-0.6962903660321251,-0.2561978855983044
-1.6317358431985098,-0.5743433520915745,-0.06236581780849966,-0.19817194809044109,0.2692088695928561,0.08392339759924942
12.550546579317146,-0.18267218788779052,0.03631807726612292,-0.006809121396334793,0.01836882478470178,-0.08721888877306026
-1.1453258281011878,0.16750653788045747,0.5059594105503468,0.506219544575861,0.21072070359052372,0.1062547801148003
-1.3184113747348845,-0.5248565889672737,-0.44739128755970936,-0.6304999188129299,-0.0439832295208135,-0.23690496227757335
-1.3387682103610363,0.12648370399943484,-0.4394969907271623,0.1388649877495958,0.08362935314397633,-0.09048871188282717
2.497238832549448,-0.0060212852291010605,0.31596880877715483,0.7526630488682978,0.11355540956764434,-0.17585220655751124
-1.608225181949224,-0.03578740377564593,-0.40169496131390797,-0.3759273531829201,-0.01168222740442851,-0.553941043618946
-1.6646623059292756,-0.3484378373358253,0.05864393649075023,0.3550416823111591,-0.4321391645598882,-0.3764600051176046
-1.7586065645247684,-1.620480463615324,0.044299443171998694,0.19838583644622007,-0.3646330420635001,0.13345365605815465
-1.4628022505306872,-0.5293929313828176,-0.24530861347765592,-0.4243552696714075,0.5042578857122525,-0.3506243746449037
-1.3869222546220503,0.8133927084502526,-0.8540468961697726,0.06871269280875185,0.5898686700260424,0.009232577031610699
5.283869004703193,0.7361168369142227,-0.43507615231496977,0.19800593675925368,2.0321284886885183,0.23175369030764006
-1.2698200003230182,-0.013870225518410792,0.718655291648761,0.15898307273828113,0.2766289472156418,0.3010288687597549
4.563159409003072,0.7129504651687799,0.424657042563529,0.33930843145318584,1.5327241214075753,0.12189185120706386
-1.2898671529034844,-0.09832342174577154,-0.5533907641984361,-0.09647116134041801,-0.36311338852725866,-0.18770611969665804
2.3264822069312254,-0.3030877179961835,-1.1443074522750292,0.33053210893194973,0.8448577905005965,0.4208494009376254
-1.4265545630195926,0.1332476397537792,-0.012261133684997141,-0.021506332210069774,0.18113151439462977,-0.33419312957104785
-1.0320236529166864,0.6886425198007905,0.4505919344323707,1.8816685295091247,1.0083998460014503,0.43553350748513614
-1.2686959202161832,0.7957312468573097,-0.6536847389798016,0.19504660783872382,1.1968482554352282,0.23872825808704826
-1.3529946371043688,0.04454879729924235,0.3125762397415705,0.3619467293522332,1.0219693010382562,0.11608145530927236
-1.3516073855206356,-0.3655801871073397,0.0915937618146159,-0.45608081227217834,-0.3037512053219027,-0.7876577369028797
-1.5979886487418333,-0.38649614685461586,-0.3204192642675074,-0.27219184800141816,-0.09206776236313678,-0.35665964990271715
-1.724849541766653,-0.6078456865902135,-0.04206140344611908,-0.24247219319756932,-0.3298714682258137,-0.07854479065029481
-1.4221456528391636,-0.3771493573323522,-0.4007006080104453,0.008290644278388652,0.09999016881549024,0.1607035675405202
-1.2156504247656494,0.558484969936983,0.9879736011951367,0.7092195699598614,0.6260105568525177,0.07735947455933564
-1.563696196691924,-0.40151645460039853,-0.18432510142140496,-0.513982049506508,-0.1847609842726824,-0.21395262011619764
-1.351210966044684,0.9348633634051263,-0.4023509815161065,0.12648660169079276,0.7671200858110396,0.7890944728719265
3.2055293452191798,1.4889730694891963,0.5334951197565575,0.9921300624991665,0.8669107454403927,0.409135856063216
-1.2509900499842348,1.3255011896213043,-0.20726090668293684,0.7177019577780024,0.12751548656574146,0.4818209702081151
7.113901472445524,0.22891082447342082,0.40704133285181465,0.2523958355716432,0.08313529538305199,0.010828076021852125
6.385315115589691,0.8900355076843861,-0.09078666408385393,0.3626122282976688,0.6342957874769299,0.24354461823192264
-1.3752896745283343,-0.014664858006315128,0.060777602940772016,-0.08149874769516378,-0.09534619093914891,-0.0679781233468308
-1.479126248652893,-0.2787892206655142,-0.4532586544481697,-0.6048317494744702,-0.008213360280034825,-0.26241471347221945
-1.6286539025731506,-0.09911887214381997,-0.43023564067960035,-0.4264385183735694,-0.19485082889002162,-0.17590539093620994
-1.379350684479819,0.11637808411343115,-0.8673315313546455,0.1445448213389774,0.05615866662179484,0.12214112213844393
-1.369533186355916,-0.42425292855756636,-0.6315372874570039,-0.22377347565037461,-0.30547290145123046,-0.21146060093761232
-1.5762351580709921,-0.5092087277707816,-0.09856774556590303,-0.227788473511627,-0.5563003237888499,-0.3087278990360547
-1.5904504975198148,-0.3353603065408961,0.13217283216973938,-0.4600632455723309,-0.6579686501214571,-0.39957294505330887
-1.2704608954571557,-0.09715327051497853,0.034407100290012115,0.2425421396658806,-0.5989649638775506,-0.7500031856281849
-1.706752953938797,-0.17322404406434416,-0.1263091540208726,-0.2655131625062048,-0.40981875360507203,-0.30472884052745824
-1.5408112154482017,-0.36604674288176214,0.2692673598144109,-0.4262891875005143,0.04029310991013553,-0.6935033898986628
-1.6317358431985098,-0.5743433520915745,-0.06236581780849966,-0.19817194809044109,0.2692088695928561,0.08392339759924942
-1.4629857832817266,0.13214314275017183,0.45300036112794534,0.5710304416958039,0.8742958148498047,0.3964777413342095
-1.7200935975185379,-0.6826485127522487,-0.23881289849718892,-0.4355185671999455,0.019270907461457334,-0.3524770567505147
-1.7177665618386275,-0.5774872377740771,-0.09779183509935595,-0.2994889533574616,-0.3350296069801737,-0.3247184832717221
-1.0408185888728085,0.4266884399077209,0.9864495554187411,1.0640882392338578,1.1602452460714716,0.14264439477677557
-1.5770767760463194,-0.6864902630515559,0.38619955287347973,0.21179360035639036,-0.06472021457548938,-0.25533940898958957
13.16869192974487,-0.24998456153275045,-0.33639325325086433,-0.06726480698075667,-0.019594348689446383,-0.12240828401592356
-1.6940152659192882,-0.21369230576402992,0.18677443185860407,-0.2083113358910759,-0.3325434974788392,-0.11663287204581024
-1.7343204741672686,-0.5311203238807967,-0.25901433648419314,-0.6864892633857985,-0.018671651800984228,-0.1511763295755264
-1.3473690196481694,-0.20890961870083505,0.30654302898042646,-0.31265465766440664,-0.4979877820320757,-0.2095087070422889
0.9630034524650756,-0.6615731831894527,0.22644524470038374,0.4015337949852402,-1.13280400018876,-0.09252181770713702
-1.332711158905772,-0.06122029633317694,-0.6568891112747404,-0.41316412229819544,-0.2566135656778899,-0.3127956025781757
-1.5473430115353586,-0.2227156403108194,-0.03700228648914463,-0.3853729896177921,-0.5978086996894464,-0.2937721819487409
-1.2547076312990362,0.014994071855787437,0.3675241191313628,-0.25780416867770295,-0.45039498347439305,-0.18291987225851863
-1.5125035171924828,-0.20922633967740223,-0.83214230186639,-0.10521507855969356,-0.29477153945381224,-0.10626448616015854
-1.0381877275082556,0.7224348643129772,0.8313068917989962,0.37960463891073126,2.4271745836944665,0.3410016767317754
-1.1974687074953256,0.6241302123276811,0.10354170119875741,0.11192098567399952,-0.028665560157273815,-0.08913880534102676
-1.288835157542292,1.016900158064007,-1.1007875564405343,0.2642045093576183,0.5693669917360922,0.15584704011812947
-1.5826083622442266,-0.6442778390145766,0.09346889433993094,-0.6810770576898924,-0.17072493665143318,-0.2011853612844062
-1.1633159799288793,0.8884025487845969,-0.049793193732553344,2.451299889048378,1.508709234872396,0.8287221339878588
6.962078917320883,-0.34579562509151335,0.020764161279336328,-0.4264103083791099,-0.1739677733330611,-0.055745963544298734
0.06618906624781236,-0.12070102456974367,-0.4739808151159662,-1.7636912650520524,-0.08517714553182595,-0.42487530613654667
-1.7314514860477566,-0.8082748518946068,-0.07682712562696659,-0.19717532341012103,-0.20776985217332006,-0.28308926129154194
-1.351210966044684,0.9348633634051263,-0.4023509815161065,0.12648660169079276,0.7671200858110396,0.7890944728719265
-1.5902541257169034,-0.4608043536236303,-0.38047128611873227,-0.44250299905766066,-0.37278613951059647,-0.18757346012521003
1.1520246132034933,-0.6668080440394474,0.3372526404716056,0.41871597037981956,-1.183688026685953,-0.05540896352291569
-1.560120071900777,0.17616265590815883,0.3784644827232433,0.7558058850842823,-0.1712101398883552,-0.2577913355386711
0.3431638398529741,-0.0704189412891186,0.8775804715063716,-1.138014021335547,0.1565654382704852,-0.10400124143084769
-1.1788588881334798,-0.02267899016649647,-0.09027294058543334,0.1106605163392306,0.9247056251570558,0.08109030750482625
-1.4942309636450681,-0.7375344877140501,-0.2818343032919977,-0.2914444015142097,-0.05677716610371,-0.2048188132471276
5.7875152948414135,0.4979019066997457,0.46102393905535727,0.08258842946756018,-0.09008873035458673,0.14451367337225157
-1.3662353892141874,-0.682074748246456,0.685048637817847,-0.17402547662139153,-0.09908230534651713,-0.13446795608250017
-1.303705685921006,-0.11327315283621668,0.3072101111837772,-0.5585536959666679,-0.51441908653854,-0.48167852612727385
-1.6701332969303044,-1.2321286562051292,0.03238825556563406,-0.3212012862066937,-0.3794431984101082,0.21018362823261932
-1.6845240271501791,-0.34883671941375094,0.17458161821923449,-0.2723643162661346,-0.4469178495280307,-0.1072648575532189
-1.3614475051707298,-0.1883245314220716,-0.03105492555100295,-0.8528946867990774,0.12189597668634639,-0.29165542877988626
-1.231514241276421,0.4331040031064647,0.06488042725218963,1.7456217571140165,0.8299748423464092,1.341554056858958
-0.8692220475542818,0.4600554308729695,1.3373172700694325,1.2596665007696868,0.13068654314102626,0.4858269985421813
6.268428763975363,0.6764523441022893,0.26103570048542035,0.5289598596080592,1.0179792794111449,0.33673060687676615
-1.6519492218612568,0.20081987516065622,-0.4565860438542699,0.04082821247672464,-0.8955310438836515,0.09119181772667964
2.5738266404628596,0.42960755551043955,0.6345861275355962,0.6215116804326918,-0.5011376734186481,0.42067222277849897
-1.5185370346742946,0.0920080233057656,-0.7471824842380327,-0.2658163082305258,-0.2938070461961289,-0.3525833495722593
-1.5954704879961343,-0.7140559511529075,-0.0591946586850785,-0.3246980726614327,0.19584426017949116,-0.08814914853730008
-1.3663927608883528,-0.4167098821399577,-0.1434153170461746,-0.09714020947050304,0.4177696357928565,0.10067634814630255
-1.6120389283401908,-0.24729006369874917,0.24644304176245785,-0.3410907904270974,-0.4410711277288716,-0.27930218679496177
-1.5273038516183712,-0.307789613129025,-0.35062029616946044,-0.21291481219950836,-0.3818125462015812,-0.500318730492488
-1.6829216747049933,-0.06503387907329694,-0.07933976621698528,0.0023927619787548664,0.015764101312952875,-0.0973306818397933
-1.1794035129427585,0.7878789398854931,0.19730006851409287,0.7540085141599381,0.7599627359991787,0.7080019423032563
-1.5418481307081773,-0.03940512188452709,-0.4085491408412149,-0.12445597885229076,-0.42580269931727555,-0.061604104636766244
-1.6807843046455357,-1.1381519627286567,-0.03978655752859518,-0.12516249055590284,-0.3698747383428828,0.060067190890875546
-1.2875279507730428,0.03084526515564464,-0.2884625778797744,0.19763318579191128,0.4119089550523028,0.06495935796457447
-1.64969471356332,-0.7903342935514085,-0.6445684228131944,-0.0673086583928877,0.03374220796012793,-0.17043934916005038
-1.512226697497389,-0.5037986551107453,0.3744870682073747,-0.16534041715833087,0.2581162008336438,-0.977743300671305
-1.5995538034756207,-0.1714954306772831,0.27201894279780525,-0.15637306142045423,-0.2644853863256441,-0.3266410601532318
-1.168200845563754,0.33318267333436014,0.7051739975131446,0.1289277259102343,0.8263044489464975,0.5611040739643376
-1.5626755499295697,-0.45507733222090063,-0.29473246191943603,-0.4880517779417886,-0.41945910131977676,-0.2143961408212607
1.971174445654293,-1.2065840357560305,-0.6641123656231398,0.018387773810135417,-1.0320997617520886,-0.25862499296807623
-1.7052591197564722,0.04644941514991206,0.007021554067884102,-0.16848453965869473,-0.010409424963763753,-0.2746467135587268
-1.5242312831563072,-0.23656737613223136,-0.03341205588536431,-0.5010706002244266,-0.5373512665719337,-0.2803423196101062
-1.3619825839094284,-0.3274398987496483,-0.12017066138409507,-0.5821178725732137,-0.7887349498691063,0.20825442689605744
9.208708003644015,0.015007795253352713,-0.36769326696126353,-0.193777634224433,-0.0937304118063038,-0.26627615191746745
-1.4581549675259082,0.5023510364366912,0.3113865300741274,0.3020860527190524,0.7115238732743067,0.4526528345969176
6.21742477784091,-0.13593654437933364,-0.4281448897148,0.09221841916790183,-0.1552633655989371,-0.20856920146620836
-1.4718970241032918,-0.12126967270446398,-0.05480403491251319,-0.15459862209774633,-0.34199553964689666,-0.17387342844972042
-1.6051878439798424,-0.33045239637055523,-0.6451833820309683,-0.48493587581191117,-0.17164261756266824,-0.1041543876997165
8.918773724780147,-0.09347016060419076,0.1265198785485321,1.1866521390185887,-0.2217224615472153,0.01879470982062511
-1.427160592204113,-0.19993829827772985,-0.013154018963302249,-0.49947817063855393,-0.6780389950767971,-0.3562669662992667
0.6292425343960383,-0.8801741628997002,0.19477394014508131,-0.015620639792963782,-1.5375114225237447,-0.24359546295096962
-1.6214243609942685,-0.029495001015551713,0.1462099366174389,-0.05276179669520457,-0.36640173438056817,-0.07209464934027558
-1.5218093773502686,-0.1292430713211754,0.24448889727460024,-0.14770401136571276,-0.3502544839238152,-0.1492295052203278
-1.3411826843118777,0.37711656819365297,0.23925504879480802,-0.4726315842901055,0.15964167632257711,-0.42395579403231615
-1.13754081942449,0.7428518753364671,0.0022833219756894863,0.31848817409722785,0.3632009174081312,0.22050558231139156
1.232140981634484,0.004258633604451048,-0.03535990223806031,0.297383838687979,-0.8916083753794343,-0.1530689467349602
-1.1287978860451398,0.49748923122575084,1.0587473113165202,0.6149756691781721,1.0228436057061432,0.2096000033018562
8.38985509301154,0.13985198373302102,0.10592263093583688,-0.33770426079715454,0.009786227106870654,0.05311874738447662
-1.2580081317027412,0.3250345945418367,0.24337576885450465,1.6660240894986147,0.35585179057889194,0.9699681809036286
-1.630424153944221,-0.2489774824468387,-0.4964206563277017,-0.27140319604517427,-0.09641137477453098,-0.289696328123405
-1.3623271444336198,0.05867874886298053,0.47865722577790576,0.5000807047162242,1.0352937705379013,0.1570951321514178
-1.7224482833049606,-0.5783625676168763,0.20460978329074767,-0.1498342692085356,-0.33988345764409283,-0.07316180839082743
-1.2668115760053467,1.0253986282525716,-0.6473105815198973,0.26149823582352505,0.551976839335941,0.688486339464244
-1.3641425743059685,0.8947564610813135,0.7756124113674069,1.1775375354420792,0.8420391046799361,0.09926366742082121
2.011847027284744,0.2445999825453809,-0.5153931077657034,-0.12984171643981382,0.36825486740465035,-0.16584221452690703
-1.1669495390354463,1.079518726237784,0.030243696457496437,0.5871023261460826,0.2897474263948916,0.1188376962884489
-1.6192926741833629,0.015253747359054472,-0.08731448765921773,-0.6287428346313191,-0.15161337799318925,-0.2718982810318602
-1.3951945731737332,0.19918905954866892,0.18916754483251572,0.0440584287818062,0.062121381783381564,-0.03540541509745101
-1.124458837919887,0.9296693163229748,0.6007414340663203,1.4522932573775273,1.0892050474065682,0.41126674847198313
-1.5802210438771087,-0.24161906721188905,-0.7898226208892419,-0.4205428344404682,-0.23983095215510133,0.008663031636147076
-1.4258051475341613,-0.4094517097465369,-0.4389189584504387,-0.46329472845205266,-0.07210137579533898,-0.13866668573788204
-1.7014745833237386,0.31164634631798815,0.022728123309490467,-1.3486388910803486,-0.15239973431058113,-0.33442273017961577
0.4572909237148683,-1.0302116463912276,-0.5811522649315892,0.3624170757252359,-0.7741334336062701,-0.1525112897582208
0.8441928963902527,0.9223288003287136,0.5938293711163669,0.31679758831481036,-0.5053576460537972,-0.21046440714976772
-1.3640921290055914,-0.029517428417986838,-0.5659141054249005,-0.3423178862028036,-0.7068585285331467,-0.048242975902854035
1.8497067777119942,-0.5971106329781227,0.6840301723837401,0.9577140445931842,-0.6612194494329124,-0.015241349052947849
-1.6991003874035877,-0.6514881030798164,-0.16372393544650266,-0.05879185873981509,0.03266933912167619,0.07937019999923348
-1.7327981940617754,-0.42555470577536475,0.17515141649917362,-0.23901804263981255,-0.21083736304294948,-0.22073648319079991
-1.6358047277790138,-1.2170391586747853,0.3045222880873258,0.30507289006570554,0.24908694855053876,0.3952160236585972
3.8698450898933205,1.209426977148793,-0.13814712361872503,1.28356323023967,0.9401378243573393,0.5970534637544334
-1.324455100549738,-0.1646161384024995,-0.5230716970586812,-0.45222149895747565,-0.30508054467977624,-0.04255796822851866
-1.4611232347191196,-0.13895599898435534,-0.36209848372189585,-0.37458047452867543,0.21071891161185535,-0.22059019558123105
-1.5280440923572844,-0.16466212767164015,-0.22437603169365664,-0.2976609105227286,-0.4239293195486717,-0.60966768020876
-1.0776982724486317,0.704220180261057,0.08214310389808478,1.129419410372665,1.2287319851335667,0.1004115618421821
-1.3844758956452674,-0.30717643940155853,0.5978794233112227,0.44949116820817664,1.072352450507654,0.3503236450272087
0.5684871028270403,-0.22315868407593453,-0.3388843208099753,-1.319745183412477,0.06736385219873019,0.2010189810750086
-0.9753815165038422,2.0903454968398245,0.673532090164253,0.7596463954408008,0.31897381091844873,0.1395860281117904
-1.4334461659071833,-0.16554282018482552,-0.236696590309677,-0.6437027434708644,-0.628310334194345,-0.3023519347264615
6.242880745517224,0.16264307897722768,-0.0598126632874918,0.006908290920358461,-0.0017150720148725828,0.19674710098184897
-1.2765262839387037,1.125953277429391,0.19957083604736095,0.8145200497762098,0.31388851813045476,0.4670818703222766
-1.6057372782286228,0.02885445221040456,0.06143238146088447,-0.05044542820009115,0.15643118377165446,0.01149346103228406
-1.6572108379310049,-0.5705088376117866,-0.17292281631576237,-0.46402812817665967,0.061017426025599106,-0.3834106277933867
-1.5031707309641704,0.1283342832854416,-0.8473539017072222,-0.23833453338949093,-0.30635506238072807,-0.35000625897085236
-1.4424033292228429,-0.0443997503435079,0.6739846649645752,-0.33013337756882405,0.32940015368971953,0.043305085205804256
-1.5013631523505802,-0.7558053277964182,-0.018213149516923235,-0.19052958568968223,0.07702459599166085,-0.09876162135196781
-1.4355646085765918,-0.17929066758119624,-0.2709148323136475,-0.3376463148345574,-0.8714036717081517,-0.2089327568228582
-1.7145376653581805,-0.4036594600786864,0.15864223397473337,-0.3002724212012336,-0.10755253162921022,-0.22115342850450956
-1.2021238940857242,0.16212492248203944,-0.4511607655256286,-0.20286583082973675,-0.3245346946177718,0.0325657484252568
-1.2771587179545172,1.868635836214449,0.46411288892746144,0.21212215544963425,0.5184279326025638,0.7681276334826013
10.17851231817265,-0.03221520181251757,0.1923952654195997,-0.021018613245543532,0.005113272051347752,0.045495203398807575
0.15858559033278535,-1.0088988620573178,-1.1085849119642286,0.46484835338742453,-0.7516130764208632,-0.17689775810435068
2.770904049007997,0.0014519036221424047,-0.12312743239339147,-1.234659021658593,-0.9265764996251268,-0.3103010736708331
1.4528558923361687,-0.5024856404253445,-0.255270539529954,-0.7401997385316771,-1.0155265666387843,-0.345002603494484
-1.2914865399922804,-0.1580773245289026,0.7090949293255399,-0.30996790825218884,0.4676473600423195,-0.802292278748025
-1.488685332178509,-0.4531727905443983,-0.3602849701538361,-0.3162581732716166,-0.2337756196472053,-0.07073906060681995
-1.6624473798003665,-0.5074915549877033,-0.007541213054433673,-0.49186611666388086,-0.16569799199912733,-0.2513419773971905
-1.4718479164457554,0.09688195113904362,0.6843543459585479,0.7502738182827521,0.933443861419592,0.4459105938429593
-1.3759802818748412,-0.6041078082507493,-0.16037151315198583,-0.2935594215079229,0.00023199778534150242,-0.10766176385910982
-1.530434119699449,0.037961720870218055,0.196503181571839,-0.13075305232030116,0.13784432566696028,0.005399600564612555
-1.5595046791875635,-0.5450397178480366,-0.22216757398106748,-0.271358381706993,-0.3668565242663341,-0.27730578343821777
-1.5326620794538008,0.2838650761534569,-0.43096988770798694,0.05835211255565843,-0.48339491243899285,-0.24232596572970833
-1.5339301107956493,0.20098005048060316,0.5075858206789193,0.8898025299862763,-0.9186856754653164,0.3012789451307758
-1.5747119904043883,-0.5088524110298311,-0.10480544276558587,-0.23523589449588325,-0.5594853388608015,-0.29382795153441116
-1.7534264380759157,-0.24766812935329674,0.03898586408514029,-0.27876737854026207,-0.6716957446208806,-0.2827836695984322
-1.3117882307460809,0.8021313833245097,-0.20458497708098522,0.18430490019870557,0.593173704678421,0.32120550050970925
-1.4592284234145196,-0.19625651503601763,-0.05472466391156159,-0.48071985238004716,-0.13706078094995386,-0.3752067268433614
-1.2266206293052018,-0.009725450597503092,-0.10087621035823756,0.18140622106148782,-0.04923102232849613,-0.033767770828716764
-1.2621326774635744,0.4217591131231869,-0.17944585636525665,1.4745586246586928,-0.30659069065127476,0.8744638510327544
6.370918822277254,-0.23495839900095533,-0.6629306192901979,-0.529121875302878,-0.1906371026042137,-0.4478821431437163
-1.6157456389719071,0.16212750807946077,-0.7995028735055286,0.06303103667959478,-0.8550053337722656,-0.02178073606822249
-1.2978033852111606,0.4368155359259984,-0.42688913978430654,-0.037481435518644315,-0.1181006872320009,-0.05803270007042679
-1.236857862561545,0.9260368536157281,0.18466447261111368,0.3470973482327683,0.6550715475271288,1.1106034620146998
-0.9753615262004153,0.44493612855301895,0.8174279932296314,1.1002176719160595,1.1512495060949277,0.14002407276895773
-1.1340707297023,0.10852525189553544,0.9928987201366611,-0.11174942815055086,-0.11253357397350348,-0.3195545567709321
3.8515575045252852,-0.06836607009451662,0.3080062679541402,-1.1137851044661657,-0.7831268011362768,-0.2057457162326318
-1.2801215759914726,-0.1400141469232609,0.32763395235038073,-0.21233023005364726,-0.2458612359467672,-0.07319926857428867
-1.2263558033081938,0.924774178494067,-1.4463049320701213,0.2343704090011205,0.543829838799516,0.4010159841744654
-1.3373970861492475,0.0931417681406122,-0.25965019591759936,0.3576655195769312,1.519260593753961,0.252732374221542
-1.1644274534649797,-0.09855914527446018,-0.6119642181953936,0.01134488329730152,0.6593621004277651,-0.10845554095406847
-1.3926268933535035,0.2747558068070372,-0.377475019356001,0.9136851264625317,0.06154399625712437,-0.005556979901822471
-1.437653834024697,-0.6234608804756053,-0.03146650189997307,-0.37854940552624194,-0.5648352958004577,-0.2277519241225098
5.7875152948414135,0.4979019066997457,0.46102393905535727,0.08258842946756018,-0.09008873035458673,0.14451367337225157
6.8593300930666254,1.25239114504177,0.6107878384005108,0.2677443964765382,0.14111820613014311,0.4078426587670302
-1.3557364181389584,0.008568324581042387,0.1719001604561741,0.02722644411003343,-0.24058085670090473,0.15471470048251
10.78342886873149,0.1844235731339166,-0.05474052083236305,-0.06052644099412782,-0.09961996995102415,0.046877422096388774
6.892980676101276,-0.3710061720111989,0.09281439622344732,0.010231941420527834,0.1554112848642262,0.017004503502827204
3.0644072278117376,1.0195594478890604,-0.21012125004276086,1.0478094600730008,0.8163647703912663,0.5299071407257071
-1.5000742390251183,-0.20345047333970745,-0.5257366555894927,-0.4497304101822648,0.1748877115741536,-0.45208038230673575
-1.5162856535261147,0.03689773585240658,0.21137131243084112,-0.11342206534652209,0.17966339697416037,-0.009664416002360897
-1.5408112154482017,-0.36604674288176214,0.2692673598144109,-0.4262891875005143,0.04029310991013553,-0.6935033898986628
-1.296243731744664,-1.044756407688502,-0.32664321943763386,-0.3506999246514548,0.10984400757365416,-0.26118902728820054
-1.7560486990084603,-0.2935588976951289,0.12754005890604694,-0.32659791432141233,-0.661107295565919,-0.2588059814661882
-0.9662999638577291,0.27463607424205955,0.8582447648179629,0.39973872235414976,0.2001352852119091,0.20209162264809927
-1.7321152039162078,-0.2255460570280501,-0.0993535421591301,-0.3805644903552956,-0.6909987808055515,-0.20701436672186743
-1.3062074623051017,0.5154269319275339,-1.2198171772558786,0.5193516969715042,0.32255242828658875,-0.036546311935006716
-1.5787283711357958,-1.116257607847233,-0.05865842487945698,-0.35512238494880877,-0.000611876735247745,-0.1644271099028181
-1.20777960308574,0.9157183999741247,-0.461626069436105,0.23928610826316662,0.5035010294974148,0.22116962152645317
-1.3300246071510946,-0.20761687322092184,-0.6696790497986892,-0.1495846576967402,-0.2425265868473107,-0.14384636855952485
-1.4505397782542058,1.0906068743299018,0.48768745214913534,0.08814490942664678,-1.038429823136903,-0.035897876323452566
-1.3771276448587784,-0.22361488390333661,0.3921953461373043,-0.2902135073486919,0.44017189318599576,-0.3907989168428455
6.460960722060583,0.5553904643197144,-0.9356069934750372,-0.04124133744720585,0.17774117524824373,0.20357342403285314
-1.410716173714877,-0.17947328093135412,-0.442211200049317,-0.6872929098164137,0.07957971426227373,-0.7431627019697304
7.046765078907774,-0.3726453928318108,0.004910185644111659,-0.22478813527928165,-0.02606094284952661,-0.2757328611960075
-1.4070006731962625,-0.16068802531875703,-0.8133063930906298,-0.2768472889878675,-0.4220913985583814,-0.15575887283305961
-1.4713410697733418,-0.2718499004028966,-0.5886638868647021,-0.0320978199814862,-0.012502301285083998,0.6071850423497264
-1.7191513175832471,-0.36131584142748696,-0.4190400810137554,-0.1051947185051074,-0.708870273039537,0.07511055235418117
-1.7191447394041766,-0.826999654326597,0.019597388398173494,-0.023028672259381336,-0.42435453769135484,-0.11544212774402136
-1.3215361729820532,-0.19135191034203658,0.2226985953328325,-0.2607389407819099,-0.4938380248653207,-0.25451914360329836
-1.2590674108052442,1.1796134472790814,-0.9604875767162978,0.3544178658937564,0.6496361009044869,0.4382784657408463
-1.4485366195611833,0.13718091141310468,0.03069217585927661,0.011236938150247736,0.18891909230672913,-0.3118984863952804
2.009687828622779,0.03533078607845229,-0.7885001132933788,0.5374507711347641,0.5997905801411271,-0.11852436172790297
-1.5043433068703382,0.10386358312546021,-0.604979573052734,0.13280919791522372,-0.11169692945181829,-0.3772188328607627
-1.6023689945366715,-0.9112116183411366,-0.5991518447944075,0.10828555885436487,0.33787549566338215,0.052012649337863016
3.217845051417196,-0.059081304284348095,0.1639155991251213,-1.3173360755258667,-0.7763430441107715,-0.26346192002707175
-1.631398710409969,0.03632571862373126,0.29553524000100223,-0.792748479989508,-0.34944491143990525,-0.563225665062936
-1.403030795917676,-0.1948960275370056,0.11275507188317863,-0.614815114938657,-0.7188723384180444,-0.4629139647463755
0.8533258613756969,0.9116619474920218,0.660754638261054,0.32507174606356004,-0.5235644780349294,-0.21971441795616795
9.281572925208296,-0.02250444507598556,0.19092403668378666,1.0141961767974326,0.17906066757734243,0.08122121203971876
-1.5249090510641088,0.23587435404791607,0.21454758237587507,-0.26334486192569234,-0.16043423966280856,-0.23722769550117817
-1.0280221612923368,0.8602967881614079,0.6385597696336947,0.47319281836020216,0.6898884374313058,0.23159976382456077
-1.2066330174618778,1.8308947021951116,-0.3895811324273585,0.498879351805029,0.33300365611579724,0.15412389042244865
-1.5658896635952364,0.08266213873047677,0.11073294065079385,0.070080358346089,-0.07363431238452205,0.1256437017370731
6.164703564574043,0.2680944819031806,-0.2208243510524877,0.06055234346207868,0.14932573155963902,0.4610096546707364
-1.2310291786680967,1.1358503849354504,1.1787600392428785,0.5472930185133671,0.6782555866328072,0.5728439499601383
6.987774031776464,0.36839213103562396,0.1369440767252984,0.13181190081426106,0.06208518276346264,-0.25799431089054414
-1.4718970241032918,-0.12126967270446398,-0.05480403491251319,-0.15459862209774633,-0.34199553964689666,-0.17387342844972042
-1.536152191863848,-0.8426853451662452,-0.2627499767348751,-0.23590077139148743,-0.25053163456143523,-0.26334620655711216
-1.2464550312349885,1.5761867055687302,1.2829685624649823,0.33804743257940817,1.1142135512527684,0.5364351144682783
-1.3973908792463483,-0.36992520161514975,0.10954799403590688,-0.48853344294390194,-0.38614811697014684,-0.10940208479131512
-1.154271891275768,2.4013732865386537,0.10536717056434135,0.9217917864039854,0.9198405682268388,0.7534148893671174
-1.3101188414741451,-0.10329102494570391,0.001069412203553507,-0.3882251035553059,-1.0989277553697512,-0.45523732551172635
2.9518711735788297,0.028845179030128502,-0.43675008271013016,0.5460060430583742,-0.3756097871913069,0.44226916983106224
-1.7070922901527013,-0.7941664729745941,-0.14442272858087152,-0.014260531538317382,-0.3684483124418408,-0.06204809492905479
-1.4264710025666876,0.5720054130529507,0.47955359797359953,1.3370487919947809,0.5356387067929338,0.14868270609284034
-1.6663541740162386,-0.4424637179519725,0.12946487710627885,0.27189170892374187,-0.35455363307174176,-0.28790252101201996
-1.5909505832373811,-0.7503447749313709,-0.33781674887278,-0.16320341445518166,-0.27810887629857006,0.009589300839110712
-1.0816429219048846,3.031188670059274,1.389331359410015,0.5201194830881293,1.2450293117123534,0.4018334552242538
-1.3406815832310495,-0.05914866656990098,0.4146760983003971,-0.09169206933191841,-0.09746328248878197,-0.05887072482707837
5.2717308567628915,0.3925629637702722,0.4944245399396722,0.41011135979763663,1.911183664552098,0.27095009252669133
-1.625403406782642,0.4817906137948742,0.5710902306434827,0.21138220213581269,-0.8669900658938783,-0.15817683217634076
1.5505192397511902,-0.5651138375882123,-0.04749432892436908,-0.7014237213955872,-0.9985263050493463,-0.32825339562590417
-1.4934761340840021,1.1515428055998729,-0.029234408883143867,0.27328671340215255,-0.10129551910709919,0.28779332713093947
-1.5817602815104705,-0.30107193036711016,0.09612568592524948,-0.5658041097706662,-0.4736955737689921,-0.5696560478454898
-1.631398710409969,0.03632571862373126,0.29553524000100223,-0.792748479989508,-0.34944491143990525,-0.563225665062936
-1.6666159337023272,-0.5893968078323681,-0.10362976755221598,-0.20166425811829974,-0.19539524267035815,-0.14049311260413785
9.123995559183685,-0.014580868223413956,0.25836444871820874,1.3231580941035372,-0.22789896631963352,0.049680227521663914
3.1912184799475383,1.461257093695181,0.38407935704796414,0.9548882814992792,0.8500602346651129,0.40146574218635267
-1.6153457972368612,-0.534923143405562,-0.11001844432804606,-0.4630303318200728,-0.4313457555385486,-0.27972889182364713
6.505024904553326,-0.11333079381407003,0.21608752502607237,-0.15140501925398464,0.18858604998642123,-0.665229097388595
-1.3716662144991276,-0.14175098220979093,-0.2589932639286418,-0.19966685444602708,-0.2911027116495679,-0.17111964780423794
-1.1604596426293499,1.61615178941174,-1.0843419700403742,0.39283963099594466,0.47796985908569983,0.47430437177388085
-1.6015882003098891,-0.1344582930260506,0.012265244522933445,-0.43168123550287435,-0.57594318210066,-0.18980864659431732
-1.3618844830888779,-0.17372109478030506,0.7426796814984558,-0.10470380170245255,0.20286444751987656,0.1834956795596617
-1.0102059307050058,0.20873772729830123,0.19535297148595157,2.065146475590059,1.0702374481710542,1.5836290337484147
-1.5454460090762263,-0.8454050279978159,-0.5242560520304734,-0.011386351430699397,-0.09433264100575424,-0.2727658385986776
-1.4801128498528167,-0.3870287145822586,0.24008007351316105,-0.8922294569969327,0.17208630701955335,-0.37769227687852835
0.9595820309514836,-0.7003486439990283,0.6721536234816019,0.01671049362699487,-0.4406837705751058,-0.2201618472930002
-1.7011754479901753,-0.23120844773878954,0.2637032625770065,-0.27815216538929666,-0.6042103138821658,-0.25563835947342095
13.935043703812982,0.08978189561304002,-0.10944173273594929,-0.1495890221892701,-0.009035660028570118,-0.024754093561077033
-1.5964036420452863,0.1498348942778686,-0.056065013745173795,-0.4892229247488662,-0.5203517317002175,-0.16208559437843176
4.616708710288863,0.31726664580310343,0.08389108712481945,-0.09507644557232581,1.0928742878567081,-0.0392094945336121
-1.3336574858315287,-0.21939632942655482,0.22814871668775494,-0.28015807315079944,-0.5149323167992869,-0.295829976876112
-1.5154563773124474,-0.28708499146445077,-0.6259437699871778,-0.5188972887617855,-0.3446424518932451,-0.11269042178390581
1.971728839901433,-1.2012931795167063,-0.6718807245482435,0.01740067166989985,-1.0345250845527374,-0.25328945958854104
7.3130312230808485,-0.47091937034572773,-0.2349731851044715,-0.04902772160601078,0.21520801093609904,0.08988749389255118
2.957659242499881,1.456879199739667,0.46009262138691354,0.8282515471626607,0.8654978299855718,0.6033989060442406
-1.3856212748439123,0.02112722784645026,-0.3467567924457561,-0.05724386957409692,0.5664501997421083,0.33922522369698654
-1.6157456389719071,0.16212750807946077,-0.7995028735055286,0.06303103667959478,-0.8550053337722656,-0.02178073606822249
13.84076009642063,0.2029064987315478,0.25235500456636345,-0.09283396916921992,-0.0886798602915448,-0.0363698579557194
-1.7263508140867105,-0.480971309897141,0.0037198581705461774,-0.10286211523464706,-0.3999710414297386,-0.5275332465156386
-1.533874240718839,-0.5860362466726046,-0.03253003883196203,-0.3400958553909733,-0.3939812043606558,-0.398671033217565
0.4259299209150089,-1.1587218317980714,0.17676595388466707,-0.15193039950784726,-1.8066569708228157,-0.6145109703480927
-1.2764882671902116,0.35559766549914845,0.20822246910576686,1.2769893331630136,0.03758486207806083,0.7832593193578772
-1.6727881773250535,-1.0712236157220871,0.01033850766181525,-0.028990046607655855,-0.294953582496292,-0.3030694641010025
-1.5559259214578298,-0.47143974148706763,-0.2690074916290091,-0.4989701566781466,-0.41989495818565403,-0.2191540947150333
-1.4364590314857983,0.5314955734685545,0.325216750747077,1.2904888331973807,0.5100374669545856,0.14707941645202005
-1.1613104807165084,0.7942136464203906,0.14788830649560714,0.7656818102348811,0.7473300198253032,0.7267626579866766
-1.543738491437901,-0.44115301157712616,0.21941320908921072,0.008347078255308742,-0.30917457558140926,0.11427715477091012
-1.2056568498595823,1.164209944471862,0.3008434703962431,0.3499745501456255,0.6042220371021085,0.4252828438056303
-1.5547148855237303,-0.7006850733143479,0.11755839112955739,-0.3456234948813619,-0.03880884014808422,-0.22365454605442092
-1.508270522498458,-0.19766642476264507,-0.055394866688317154,-0.3057226401478941,-0.9003095396327714,-0.1579498744150577
-1.4084678759587483,-0.2863029424542294,-0.34208903687046816,-0.4557040646247539,-0.45145446637671577,-0.10994124263980948
-1.710671633261865,-0.32150597590869257,0.00857748834093562,-0.2883398653937996,-0.3864017174738138,-0.43175906605265524
-1.3345437199247765,0.05292637311376023,-0.3597097733333253,0.4204799348844098,0.16036002487281195,0.20188352676518168
1.8687883434033223,1.3072435246913645,-0.680783868308413,0.4207068124827054,-0.35368263814070555,0.010667680463602263
-1.029466616729248,0.9586534855454726,1.227941970470169,0.6320533112840994,1.1944709118364965,-0.2161812541470266
-1.3707888656865974,-0.40211396078422695,0.0900638140988219,0.12184312376969497,0.6738729200735837,0.23620393193507797
-0.8999305814162488,1.6009956251599182,-0.5959113813772102,0.17159392169382578,0.5091723290054773,1.4238506483597122
2.414902286237095,1.184103565491127,0.7744133824019704,0.19181194282301747,0.8175840020797401,0.21529883197500416
6.056971760070588,-0.10151245548977228,0.2968358125444856,-0.010951338441452501,0.09790334729065306,-0.2818670128021615
-1.391228642378615,0.8005376333557007,-0.4055861499646917,0.03847306422988511,-0.9386355463661427,-0.06808639952437275
0.21723886029823417,0.058408950397842614,0.49954247199089313,-1.8368979527505858,0.02212589142185983,-0.362595146966291
-1.529471311441896,-0.1971682701316722,-0.5946376837535792,-0.3004499318287661,-0.10438866709116877,-0.3108048093162499
-1.5843869292924686,0.046500269323102014,0.2741784194217761,0.08844576451378432,-0.11842554982116485,0.09448341493660808
-1.3561826768376375,-0.0820971657512688,-0.3220679006562973,-0.08161047289659204,-0.41459936233090466,-0.04529633726119428
-1.153246612327894,0.31813299083259927,0.6688390678414731,0.15956450754454718,0.7023285039870109,0.5889603189418343
-1.6751696804705085,-0.922719598329066,0.13727495425218333,-0.02689963029519676,-0.18501306738275547,-0.0920742744820218
-1.4518079528927506,-0.289334698936034,0.12866594957907732,-0.3770631146218839,-0.45895520287047126,-0.3364570833783738
-1.5218093773502686,-0.1292430713211754,0.24448889727460024,-0.14770401136571276,-0.3502544839238152,-0.1492295052203278
-1.3641425743059685,0.8947564610813135,0.7756124113674069,1.1775375354420792,0.8420391046799361,0.09926366742082121
10.78342886873149,0.1844235731339166,-0.05474052083236305,-0.06052644099412782,-0.09961996995102415,0.046877422096388774
-1.2715267001561894,-0.00356234117337313,-0.307483682586864,-0.1412249754251212,-0.22550194659959738,-0.105192310442138
-1.7161444617571118,-0.7938144589413584,-0.031865647686959125,-0.1708183559884978,-0.19080680204102313,-0.26113759212669546
-1.3998122831572737,0.7929208346609676,0.6373272821820604,1.1619243499775507,0.8460749782458981,0.07599469225824972
-1.4331643063314123,0.5406607074135935,0.41782986756541407,1.239557548775207,0.4697423708803469,0.13666257408648239
0.538390074503174,-0.45981283527936156,-0.17586648399840096,-2.1385094055116496,-0.23777961078946405,-0.37451547387464806
0.7366353110058725,-0.2576927117387474,0.10497374869282781,-1.6323629810695737,0.12191387374887017,-0.027115292368542182
7.221819215830186,-0.25982656941325827,-0.12145576221266334,-0.09877099535744686,0.08725804982541979,-0.09459474512559098
-1.4980615357469231,-0.24490550674823264,0.08377645462508408,-0.49692048478063944,-0.11206378351419191,-0.30199578357006013
1.8387411356516683,-0.6300927854917222,0.7475833326273946,0.978519991329834,-0.6800644327132186,-0.020272315671174806
-1.8188891975423622,-0.5150440263177077,0.06424902778052673,-0.1088321572923512,-0.345198718214492,-0.23097572763365856
-1.579002946611929,-0.5314910559349986,-0.24600573184128738,-0.14887703133443306,-0.329560378565772,-0.14736733397587484
-1.463337011459433,-0.3424981874001304,-0.14217470234910426,-0.6619158266000605,-0.648669645244717,0.02758399850609139
2.9509156715274942,1.7054328521012965,1.201232118517506,0.47079095906660484,0.740227770417224,0.4774288721592642
-1.5681256324902804,0.370332106955715,0.12093845502531454,-0.5613449363148533,-0.30754778906349,-0.7740532757709359
6.50618238555973,-0.13153094055289297,0.17569974871200486,-0.15795702852978472,0.1959618420066346,-0.6771357736195348
-1.5267610353349526,-0.5342259898911482,-0.04831384204999903,-0.2618952357515985,0.06503302188018875,-0.11418825371778223
-1.5239193787192216,0.07624225308324635,-0.34792774417305083,-0.12088901085901911,0.0005454724436792004,-0.2230956512315653
-1.6340986418481822,-0.4481180286871327,-0.0798895593369863,-0.6543685813947765,-0.15390971487489966,-0.09547262218782586
-1.5577568471087009,-0.5833580550226624,-0.10200566640003231,-0.46061778269684794,-0.4258893271673263,-0.304764685757173
5.654433244492488,0.804589808731018,0.43165848309017485,0.19997099513484085,0.02606619477627752,0.44948299280452686
-1.6019211171611256,-0.39448610525879324,-0.2748323951686514,-0.2878390234987776,-0.1016012641949479,-0.36813820533300895
-1.514160785004157,0.060023891187595324,0.3071485710373123,0.8370576047390716,0.3282255644541293,-0.2101007640196289
1.504021254355919,-0.6327134856601646,0.23005861306539196,-0.4966472480518188,-0.13800662927389204,-0.12782296413920885
2.9186424526344386,-0.03703971122571434,-0.819726465686978,0.5225336000996768,-0.41180154173721334,0.4294240737797199
-1.5878022368422502,-0.31241134198633747,-0.2345904040001651,-0.1184566696144566,-0.4588019824589296,-0.20129249913962052
-1.5414705009260519,-0.2054836125055675,0.0860484695114752,-0.42470871400454285,-0.9344458051772733,-0.27436455430659457
-1.093225666120512,0.6562445172072623,0.8804116797229091,1.2037667589159042,0.9658740997797951,0.8462789957886893
4.841771328642437,0.22471107909073496,-0.39660072340010427,0.21619080615342576,2.3564349911768896,0.3030650135857734
-1.4226512074410311,-0.1888825784338726,-0.0644430705307064,-0.4462037241840017,-0.6779068129041976,-0.23575868934123195
-1.3412800453264253,1.783449009629216,0.8928496334888604,0.6472812216905559,-0.3683776838210255,0.40235717940096954
-1.2612769580756764,0.005757247800028322,0.3592121521444114,-0.14858262054928212,-0.4596562877406663,-0.1953703058168491
-1.4332062350764905,-0.20750821026843927,-0.1452698465527734,-0.7036482205153775,-0.6364130574383369,-0.2967903790697166
-1.0961409726795328,0.5882585859797632,1.4168122640683651,0.27935777645383886,1.6190812489867392,0.334125847993278
7.191848866098427,-0.052004272453567556,-0.4551745479227635,-0.05237691365714358,-0.0872015649407712,-0.020865148055738462
-1.5810185133309345,-0.1492120632926369,0.24152401112120267,0.28378879697058895,-0.412631320727072,0.2552710275427899
0.4521405693250958,-0.3439144838209686,-0.591694853398897,-1.6095072174784153,-0.08182049843979108,-0.3059327419937183
-1.6659913862710685,-0.05905427363926382,-0.507592815800422,-0.12108873972280679,-0.6992672998361205,-0.23357722191699393
7.1935808463027655,0.32541859699443904,0.4527094994417597,0.11072960587144706,0.12329652327825104,0.08691890554763425
-1.2988732281454756,0.07235728891141507,0.6234922192451532,-0.4072935585724731,-0.3383561954906259,-0.637109789134847
-1.4603313929690347,-0.02586995682510814,-0.10659452538914842,-0.2577153983343692,-0.23221594627782735,-0.10758976682357729
-1.3173000665877672,-0.025394188563527112,-0.2157739822084991,-0.23431125010470183,-0.5444620554381472,-0.14488350257648222
-1.8188891975423622,-0.5150440263177077,0.06424902778052673,-0.1088321572923512,-0.345198718214492,-0.23097572763365856
2.5185376852141004,0.08709103177335674,0.2613070815333795,1.3381929783424988,0.3772478912299902,0.01937328840685552
-1.0745135093489437,0.7565140313067479,-0.1996521671177186,0.40653361199858873,0.3694147964331225,0.20669070813026072
-1.3893839062154745,-1.1142971452104649,-0.5079733376237101,-0.06142252003118684,0.16493962063883738,0.004491198974759338
-1.6924554544926864,-0.5005391037180238,-0.029455208330946246,-0.10755677878832791,0.1345183953418891,0.05407784100317293
-1.6776362524933572,-0.5435007500590036,0.09629447576865065,-0.42117427507196464,-0.470120284953752,-0.20153523529865075
-1.6723486106863,-0.5769147350034745,-0.18219066575185783,-0.44676967109096843,-0.26640039229495693,-0.20218994410814967
-1.3234884419172297,-0.03261039601225452,-0.28754550574845156,-0.08460305579701383,0.03555059927054185,-0.1848496841533208
-1.3704320563997998,-0.02324260588581089,0.2462876508766328,0.464397615445891,1.1318838335043406,0.11586722759345343
-1.641258699664616,-0.2984868094060521,0.02128530081105832,-0.4289617155607381,-0.25628947383340805,-0.3783286644733485
3.221142371246445,-0.052704325376918,-0.1162259061364427,-1.1524353002486634,-0.9409880830474185,-0.2715799171137592
-0.9523095269090616,0.8907867514443568,1.2709677056764854,1.7118106335754655,0.8411421388650218,1.268370552579243
-1.6809818338466112,-0.22052674452759352,0.09817719831229195,-0.18192667573842408,-0.3889794582945737,-0.7495719923873183
-1.6124812476176562,-0.4278016853154181,-0.13547485392588,-0.680018234249914,-0.062341859303276424,-0.12004856108075554
-1.608225181949224,-0.03578740377564593,-0.40169496131390797,-0.3759273531829201,-0.01168222740442851,-0.553941043618946
-1.4776813067369399,-0.2613397492060484,0.17684766318907733,-0.15578857695386067,-0.3713038696489167,-0.2168715288704582
-1.3261319206712725,-0.07211232361420912,0.5404153341476544,-0.021578657480372132,0.26225749352355715,0.06115383776864203
-1.0194198845461238,0.23474936230657345,1.137740394557668,0.3585308767865662,0.21900646247954061,0.4181756244981805
-1.1449745765894965,0.7959140957676687,0.21904261622003457,0.7569498297384176,0.7460733299207954,0.7314270649133815
-1.5254310931662354,-0.28304540478843004,0.16240596804257684,-0.14601188562120979,0.103586424290927,-0.17477864968314288
-1.3870523241197794,-0.2514068657512554,0.1300130760317164,-0.4207991113973631,-0.544449060626998,-0.22529034172838408
-1.540607144002282,0.07333021261642406,0.19753801818777433,-0.8497040202217332,-0.3317424061323308,-0.5162229322853057
-1.5473430115353586,-0.2227156403108194,-0.03700228648914463,-0.3853729896177921,-0.5978086996894464,-0.2937721819487409
-1.1375103375227429,0.3544612616265407,-0.8417649247722955,1.5940559162869024,0.8310375017006896,1.2424101431692187
-0.967812752720565,0.9538293407324498,-0.20208707796781214,0.22822853395941892,1.1305422226286996,0.9745621089775033
-1.2678114850015219,0.3824553922743549,-0.6416057824624167,0.4056252321099531,0.2520772934306653,-0.24629048403190423
-1.4404049639404908,1.311237743080884,0.048671146061661785,0.7062897943344024,0.9153316279751263,0.5250905222826889
2.414902286237095,1.184103565491127,0.7744133824019704,0.19181194282301747,0.8175840020797401,0.21529883197500416
-1.371802675384304,0.02699809371863922,0.3690860452121311,0.4470461463859549,1.0094759236560917,0.13721680067649958
-1.7076945976233686,-0.1812740532397167,0.08861381920692965,-0.17681823008103636,-0.1851816719463394,-0.36587436558028186
-1.5211226796557964,-0.012594387316953233,0.1044987899145639,0.5278746192412809,0.29990873008331226,0.1297792805904731
2.7639501670867186,0.9989545403033353,0.8065452956869259,0.09830097889274128,0.9395594108028184,-0.08976116730899036
7.31414391259767,-0.3769382733632908,0.6185088798754395,-0.03447595072274011,0.3475351244682061,0.23806313964479736
-1.333018924217199,-0.010530669017489586,0.4052231023382743,-0.08375930139310797,-0.09568216789053541,-0.04985196811027004
-1.2373522574954257,2.4575843923393252,0.8418550729836483,0.4653596978874799,1.0927023866781744,0.5166557591240892
-1.3870070060575184,-0.3135276935194966,-0.14544348717037356,-0.2321896435649072,-0.24796346112603904,-0.13981008039316054
-1.579819202488277,0.11924136173701924,-0.3214865771022908,-0.25930875199511344,-0.24410226274068056,-0.16042742243882677
-1.502740253138464,-0.17943793117061207,-0.4218610230372038,-0.32048626666372065,-0.4543672628238205,-0.2447866662776966
-1.5897250288847764,-0.48954740493105164,-0.28819400350800317,-0.08252239396413988,-0.08394841259758011,-0.029058402202725646
2.6382355099880956,1.2302586290487025,0.0987382686062788,0.4785161919300755,-0.2202396822803253,0.2390846806432403
-1.2898671529034844,-0.09832342174577154,-0.5533907641984361,-0.09647116134041801,-0.36311338852725866,-0.18770611969665804
-1.5087327549354816,-0.07636344281417043,0.12522431580019486,-0.294364923291564,-0.12286158110237713,-0.13410224442988766
6.503458472065844,0.2994009856642023,-0.8452576614362852,0.06053849626930826,0.007067251364217465,0.2054849269854395
-1.428121418322753,-1.3469200272507367,-0.0887595376491287,-0.055215547936708076,-0.028325009072159502,-0.2077284545881989
6.524205810990648,0.014358368691345966,-0.19570813339958168,-0.12436390018805242,0.18671927762746215,-0.08586281248143446
3.0113865201226515,-0.8317336758260101,0.6894662611970876,0.6303467050264898,-0.7645981955142064,-0.204224862570062
-1.1648156749858252,1.8848788452571978,-0.27265032258634425,0.4977107455885893,0.3675344897805276,0.16512271262640285
-1.5192657012642852,-0.3183390110519174,0.05293898630029265,-0.34348425371899133,-0.6378054535583237,-0.30041050347213855
-1.2009362113218647,-0.3538372913961163,-0.3125776392390745,0.2920583675291441,-0.07818907427314463,0.08881588269858759
-1.6358047277790138,-1.2170391586747853,0.3045222880873258,0.30507289006570554,0.24908694855053876,0.3952160236585972
-1.6746214246145907,-0.12146709348827872,0.06473410363247407,-0.4406244437760531,-0.7462542263467834,-0.19554826830078495
-1.301531191301896,-0.5148931484369212,0.5821043933275608,-0.24088763984700448,-0.24207578578293446,-0.13716163514041504
-1.496860085943563,-0.4230628024165936,-0.09263401670170301,-0.3938993912743923,-0.42737666149541775,-0.507321370914593
-1.607484999098134,0.02590905332632811,0.2678925358022918,-0.8697766865375812,-0.3298300867173927,-0.5338351817301671
-1.5963344463088256,-0.017969919834498305,-0.7086707638410046,-0.05364023726308202,-0.15766698055296846,0.004212329416826599
-1.2102303402152605,-0.027530129764163767,-0.582588852662143,0.05853139033084262,-0.16493133642272842,-0.08465850478156804
1.6382839389510817,1.5615550721130924,0.980755964153005,0.5452970021803231,-0.1435692314799883,0.5447950406362584
-1.2474361606550766,0.0815288126458211,0.3078161842154725,0.17816548922810616,-0.13062294419249196,0.09325661552037093
13.16290450952587,-0.31938777002267066,-0.11214140029976491,-0.08463827790319103,-0.011390104604318971,-0.14481660413829664
-1.3136194854106993,-1.0226286014130057,-0.3358581401113901,-0.3261254673597514,0.2508666897140289,-0.2152410867412335
-1.5562029824665307,-0.37782454886756767,-0.3709352007006837,-0.05398409791572638,0.1063939853342735,-0.013928662334632184
9.800657707219479,-0.02683740328916672,-0.0626797457502089,-0.07598224050687927,-0.14420218113657846,-0.015197992458635266
-1.5522278107901317,0.18741209522618732,-0.40369008678792473,-0.24790814005836967,-0.1251224640557754,-0.1683057379757011
6.370918822277254,-0.23495839900095533,-0.6629306192901979,-0.529121875302878,-0.1906371026042137,-0.4478821431437163
-1.5096864537373165,0.16888921971438992,0.12312984381923472,1.2101265346984635,0.5892900333768836,0.033772276264377066
-1.6213064775105082,0.0332134902487772,0.27214107775994734,-0.7924985177934302,-0.3695072400439729,-0.5738713413143585
12.672373332141069,-0.2273683912424374,0.0423479682405698,-0.01720339930197761,0.03529346165375465,-0.09398346599797992
-1.70816584686373,-0.39696504909959257,0.042526387964154665,-0.15629942841494554,-0.32926220921863464,-0.5387605259507451
-1.432962545502412,-0.6254747956382498,-0.01341405442796634,-0.3952385356462272,-0.5617555836846527,-0.21537588397243246
-1.6648422723244356,-0.21977557695702382,-0.22807743935844832,-0.6037631195364677,0.10820112883945374,-0.5284772261399857
7.738171767064678,0.35014519139330974,-0.008093951696186794,0.09294003698309944,0.24572452841347944,0.24262427013715981
-1.6924554544926864,-0.5005391037180238,-0.029455208330946246,-0.10755677878832791,0.1345183953418891,0.05407784100317293
-1.4291279806554278,0.5502628207282989,-0.42583691278021124,0.17360261087248713,0.174223443147023,0.053754831513253915
-1.589910837198574,-0.03637636906779492,-0.23474261038138552,0.056723332062462224,-0.5225633349524635,-0.3711928519056214
-1.417330344516919,-0.2820284100131698,0.45349738068321754,-0.019397899432149673,0.46791150359494343,0.004979245328775962
-0.21422565838839303,-0.29870907591745816,-1.5323140980221097,0.7563561492325286,-0.7073591655786955,-0.12960230512319337
-1.5645504411991127,-0.15671059902507928,-0.012439305887229374,-0.43137932753832564,-0.03588188999524171,-0.38662249850536456
7.028578648748319,0.23546224709154084,0.37374285236362015,-0.020993849863953914,0.39882218748991616,0.06888173703111183
-1.7419982499095594,-0.5613434199751222,-0.18143352875682364,-0.30891223734688467,-0.27395174515366005,-0.2815793810375596
-0.9662999638577291,0.27463607424205955,0.8582447648179629,0.39973872235414976,0.2001352852119091,0.20209162264809927
-1.3985327530475007,0.1932678414873678,0.19578531418109824,0.05955648102382895,0.05655013446788728,-0.03184122303211073
-1.6572108379310049,-0.5705088376117866,-0.17292281631576237,-0.46402812817665967,0.061017426025599106,-0.3834106277933867
5.071420098439368,-0.6360470016904494,0.11166215098160387,-0.12898929617087856,-0.38390018464606096,-0.1930591239561143
-1.5430846793543327,-0.3926918298909793,0.6199524743572465,0.22613792573316965,0.03788748901706735,-0.013923745127241734
-1.2170642080991627,1.1520777769916468,0.33931630010538794,0.34688175675531574,0.6076065053075539,0.39052389159136774
-1.4476017799623775,-0.30421726024759177,0.5948855731039656,-0.2691670181123576,0.5259607581172961,-0.40964140801585863
-1.1000525884880257,0.48478816235214345,0.8816864821042948,0.06334227779661962,1.337739056561312,0.28666964331098305
-1.5626671796887623,-0.5068310120826921,-0.2837901580954268,-0.1603611519579139,-0.4101834449047447,0.08092976372366213
-1.3092666285259502,-0.10924203474371627,-0.0068739468237336765,-0.3934483630139336,-1.0910801626435334,-0.4585490701465002
-1.4852262650779102,-0.005561812525925389,-0.5494602670119394,-0.4754248648622032,0.1112822793837219,-0.5034321045147143
-1.1584241173784098,1.846063305925349,1.002318151796856,0.5346308507776099,0.11128285035198274,0.3085111684940335
-1.4894808722251187,-0.22862490543309102,-0.2342287403491263,-0.02689499469139199,-0.2677521876603887,-0.05096386966040104
-1.1031696417215162,-0.053663963747150836,0.5249036750201584,-0.2044587913375613,-0.2390818499568278,-0.3940936693071055
6.7938904921971774,-0.3692329262481221,-0.21027638192287273,-0.478155338640719,-0.18474481180309352,-0.07578785204324139
-1.6048439752093184,-0.1473175641549469,-0.1807107685814873,0.059338283115926795,-0.6823406785546845,0.2252344076313663
-1.5624574322262834,0.13398519194800276,-0.6649057711402016,0.044057195700912294,-0.8541208577966615,0.14216729339354767
-1.5682764856896076,-0.4781665440155977,0.0013270142266519338,-0.6085603303951351,-0.0890219274317078,-0.5156133170856259
-1.0506888348685421,0.728016259955155,0.7453280367581692,1.1516283683038564,0.9546159874406102,0.8585068457391367
-1.3537380756870847,0.5236424142586373,-0.663128471709674,-0.15814882728726745,-0.2139500261220736,-0.32262137591234874
-1.296232468262107,0.0015812018869866683,-0.6236102506321569,-0.5606421628259584,-0.3700037245904401,-0.3653746047789023
7.467881762711731,0.09110544294938293,0.5327411641483148,-0.15483040932507702,0.023447240936591857,-0.016444233581358852
-1.6105081294667958,-0.33599330868519367,-0.555737413049977,-0.5095530761054274,-0.21180493604345377,-0.10569197804845411
0.6197485801986862,-0.30771972996550084,-0.07676565773356124,-1.1251704237901263,0.05429259691724938,-0.19537604965315702
-1.3919996487419497,0.9277453742409218,-0.9315669590042656,-0.038255298064559705,0.4968112098965553,0.017317846064375583
-1.4536998366459848,-0.21930896675484537,-0.21554963409598785,-0.02575176519305544,-0.26427152241122887,-0.025765595639406183
-1.6044434579580888,-0.2316810427295062,-0.05302538249116211,-0.15962669456132875,-0.1567155851122974,-0.663435419266884
1.3971469358609534,-0.42292685233208577,0.4238922960829019,-1.2096876327118107,0.6287314917278244,0.18194526077403045
2.5072024794809846,0.02806555865246567,0.27875148808391303,1.3527204615864785,0.36838234098426165,-0.02430528806195143
0.4748495572721613,-1.0750146516872436,-0.28659131271025845,-0.0643133741687154,-1.8128722423219954,-0.4085959056790941
-1.6681211492923997,-0.34449450840451457,-0.012930944706210758,-0.38455093407743424,-0.4444500854950869,-0.1725771400268495
-1.5177642395751578,-0.06214526958337515,-0.8186469314188615,-0.04902971532078413,-0.08885463456411416,-0.15368140619778237
-1.458010586468062,-0.21559367894043596,-0.22183707229286298,-0.4970495423812335,-0.4491418411051774,-0.20568017218003665
-1.5764851805000972,-0.3354186910144288,-1.0176939480858362,-0.3448762643568351,0.39078084347461584,-0.16592226868611773
-1.4184844278991295,-0.37088725567458375,-0.2603340028020197,-0.5206285878755783,-0.4518065788949815,-0.25986041284031464
-1.642856249995838,-0.023738866441171885,0.15209832659956538,-0.02214904313191,-0.2216002394457694,0.040057098106099163
-1.4868859371332626,0.2815339880849153,0.26830880666066076,1.1131451815478373,0.099323858168061,0.051203820668114526
-1.429030044654759,-0.4962411983551337,0.3135018893912266,0.04065217939776761,0.42504461393646487,0.14676900826167943
-1.3315172831452011,0.3594526699200497,0.5940860950232217,0.9255053214648115,0.5653759904823309,0.7302664228320312
-1.5338721110316609,-0.0938372001855297,0.12956712664185788,-0.7472401148449674,-0.3588092551239826,-0.5872280909824651
-1.3226133411354866,1.7850146045458366,0.2809120955683598,0.12251164496360756,0.3403740459712749,0.6979694508047362
-1.1584753778123138,0.8855355890827066,0.42126442948381626,-0.006844178366001797,-0.38301483191948565,-0.0954063538098235
-1.128010200233757,0.9491564946825232,-0.1609966508340541,1.226339022457267,1.1960535599512065,0.7314813015519338
-1.3661399041382876,-0.2125755241688704,-0.7793168829545734,-0.16341769675772502,-0.2185868138805995,-0.0964796232881538
1.7121033307944278,0.018374041572230413,0.7648952566348604,0.2935510436563218,-0.790258532287705,-0.11517924915850963
-1.3071261542740362,-0.19939378480693337,-0.8105920964145127,-0.23559311229967694,-0.15809965040483573,-0.09444377674936258
-1.5958058600989693,-0.47299212784479205,0.20373353045044756,-0.22258406247804272,-0.3282881356955651,-0.17968464850268362
-1.562683290559557,-0.13666698485945314,-0.07860908390429343,-0.47076676710431875,-0.2744850884639414,-0.5236854901070056
-1.3830830580493436,-0.9184796386044051,-0.8334625986812351,0.09649272259470731,0.46017763395807953,0.34628726812836536
3.5365278376870144,-0.02739972665452659,-0.3234986959716565,-0.9619578584304573,-0.8278019133856404,-0.2029559992298846
-1.3263141426931175,-0.08760264880737761,-0.8419141257253948,-0.16335849782331885,-0.4419066260318719,-0.07466987253224647
-1.6029594248084162,-0.24154038001551228,-0.29466281633608093,0.4341716685224147,-0.5735563907809613,-0.03453745636322064
4.620173128499831,0.2063155320345225,-0.8932745594948333,0.17584276258261247,2.300469457520376,0.284006202300375
0.22636132244600482,-0.07608065345003333,-0.5190779070850756,-1.4070779953767254,-0.032133409380911755,-0.40156132935468647
6.397676841638122,-0.17865299992020486,0.2064077265897975,-0.29208443395171607,0.309520157595031,-0.4218231453345682
-1.1718661312115348,-0.012904063805401671,-0.6223990996271587,-0.10179226034100977,-0.6027109765856365,-0.08293286981721684
-1.6052690348304675,-0.4305991289316934,-0.3448138824297045,-0.32186417053984423,-0.059284622064620277,-0.3994990975084055
6.585470382308097,-0.036370385054970346,0.14023292847462232,-0.08332364246683197,0.25020414558800746,-0.7096316841011329
-1.5718755986899076,0.11633643470694435,0.4415375672795309,-0.025130161411622505,-0.5751666720608535,0.024980374084968664
-1.5365216770789276,-0.5309053202090946,-0.3649638012015323,-0.381748219249705,0.06784034832118198,-0.337783884634326
-1.3897980818459705,-0.3936109622195059,0.023030368081005875,-0.6494178015591352,-0.8925106148686984,-0.09530194345339674
-1.5724358389598385,0.0029090527663894763,0.24948083898763737,0.1696964052308112,-0.11063427103864205,0.09339605682301692
6.601478174536211,0.1193849294817328,0.39023351076210716,-0.31031352438377074,-0.04958536430694405,-0.07048969597108255
-1.3566702806756015,0.9542364751980978,0.7353958053705393,1.1542108075290887,0.8763900141183606,0.15243791635389523
7.178733639690667,-0.7717281764659056,0.02767969277090497,-0.32422646267389854,-0.19640033143664862,-0.36562819598481094
1.5505192397511902,-0.5651138375882123,-0.04749432892436908,-0.7014237213955872,-0.9985263050493463,-0.32825339562590417
-1.7303318469039533,-0.3662531260045284,-0.34587357665022594,-0.11122050734700668,-0.7049758207526562,0.07834848501568195
2.3386492865116772,0.16374644443898345,0.8851276461865696,1.3324266993473513,-0.03447274801264207,0.17490090578754808
-1.4441655965533529,-0.5732836562295304,0.23178789127985733,-0.2848623260956541,-0.2786655603983386,-0.0942324425678742
-1.5584635914258824,-0.5825525687339648,-0.6974537187388653,-0.3975087095028845,0.04049962208922098,-0.1932154496981535
-1.5318149871781959,0.08879509489734687,0.19196102370533571,1.3033685983021899,0.7109818497671794,-0.0449481228042864
-1.5708026817234724,-0.5474878526761555,-0.06594809541755348,-0.29624855615060214,-0.6994957850746438,-0.1508589198756404
7.259420777146588,0.6339162688477279,0.6366346024076273,0.048632227801628784,0.42604411021113386,0.29823921247596913
-1.5924912180660793,-0.03883973613348076,0.2626425928663695,0.07780610026841114,-0.31187803013856924,-0.1040232857792575
-1.7349705128253563,-0.49576714493037644,-0.44979695663962965,-0.33652292728027694,-0.1854963648124458,-0.2258968466981088
0.6959627091353082,-0.4623225174273154,-0.21780457805903625,-1.047709640056088,-0.2326733134725053,-0.28284480947308893
-1.1338412255529464,0.928910271968664,0.43413453151177567,1.467670153387353,0.9044602641555004,0.3431335909467064
-1.3186695198008749,0.5533490421395022,0.06741176730580506,0.26465916197099354,0.07403720529921173,-0.030991891812578276
-1.5646559800919309,0.9212160430975455,-0.049133306839435786,0.1394817653632706,-0.6172600974156015,0.23920712563165683
2.1025103665174574,0.933429847527933,-0.8186262942035777,-0.10188397380935336,0.3109092300891611,0.13067309236114052
-1.6203878465041983,-0.7939753952155334,0.0630431540473517,0.048381941151835924,0.3830010047212979,0.0722227536939104
-1.378539119150934,-0.048114109637173684,-0.4786150753110653,-0.6886372250038602,-0.39339922237074476,-0.39821738785790317
1.5702577950315915,1.537314871157053,-1.3011064504120542,0.39456836615163876,-0.4866026821316195,0.11378854727791324
-1.3230753151999282,-0.5022107624026195,-0.47903700348199696,-0.6277137039577624,-0.039174685242856035,-0.23364990074603081
-1.72645127085196,-0.3325810254387498,-0.07249266310453985,-0.22427824355923331,-0.1499158684449845,-0.5864795860840452
-1.5177642395751578,-0.06214526958337515,-0.8186469314188615,-0.04902971532078413,-0.08885463456411416,-0.15368140619778237
0.7242022417658265,0.8649312398688332,-0.9854603487301555,0.1850463503096416,-0.6841461993007234,-0.276985412690575
-1.5064061627480605,-1.1450712384195547,-0.30612383808063237,-0.1384204932858341,-0.08492052758415461,-0.16179732983645417
-1.5236560942753155,-0.4908245404278096,-0.24474608404559325,-0.20408074666377965,-0.497540615440143,-0.26456855804366713
-1.3843441932847234,-0.14710988730212496,-0.13999932960930792,-0.4492531305034068,-0.6848657512142808,-0.24518072727242163
-1.7936541311580387,-0.33803531341671095,0.03839747010982899,0.12121497857616158,-0.40245870569320485,-0.2590942495814144
-1.4557587153869846,-1.0738674239110524,0.22214140911531374,-0.10514679920998016,0.12114772448626625,-0.049067879078196375
-1.6489731173878746,-0.20794045899050037,-0.3383426158949142,-0.5896247103494368,0.1264907191069817,-0.48802762078328604
-1.5284400191002647,-0.5536267089095193,-0.20519637508016494,-0.28147904049176936,-0.6669512613775556,-0.1256643073157673
-1.605373351517541,0.02741068250128097,0.41948681853969794,0.07554321685353435,-0.08931496273258359,0.01797247904737902
-0.9192090133477214,1.6868239557235754,0.08134492210417403,0.22157938127440907,0.5032508015337355,1.4272209803112161
-1.0984081446222222,3.149496643720053,0.6323177809722794,0.8178752847940028,1.4155736129759653,0.6909966257868497
5.296078477929865,-0.7306708288236682,0.24589182331481593,-0.15073629209953376,-0.3737275277954625,-0.23926250991368056
7.189226095267228,0.3474682032148154,-0.3847320662242365,0.19652408903229832,0.07375251128353441,-0.11125416912154149
-1.2235161190367068,-0.09681980769431266,0.5761407864564498,-0.2511657729599672,0.4595666962247892,-0.7680413968246194
6.432999781524201,-0.15881772212572873,-0.009077450770180259,-0.15921664828714202,0.21623700429758122,-0.6859398579569317
-1.6635871034587624,-1.3129136781390074,0.021529605511233747,0.020253080356246757,-0.34325985064685044,0.47438005317008614
2.76057069444385,1.0637774289408328,0.7161964897880044,0.08668878616259977,0.92885666682236,-0.08016176172200033
8.043070355131736,0.06356439597909953,-0.014608131893759658,-0.20554087231175025,-0.13618600001126074,0.028976223836754498
-1.6446621242806674,-0.9649358759640083,0.21545190659563868,-0.06964436829627829,-0.2874902417672156,-0.2987293448999673
-1.4332775888515965,-0.7506896005978919,0.3640887019528683,-0.2605476893096548,-0.24059106102522268,-0.3489095240409507
6.7899250894173555,0.6021888960039111,0.2583556082568533,0.14395676418903341,2.2008419071934555,0.355319078214896
7.4812006590613604,0.032512223449436335,-0.0009589053933321362,0.024388224220617215,-0.04304144464529236,0.02547702567258633
-1.514573660884858,-1.4141185835829087,0.06855309950510025,-0.22360150958070976,-0.019961612546088487,-0.09620588394607868
7.317016647359297,-0.22487219480531973,-0.09373882325672414,-0.0836820798169701,0.10593057504422808,-0.048301203931435034
-1.5909642571950984,-0.3174834999088306,0.4172812886693446,0.022635580645404826,-0.03283633533643039,0.2817081515591475
-1.6141722134880463,-0.23712737360630953,0.12901388445034362,-0.140864841838873,-0.09731313205905844,-0.6566877377569634
-1.2958179757668231,-0.48435923016528554,0.6399285024489574,-0.20604464894504054,-0.2212674936389649,-0.13352697281222167
-1.297461574536816,-0.1017328332749311,-0.9793333817176475,-0.13676745301849474,-0.41868670552153897,-0.11278899172846575
-1.4355970046106732,-0.4188220705680267,-0.42043108559878456,-0.53448774264161,0.04743556433032858,0.002564543572141575
-1.0538403596719421,0.4651664522290103,0.28904449542574234,0.6877019771257565,0.892314528907723,0.8636471955603946
2.8180906164066535,-0.19658964463945044,0.382112460816745,0.7285152614980567,0.7722313811445527,0.011722913439776347
8.041186018390107,0.37471119994708596,0.3772549614977158,0.09926099649775388,0.3396956656207761,0.23754018275869287
-1.2341476819964599,-0.5634538144801714,0.21366851422449232,-0.4934290598954197,-0.6183891424360648,-0.20233345319250295
-1.299523736230502,1.0056086847271999,0.7907664153749405,1.459380403545217,1.0717363822683603,0.49118877532799277
-1.5725165380424466,-0.17627003812341088,0.1390134745938291,-0.140873838247479,-0.09899345924056482,-0.5819515995551592
-1.4107840304429686,-0.11195804267891073,-0.5025637943788968,-0.4945176049266534,-0.5076630770367151,-0.2523803838840186
6.543578636563879,0.4644177860093679,-0.32745479282138273,0.13257533551607914,0.07103390302838891,0.23467516843016878
-1.413798856269523,-0.24043506205580048,-0.11090148014910818,-0.36644740534363174,-0.9165388444817932,-0.323229470203049
-1.3920696042314034,0.25211881551878484,-0.4748802722007147,0.5461163488725953,0.690566375255118,-0.07675851620578536
2.5738266404628596,0.42960755551043955,0.6345861275355962,0.6215116804326918,-0.5011376734186481,0.42067222277849897
0.7366353110058725,-0.2576927117387474,0.10497374869282781,-1.6323629810695737,0.12191387374887017,-0.027115292368542182
9.971334438538063,0.06349982399365448,-0.017188489290411137,0.309773324128264,-0.12828740674874906,0.0369168582742789
-1.5961972638930304,-0.2503312434056385,0.030409028746556745,-0.3895586548009153,-0.46202156866484684,-0.2636809756723732
0.7719760009732463,-0.40814174904654743,0.09073589266069224,-1.75038167262499,-0.031017321241871735,0.11799287649548447
-1.362996937111319,-0.12017538662236259,-0.31265114922623805,-0.16265832575170083,-0.2881964956462071,-0.1614599521273509
7.882743891298456,0.4140809855858488,-0.24259074534422378,0.4901819892400594,0.4256671075355984,0.2643898237139913
0.06237944104430039,-0.15003700838511236,-0.014700434894522258,-1.8569855391012455,-0.16374256986125144,-0.4570586869493856
-1.4871565282919172,0.06628143851557221,-0.1327859986473944,-0.011440805243145839,0.0445881815222039,0.13853064170404683
-1.6837028919970434,-1.1239138046911772,-0.005492502331103732,-0.1721333689901418,-0.11271934200975083,-0.2001733098014677
-1.181571811507093,0.7970753434724662,1.190642699507564,1.3960714272984875,0.9843783500186458,1.1789312696855097
-1.676984887209002,-0.2896649857451678,0.1850849706214762,0.1426768921596237,-0.6920902462047535,-0.37630353090018065
-1.3787649840408585,0.6050597397508534,-0.10049117887058609,-0.07170559306434549,0.21555251582288112,-0.22392909675412326
-1.5026794690174052,-0.06761325204642903,0.09408083291854326,-0.215719884660452,0.3500300915709138,-0.1159808612431343
-1.4815878813014336,-0.209225602101151,-0.32360085376018183,-0.5722897696053452,-0.4931071313680935,-0.260735640555454
-1.6962037949049875,-0.3166982761966638,0.0068695741715678865,-0.3872710353464591,-0.1265951281679093,-0.24496190034429016
-1.380834235829875,-0.32638875376722787,-0.012391794205668289,-0.49919198240957324,-0.4660784941839856,-0.23840566616701878
-0.8940002252920668,1.1414961543847002,0.054901587979599376,0.2927026856233343,1.0327292333477038,1.0371790596791814
-1.5558301854561387,-0.11429925735194911,0.15919411558583296,-0.16852848394285522,-0.5202897877734745,-0.1582155126806768
4.402595868775061,-0.4437515464714445,1.0697898733579232,0.6861879994956632,-0.36411232789369624,0.3900932418459527
-1.7213700481568344,-0.7187835501952352,-0.08195451362652174,-0.11615275110474381,-0.3662783956646647,-0.01861306709410648
-1.0190796219596423,1.496886728665901,0.787652757158268,2.03077172635726,1.333624304737902,0.5504013218977064
1.1946302166748248,-0.672367536738355,0.42433627229614335,0.4299676601365083,-1.2148995440245953,-0.05432511201479991
-1.3459402360417012,-0.2309479559225716,0.16069073409144666,-0.17263213331860922,-0.7750219728077534,-0.8285237202151283
-1.4808912211708067,-0.46825248270623565,0.2732906716450744,-0.29795748688314205,-0.2430683267784782,-0.4395654145499502
-1.3599666173137657,0.06645684227389226,0.15257775912140942,1.0005584850348435,0.6664201018377597,-0.031060218943576898
-1.419296407434325,-0.6349745088291554,-0.016339946829669716,-0.2778088028661453,-0.44326987812122226,-0.2566443798093134
-1.5658896635952364,0.08266213873047677,0.11073294065079385,0.070080358346089,-0.07363431238452205,0.1256437017370731
-1.2872106917703001,-0.22726084547804332,-0.04888240690538077,-0.5235492270644614,-1.143706335231653,-0.11338404204204257
-1.3039949477306036,-0.009724173042318275,-0.6618883632677841,-0.31549622083555123,-0.6536247975047228,-0.027715602119813748
7.719747177195481,0.3777054941137433,-0.5833210619215355,0.06205773610087685,0.2860321833275383,0.31386544935640087
-1.400624704925511,-0.08724950841244304,0.6638758034050691,0.9838585574676196,0.8177327361477675,0.31122481691191106
-1.6293440688343246,-0.7991295390460608,-0.039224550309165065,-0.29741339621079727,-0.20868013347574949,-0.21296571568472938
1.7221113566407418,1.093044213279753,-1.5430134688170178,-0.19502542908674655,0.39549016852910396,0.08953913632319098
4.957949893214144,-0.17927288628777002,0.292146902842014,-0.7795938644771471,-1.402676453404188,-0.11907073574565757
-1.6432585584579966,-0.9622216583466493,-0.1295471584758895,-0.27035648580292143,-0.1620364434647089,-0.18938975457313206
-1.4005881148218682,0.02840502985503065,0.08363591118297437,-0.17664705696968921,-0.4342475351788396,-0.014634980946237913
-1.485819270665916,-0.21145535867235488,-0.3675081288990933,-0.18203435725886974,-0.16980351197245877,-0.4460958174669479
5.883963114757826,0.43200164959870363,-0.7276118929221634,0.12202885462677415,0.06847487742873712,0.38019908472231323
-1.4465468281806524,-0.44445022926706496,0.006154563115252714,-0.01079293300771842,-0.30024983811662403,0.10980276206984897
1.0144198884699163,-0.2946184528372754,0.042353567683574116,-1.4724757464982754,-0.11588021707346804,-0.13407024974801854
7.649189393596431,0.3959686077036524,-0.7215458491471157,0.07261332312141774,0.3080241101890948,0.35913691075915266
-1.3095117850482592,0.17635309591539833,-0.5859555347454724,-0.05805709723861349,-0.21839709529059426,0.059885304153244036
-1.6187735978288709,-0.5064465071672031,-0.023786114453669717,-0.1914211191628414,0.1983811613245623,0.08048234462925183
-1.5007779080321764,-0.19696884795045572,-0.3669362424457802,-0.2670712080683127,-0.43782164310571425,-0.25329399760962
-1.3450541027235454,-0.16995644424648315,-0.4031692729005818,-0.3733139525598667,-0.447020640720239,-0.2053950562270547
-1.5033182833194447,-0.13174870814897288,-0.3419980258881995,-0.24216318549379426,-0.6316892693658918,-0.20099863649146377
10.170962575096873,-0.10662261928811502,-0.22200690297920975,-0.051240972905274025,-0.0701528395607908,0.06182779283585694
-1.6078720976645202,-0.9428247593849417,-0.19102225740748616,-0.26304340368829765,-0.25101862462600777,-0.01137599298545032
-1.3365428305226934,0.1368642276741543,-0.5658386512549758,0.13995305641299666,0.4845897931401919,-0.12436970903972128
-1.1437562757663515,-0.06688368435812875,0.18569141640891243,0.4896990034986078,0.3319807179920665,0.3541923182530012
-1.5244166079002233,0.09281349187094219,0.17592834532658463,-0.0540743361728289,-0.5765692019061464,-0.05059326960552672
-1.412508241562996,-0.40166136664890123,-0.8148874279316696,-0.17951703109846606,-0.27647523570906923,-0.12689009590639927
-1.4486996069057945,0.1191483140931089,-0.6364974852709225,0.32106348779318383,0.6487237050757365,-0.09722184276968149
-1.3962202314176444,-0.20403451012041704,-0.5228568640840445,-0.4825113629494565,0.07250809432206672,-0.19900691406987098
-1.1315382184689993,0.19410908099499555,0.390385606981947,0.4910332672269969,0.18110299353301001,0.12289064062025433
-1.3842272396196937,0.2872189063343325,0.3100972774913136,0.18626106289964664,0.28779876931315057,0.1832904414312495
-1.4104331555753933,0.6387027534836884,-0.022387576876855348,0.1942328812335117,-0.023265794421072745,0.10186313373323165
-1.4402326352139965,0.12166607700666121,-0.6408776038688775,0.341641374140387,0.6086610269553129,-0.13389021322034397
-1.3926026730443064,-0.15730760281483433,-0.8757729446119297,-0.5326471563267279,-0.007908801484217113,-0.306478618575093
-1.6160241037853902,-0.9101067864881011,-0.5914853623895697,0.10052084398920103,0.3566340079831095,0.052178688482328886
-1.6822086287160722,-0.11767409307070403,-0.37332437860243955,-0.04043892590680077,-0.7809807578555179,-0.16385091235713437
-1.397301599245784,-0.5396845483495986,0.025272237471297473,-0.68004224396404,-0.8044940995546636,0.024046503031222476
4.518874633326415,0.44816006107942913,-0.5564134922963532,0.2995667408537959,2.189592380663081,0.25141249103939783
-1.3412221007626417,-0.7799490486832035,0.2574787893514603,-0.11415215351907788,0.4492291726338885,-0.05937721095054457
7.43034119229075,0.6007654263898785,0.42947280789320247,-0.0005542959096181395,0.3618418758188488,0.2618319968853777
-1.061985404846,0.6241371651592772,-0.03443517633738225,2.239932083989175,1.6493550719635206,0.5361929599274289
-1.260912558815105,0.7262701075773662,-0.008061337026202788,0.4625761790871117,0.049643612743639105,0.05702658903318481
7.1273516481445744,0.0756756656440257,0.15855993829540918,0.2017141018172954,0.04296614881205068,-0.11812686579646912
-1.6200451648420102,-0.08151584169291812,-0.5795227123678238,-0.2712816646171352,-0.07841854258332223,-0.2232446340553977
-1.6898512458564947,-0.14395648250843007,-0.03577796372938792,0.2725491993072239,-0.7035105744227349,-0.14961502582466174
-1.7041567141660092,-0.9457635396402709,-0.03721547041522372,-0.26807684742841303,-0.08877235617030531,-0.012382305323142433
-1.6148815408808042,-0.7467192982451367,-0.310199737526469,-0.059975389211447516,0.1696848243633002,-0.09704072104614316
3.0696376385863173,1.0086033184089545,-0.24236807915680017,1.048988108564468,0.8169066816956229,0.5344696049870118
-1.7051294420546663,-1.1554607775124217,0.09512574144445325,-0.012447762789692386,-0.24846833096615498,-0.30970309649885036
-1.723750946864567,-0.6599989009816281,0.10372503342722095,-0.191028935898137,-0.5769957999505358,-0.21528795105314735
2.506415851621365,-0.17782336761736633,-0.2586456767365992,-1.6445078377851536,-1.1344086740953427,-0.43007465089187497
-1.5244166079002233,0.09281349187094219,0.17592834532658463,-0.0540743361728289,-0.5765692019061464,-0.05059326960552672
-1.5771800998297407,-0.36886080308762653,-0.4241181110065232,-0.29127235161944154,-0.30861761058628767,-0.3261191097913821
-1.0373181646525496,2.736332157501098,1.1168335929918327,0.46192914089831905,1.2996312389323834,0.2543500270278049
-1.4860124888443165,0.7409700503247991,0.07747316712506012,0.15003776712915837,-0.7144848868043221,-0.027826698988009244
4.366766794330611,-0.5859943721784527,0.9804860562628267,0.4199693723210301,-0.448941795310099,0.34296200877739585
-1.2885770583067266,-0.28522006632719893,-0.0686355528259368,-0.5532428579728703,-0.6465334362994166,-0.2581544040183277
-1.5448029460204964,-0.1869436786587716,-0.6124764400829895,-0.5268521408138074,-0.298840222984678,0.035197793429349075
-1.2162279791389674,0.38789572971481223,0.723872100766822,0.19324245037749035,0.9794328601356097,0.2706457150889456
-1.3435292959787337,-0.16385060126817003,-0.16858014637638719,-0.3903164673861897,-0.2991273410882223,-0.1653189943286262
-1.5202757131173399,-0.7191945185488922,-0.7056896433678785,0.2678743685465383,0.08363192800250581,0.1181330798756501
-1.716287070360412,-0.6105510521908762,0.25223373699326235,-0.09296349840802641,-0.346296159103111,0.042751673856396936
-1.4832066640412453,0.01440675027302639,-0.6394182268181895,-0.2842293952844462,-0.26154894370947107,-0.370300523240842
-0.9189229794932604,0.5725002676999515,0.45862382503676663,0.6678139665082012,2.327387285136481,0.307308615241726
5.971095533041879,-0.6977814186343043,-0.016502000813119578,-0.8102959494836856,-0.45600296364121035,-0.2936198176252541
-1.0195621359340057,0.4018798898361884,1.3613611378401407,0.5115629829210695,0.7117510499295437,0.6913925129388316
-1.449701036847171,1.357482687500619,0.7427559399264276,0.13068995743791598,-1.0303614867577078,0.08155440349713945
-1.6233401604801299,-0.4890843961248302,-0.15561053975839734,-0.52305055509445,-0.08884532431760325,-0.17652174787094568
-1.5207039980158004,-0.2531776739105805,-0.6595203781588637,-0.4057085185210203,-0.3037886591459171,-0.20284101323391723
-1.6015882003098891,-0.1344582930260506,0.012265244522933445,-0.43168123550287435,-0.57594318210066,-0.18980864659431732
0.0009910108851099335,-0.8105129733554498,-1.0950451903348728,-0.41391585763473354,-0.28360833702081156,-0.15789581762827495
-1.421067102689576,0.19169158105220496,0.4323754825233863,0.6439017608919426,0.454013978041753,0.04003309622213788
-1.4518079528927506,-0.289334698936034,0.12866594957907732,-0.3770631146218839,-0.45895520287047126,-0.3364570833783738
-1.5434630640480085,-0.4123745500615824,-0.667999331911789,-0.3844585314326782,0.14435169077257676,-0.28619416156730887
-1.453742618071334,-0.43728349054574683,-0.12794877767712093,-0.5948908205948298,-0.5562329908267843,-0.1446094757755557
4.325060188593438,-0.0783102659143265,0.01926883649688067,-0.7021630103450778,-0.8370791905623415,0.031240701982587583
-1.582316483228154,-0.48780880952064454,-0.004036916551008674,-0.6255196956727417,-0.11601886010582722,-0.5047533712775166
1.4631360042388086,-0.6490382291631673,0.3164405439685321,-0.5332493603330107,-0.17593841196833004,-0.11198496439908462
-1.4902621477313458,-0.6290845964621752,-0.6475686367218021,-0.0902678660539573,0.2794996275194238,-0.26219057378798355
-1.4129768720769043,0.37916026695252747,-0.5866128279148065,0.17130401711238,0.23839154301443669,0.09498448573175067
-1.4219359914618779,-0.36968060269224584,-0.19094892194654367,-0.5345307100405707,-0.48612413287075434,-0.27676589393332124
-1.5634900499608775,-0.17797899998776873,0.0005146786102860538,-0.40512089576812477,-0.7159357597383695,-0.2879079109491973
-1.5308201521291096,-0.4483517735477026,0.06661336428669724,-0.6240848854940944,-0.4444853654328303,-0.22492062375238875
-1.6350125395511097,-0.17120842837932843,0.09988846798676589,-0.5346571505777835,-0.3198185662596299,-0.5482834539740981
7.178733639690667,-0.7717281764659056,0.02767969277090497,-0.32422646267389854,-0.19640033143664862,-0.36562819598481094
-1.2916451376688276,-0.150938562856951,-0.520130693777239,-0.3177883241492311,-0.3196148110383973,-0.15768752566277242
3.618199850374044,-0.2693377033326394,0.7286627299623188,0.8487418122744942,1.0296777991569954,0.561309933107706
-1.2195190376033977,0.9821627272771937,0.6552562498189827,1.506181615137274,1.1166697219424382,0.5646917824404654
-1.30224093185188,1.8893388159875288,0.8622220633657977,0.747344924095678,0.49972275281714956,0.9382884727217992
-1.4773444165327096,-0.22641733842019968,0.2396336933631172,-0.34532351332887096,-0.45738779558930187,-0.30470468995722005
-1.6498918681335941,-0.43175991601333386,-0.022090359073338985,-0.2719046524514796,-0.4273148005228559,-0.18410043121983813
-1.336812054761995,0.29986900128093685,-0.4648396181385325,1.3305754889659163,0.5615801450415266,0.21744283590605598
-1.3630247937386004,-0.24733550245692545,-0.34667585816233415,-0.40419090273444863,-0.5862819671906817,-0.17307699686900477
-1.4187160371682945,-0.2032633003994254,-0.07896396787317525,-0.43840408091474303,-0.40647598595050055,-0.6146352366285698
-1.5493530128729807,-0.017592509304940034,0.0964711229392595,0.03790424605230725,0.22751983524039038,0.02040435506807707
8.4868147398856,-0.02945957257366347,-0.2502068007167453,1.0709584643590728,-0.30894770397350324,0.046583849823856174
-1.5784561523908376,-0.3934594416364066,-0.3536709477221949,-0.28745946224621166,-0.36596689490563555,-0.3253084288342575
-1.2885770583067266,-0.28522006632719893,-0.0686355528259368,-0.5532428579728703,-0.6465334362994166,-0.2581544040183277
-1.5115106220836327,-0.1948211384331209,0.06190207547657149,-0.07151130349184005,-0.3822549825778594,-0.15577270333918322
-1.4332775888515965,-0.7506896005978919,0.3640887019528683,-0.2605476893096548,-0.24059106102522268,-0.3489095240409507
-1.3412307686067646,1.0416545021897696,-0.3161040697629872,0.14498778832223796,0.7915216537259016,0.8241332693313367
-1.6156891008797718,-0.8275468694545044,-0.12156253390550342,-0.2791564094643176,-0.28222116792028135,-0.27151004190469524
7.0967183539915455,0.988912310333504,0.6113142173666025,0.21043723079126442,0.02336987045103233,0.27627418966117484
-1.377028481501972,-0.20734391127199253,0.2894325637647951,-0.25823453477828,-0.7823662739818565,-0.7852785502000214
-1.2354176657448288,0.21430493209240686,-0.8145144729809269,0.4499568379669753,0.5692648423151762,0.2771170426586785
-1.066850282217029,1.2961574638296103,-0.8189503301686493,0.05953089463111121,0.32762587094836215,1.2704322494247902
0.5932040397953141,-0.4137066202121504,0.3842031223913454,-0.8913939436149695,0.11426257730982467,-0.12559593012874176
1.7778764568143637,1.7673061739172706,1.0949233313147704,0.7281654116302316,0.0868552994849888,0.33516632018358644
-1.7282222370972986,-0.545623820629247,0.13536244692297938,-0.1385037630980998,-0.3679669389323185,-0.44717641814751946
-1.7481798172685798,-0.4138165429107569,-0.18806744538012468,-0.4268527424688036,-0.18350880067596392,-0.3245363976787378
-1.4369566785321666,-0.17448471338812113,0.1698741295871719,-0.28398710638962904,-0.5630906306263265,-0.028838325189539812
6.225874642621329,0.22921833293797375,-0.025111361604854887,0.07624103738046237,-0.08257997526227405,0.09476908613372502
-1.4828062133691142,1.3401141446024458,0.6260396141611888,0.09097234811108171,-0.6451888131184955,0.2220277531545399
-1.5479230455830573,-0.2123141711674197,-0.5943085000463263,-0.5163654026452238,-0.2657054581770334,-0.01346090490433422
-1.509718594084602,0.5725921763722757,0.0008609389488335835,0.5697733089978982,0.3996544239019217,0.3353054162119396
-1.0135186062207,0.6963729798926458,1.431669653167635,1.0082934769321186,-0.2183067967459173,0.5755172354489523
-1.308069651890211,-0.0556305969022774,-0.17531538568133692,-0.0831817671107651,-0.30341339773114395,0.04250476041501524
-1.2923547900197137,-0.14206274972293076,-0.4698080512409381,-0.3519048027530586,-0.31942127141896465,-0.18106958297386114
-1.0792163705360407,0.6671205696472645,0.8180802901746657,1.196755836125822,0.9682944671613789,0.8590908219344383
-1.5677173659793318,-0.9307394857697001,-0.09458516155092041,-0.33949983721417304,-0.18938228929089074,-0.1867289687976602
0.9307981644618218,0.8730098873694041,-1.1049134529623705,0.13715618466726406,-0.7139606239235528,-0.2903221542694923
-1.3012704316874664,1.1763055872302532,-0.37638534968913534,0.5108574204095141,0.9940450588650886,0.41632709245405725
-1.1576242068776512,-0.06745823659368433,0.6180348557290409,1.0115034811856771,1.0985064545294179,0.5458318335677124
-1.625964065435672,-1.2036248426966403,0.3155626153369085,0.30670099551090024,0.23720847145456436,0.4005486003072054
-1.5576305372209711,-1.022470193743004,-0.045471849694977785,-0.2711606627673735,-0.10500098241613241,-0.29073265803598247
-1.3205200352718023,-0.2405990374940679,-0.09918987290456138,-0.45774432263179615,-0.29252601914468124,-0.2728705017212168
6.469017299241506,-0.06446941236677135,-0.22511410203913387,0.1407407551201638,-0.07272209124325582,-0.10740391319452079
-1.3356456667646246,0.33893055116708914,-0.771161531267258,0.2814680581053252,0.2247692859127185,-0.2426275590671216
-1.4649016433197004,-0.17492586732054535,0.5697922879905429,-0.31403364744949963,0.5094414249615697,-0.0735534986044409
-1.456507423629635,-0.16130007598641524,-0.49989115872943174,-0.33345019806717763,-0.4797303203368019,-0.27323322689190943
2.631804338877987,0.03287631271142331,0.32994144473182435,1.3414026925469682,0.33876760007558243,-0.018072542471959736
-1.2998350978659565,0.22874718476077377,-0.018885494501948426,1.392621148398007,0.32605790490195735,0.8490817157517324
-1.5756184548104768,-0.1659570429795666,-0.13258928275482879,-0.35005978660593695,-0.8092849604425928,-0.33437785537001025
-1.0586466184230632,1.3858218282606278,-0.6201022716949979,0.07617547008869223,0.3120908909760945,1.2915178523602429
-1.3504576365596423,-0.9284614813028145,0.14706477184874167,-0.18472494383367477,0.2413277318717352,-0.14628485566169555
-1.5391498225361013,-0.19781804463025962,0.09013972724005842,-0.42851582071157485,-0.9285820172843299,-0.26609056685356114
-1.4526362043287362,-0.11056869661550993,0.11256844563547878,-0.022709351167204662,0.19553638735962556,-0.09817728959892626
-1.6441999537355925,0.35659624339069224,0.19717045237379918,-0.25834468999510235,-0.3103462447956876,0.0009713961816324747
8.487873137221207,0.004405017251767183,-0.09016840562635092,0.8443730100186941,0.09912025826280302,0.03339159200829498
-1.3261319206712725,-0.07211232361420912,0.5404153341476544,-0.021578657480372132,0.26225749352355715,0.06115383776864203
0.7565238450378348,-0.2582944442534509,0.11766354183865782,-1.643113328364527,0.11079165491546206,0.01190920304614502
-1.375360506417458,-0.26724688395966273,0.01216905276162129,-0.2462171255398,-0.2386442073963733,-0.18786346473679563
-1.6707342419998104,-0.4882197188727255,-0.08815478443349302,-0.33930783487241456,-0.4302575058185784,-0.15367306514920767
-1.2670288059853687,1.8403211087551303,0.3885262715016518,0.24573435365845722,0.5429490962451703,0.7680328539033754
-1.5545249522831135,-0.6222066384583234,-0.07191228405471209,-0.2515401187059645,0.2768213279680908,-0.04268875450346538
-1.5035145478402647,-1.0841521405795658,0.016818868090200063,0.028602884882524316,-0.01733053417855736,-0.196439520081258
-1.376685773439651,-0.35362160253564334,0.12814965163211692,-0.4462527158874471,-0.5321751750315293,-0.3190746706590714
-1.5550666436315042,-0.23244387963393845,-0.4958631664918852,-0.4155685223075499,-0.2926800575625331,-0.20324816564925288
2.5135993877860963,0.07298951140540633,0.5081629114401938,0.7556695370453155,0.3746706703143825,-0.02133734703835537
-1.5305819632231055,-0.428598923549633,-0.26713980730782033,-0.41311629744946615,-0.2999734404158701,-0.42943756646955844
-1.0434851137798609,0.6707265707528779,-0.11081533547174996,2.1882867465029125,1.6483504874532517,0.49887198217499906
-1.5797509940480672,-0.570777509379894,-0.28883561384366174,-0.38432367213609664,-0.32413788914283237,-0.28656668560218856
-1.6103193252849886,-0.13701203057377623,0.027093935911395292,-0.4477198230628678,-0.5615015368646177,-0.16172006192083355
-1.5849339593900365,-0.4775130159749559,-0.3508596136665719,-0.07753367196505892,-0.033395495929119876,-0.024549902768106965
-1.6191474850383971,-0.08552559748077238,-0.5123551444564667,-0.01665472420529554,-0.7631896880949817,-0.16119311428219665
-1.3014401941802851,0.24555727357611917,0.0808372584092423,1.3822637747125954,0.3238938345332015,0.875756848011898
-1.3012704316874664,1.1763055872302532,-0.37638534968913534,0.5108574204095141,0.9940450588650886,0.41632709245405725
-1.3974535419744296,0.04658375270822717,-0.5959802260393015,-0.09660061759419776,-0.02868551786850188,0.024482791116579146
4.793298641742101,-0.5542388267372884,-0.7746298778001147,-0.19612385064248936,-0.40261476609284963,-0.1769541858573515
-1.7238429975852305,-0.13921659791922159,0.12587849659282158,0.15804539087835506,-0.7328239865473671,-0.22498404035659056
6.574894689457311,0.5901873596173585,0.13484656043717055,0.06341112149291517,2.348946570026676,0.3157642520278338
-1.3428875143894852,0.18316606325795615,0.29069675712346144,1.32106454860594,-0.27743605975394187,0.4091992575275832
-1.7449574921387483,-1.5568104470228035,-0.0745517979703105,0.20179669945957135,-0.3259438799799102,0.16318068544333586
-1.378952968633923,0.7647859410547398,-0.566496364986424,0.04181709086739013,-0.7755198484556541,-0.011505764127113788
11.052328091572544,0.15235101238693025,-0.01461165277457868,-0.098419828343747,-0.133215029388469,0.043717701421552194
-1.7263508140867105,-0.480971309897141,0.0037198581705461774,-0.10286211523464706,-0.3999710414297386,-0.5275332465156386
-1.151773838389784,0.45456358483308906,0.2711944063968758,0.30114177625552135,0.18158009656493934,0.194576618013786
-1.5874168777456812,-0.7912397864730885,0.31021967866728345,-0.09590748543900203,-0.03599418143687889,-0.211788378415132
7.113901472445524,0.22891082447342082,0.40704133285181465,0.2523958355716432,0.08313529538305199,0.010828076021852125
-1.6421031680663674,-0.4510831842525049,0.3673954818755467,-0.043082214487116084,-0.024744907284200934,-0.04476148946521228
-1.5425077234973212,-0.4154565930542916,-0.37618767906380307,-0.07315955826404794,-0.04756213092244843,0.0650997073123325
-1.2258920571551022,-0.2344396562432393,0.2736736975567185,-0.30842530555775316,-0.4069986972097739,-0.18904339270418852
-1.5235878420553417,-0.42713699310092745,0.2675041667611208,0.027744994360088142,-0.2841100016611944,0.1598516772866553
-1.3412307686067646,1.0416545021897696,-0.3161040697629872,0.14498778832223796,0.7915216537259016,0.8241332693313367
-1.3084191783723058,-0.18080870506526364,0.004988608642093701,-0.7629555284748912,-0.6547745831339563,-0.17920361282000755
-1.6453794517735898,-0.4845637345376227,0.2677074342402714,-0.07709169655446234,-0.049626743117908496,-0.07517326653928429
-1.549324622112691,-0.5381639013344542,-0.7307386057334778,-0.38824628213543383,0.02024576439355109,-0.18038263152239312
-1.39523404591023,0.1416961941225514,-0.42516692928739713,0.2371341707765573,0.14736085685226874,-0.1404387970598677
-1.489084259581559,-0.9103817743677755,-0.1578105997368399,-0.45687782988500225,0.1669256487957749,-0.23332706260214622
-1.3136045440551374,1.0761410253737547,-0.26926341770471995,0.20055807723982394,0.8234875562984716,0.8451814552574765
-1.5947036857434593,-0.668428581248237,-0.47195620447339565,-0.19214243872964112,-0.2773360575936334,-0.0048092210277021945
-1.0479111874713276,0.455119910960847,0.8150591930771942,-0.26422729737762946,0.545300922456656,-0.6115122476808877
-1.23603735940332,0.37168949758720393,0.23842780245879214,1.753317240054328,0.3678470169652,0.9174499424794484
1.1520246132034933,-0.6668080440394474,0.3372526404716056,0.41871597037981956,-1.183688026685953,-0.05540896352291569
-1.6402589170938275,-0.3554096882235935,-0.11655956969663511,-0.5215248360162972,-0.22965034654161115,-0.18583613781185446
-1.102690912132264,0.6445040465716283,0.6478490069437811,1.8350205048289343,1.019099586033922,0.461101878908203
-1.4197090417772427,-0.37881012429834265,0.1672679799758167,-0.4714188030261618,-0.5337546465926318,-0.09566335441429373
-1.1287978860451398,0.49748923122575084,1.0587473113165202,0.6149756691781721,1.0228436057061432,0.2096000033018562
1.8766501765091856,-0.49665445242571366,-0.06175317797315376,-0.2927205914883915,-0.8023298102760027,-0.21627509076322818
-1.3895196602565623,-0.3020022751800537,-0.0610837545450385,-0.408329810117495,-0.9835352553312491,-0.26439792132268
-1.3640921290055914,-0.029517428417986838,-0.5659141054249005,-0.3423178862028036,-0.7068585285331467,-0.048242975902854035
-1.3637234763216328,-0.060477362879099855,0.2539789207883136,-0.0828891812929422,-0.04877839181220415,-0.05007838931417242
-1.4470374260476977,-1.6636526839495462,-0.09565189180456475,-0.34219090049852174,0.21703783794029352,-0.06709845325430748
-0.9449604901503825,0.4324225267489222,1.4804757747973027,1.1969469432538589,0.16164743934429407,0.4029551624676404
-1.4762167671586355,-0.18838370681351696,0.5464456445831235,-0.32528278471880756,0.4780288214300216,-0.08535978770979202
2.6670621023136243,-0.1700580551031065,-0.03510577613847468,-1.6704726085812878,-1.0975371666296558,-0.3937735806399705
-1.6706114112784365,-0.997155236961877,0.24310835886601484,0.029550722491406882,-0.3028695178240291,-0.25783355650160306
-1.1091417235515066,0.6835445568568602,0.3510257323465814,0.06279212582219777,-0.5239075521663366,0.157248675524574
-0.8727111768194936,0.5864944722171862,0.6940914449173384,0.7469152903959848,2.265109214444674,0.3154267734876233
3.0696376385863173,1.0086033184089545,-0.24236807915680017,1.048988108564468,0.8169066816956229,0.5344696049870118
-1.4282441910585462,-0.16940131046105794,0.21861617460912391,-0.25736731003376656,-0.5266392156676858,-0.01180418651492806
-1.0693711386693332,0.1937937231408745,0.413835667508661,2.0716508116641865,1.0807641696957253,1.6158295855338554
-1.4909390081376082,-0.2710324029938439,0.23783097533640943,-0.15277424501326675,-0.3683344728289331,-0.2180402400061859
0.06268794178967382,0.0850594108604523,0.4562671888611605,-1.4280458108016039,0.07109218686213231,-0.3209722256121482
-1.6668149149119162,-0.27337560409494643,-0.3744304391253097,0.06346382522790428,-1.129425434761169,0.12420292927199261
0.738552357295373,-0.9716799676347327,-0.2848241877730243,0.4841434390810853,-0.6750889739814021,-0.13879959823559893
-1.0816429219048846,3.031188670059274,1.389331359410015,0.5201194830881293,1.2450293117123534,0.4018334552242538
-1.102690912132264,0.6445040465716283,0.6478490069437811,1.8350205048289343,1.019099586033922,0.461101878908203
-1.5396607138295453,-0.5483623127222642,0.4686840463421529,0.5450138772056381,0.3225499319728696,-0.06517314136668491
-1.357222827161753,-0.17963910964465382,0.07477144306762311,-0.3945552589859142,-0.3206312255429714,-0.3542380175853653
2.555382097194543,-1.0544476264204847,-1.3419131220606033,-0.03810245456196726,-0.907694483241278,0.19418428274759938
7.3761269263260365,1.0642391930948323,0.8943914716309916,0.2537473886439876,0.1085369230627579,0.3191995618608631
-1.3300855670865552,-0.21735879381753,-0.3944636421743562,-0.46225122852429734,-0.49793841760388136,-0.1658143558847488
-1.5796220903028186,-0.08574875454238512,-0.28975941757043894,-0.06271328562651632,-0.5093832007303564,-0.20173124365464185
5.887519081907757,0.09665717577964385,-1.412323748289595,-0.22116125838586018,-0.09850204289505858,-0.30773595522869623
-1.4815287168571856,0.8986903905238336,0.6513157404093479,0.38236823569404094,0.5278458352742421,0.2966956015513783
-1.2535902390265259,0.9169320020895181,0.6615695418754277,1.5374749768895377,1.143882082419372,0.4670326982583264
3.0567656511360775,-0.928115403327303,0.8590001301681565,0.5589238389052767,-0.7697751464437385,-0.2253855470387093
-1.399221242614655,-0.689976043313762,-0.05410180114267921,0.014177838170855727,0.1478371061850148,0.17922272602841294
-1.4303202798825998,0.550617453513371,0.24650424746994984,0.3132178030895512,0.8962564674613519,0.5079926281397558
-1.6091455706376863,-0.4063147053636147,-0.015609692810303945,-0.5044185497823334,0.1548586934379093,-0.43146552191559207
2.9186424526344386,-0.03703971122571434,-0.819726465686978,0.5225336000996768,-0.41180154173721334,0.4294240737797199
-1.5909784686965411,-0.9851416156890186,0.04192871188133901,-0.21320743519560922,0.035648526529592904,0.05491587593250601
-1.117476640925319,0.9475661899127624,0.4291402271572421,1.33507473058654,1.0404268566987618,0.3841158002955304
-1.2336201545093501,0.0501920554271597,0.3225875136654018,-0.06708077009787183,-0.173561985447744,-0.04114724222947909
10.725002691000123,0.2308563965832647,-0.10601562936313563,-0.05202473142658589,-0.09908067903288345,0.04869298981869706
5.710871089698139,0.8147713014200783,0.5883179893803996,0.22345242995368472,0.018940777495593746,0.48785206471196085
2.497496219797504,0.16732603877646005,0.4398099748370313,0.7222509183483686,0.4220730178164653,0.0048857223487273295
10.011131800553784,0.12015512948282622,0.0395685583464135,0.36883896174691927,-0.12205248255605504,0.058670451567578545
4.856932454175385,-0.5876174012439808,-0.6540684415885444,-0.2081321521716594,-0.396707297272019,-0.2097097736776719
-1.443656059566147,-0.4129541349948621,-0.5244491762555961,-0.5273058626344851,-0.3436647334725168,-0.1567379640915439
-1.4665739827123558,-0.2789634218022861,-0.19004710783482023,-0.4355337174798501,-0.6475619507568104,-0.1755869945612004
-1.4114321527894425,-0.10309898608380733,0.6812977207610982,0.9608753063306648,0.8526406917809403,0.32217334289077837
-1.469055011349749,-0.5941317804791746,0.22708965289227226,-0.33090473675495347,-0.31678932789891606,-0.13560936588123323
-1.6027784665638294,-0.31606394520552644,-0.4817358935656697,-0.4995181108741185,-0.32735088173925053,-0.20043917296748148
-1.2865568284884723,-0.11360848196404842,0.5039163458249009,-0.1013157280874228,-0.06847962737712919,0.08390522209628377
-1.4797138943674735,0.18303547518823962,-0.8215770019129743,0.3223270683714525,0.2247107817168173,0.1678995579853705
4.7071073121605345,0.4517407081776179,0.0849924528839057,0.8731561878391182,0.005244074835087433,0.3239222249799828
-1.5366579892697199,-0.453060770734395,0.17733323506748558,-0.08175152407792893,0.2390904765850489,-0.008220048713639658
-1.7855303666570064,-0.45028440813030113,0.27748961061607547,-0.0420355436816057,-0.2396775419959364,-0.21868627821902015
-1.469976424564468,0.2288376306543639,-0.47412816393990986,0.020916951594941845,-0.9511471172925208,0.0963457647141613
-1.258280110000159,1.0913996147822718,0.20046674005467088,0.4943564335342399,0.20914520354087365,0.07470833852786078
-1.629946796427489,-0.26365341863431224,-0.5857349361050532,-0.3033625857636149,-0.09673021652043214,-0.3000364408663186
2.957659242499881,1.456879199739667,0.46009262138691354,0.8282515471626607,0.8654978299855718,0.6033989060442406
-1.6773292323955749,0.2746332714624866,0.05166899742071348,-1.3093422542475401,-0.1372708033585715,-0.3655935896925677
-1.5503272101197352,-0.2103308519582625,-0.2815917150333664,-0.31982371470297305,-0.5896601447787178,-0.238687711602642
-1.6365984872301866,-0.05333153393615864,-0.8853756932456085,-0.03572722860252647,-0.07148736234512044,-0.05757953280974165
-1.2548915773194704,1.3756165538796365,-0.2963497750570891,0.7515448455326996,0.1840450653551578,0.5399869943188713
2.538225357377492,0.2117453549299253,1.1059503772362742,1.4392351194685502,0.1198729940420576,0.23327843470929255
-1.0365808497938858,0.6861949018925189,0.09722014578223158,2.30374505749111,1.717235412987367,0.5416855771481398
-1.597686640910842,-0.7203483138996056,-0.05540746599131161,-0.02140669097166346,-0.02779172801572373,0.12728366990221446
-1.626185812310518,-0.38339216829545025,0.24986148225336605,0.3851014624234607,-0.23257883186998307,-0.17015736473164086
-1.521610007033848,-0.25741909260009604,-0.9300386180026403,0.32766708920118753,-0.04107935028014641,0.06010926064963095
-0.5994099088632691,1.2497847038132281,0.69284589591871,2.0232752583239706,1.8604226794529364,1.067973160432704
-1.488492336762287,-0.17659822799688218,-0.3306024812795067,-0.5585146447451267,-0.382719229259013,-0.2878861355182853
-1.5755870572718471,-0.5402712171142958,-0.826662997048168,-0.4265282301656719,0.16277474326748995,-0.19016540478917604
-1.2816001222096909,0.053325178096559595,-0.7468161209330625,-0.09592686159059577,-0.43886869187916144,0.24249783545041179
-1.5020869364930194,0.618282974495595,0.5000087823472308,0.3331804722421868,0.45024579375537405,0.17304880612394535
-1.6064067798282793,-1.0843147985808588,-0.39968120823105796,-0.2542035570940744,0.33787216884875226,-0.3536046727073599
-1.4450027565794201,0.47293568672783654,-0.7914240297501562,0.409869649336031,0.180506399983074,-0.3012829920384628
-0.967812752720565,0.9538293407324498,-0.20208707796781214,0.22822853395941892,1.1305422226286996,0.9745621089775033
-1.5638907629484995,-0.4038632958900592,-0.2799590835981682,-0.4253671684152913,-0.028715444970000396,-0.348377550341671
-1.4355646085765918,-0.17929066758119624,-0.2709148323136475,-0.3376463148345574,-0.8714036717081517,-0.2089327568228582
-1.628306407044015,-0.5851609505166939,-0.19982550517352266,-0.17241120255520442,0.2736095619789419,0.06941783824976974
-1.397852100111233,0.028130502047905976,0.08231687445698099,-0.17575503154359431,-0.4166364332399548,-0.01138231700432133
-1.5901570776023115,-0.22201353372547963,-0.13747704122088886,-0.4429844118363688,0.12068113483984018,-0.32484605802273514
-1.4927863256086504,-0.4177052487488479,-0.10307561172344659,-0.3914362004749626,-0.41985732570981577,-0.47935720900976175
0.6959627091353082,-0.4623225174273154,-0.21780457805903625,-1.047709640056088,-0.2326733134725053,-0.28284480947308893
-1.5415546791870578,-0.5011620153784961,0.09877100631082675,-0.47760793628469994,-0.22307656372744886,-0.2261352457424695
7.169755964542563,-0.7815814277682698,-0.02446481892130405,-0.3336769366285323,-0.21052231757642226,-0.3618950697592643
-1.3914223918030482,0.7937297094495804,-0.8732599117962915,0.4309863069191615,0.4717350219208372,0.8371817715001708
-1.5205477731501658,0.8362925426336992,-0.00738330359811569,0.15318294893622664,-0.745224435294159,-0.05239098248434348
-1.6008063635846634,0.7012569915468203,-0.6849503998946463,0.4775428187129743,0.6659690330601554,0.3913949205521979
0.20010618587437562,-0.11825775960087744,-0.7169096632571003,0.023103998680285908,-0.7909199640184392,-0.2023190090828
-1.4465870884999668,-0.5669643989125159,-0.37565494087717793,-0.578262867598423,-0.28188305719395085,-0.1685053006840488
-1.592599542853356,0.054123884216764014,0.36830703705688767,0.19538742195031153,0.32028740878678136,0.08523703313206211
-1.3107007881074584,0.43141933931735316,-0.007930616429970432,1.461503765378951,-0.2675048007434929,0.9293841640945989
-1.6368106530195823,0.236501492930611,-0.6221881691381319,-0.0021997922942105326,-0.3445216610296266,0.3527355661459575
0.5145051946194591,-0.31915702759777925,-1.5873374813950305,0.2192734720847312,-0.8536930812329504,-0.14505093896215618
-1.4085803526986003,0.5792587302694381,0.4745865854249608,1.3023261416763994,0.52937532427616,0.17265291762694535
-1.5497769122388376,0.3160741414627965,-1.0712164319937008,0.2716104810358249,-0.4137895601689633,0.10638854249102848
-1.2727545334820358,0.8512702114913565,-0.9475720625676614,0.2904529991041293,0.8496555913598156,0.3522043798156362
6.305337536463564,0.07311175937076765,-0.46270593739331733,0.0059300625005633415,-0.06239409621231377,0.16138234222297118
-1.2027274865286504,-0.029059833861160664,0.8373200545900167,-0.31597342845107035,0.8198008137543903,-0.29611883166006875
0.3227318257358307,-0.23958140756536406,-0.7331463015661918,0.7799088158901336,-0.578846006808866,-0.1669117613581855
4.972008758473075,-0.16756601153534811,0.058897337512460554,-0.7898171958103654,-1.3574694096586502,-0.11947944029991624
-1.5460881787894685,-1.1213360402220318,-0.030941898183186014,-0.3645032891333051,0.021449003997889553,-0.25391610384245
5.45392438157641,-0.6542222421803261,0.3206364747928765,-0.14113796899937858,-0.3492945271045404,-0.24490176493074603
-1.5826535232555266,-0.9612385437570232,-0.28235800483290835,-0.21558643164248306,-0.14408206550896924,-0.19365254495864387
-1.7419982499095594,-0.5613434199751222,-0.18143352875682364,-0.30891223734688467,-0.27395174515366005,-0.2815793810375596
8.023509821842024,0.05984394398323414,-0.24456055168012597,-0.1998414345967186,-0.11507388577969109,0.03931540944207535
-1.3470695831039896,0.07696666569843337,0.5055602601096432,0.5381070621820877,1.1897838933591762,0.1569194728442798
-1.3890752892550102,0.4879403155890398,0.6223788062265073,0.48511538909233903,-0.3080294102092399,0.6472114634928494
0.738552357295373,-0.9716799676347327,-0.2848241877730243,0.4841434390810853,-0.6750889739814021,-0.13879959823559893
-1.6489731173878746,-0.20794045899050037,-0.3383426158949142,-0.5896247103494368,0.1264907191069817,-0.48802762078328604
-1.5162826481416176,-0.406093305973803,0.08777931076519965,-0.04571358076726733,0.25434716754221504,0.013702650843528045
-1.2050548937451149,2.443261719822462,0.6299888899671864,0.4804444863018405,1.146398986389379,0.551889268220451
-1.3724365083119705,-0.19775466599445893,-0.7335762446052989,-0.4435378313280701,-0.23714284285059875,-0.15560334079256027
-1.1069879417826898,0.53523658885912,0.674043196355607,0.7561249295282378,0.9783925272417775,1.0009396457153956
-1.7539313570772401,-0.38144161025861856,-0.0041611669779376735,-0.46540159725123154,-0.21777302513437272,-0.17809793460076903
-1.4826159993875245,-0.10305336717002293,0.2855458731253235,-0.0011743539652910972,-0.30447577436324363,-0.0961694506561599
-1.4189411412930242,-0.6114870802577166,0.009665997042353264,-0.2617802398029159,-0.474251739997435,-0.23783682334291803
-1.377028481501972,-0.20734391127199253,0.2894325637647951,-0.25823453477828,-0.7823662739818565,-0.7852785502000214
1.8602336100398833,1.3171449929075125,-0.4143543514678437,0.388573561173152,-0.44974415637343973,0.43960348287702034
2.326256886453554,-0.1839553890099685,-0.4897429559138541,-1.661986336139341,-1.1474806675183393,-0.4464804501168196
-1.4037976845395068,-0.201376377292296,0.10984903229102387,-0.6140609351645923,-0.7023593755796156,-0.4525832242467986
4.616708710288863,0.31726664580310343,0.08389108712481945,-0.09507644557232581,1.0928742878567081,-0.0392094945336121
-1.7240812951991855,-0.87945926453133,-0.10120916136154987,-0.2834838317421763,0.05665005072167388,-0.15427359264660057
-1.7651090141554555,-0.33427762814092904,0.005118115413405744,-0.035522662306616555,-0.4763035260894067,-0.24383441270136177
-1.2229745915367676,0.7746105924198876,-0.05557284415258451,0.7425987844594466,0.6694045843872558,0.6551693451811399
-1.3907933251789693,-0.1821103430252418,-0.38116658916886026,-0.021328709789819666,-0.21933580406260159,-0.056574510447347744
-1.5183218525044588,0.06537456591264865,0.15246449665343548,1.2666830625205567,0.5819250069025391,0.021478645537782465
-1.6450647330671981,0.009139596438389772,0.05299679758093987,-0.1510303650982369,-0.4418662228139799,0.17221137766085157
-1.3160926583353159,-0.14019907804120096,0.28318340490904936,-0.046054354561416794,-0.1849566209337432,-1.0103813426348536
-1.2312936012805797,-0.02173784268734168,-0.8964595645050252,-0.06127069175985516,-0.37946986171850694,-0.004090188597559658
-1.488307183283909,-0.29124710006148025,0.28937727677479064,0.04406137122419386,0.163678880631204,-0.13926397613511624
-1.5748754855996265,-0.9217681441355123,0.21836487804507482,-0.16224552347596732,0.05931359879716825,0.06599221992079794
-1.4404025990239013,-0.25823588489485283,0.048017703424480446,-0.26027254266304023,-0.16808567284619277,-0.09937532650084517
6.644376578187721,0.5840679026949352,0.21912922927512757,0.04730604969874162,2.3157346526064253,0.2976401566501188
-1.6767910104012098,-0.12577941834606385,0.18877869213009685,0.03760963231279705,-0.2742572480448258,-0.11432950241079363
-1.512434453791292,1.1278255746975183,0.0026547719158109815,0.5722894562871284,0.8434657570554804,0.46592841012884195
-1.5932004578934833,-0.30643806419555847,-0.2721912633701247,-0.2024162414829545,-0.3576321129610184,-0.12706150935667868
6.441447490051549,0.210259611752197,0.061861560835831025,0.059300235245870095,0.15887053225356096,-0.014552935579929267
10.133108535070797,0.06435403127847855,0.04368342925086988,0.34873142023559106,-0.10251028117554176,0.041638188381963266
-1.4686991266229736,-0.5854468197155498,-0.2754522657772388,-0.5132029681914099,-0.5458889120144056,0.05660945088323853
7.21644741023406,-0.2660315243582582,-0.08323236766882892,-0.41364237964018524,-0.11490871105480292,-0.05365303969264282
-1.4568255343698522,-0.05116463046410179,0.6837698456152176,-0.3389555751226789,0.34396741646274853,0.06193428043246852
-1.5319250367848694,-0.350671377522007,-0.31988554091302274,-0.37125472063494763,-0.46711827627855507,-0.11278389869704515
2.0579663249116678,0.12436104663227068,0.07145767230675888,0.519630788782708,0.6302179135344335,-0.10646720535592509
-1.595803213442233,-0.47279339282263244,-0.17643040557378095,0.020657536685765168,-0.5144930082845598,-0.16628834955080085
-1.350865042142406,0.20806101217310544,-0.3786967082722453,0.5305061522520649,0.6339199359695096,0.2805081576701974
-1.4178327939969635,0.7257525330807691,0.39702351396275526,1.1092998307621347,0.7972602833666912,0.08032554814724539
-1.4823517756534643,0.07464858157968066,-0.6734407092683198,-0.28598973594234917,-0.31540361922015303,-0.33893184135459437
-1.3885186810064745,-0.14470951227657272,-0.4213874988126273,-0.2808582789499852,-0.1709156553584736,-0.0755231647990677
3.4591204117729974,-0.008456980300881784,0.07005538995816554,-0.9589945356272176,-0.7855333809535838,-0.22125761305342476
-1.5090821387112054,-0.19522683181295442,-0.24632081941706788,-0.4050792754189802,-0.07275690231941133,-0.41299784603438794
-1.5637589360408004,-0.037154891096118095,-0.42401568580411375,-0.5793576734877217,-0.06374504959250539,-0.36739466098092743
-1.5127244346317543,-0.3088104462921286,-0.2816988299916232,-0.3527982030535494,0.11103235150931355,-0.31337028386566973
-1.393659626557865,-0.4479267655168451,0.09496714146940052,-0.3159216365751203,-0.18704290901084308,-0.42348078696769953
-1.2604991718537326,1.6888909614856915,0.6035139516511584,0.3879061412336373,0.8404926837346112,0.7766852016051511
7.014625938480593,0.23718076014254583,0.4472756526702639,-0.015968787093342013,0.3379330445869466,0.050539256718512775
-1.4231632865764243,0.8909223844870785,-0.5200035332567926,0.40842743279193405,0.5553806166937245,0.9146418526522377
-1.5648013163586194,-0.31261666026021423,0.10084896805333586,-0.48517135636891795,0.08620510128647325,-0.4247405077476629
-0.7686989652595707,0.8768199721842344,-0.17294736251718093,1.1655980426809394,2.160622774797351,0.7744885757766646
-1.7080615693049914,-0.18119272109489085,-0.16262101350001062,-0.35003333891434224,-0.700916552559384,-0.20033931814933606
-1.3707888656865974,-0.40211396078422695,0.0900638140988219,0.12184312376969497,0.6738729200735837,0.23620393193507797
5.419560030312175,0.6804923099498901,-0.1582696557506511,0.16323061268819564,2.0348814844297487,0.20436916497788998
-1.7068396890089705,-0.6415656299524982,-0.07058947222017653,-0.09612010309967779,0.053241210801469804,0.061541825876305085
-1.427165461280236,-0.1836387914805953,0.18447767641342736,-0.03875478009537026,-0.337719433370215,-0.09924029794148788
-1.4298939546157157,0.4928871931099272,0.3101239312649405,0.10112745092786996,0.5618660091523334,-0.20881222133620683
-1.7423968605936804,-0.6985481737622501,0.05421303067052289,-0.08991001748917167,-0.41961641492527624,-0.015456816429053874
-1.7223083784619773,-0.3368849039154921,0.09399555305743537,-0.26885833975271645,-0.1792438932848886,-0.5748188253825102
-1.479664399438192,-0.005394444195533096,-0.6149325635674452,-0.2859424184971115,-0.25818817220590895,-0.3800607265938421
-1.3420008962619714,-0.36706693740363544,-0.7607518751595119,0.14937091725030066,0.7669921633906175,-0.07493700692404769
9.832019857918938,-0.009959410207701927,0.040240177181582175,-0.06695204601784459,-0.1428538458641113,-0.010601107806332066
4.647521173791526,0.49545688843447466,-0.04969245571604455,0.3731813870424547,2.244729554169563,0.2565401677429038
-1.1340707297023,0.10852525189553544,0.9928987201366611,-0.11174942815055086,-0.11253357397350348,-0.3195545567709321
-1.2655761575058417,0.758416022415211,-0.7178881059245847,0.16755461758060747,1.1414016120949577,0.2132539779227098
9.148570444446527,-0.09080904368719939,0.09748240479086637,0.8782941529025322,0.16776845936321794,0.05881800222632195
0.05573732698699072,-0.07258760350685736,-1.0859119729675568,0.5953590109719198,-0.7811776297517936,-0.09952002048269297
-1.5097848618039345,1.2169501070617563,0.6493831377500733,0.07251551715626806,-0.7637389899945556,0.305082931861744
-1.501885976794366,-0.4161188118395949,-0.251603513483952,-0.43575093831939604,-0.1732629191100312,-0.05424356649346754
-1.7274531887415143,-0.535730591748191,-0.2579299304448653,-0.3056096822653387,-0.2577094996283405,-0.2712550042917156
6.871015057299306,-0.006491298313327304,0.42205208526528765,0.23478830336936798,-0.02967355575507431,-0.0947866951877759
6.076354057312684,-0.6764343285923526,-0.2526685819940458,-0.5780320491468737,-0.18451892252405297,-0.12961864560480574
-1.4426129541067343,-0.4182652411760184,-0.43107631118172024,-0.5101755185911601,-0.17509723814657466,-0.0665836627713401
-1.6726949606515453,-0.23102171536216623,-0.1505227779824579,0.12724760570513424,-0.7127943140351705,-0.2166102660786297
-1.3892839805762847,-0.2523382460059825,-0.42600916160049707,-0.3144143607646324,-0.4062878849426552,-0.24128386655480674
2.391006474388063,-0.011555553802580176,0.2918759799997071,0.7596643482862435,0.13224193423387645,-0.17452328146182602
-1.3566702806756015,0.9542364751980978,0.7353958053705393,1.1542108075290887,0.8763900141183606,0.15243791635389523
8.981407392719943,0.3197511362914562,-0.12640540888810467,-0.07215815341770775,0.0019160306617615733,0.2578743895562117
0.22778362176239533,0.07348835536536906,0.5470437078897857,-1.7872021255883075,0.03700728338367016,-0.3542895721149592
-1.5872402779944665,-1.0000338118987755,-0.2570090883073821,-0.3987296174032826,0.13995158413159398,-0.27760059913212476
-1.304562641333214,0.15225691162232158,0.11624160642996657,-0.11100646253329374,0.5752779211535715,0.3236722795667999
-1.588840365328462,-0.6418621944865462,-0.00877203110014868,-0.39747113714226984,-0.532926566869142,-0.09459293971498506
-1.2842443411757318,1.4448245655286476,1.0895389034988778,0.37178727205199424,-0.008270777009095518,1.225192254688725
-1.5419683100229586,0.8827483951199432,-0.1336703891082827,-0.0003934863119673703,-1.3406338326191454,-0.20373039139543286
-1.3807178819831551,-0.5481081873374372,0.009104336742609078,0.04531384948532028,0.2429361816973086,0.16111963389524853
-1.6281392606910468,0.1730084095922157,-0.28564825396854954,0.01840040728328373,-0.2623867163571536,0.4630051836495435
-1.740165036640281,-0.03154437233774405,0.2942750489472388,0.1383691895375465,-0.07598486990203081,0.1434109526364426
0.538390074503174,-0.45981283527936156,-0.17586648399840096,-2.1385094055116496,-0.23777961078946405,-0.37451547387464806
-1.5298650565946528,0.4163481435960129,-0.7599034680553541,-0.3445677375395169,-0.12643241815684506,-0.664471115394825
6.634019695762899,0.12248029485850584,-0.019029474797898883,0.009287443643032226,0.08691805378014106,-0.1439808210749832
-1.2978033852111606,0.4368155359259984,-0.42688913978430654,-0.037481435518644315,-0.1181006872320009,-0.05803270007042679
-1.5864942843107779,0.7309565820390084,0.6271560355493904,0.14380415646902756,-0.951525358440587,-0.3082649676570241
-1.1456600252331048,0.16214935361025928,0.44558513205907485,0.4791548100466203,0.21627455836222761,0.1264078097671544
-1.476937966575757,-0.03640971966340663,-0.465717609107146,-0.18709631369881816,-0.22844981066118203,-0.03685541563922391
-1.3371232822917352,-0.3423451861085036,0.30364490121556964,-0.36694453537529564,-0.4465813339884656,-0.258796148265537
6.277751545151652,0.6848192106351926,0.2880873815098344,0.5249876737961776,1.0097681467378965,0.344509278449938
-1.3601112965572406,-0.3026928629274101,0.10076897805189743,-0.6090980047263782,-0.6058005265531963,-0.29649109205656
-1.1147692847043438,0.718981415603855,1.3637268759598318,0.01622576637504028,1.5099912294324203,-0.33260052322912487
-1.386213243402074,0.0007502144791356533,0.8352960047511632,0.35310304320326713,0.3669458771662952,-0.0773706931505831
-1.2021238940857242,0.16212492248203944,-0.4511607655256286,-0.20286583082973675,-0.3245346946177718,0.0325657484252568
-1.397120431914343,-0.3947885784383598,-0.15012487941609393,-0.29248852385946306,-0.32609663166559477,-0.19253361672063257
-1.3425714765194168,-0.16793843916984957,-0.1543879433267709,-0.687389972484877,-0.6511759837501742,-0.1891365479028315
-1.6052690348304675,-0.4305991289316934,-0.3448138824297045,-0.32186417053984423,-0.059284622064620277,-0.3994990975084055
-1.3557364181389584,0.008568324581042387,0.1719001604561741,0.02722644411003343,-0.24058085670090473,0.15471470048251
-1.6234367052671257,-0.7093015732281333,-0.014828438968723434,-0.38208959604612736,-0.6505436362758531,-0.01722257265951673
-1.5687286991097842,-0.1844154548612964,0.0350621671478153,-0.40375750955484846,-0.6976163310369157,-0.26099241630926184
4.242848984038574,0.2615129056339141,0.6108979880882428,1.438795255086859,0.7651776193854248,0.8877012320298158
7.197733777861436,1.2209401648010898,0.3489451919113865,0.32088503972636717,0.16298344749288188,0.402490089483613
-1.377480340488883,-0.12125999910659667,-0.3657996123048227,-0.6203197402775243,0.1856615581153523,-0.5959663227622959
-1.5936522106577549,-0.10371542145330834,0.3789195310140292,-0.1727256851940472,-0.27700297697770493,-0.3221676695124258
-1.5727257473341016,-0.34947165970135147,-1.0348129230656495,-0.3437981531142744,0.38048363699121057,-0.1292906629445279
-1.4526978634464227,1.1112780549276622,0.5751313316730093,0.11186752908111249,-1.0497380121194724,-0.05920269735899512
-1.0194948862388582,0.26798974713355855,1.1534556918478671,0.40363028167002446,0.3164920698019595,0.24638863579818474
6.433703493817131,0.9151230196238481,0.26575262406443934,0.3537151729143843,0.5825583471614355,0.20910409367466115
-1.556165431220254,-0.1360608152014452,-0.01945648519552437,-0.43352796097853896,-0.042889973660345755,-0.38079572854772215
8.04680905876944,0.06406585717150237,-0.01069011965747931,-0.21032040195165605,-0.1370442701379047,0.0337197519597765
-1.691291702446974,-0.7166019542965519,-0.02591184305472372,-0.007766112048423202,-0.4163732261721496,-0.1298815654072229
-1.7118104710039501,-0.42542583511873977,-0.26854568527872374,-0.6884573525653578,0.04857482381051153,-0.17682847672453958
1.049909055361346,0.013576086387809905,1.0455609540536739,0.5961214783921336,0.15011272365750297,0.03805821492419126
2.9032551555272503,1.6701951822922294,1.1332363162376027,0.4991791017705209,0.7560507608040163,0.438368111678277
-1.1956815570757338,-0.00405919576182174,0.035171696233060774,0.4046370197868697,-0.44726496458011256,-0.2393300153475575
-1.5338721110316609,-0.0938372001855297,0.12956712664185788,-0.7472401148449674,-0.3588092551239826,-0.5872280909824651
-1.3066412409716177,-0.2972659920293438,-0.2577530759211961,-0.5382108800506746,-0.7910863296547576,0.21853942912907626
-0.9522572536702036,0.8443514306730506,-0.6503461214207487,1.9023172693958517,1.8735319222125615,0.5378363351542077
4.666371380161251,0.6948625026094968,-0.020900437608633873,0.7839925022259726,0.15413571007884025,0.5220948106788919
-0.29789418958068037,-0.5727258927052425,-0.4874415057362333,-0.8659368696199807,-0.16432257518020288,-0.333623569711485
-1.3642662636207425,-0.39867204089987496,4.184586226070806e-05,-0.41163676914697694,-0.3335308436306044,-0.15004234967045485
6.503458472065844,0.2994009856642023,-0.8452576614362852,0.06053849626930826,0.007067251364217465,0.2054849269854395
-1.5480974240064551,-0.7841515193386784,-0.27781018425121107,-0.2961440951387744,-0.20835000372518325,-0.1921727624132026
-1.4294471481945956,0.35742826328979793,-0.5624012442218552,-0.06419098611769537,-0.09076879860807635,-0.3678805159715713
14.204914319760379,0.11963550837822043,-0.16698580577561833,-0.12086325374573732,-0.0056396228745406885,-0.011521121774453266
3.513527451592487,-0.257144541247175,0.8872448420425356,0.9320932541139596,1.0881767076214235,0.5662645353542495
-1.613762474556271,-0.5884847804596399,0.30357928840084897,0.05411297436058765,0.08081482324560818,0.17491915651708909
-1.6289233395622986,-0.026674483189677106,-0.5378886769443867,-0.13611288424475715,-0.05007045771807159,-0.16818524585655473
-1.3410392634401567,0.5094632420240917,-0.7852097254344963,0.40652830895052916,0.6129922042406881,-0.08291361685091606
-1.6655092207790014,-0.4759890152548145,0.27002058627884973,0.08022585973112767,-0.9712544129368208,-0.3586495030360924
-1.567936534002683,0.18820236605257043,-0.6458117913595242,0.054369542135500395,-0.8934647710622706,0.13378725994712615
-1.2147149929649266,0.2203057405539643,-0.4666983722103799,-0.08454539748469082,-0.3055030351581093,0.1520693181685418
-1.2954022348735064,0.44589625237866826,0.032047970612517046,1.4894902699111798,-0.26334868518732113,0.9682848938484696
-0.7355385936414653,2.7535415545862176,0.7889193814423828,0.42391384092206696,0.6956484671674563,2.002940732927545
-1.6365984872301866,-0.05333153393615864,-0.8853756932456085,-0.03572722860252647,-0.07148736234512044,-0.05757953280974165
6.21742477784091,-0.13593654437933364,-0.4281448897148,0.09221841916790183,-0.1552633655989371,-0.20856920146620836
9.704615153945198,-0.05632509172023206,-0.23834096330981513,-0.09689646781281536,-0.14273466748470626,-0.014555262615833087
4.462398839965506,0.17128228562644449,-0.5551442155199838,-0.10878033946272987,1.2576805117776,0.02397293034174385
-1.5674593196898239,-0.18567707460868174,-0.13092857859236567,-0.5522680010602734,-0.38783975899480005,-0.3463336062180778
-0.911071073481663,0.5774417003572687,1.5902987354670968,1.1612443997164763,0.32282171108156615,0.7898765521867154
-1.5783690018515175,-0.8790727445889893,-0.7936083478705577,0.11944373899792707,0.06782236384724075,0.05743936694175118
-1.5500398944516258,-0.8999909273955249,-0.38562717060200524,0.03925614341916955,-0.09936058481479557,-0.2489327558431101
-1.5759987086391436,-0.18315826302789592,-0.14049337339405155,-0.5538886974531807,-0.38878767614418014,-0.3340759813292433
-1.389901583865141,-1.0170121450697163,-0.31253843003844484,-0.014622649916634228,0.8465170814529508,-0.18952666788415015
-1.2662153679429697,1.2829351618904339,-0.7741216553755185,0.3452196792802621,0.3810323612702643,0.17244613631707514
7.259420777146588,0.6339162688477279,0.6366346024076273,0.048632227801628784,0.42604411021113386,0.29823921247596913
1.800640469040265,1.6727824652908032,0.870554146148091,0.7138505164436555,0.07738515261985648,0.30123216042089407
-1.5917122379656,-1.232368417426418,0.09388977278709162,0.34166339417556835,0.19841350898138602,0.3583220809564054
-1.2822922471095695,0.568469644129519,-0.5834955718573916,0.9639416933375514,0.6939687060862804,0.15765073565824717
-1.6870970413859683,-0.5536846285091414,0.12438284816284424,-0.09238218914160341,0.2625094296528054,0.036880474900691934
-1.3589752640481847,-0.250356942150783,0.06313833834612655,-0.5636878124045053,-1.1761671584147786,-0.12710379396429217
-1.2215954351388476,0.3976647944306736,0.14895972763406853,1.8567183936585456,1.279675586038452,0.23046727288945332
-1.7232033141869598,-0.14457847031462956,0.1445019801014968,-0.004298765604290598,-0.7528065577549877,-0.2593561540380677
-1.5311267923405374,0.06990280867555376,0.3536210393302575,-0.6732069864870635,-0.300157416729297,-0.422654505931281
-1.1391889637459396,0.04692883331705793,0.8196179264564745,-0.18551645783209603,0.8920042606922923,-0.2123452229666757
-1.6941555891588946,-0.354254468324356,-0.019461407156129273,-0.3191734892959733,-0.28675295588012595,-0.13614182878859296
-1.0639688316920535,2.162525857259036,1.2708344182873217,0.527381747131403,0.9650297417378839,0.5208509027673252
2.4559295097770897,-0.4006143616460555,-0.12697431538945436,0.703285681211048,0.19502651825750236,-0.08133190828947366
-1.389732158501311,-0.0334103028701892,0.0770304559920667,-0.40912380383113844,-0.3785750224235116,0.39122704500325794
10.170962575096873,-0.10662261928811502,-0.22200690297920975,-0.051240972905274025,-0.0701528395607908,0.06182779283585694
-0.9867515773254851,0.9095253165123072,1.459265282006375,1.7596452937578757,0.8493660160904517,1.3226009142965993
-1.3141906289940797,0.1437236452978947,0.7429171091180277,0.07064280087345044,-0.23147879319186712,-0.013571013767855165
-1.3101188414741451,-0.10329102494570391,0.001069412203553507,-0.3882251035553059,-1.0989277553697512,-0.45523732551172635
-1.68719463325965,-0.2797957306656886,0.06882673311437958,-0.2530635895932691,-0.1825911867764547,-0.1819875222519198
1.2830564209232451,0.9451875205454519,-1.2982729512658688,-0.25343957095389186,0.18223707007744405,0.32880497288517674
-1.5630787419055103,-0.30358523606415166,0.12271496607203071,-0.24049684931752827,-0.4109618616174153,-0.676654777434856
-0.9070318477897108,1.0304821588688635,1.1155554594862818,1.1896623785445037,2.060704964755082,0.10741234749525323
-0.9592375698235621,1.031555856370698,0.24863403297575898,1.5820331004866242,2.3152248159484237,0.38490263368628774
-1.5422846210980061,-0.26330428848312504,-0.04413358800122007,-0.2544421556814526,-0.620818732620576,-0.24165002468914162
-1.5910191230401352,-0.3281326768457752,-0.48108019626937254,-0.4706266645137133,-0.3134763493396007,-0.12986079598192493
-1.5705893579277854,-1.032092495659294,-0.3258923649271057,-0.029121691120726958,-0.06734709181003724,-0.2441904002951729
-1.3722209210539424,-0.15999557430518593,-0.14881452198263603,-0.3400063514555828,-0.6086016070376091,-0.25171754467107144
-1.3250144731493012,0.334166999862666,0.371620616976228,0.8670000895787734,0.515207618465689,0.6944232270141741
-1.1521246916099712,0.7914771787706144,-1.0808039701179706,0.91207851024714,0.6171420279114925,0.1473764941354866
4.625362151468931,0.473395132061484,-0.560920775478817,0.3772879478161627,-0.4286141367563134,0.1629695892869286
-1.4837852173790538,-0.4783554823740968,0.2817357436208775,-0.2966450666305911,-0.25854825973049816,-0.42193595064122297
13.59776108102853,0.11332652056005428,-0.020222498856017793,-0.12516904277038476,0.06331155019295487,-0.030835447005544518
-1.3920696042314034,0.25211881551878484,-0.4748802722007147,0.5461163488725953,0.690566375255118,-0.07675851620578536
-1.5185370346742946,0.0920080233057656,-0.7471824842380327,-0.2658163082305258,-0.2938070461961289,-0.3525833495722593
-1.5898326872811,-0.17668047686475968,-0.1570380837795294,0.3994960511957754,-0.06730034405951939,-0.4017783141043286
-1.6192130657123742,0.2874924491316728,0.2412357610141772,0.17145654701953605,0.20923875580057302,0.35927887746457515
3.683561590454537,0.26606248574667335,-0.22819578903091445,-0.2578844277082661,-0.6589319749462443,0.15017997139636657
-1.390694206367267,-0.11701826934697279,-0.18891110401288805,-0.0694707438807365,0.10940278087060604,-0.1521696835847252
0.38208562472385177,-0.3231139015235997,-0.597623787490432,-1.644449879285559,-0.08500034917598256,-0.31241323210719907
5.2717308567628915,0.3925629637702722,0.4944245399396722,0.41011135979763663,1.911183664552098,0.27095009252669133
-1.3963944990323511,-0.07618030697024955,-0.10344192848449768,-0.45668647341682245,-0.4350311143726512,0.35327068559168384
-1.6843996919550024,-0.5070134814175756,0.2872177522049823,0.07498566801608486,-1.0069158895541226,-0.3968274781114081
-1.8142038368272044,0.25959695236572666,-0.07412460008268651,-0.011024504530526258,-0.7857077816644441,0.02152361181045821
7.099720194459654,0.014337086551874956,-0.30012756295996396,-0.04808238876839427,-0.02489680435875587,-0.009477165794796752
-1.691527151274631,-0.3478928198518804,0.056472822966044334,-0.3423313623131883,-0.1077053919603092,-0.22120663722135336
-1.4741232200003551,-0.21072502736213639,-0.22932086400124743,-0.4293413696079603,-0.02213905489374519,-0.2826540346288337
1.0206910389992088,-0.38255598721363276,0.19521966934161947,-1.6150481058120887,-0.00442007115994012,0.22086326256814232
-1.5075822075315817,0.01431689483651462,0.24972892930832608,1.0443704884700686,-0.4098876770256322,0.23251029173104126
-1.5626755499295697,-0.45507733222090063,-0.29473246191943603,-0.4880517779417886,-0.41945910131977676,-0.2143961408212607
-1.5066670186252875,0.028496123980710813,0.10752219005172656,-0.24315230906210852,0.644761270107158,0.0321286221511907
-1.2195190376033977,0.9821627272771937,0.6552562498189827,1.506181615137274,1.1166697219424382,0.5646917824404654
-1.0984081446222222,3.149496643720053,0.6323177809722794,0.8178752847940028,1.4155736129759653,0.6909966257868497
-1.6180933566894136,0.5115868704949061,0.3941674209775658,-0.16569562977209698,-1.4183207952309973,0.07304639940870307
-1.5618180233684285,-0.4890027040294199,0.01226942646249391,-0.1133666231879216,0.012124659704754452,0.09832300174233649
-0.27406441759511413,-0.40960168668842023,0.01912276949873345,-1.70924979237304,-0.3199922153662942,-0.3124398656756824
-1.6978495062103582,-0.2866857230694304,-0.3472770534815054,-0.06461909416146176,-0.678264724641291,-0.17779234161560487
-1.3549356586375956,0.9441877588162227,-0.9122033318900481,0.5697895609229112,0.47865056305223685,0.8031819832479024
-1.7131653768721549,-0.1672855488472803,-0.06689922154513642,-0.3205345349939674,-0.7218859377918444,-0.268384122064353
8.881301719517094,0.23686028743712956,0.014996569016521303,0.3845141797230862,-0.040943688756152764,0.10052904426199268
-1.7207568163816136,-0.5153633487773818,0.1418227211359106,-0.06384183426829762,-0.3723723795206048,-0.5000946056589719
-1.2328959329732456,0.3697824107261566,0.1094235697838156,1.8612523905391611,1.2168318356372736,0.2748722328780394
-1.2328959329732456,0.3697824107261566,0.1094235697838156,1.8612523905391611,1.2168318356372736,0.2748722328780394
8.331251874093612,0.53540047205199,0.5551092526703659,0.1463432652500261,0.27255852871133396,0.4125340655498998
-1.1840636503975892,-0.19997327685826047,-0.5660695285825914,-0.18301355381183343,0.2881777134626339,-0.6126846719434711
-1.5749787809582634,-0.1317106869742438,-0.5142695708152437,0.32683094274242985,-0.22444420678513344,0.2140581415487859
-0.9416669363212758,0.7001956872331119,1.2961214469848372,1.0428900769463756,-0.20968252723845562,0.629494414156403
-1.3844931871371704,0.4591325849813505,-1.1856314916743032,0.10789387631438127,0.12282704208922815,0.18549643375495029
-0.921686156586369,1.0509764556327117,-0.7856028391691671,0.26801888360605514,0.9472595052630192,0.858102283427988
-1.7303318469039533,-0.3662531260045284,-0.34587357665022594,-0.11122050734700668,-0.7049758207526562,0.07834848501568195
-1.4674204092793677,-0.49521304721409026,-0.069977430738248,-0.4553205139643534,-0.47040856257285946,-0.25892235964638366
-0.25837776495903664,-0.6615918664207224,0.04490520587431735,-1.8027098671603936,-0.14924133353140445,-0.4320461232306128
-1.1633159799288793,0.8884025487845969,-0.049793193732553344,2.451299889048378,1.508709234872396,0.8287221339878588
8.955807717395167,0.2854469869425485,-0.5815534732936833,-0.04826544519634421,0.0037870598408372906,0.24832774332030477
7.345254875171015,0.613257631329754,0.24630899944362275,-0.002185590211436668,0.3439770857107438,0.2641052680595107
-1.4318226508631453,-0.62757449333826,0.29752344931079816,-0.030857299216416324,-0.4313423051495033,-0.671937605105037
-1.5155658461791213,-0.12801030479950257,-0.18155027626114692,-0.45764604051349406,-0.5339301212749468,-0.1753807677278556
-1.3916415239773312,-0.4765956066436738,-0.36240250444968786,-0.173077551387497,0.3225755707331625,0.02853765050789717
-1.3437124111837166,-0.40280839499304094,0.7874710219460954,0.2129974467533353,-0.15861223812788017,0.03847191914997168
-1.5880205777250207,-0.11108296540490521,-0.5901166013740415,-0.3137167576565469,-0.06339246607325731,-0.2953745370247641
-1.5595046791875635,-0.5450397178480366,-0.22216757398106748,-0.271358381706993,-0.3668565242663341,-0.27730578343821777
-1.258280110000159,1.0913996147822718,0.20046674005467088,0.4943564335342399,0.20914520354087365,0.07470833852786078
0.4622044463237533,-1.1015585094482194,-0.23771288479777425,-0.055483022026403844,-1.8397120961339908,-0.4182429838061969
-1.119187945401426,3.1067814182011673,0.6492716155200358,0.8161512727299867,1.3501394983707953,0.6791707264369944
-1.0069665609368723,0.9290934811040139,1.4428887643632726,0.9933429076980871,0.2515730414309002,0.7228176183539351
6.442135728868579,-0.4513126396198328,-0.2456173622682374,-0.1724398518620238,-0.4925236616615119,-0.2307913425039872
2.39664536012079,0.19454448785968922,1.0276485802166342,0.8416367417192558,-0.14052726868534876,0.09073976332352679
-1.2123127370025313,0.4343285145232232,0.05807696836705956,1.8334631344073034,1.21532162534942,0.24364738913053272
2.6670621023136243,-0.1700580551031065,-0.03510577613847468,-1.6704726085812878,-1.0975371666296558,-0.3937735806399705
-1.2162279791389674,0.38789572971481223,0.723872100766822,0.19324245037749035,0.9794328601356097,0.2706457150889456
-1.4617498379807883,-0.10336846906751117,-0.5742040770147507,0.5616382958582655,0.023236517761865607,0.21825921447922408
4.7195302781685085,-0.6171155452536332,0.013437955695011888,-0.1483521210310318,-0.24299128289995034,-0.24478156657358122
-1.5254310931662354,-0.28304540478843004,0.16240596804257684,-0.14601188562120979,0.103586424290927,-0.17477864968314288
1.8387411356516683,-0.6300927854917222,0.7475833326273946,0.978519991329834,-0.6800644327132186,-0.020272315671174806
7.105792660321904,-0.4224925270554949,0.07759055269645819,0.010375722451815955,0.1655933870694711,0.07283509592713679
-1.5352180437868819,0.039297908587690576,-0.7304510408416638,-0.14107719775814062,-0.22004610432315275,-0.05382427514247094
-0.9753615262004153,0.44493612855301895,0.8174279932296314,1.1002176719160595,1.1512495060949277,0.14002407276895773
-1.3137944021000403,0.03175064091226138,-0.04560930217551589,-0.16940760415329434,-0.32008720177429495,0.00025411026062699746
-1.5995538034756207,-0.1714954306772831,0.27201894279780525,-0.15637306142045423,-0.2644853863256441,-0.3266410601532318
-1.0026724953476671,-0.2434741120600995,0.7976224548140277,0.23251335039835613,0.3719841255403469,0.037263505156923026
-1.547977520080745,-0.4718710117778349,0.4240245412688687,-0.29953609230671807,-0.18631034521803205,-0.2889926137998882
-1.5547715554792199,-0.4516814049410546,0.07390809582195923,-0.6260147507816236,-0.47332665736458207,-0.21488390374398203
-1.4934761340840021,1.1515428055998729,-0.029234408883143867,0.27328671340215255,-0.10129551910709919,0.28779332713093947
-1.0308309830434454,0.253520832207257,0.6185345319563098,0.5977352035846131,1.2138489480526098,0.2523671845805382
-1.6298583198906373,-0.1258218780891448,0.10110385601502374,-0.4982924538989143,-0.7162531611245728,-0.4206779754371299
-1.6990128703426572,-0.20613946737922018,-0.2654858101532708,-0.2535164852947892,-0.5132205441115549,-0.2108850531833785
-1.4476795050480298,-0.06233902185213495,-0.5845808819708613,-0.08443489104476477,0.08583024241808938,-0.09190380882106176
-1.6973995539347893,-0.5231151164434243,-0.17668226926368422,-0.35896509397385457,-0.30502614233627734,-0.2832876309355509
7.064154758493393,-0.42087270220659595,0.057517558088670484,-0.21255666042229057,-0.05734545143297128,-0.2830859312885963
-1.3103829867158219,0.15198447642206958,0.7923137408154054,0.11610871440343122,-0.21672719707388946,-0.00784542305540146
2.908572292921183,1.2009963162623258,-0.8212282855153022,0.8911597976302414,0.8176679256386964,0.5828726517686141
-1.762979787089015,0.4959515384570393,0.3435267405366947,0.028214117982457224,-1.0604014068039933,0.16343991966928384
-1.4334058579039533,-0.26821339987567705,0.08613130018122357,-0.3538922613320189,-0.4175864259070821,-0.23111464417574185
-1.1325361537340586,0.09985674057430176,0.754080930243545,1.0915020559356663,1.0960014896691932,0.593111775863658
-1.603386420290625,-0.19411506136574325,-0.3907426402225227,-0.23097631216793882,-0.032650852787481664,-0.2395156740749153
-1.4837852173790538,-0.4783554823740968,0.2817357436208775,-0.2966450666305911,-0.25854825973049816,-0.42193595064122297
6.992349833452856,-0.16010268309028314,0.6280724738277949,-0.009195277975038897,0.1095342018063032,0.0465766013780371
1.1635061555466373,-0.34567239893310847,0.35856006492839465,-1.3556178145732212,0.38578415103248637,0.07915279524659327
0.4622044463237533,-1.1015585094482194,-0.23771288479777425,-0.055483022026403844,-1.8397120961339908,-0.4182429838061969
-1.121300463082067,0.8445982474374191,0.13172199111314087,0.7545600408936329,0.7327700915600888,0.7195055228174266
1.7121033307944278,0.018374041572230413,0.7648952566348604,0.2935510436563218,-0.790258532287705,-0.11517924915850963
-1.3713906116503045,-0.16111779750110686,-0.49109108562455606,-0.4177039094453942,0.021863589451945435,-0.1844260234283778
-1.2301014375663908,1.1220491005107192,-0.4400858628152403,0.24186105549799466,0.8200169175670113,0.8088336743526418
-1.341262438796106,-0.1249415477390068,0.2645436027510347,-0.608954349923758,-0.9072368453089913,-0.1088260353037783
-1.4404025990239013,-0.25823588489485283,0.048017703424480446,-0.26027254266304023,-0.16808567284619277,-0.09937532650084517
-1.656095057882741,-0.5993526643891143,-0.35953475090845444,-0.12478632114360984,-0.17876636091931822,-0.22184902256186317
-1.6153457972368612,-0.534923143405562,-0.11001844432804606,-0.4630303318200728,-0.4313457555385486,-0.27972889182364713
-1.4567566326611003,0.9245337010547867,0.513559671230281,0.36585098656335435,0.46542188491424286,0.31444607213543024
-1.5134698963998399,-0.2495316726203034,-0.1926507460472179,-0.3998115603739978,-0.2934270091408816,-0.16484486170160934
-1.5704791298697969,-0.3573889573274786,-0.27967216160136077,-0.2261299291015565,-0.40290598993834054,-0.30420593329209505
7.354377554287013,-0.43775607928302707,0.052627207901856335,-0.053130375479484154,0.2135731617561874,0.09626839657497117
-1.3133198875450742,1.8321068788924595,0.7019194504454604,0.7548414064789939,0.44954642836453834,0.8700702198028905
2.8180906164066535,-0.19658964463945044,0.382112460816745,0.7285152614980567,0.7722313811445527,0.011722913439776347
-1.5969503332137456,-0.5720653819363293,-0.1971423486982124,-0.42333992374647333,-0.3412333135669223,-0.3036610629910579
-1.5053652754624436,-0.5334293305333404,-0.49505784576866885,-0.2593037391979571,-0.15334604531989707,-0.2287889777783884
-1.1043536117841135,1.617704347070352,0.6791847048137969,0.6607509492668365,2.1393777229466777,0.8281760856620038
-1.2327597321272312,1.0359722550917756,-0.1414006091530563,0.7177976757193055,0.2399080655099338,0.47309979568340954
3.393603904167865,0.27059319852616653,-1.0257390872092358,1.2221919955223584,0.6963819818145134,0.7396613321967546
6.742369312646946,0.049475983425566264,0.36247719362652137,0.1114949772474001,0.2538641996691344,0.027852652328407067
-1.6842313572708278,-0.5889657726444556,0.03790046328071464,-0.18470558219515884,-0.17093702399075247,-0.12447603237650855
-1.6735230961639034,-0.9564055369467875,0.10434185535448093,0.0920141167092912,-0.15273558353485023,-0.39221196945011005
-1.5350394656149915,-0.3610048314963278,-0.40198939836217773,-0.5929229104460875,0.09905579343836719,-0.537953104663856
-1.1453258281011878,0.16750653788045747,0.5059594105503468,0.506219544575861,0.21072070359052372,0.1062547801148003
-1.3141906289940797,0.1437236452978947,0.7429171091180277,0.07064280087345044,-0.23147879319186712,-0.013571013767855165
-1.5909642571950984,-0.3174834999088306,0.4172812886693446,0.022635580645404826,-0.03283633533643039,0.2817081515591475
-1.6166315673211664,-0.7737477941110418,0.21338243747574873,-0.06845341197391326,-0.2665741547678013,0.050143621592485886
-1.2655695004429521,-0.14119866972545328,-0.4971746266039983,-0.530587683439079,-0.5893256079235143,-0.2047456793080019
6.805167148786945,-0.031311389116353,0.2629512106595009,0.20617853036072364,-0.04633197067050949,-0.11555600265111421
-1.547483607124306,-0.28199325142037923,-0.21785459988321024,-0.4330408275598426,-0.2556398570865853,-0.3675813064069119
-1.6877333566403168,-0.3098405296372808,0.04977807281028794,0.08379283814735634,-0.7235655102751407,-0.38190261517470275
-1.486435513791108,-0.4757071063364691,-0.06495208899032553,-0.6962322966305277,-0.5008698381130897,0.06384376130039184
7.471688552408108,-0.38137183001259256,-0.21668870553095523,-0.3134455097220449,-0.19266502771498764,-0.2661849898467524
-1.6170518221034655,-0.48910902664672173,-0.2522791614679446,-0.5022370153726119,-0.05918421606826708,-0.16504990646470824
-1.437653834024697,-0.6234608804756053,-0.03146650189997307,-0.37854940552624194,-0.5648352958004577,-0.2277519241225098
-1.5666613081852263,-0.08858155460388341,0.2787725548285081,-0.18919542408346235,-0.32710824028833896,-0.30088141712237665
-1.6948226723133222,-1.1248700791577242,-0.002944476364465594,0.00823669283112929,-0.2006544879294321,-0.2826973785288325
-1.177225411025409,0.8576459881484707,-0.20815907160717162,2.3763256706029106,1.4692916327307985,0.7990939605913906
1.214645865643433,-0.6764611865535974,0.41619034317213116,0.39846367551796996,-1.1964223376896372,-0.05431842828453249
-1.3215361729820532,-0.19135191034203658,0.2226985953328325,-0.2607389407819099,-0.4938380248653207,-0.25451914360329836
-1.3872548121276318,-0.1874554372128019,-0.19546086478137342,-0.13425396532852593,-0.4001332074514591,-0.1405164756980047
-1.512267445967939,-0.8245312706804822,-0.03059329155391834,-0.4235889041024591,-0.12061789419506788,-0.0946213932291259
-1.705530265325296,-0.3788873642712636,0.10791226953719461,-0.17421256821383582,-0.34625083541659685,-0.47293576941815213
-1.4327221049365344,1.5069588308425883,0.21793301767507053,0.4432407801665983,0.017878012167073524,0.4474909409928774
-1.6133976356099156,0.024933921917373154,-0.6169117567013769,-0.06546407381959199,-0.008762423178144152,-0.14192890472304126
-1.332711158905772,-0.06122029633317694,-0.6568891112747404,-0.41316412229819544,-0.2566135656778899,-0.3127956025781757
-1.4084135239924933,-0.47794868694845893,-0.41264866604658557,-0.27534635719569883,-0.34681884368170557,-0.20225867947268722
-1.602882324509618,-0.7511145309322057,-0.09347862203914478,-0.3363997287369301,0.07268969867962273,-0.05747035026100055
2.5080202148690707,0.570185570089801,0.9159216193065355,1.490998363342479,0.11836462155814813,0.07105166544133636
-1.4577568617444014,0.1036573397923379,0.6590965293866664,0.7751127883681586,1.0412201147680205,0.4570818008175697
-1.6962037949049875,-0.3166982761966638,0.0068695741715678865,-0.3872710353464591,-0.1265951281679093,-0.24496190034429016
-1.6754528271279974,-0.9615032161746371,0.011217022549561773,-0.28695471527661015,-0.2337639001721787,-0.03142539764724366
-1.6602366911491857,-0.12918983251936214,0.051989067857448494,0.0013077946983403234,-0.27933032811014674,-0.10800602546470278
-1.5498790969333753,-0.5412513802604647,0.6338009261520399,0.6200909096044328,0.4139913227049105,-0.04152135790503595
2.911313516279821,1.6848820662811013,1.2890790448051481,0.5073027447593621,0.7648059120683005,0.4648667838518001
8.959508938673274,0.01738253756654991,-0.03446159594670939,-0.21569204883695256,-0.0914781292790938,-0.2459410841949278
1.316174728665805,0.2764005069422457,-0.8859486727892802,0.38003985559112646,0.5825297109190009,0.13058984327483156
-1.3204223799810433,0.31624714433316486,-0.4137757548446127,1.0514884805106126,0.7285372915648812,-0.07584786950670638
-1.6879311602654345,-1.0630641250059796,0.08707109056832055,-0.15769046375834997,-0.46128076946239266,0.020162757508393036
0.19541925157374923,-0.12990267423645752,0.059749834774835045,-1.7396253813750289,-0.1517914600245484,-0.4225421705272079
-0.8941248994416059,0.34800073750702276,1.3721135142124463,1.2124123139384344,0.22422758262451906,0.6242135466891008
-1.6068904395815924,-0.48847887399816603,-0.20733201934401102,-0.29979221469052725,-0.4013763941906137,-0.13431407688717206
-1.5622174482332485,-0.682237019168475,0.1302051339126198,-0.39192429758380926,-0.24343552829625195,-0.32869145459263005
-1.3134107549180578,-0.6852921867801572,0.41257627697427113,-0.5041370559211701,0.4470164427524066,-0.738843286226766
-1.1399681640198374,0.535786544686861,-0.565806092306361,1.3828040457437527,1.1899582995746916,0.17459702043167954
-1.5202652421315754,-0.6455231732575701,-0.10758956460044916,-0.459746399245388,-0.05208039974223866,-0.181834543244137
-1.066850282217029,1.2961574638296103,-0.8189503301686493,0.05953089463111121,0.32762587094836215,1.2704322494247902
-1.3723881041846213,-0.05177037914569557,-0.39848019977055654,-0.7474173687339211,-0.43268168945628677,-0.4269817303119212
0.8803535815434873,-0.3955449343570441,-0.15483316778504086,-0.9505012981710301,-0.13298630894446578,-0.2602526893189657
8.957360895029456,0.3652518517202242,-0.30384399987234645,0.003916998870168156,-0.05203876935579092,0.20220501861476667
8.571606448096995,0.5479600901880946,0.2968992697878899,0.4514949265962642,0.4287135211623266,0.3248993075175685
-0.99957937022029,1.5637619855908673,0.9805136074204926,2.083598644630254,1.279387510474978,0.6037182177969935
1.770994627774524,0.23522808843115203,-0.15918004731484914,0.4435109763353107,0.6491749588298215,0.07396015823778958
-1.4967794261643508,-0.2506723573416621,0.04514263161181911,-0.37835740399058665,-0.939883147949861,-0.33977558837490046
-1.4619611153061784,-0.1624642869956138,-0.30409227067049954,-0.22804638420685353,-0.392704879938861,-0.5793712010052304
-1.3571439796860292,-0.07613123833115445,-0.022254539469281874,-0.32433879295115153,-1.1460518167801224,-0.250443852469608
-1.4963285918886007,-0.1262397723278751,-0.41971994463747336,-0.2112566032848111,-0.6083944439021782,-0.18601191884344628
-1.471084759731357,-0.2983751631719877,-0.30596965774834345,-0.31877500091053335,-0.3946807085127248,-0.2046355293362939
2.011847027284744,0.2445999825453809,-0.5153931077657034,-0.12984171643981382,0.36825486740465035,-0.16584221452690703
-1.5064662067926715,-0.10731699551512842,0.10792274126502834,-0.7381447462892325,-0.36512798600682833,-0.5909761837008749
-1.5803996416162205,-0.9377317450034828,0.0264721982355534,-0.3705946216386508,-0.2980580570039378,-0.17035560860126128
-1.4324323563137327,0.5735443020766511,0.3695266891956845,0.33846299575550653,0.87084609952946,0.5256733861316075
-1.6431848542941367,-0.5484149621792571,-0.19594067139953858,-0.4163144962330735,-0.36987612567957096,-0.26066125436717014
-1.5087327549354816,-0.07636344281417043,0.12522431580019486,-0.294364923291564,-0.12286158110237713,-0.13410224442988766
-1.3594355272303973,-0.5573523920517466,0.19484084970688914,-0.05082111313669524,-0.42154755523701154,-0.6847971937543534
-1.4284279463537337,-0.12544478557407343,-0.21458350156324113,0.7074749617594648,0.40183971306677657,-0.08544770402211743
0.254562065815622,-1.0664831835022717,0.0962294838267988,-0.13576502455404202,-1.725197951593377,-0.5884932502422163
0.48415412286979936,-1.1030222861134027,-0.2242644867486402,-0.026968556263449756,-1.807718949857715,-0.42238211882066207
-1.4419156555828565,-0.48370919548108593,-0.23181008263113959,-0.461084771216349,-0.44172920292096585,-0.1649546237463772
-1.4006323764926112,-0.4859262304002494,0.005940904089301177,-0.41828553507300903,-0.4456415996617279,-0.005665415360895586
6.892980676101276,-0.3710061720111989,0.09281439622344732,0.010231941420527834,0.1554112848642262,0.017004503502827204
-1.099381688700184,0.1432608096436196,0.41883682495200114,0.3323384721522027,1.2293217014319724,0.22622206099991243
6.543578636563879,0.4644177860093679,-0.32745479282138273,0.13257533551607914,0.07103390302838891,0.23467516843016878
-0.883768476066007,2.1890623156873263,0.6337130609708382,0.778542692155013,0.34755949669533936,0.16022742327714345
1.7848154218826064,1.225651438983768,0.7322973073455317,0.1269943110958886,0.07324285309404574,0.4122056957818846
-1.6498918681335941,-0.43175991601333386,-0.022090359073338985,-0.2719046524514796,-0.4273148005228559,-0.18410043121983813
0.3547022184970779,-0.8412546238598541,-0.17573312170013108,0.1942427682652405,-1.1001698212930353,-0.16384742698650284
-1.3178581652924173,-0.9010930233302168,0.014640050102434571,-0.23310900815791244,0.0839457687549676,-0.1755765334760162
-1.4234923433248698,0.9688126570580224,-0.4930200695839405,0.22541783463600937,0.5516782139125943,0.6230888288440691
7.078218669496648,-0.7818210065304986,-0.19830745470771552,-0.39049873354821873,-0.2245198969801415,-0.3501736476256571
2.32472942710027,1.1313098645160746,0.5623907020941574,0.10387410531861832,0.7072537492022621,0.1985252540977895
-0.8445518076930879,0.6963213645606994,1.0488898624153296,1.1431670498638382,1.2654198066945335,0.6272453876722252
-1.5203685344326123,-0.0919501990642858,-0.36177789791244663,-0.1879595401327186,-0.2594741318855289,-0.08150047322474349
2.810823434210918,-0.17968379681897423,0.5556124448237226,0.851582307511791,0.8377734328279548,0.01352299359918375
-1.6230119988830547,-0.6606542000241391,0.044381879109423185,-0.2222193575197327,-0.029388997936776278,-0.08425735499217402
-1.444969705512749,-1.110667560679888,-0.18639290248043872,-0.20115443396885804,0.049759117144338214,0.11417145367536809
-1.0194948862388582,0.26798974713355855,1.1534556918478671,0.40363028167002446,0.3164920698019595,0.24638863579818474
12.463909873758974,-0.20646792743390424,0.1140273621660057,0.01891597604800791,0.02293100004663912,-0.08478300127495757
-1.7265079002234953,-0.1550250484695971,-0.2108745068599035,-0.14917746114420535,-0.6504143666390129,-0.236549190217763
-1.6048439752093184,-0.1473175641549469,-0.1807107685814873,0.059338283115926795,-0.6823406785546845,0.2252344076313663
-1.5333371937094216,-0.4437071891521488,-0.20107388531318085,-0.4268588231239835,-0.32264585582467004,-0.45887302683181874
0.1256716820641456,-0.36319155816541787,-1.6464515029533426,0.15510868961761473,-0.9475195176303488,-0.16450369768734052
-1.3422691418241064,-0.13341694734989734,0.1689810788246058,-0.173226335129699,-0.9407507034825772,-0.4033830021423867
-1.4586634248949892,-0.3756404102962159,0.24965277966381424,0.8287066192392208,0.7734016149149879,0.27213907893623185
-1.7554222087874871,-0.42226373348371915,0.04976568449990981,-0.25585004832884156,-0.46203906255975213,-0.43589583244154717
-1.702764690251758,-0.6763823989271144,-0.1748332420550919,-0.418862288923455,-0.09326500669987312,-0.34417209839969815
1.971728839901433,-1.2012931795167063,-0.6718807245482435,0.01740067166989985,-1.0345250845527374,-0.25328945958854104
6.466731766749812,-0.5382426941268894,-0.4270989141586216,-0.17860017083621663,0.08754207692821853,-0.008317452878979333
-1.4891680582773181,-0.08616748937514972,-0.40880054468027066,-0.19456306590334088,-0.23616965119562325,-0.10463376726096774
-1.3427047374529486,-0.11080430992993612,-0.9715292384185938,-0.347550893065877,0.1283578555488025,-0.19265529503191292
-1.1773036149390708,1.128911345363686,0.9246171501309126,0.6323930504793498,0.7071131748700136,0.5314604453426369
-1.2700524950251344,1.7807616343493387,0.49621140096679456,0.40270693297953863,0.8898781769158196,0.7059538838183034
-1.57956027686602,-0.5767114515476925,-0.7628736441067141,-0.43394097111378294,0.1506233366025671,-0.19931607886406089
-1.4094609143609838,1.5744062344675807,0.7071055791845885,0.06439544086238222,-0.6583264081680743,0.4077408619520617
-1.428121418322753,-1.3469200272507367,-0.0887595376491287,-0.055215547936708076,-0.028325009072159502,-0.2077284545881989
-1.0138282796254943,0.8896870105454034,1.464579776398429,1.7628392537882547,0.8822164584411336,1.306259947573174
-1.4992106600143513,-0.008229909184585047,0.33121787289644505,0.6885144171696241,0.44041116322760326,0.32882102061588153
-1.4850984974386134,-0.2890474999320181,0.13724933278449505,-0.4417589056560313,-0.4701918605171266,-0.2920947107423374
-1.5677466734843306,-0.3004829662033119,-0.47054566043370255,-0.29296178468567186,-0.14216704215190162,-0.239840884784687
-1.0264823383045019,0.15265010704733784,1.1714276509253077,0.10760556850863566,0.42049756901832,-0.003925752897647673
1.8608347461208505,0.30973408678483755,1.0314430492448623,0.5528813597396989,-0.2833262103493005,0.040038588659650716
-1.7191513175832471,-0.36131584142748696,-0.4190400810137554,-0.1051947185051074,-0.708870273039537,0.07511055235418117
-1.3375858697543181,-0.045501658207161844,-0.5784893031770655,-0.4008849063544132,-0.17749325784415912,-0.2973387754118535
-0.7050408028473638,2.425283417859092,0.8623663663281921,0.41973433093663154,0.45548659556337406,2.0315636026394737
-1.4443606083249996,-0.7423912220803115,-0.300042748888964,-0.21856099502451623,0.06062569714669801,-0.07354694642088398
-1.6120816007868135,-0.5189879147240689,-0.12894982146695771,-0.47389000044980956,-0.454294298516554,-0.2461887282085286
-1.4399652845696473,-0.02718578732757401,0.02011649156097921,0.06657156718437851,-0.11988380716719174,-0.04330164000012964
-1.5963344463088256,-0.017969919834498305,-0.7086707638410046,-0.05364023726308202,-0.15766698055296846,0.004212329416826599
0.20010618587437562,-0.11825775960087744,-0.7169096632571003,0.023103998680285908,-0.7909199640184392,-0.2023190090828
-1.4914426936845462,0.06445088005539625,0.35421137940460257,0.1532610499804488,0.3589225644273876,0.11793116644757348
-1.3472321911026293,-0.10080903505844717,0.17666091274019824,-0.34278973389667905,-0.7461598696397496,-0.30816935508163135
-1.6728378985339547,-0.4127886409514992,0.11504037720374459,0.33205873999816476,-0.39936850728049517,-0.3808228604835417
-1.2489226606874275,0.8442468249800736,0.10652523767099077,0.06138087275287588,0.2915093847352279,-0.12183283422953728
-1.681715903927132,-0.9639638141131703,-0.033684111790556304,-0.039968795817029154,-0.1852821142269652,-0.08753536652977197
-1.6076091690112477,-0.24858846301311913,0.16893174025621147,-0.36410711548893177,-0.4537976316889387,-0.2814269376019238
-1.5212263362021503,-0.024503662419837768,0.13591689986658806,-0.25243398731163014,0.5858535076979873,0.0006951805508902547
-1.474371860757952,-0.25791083269270876,0.035628904692722806,-0.5069656514410541,-0.31328763393297604,-0.4927017734684322
-0.35586242031178894,0.0020958087803615673,-0.38177188092462344,-1.450329265092327,-0.012486835838670128,-0.39373842757069655
-1.3022310832010913,-0.10975895772181894,0.28325346848792454,0.009431606748730498,-0.37864329443302247,-0.563619924096983
-1.3500853623579903,-0.3333711645940377,0.13410202175852842,-0.4428020190624089,-0.2871305053661185,-0.7711902395798532
-1.6519260816984225,-0.8758852218655541,0.2858635637993765,0.08467989151037614,-0.1035438041118829,-0.3306064630617071
-1.5159573218180076,-0.058884327625469836,-0.6635442603976811,-0.07692144100844729,-0.0416979742745768,-0.12302200897958515
-1.3264289613184386,-0.31663113470879184,-0.8680606450804546,-0.15176822638954277,-0.2600579598164279,-0.13987772727404205
1.2004952306244514,-0.584974262959517,-0.3444146859895989,-0.9088430585083355,-0.12418333901905869,-0.31553869326087103
-1.1464218436104316,0.7904637238222022,0.2226949162264587,0.7639466047468897,0.7333643409803886,0.7410415613804656
-1.671764171603651,-0.604918365672998,0.1261119255794602,0.03402534709405387,0.4474160734793977,0.09801427845424335
10.412426510535553,-0.0812226126955061,0.06306441380399902,-0.028754372275601632,-0.044990102736839455,0.08233881809143094
-1.514573660884858,-1.4141185835829087,0.06855309950510025,-0.22360150958070976,-0.019961612546088487,-0.09620588394607868
-0.8677173173231338,1.9747765376131245,-0.3335599797704811,0.24222149898112472,0.9778987988199629,1.573950083579533
-1.5264388128254027,-1.1126618695151622,-0.21861280440061645,-0.31079535023779914,-0.014133651550171418,-0.1739499581710177
6.659573219339702,-0.36792836391337563,0.039276341663878465,-0.2672761212149053,0.1707491091106362,-0.34682215296817837
-1.3704320563997998,-0.02324260588581089,0.2462876508766328,0.464397615445891,1.1318838335043406,0.11586722759345343
-1.501364677680351,0.1700780556308043,-0.09603321684157366,-0.3755412358197631,-0.2837082557441802,-0.27453894398344025
-1.6822086287160722,-0.11767409307070403,-0.37332437860243955,-0.04043892590680077,-0.7809807578555179,-0.16385091235713437
-1.628306407044015,-0.5851609505166939,-0.19982550517352266,-0.17241120255520442,0.2736095619789419,0.06941783824976974
5.0673817474667,-0.32751506408397424,-0.022577611799612297,-1.009987012681676,-1.5727755115884996,-0.11288523276663846
0.23058732306266003,-0.2648115899977205,-0.11401279146556804,-2.239200900005921,-0.16863152047575783,-0.5294447024583931
-1.4398680636440424,-0.35375834598088174,-0.0035895157211794726,-0.8365359216225239,-0.2531890941101403,-0.2395247837761861
-1.556165431220254,-0.1360608152014452,-0.01945648519552437,-0.43352796097853896,-0.042889973660345755,-0.38079572854772215
-1.5649607794500187,-0.5997034852759374,-0.15031067554402897,-0.29875664481701153,-0.37777261781059845,-0.282057710366795
-1.3377247010241324,-0.09819642154438214,-0.7399198491377762,-0.14879749078878599,-0.4613041286007564,-0.07700172171393327
-1.4935840336419564,0.027581329075327767,-0.3060843485454971,-0.04494717724880197,0.013203334921604344,0.1104223522861962
-1.5749787809582634,-0.1317106869742438,-0.5142695708152437,0.32683094274242985,-0.22444420678513344,0.2140581415487859
-1.3116842475765498,-0.13908419111999837,0.28162200641220875,-0.06536511402804017,-0.18394103997078678,-1.0080785393751879
-1.5566092349947047,0.40385783018263893,0.6564447066597109,0.3438333782943876,0.42527694172645253,0.5053557624606153
-1.36204919290039,-0.12260628096934655,-0.5399208028649943,-0.02533469632610974,0.3823848625856097,0.03031844209201386
7.317016647359297,-0.22487219480531973,-0.09373882325672414,-0.0836820798169701,0.10593057504422808,-0.048301203931435034
-1.3684930110711908,0.1974374361115808,0.18966431067284215,0.19699229568828047,0.25563074222728266,0.1260051840835827
-1.6776362524933572,-0.5435007500590036,0.09629447576865065,-0.42117427507196464,-0.470120284953752,-0.20153523529865075
-1.451635973814137,-0.3452174611642319,0.17131331076826176,0.0016812932360156635,-0.3557504238105879,0.11462289778284587
-1.5391498225361013,-0.19781804463025962,0.09013972724005842,-0.42851582071157485,-0.9285820172843299,-0.26609056685356114
3.5815269920603225,1.3089189519105922,-0.39908453157976864,0.09113993981103918,1.1652662759915908,0.3589580744236759
-1.6431848542941367,-0.5484149621792571,-0.19594067139953858,-0.4163144962330735,-0.36987612567957096,-0.26066125436717014
-1.2310828213919773,1.5897170925346835,1.0832794740134235,0.3462198128066978,1.061772502357046,0.517180474056673
-1.1565656651317773,1.9374912873517167,-0.196734319214227,1.1369758344522196,1.4135198868950565,0.6913175773649638
-1.706285420618941,-0.5285141267591071,0.18993461554299065,-0.12131256940697473,-0.2666745217423026,-0.036189690987280684
-1.3034184970802711,-0.4343611037346445,-0.4670914046349771,-0.6178264283079391,-0.019024492691703702,-0.2200450177962349
-1.5947226015931122,-0.30794997842811667,-0.13781520473847447,-0.254343171039583,-0.37804971054362974,-0.5556156652138065
-1.517539559098856,-1.4049805462670442,-0.036890476449267795,-0.20294397485278234,-0.006450106037102977,-0.10995077401530413
-1.760767776635381,-0.05994720500744202,-0.24230066556116808,0.01312332400771817,-0.16792618616340088,0.07716867053630556
-1.3393436319976988,0.4127651259831683,0.3302925459377463,0.8168153333128567,0.3944772955759561,0.560091846865515
-1.5247178419580352,0.19775257609118482,0.4041853185646532,0.02076922009558707,0.015996398488567657,0.4832194105320053
-1.410638428651361,-0.35809240454514246,0.3073958845512969,-0.46340442765681167,-0.4833536422864424,-0.006900041933095678
-1.1951671414265868,-0.3414814879166072,-0.2836128645371834,0.3258920081208563,-0.05232841767627481,0.08296889142563219
-1.4538922877621816,-0.2983885958181234,0.07241783210076887,-0.2952005237934536,-0.17475057545233136,-0.12114140660458739
6.427961048060922,-0.16934910661913485,0.22691791325932423,-0.29051631308216447,0.31291384029102937,-0.40888459524464127
7.163722081792404,0.6463213717915762,0.49813854521894996,0.05113434324000098,0.3845635623978992,0.29563439890022164
-1.5888883053656384,-0.06772945799721085,0.1665365373874593,0.055105078814631274,0.20624914168112193,-0.030804825362153915
-1.3543330526267354,-0.1407561177907256,0.0011683966950473339,-0.5141095865280209,-0.6552134135141512,-0.4508964759570705
-1.330258219469694,0.21753020014703583,-0.1718111156514815,-0.023225293413907045,0.7377400345392584,0.39597848278865017
-1.7539313570772401,-0.38144161025861856,-0.0041611669779376735,-0.46540159725123154,-0.21777302513437272,-0.17809793460076903
-1.1412891366709461,1.888565335441989,-0.6462067464052558,0.6103745290973073,0.32434421806653346,0.1553621376556569
6.554248933967249,-0.03186828230651663,-0.15634823168077053,-0.08954173201119416,0.2509107900488382,-0.715383808778725
-1.6226855342227953,-0.12664515676778904,-0.12293667910501713,-0.10162240492136991,-0.37903643992540603,-0.12425610588072028
-1.788791540677301,0.3944395202082771,0.23954439878421713,-0.003748356848822101,-1.0110424435858825,0.042073254690159004
-1.277585497162206,-0.5595925071134865,0.6121071436494616,-0.12288234556995518,-0.11176795069466129,-0.07121005486546603
5.364223302881615,-0.7223686024080016,0.35313225554297756,-0.14705676436435255,-0.36652718471923545,-0.24569483358838226
1.590496720684758,0.6550613772602963,0.1827136107041519,0.27070330644990653,-0.6128877136399744,-0.23183889221574996
-1.4279446860350005,-1.3433510518077354,-0.07392581457482808,-0.05414232448891664,-0.01883380111534916,-0.20417941455133115
-1.362849306987714,1.2212073435247888,-0.5500270367264465,0.8907099628648626,0.9857210701000992,0.5355567561180506
6.12450590225672,0.6617675219676268,-1.351029888028646,0.097707253105469,-0.014380491230880867,0.24485502628660452
-1.398085826076539,-0.6496412434416386,-0.19175577745080602,-0.021132350655465395,0.13035014682164853,0.16426693706515796
-1.5225759154559617,-0.2357355113826561,0.3909092420923568,-0.07390835557975656,-0.24504490977201346,-0.08268916064630881
-1.410638428651361,-0.35809240454514246,0.3073958845512969,-0.46340442765681167,-0.4833536422864424,-0.006900041933095678
-1.5589308322061484,-0.38327566265550794,-0.24898055260897042,-0.2794392868140565,-0.46140141862149603,-0.31290655504600434
8.029296666885607,0.4645950675121758,0.11288705361770211,0.5057742889802347,0.38510706199515,0.27569751111669055
-1.3150029540616484,-0.015874783143317233,0.45940232763146305,-0.21331211001080427,-0.1805515821713949,0.3392835200468734
-1.1873649172947556,0.1791339109303077,-0.3202719462823842,-0.13525143009394555,-0.2789721924852023,0.05454830107351677
-1.6644193972611543,-0.41303901359397444,0.06775529576842744,-0.6243409439851935,-0.1870006572527766,-0.35687943970660396
6.609017010498324,-0.1598788946881182,-0.38365475088273415,-0.2819244995773999,0.22880261087118225,-0.3260498200477647
-1.6027784665638294,-0.31606394520552644,-0.4817358935656697,-0.4995181108741185,-0.32735088173925053,-0.20043917296748148
8.989622910986416,0.41563080280915954,0.19375526208776583,0.005648280603318657,0.08938701265550057,0.3262955724344945
5.696656577238483,0.5240860792331525,0.391885844349933,0.07038272943169908,-0.08614336973389683,0.16101314931209573
6.392661804786069,-0.15474919648517618,-0.06506641568843047,-0.3233726973899843,0.30466076481490834,-0.42809484417708266
-1.379962440623743,0.13935374105795822,-0.2048692219595535,-0.041119583074622434,0.798453619866607,0.34534536075215166
6.575665834102703,-0.058876753015961576,0.06102709197033333,0.18354409672769148,-0.06464951079187928,-0.08848311309672764
-1.435556906021031,-0.2355323842149857,-0.6049233171322351,-0.6550900223865167,0.19569136208165286,-0.6382773205167142
-1.6044434579580888,-0.2316810427295062,-0.05302538249116211,-0.15962669456132875,-0.1567155851122974,-0.663435419266884
-1.3974238448813605,0.516858986171114,-0.6670380401152677,0.34966228023597723,0.6103321043239048,-0.1186522359778844
2.4708807553692242,-0.30669756155710903,-0.14385509927758505,0.8850254056344153,0.2039164359937778,-0.04673943801540742
-1.3796149564963824,-0.2512401347224717,-0.1044053965093734,-0.5107105206605138,-0.9099670862821793,-0.235017920731354
0.5796663098188788,-0.7554808243154152,-0.2257834740498912,-0.33404272221245074,-0.33457868001000746,-0.154730819259111
-1.5202652421315754,-0.6455231732575701,-0.10758956460044916,-0.459746399245388,-0.05208039974223866,-0.181834543244137
7.140074410901988,0.2818572705713692,0.4947215988799635,0.0004558437720770456,0.350325712028001,0.0632131676261534
-1.6085081332466042,-0.5492982127706332,-0.12699939385455378,-0.17097797063123232,-0.023999404982775578,0.06297990186101723
0.38694994322574094,-0.47253238478344606,-0.0456378634153876,-1.069162502063266,0.09760724802449243,-0.19259461356099813
10.178790913261514,-0.03231169427819548,0.1874495733963728,-0.025631183964651503,0.00727023790859528,0.04541814061281003
-1.4035748925721454,-0.506086793693411,0.11383662428549303,-0.4426645916592914,-0.40139164445675407,0.020991157634129405
8.918773724780147,-0.09347016060419076,0.1265198785485321,1.1866521390185887,-0.2217224615472153,0.01879470982062511
-1.3909689788490243,1.030080421304335,0.8688918910166499,0.8646148898314339,0.6643652607494456,0.42924262544455627
-1.4266177036360992,-0.9461168511024324,-0.671014336086656,0.07795118972463803,0.41128182890569825,0.32205859445918433
1.7718620107488743,-0.6607085272260984,0.6645093585101014,0.9554510355738868,-0.6876525172905023,-0.06114365792687308
-1.4551270257720752,-0.2041189858950436,-0.33556798021136747,-0.348655113815372,-0.6560139857542967,-0.20746760871005004
7.335767792517979,-0.6601481534742254,-0.16839750608429102,-0.3716686743526059,-0.25176696995182757,-0.3288042672618744
-1.5370115554186963,-0.29308402981071385,-0.24943473146029174,-0.5729621200859207,-0.07191533423837577,-0.3738130940918991
7.273108219205823,-0.3366048763382253,-0.031954465519386153,-0.11716973600157389,0.045426010303924215,-0.08924219695250221
-1.3823171674917294,-0.19320107632574782,-0.023843791488487007,-0.40417570760632743,-0.754254364256835,-0.2155110638844956
-1.619233304997654,-0.8042317328420242,0.11153320962816456,-0.36941440730029995,-0.2275854731077232,-0.40695158309364515
-1.2621461016918765,0.3772248470021568,-0.12176422040340865,1.7930855590089245,0.7495603718860611,1.2458207055093087
-1.7234767982646904,-0.6411450206790519,0.15013780396726603,-0.24874024770504008,-0.5721195908284603,-0.22335707318847875
-1.2455261995943545,0.8513997474942216,0.10630906406463425,0.3225630374183166,0.6283109863767744,1.0864628724041767
-1.3263141426931175,-0.08760264880737761,-0.8419141257253948,-0.16335849782331885,-0.4419066260318719,-0.07466987253224647
-1.5599270271153158,-0.29563800084186687,0.0919601768600653,-0.5621859190155477,-0.4695828762707955,-0.5758627032156427
-0.7612075442007721,-0.2857109813443841,0.36514700298083724,-0.8742462340105988,-0.19308842133233353,-0.23397863916030606
-1.5855853368434334,-0.32918760695168797,0.14136179057078974,-0.4765609335271024,-0.6644592830750944,-0.38669451664729887
-1.64841603918392,-0.5132159227943542,0.02825633358746872,-0.36599997152711167,-0.6129204007471751,-0.14231927380748957
-1.5049400699466846,-0.4556687296723917,-0.4130498352457259,-0.37789917231731235,-0.3276469857505465,-0.3345599202374355
-1.5096864537373165,0.16888921971438992,0.12312984381923472,1.2101265346984635,0.5892900333768836,0.033772276264377066
1.106212991629326,-0.35878094148694256,0.1811869093812751,-1.5002143521367861,0.019373328222900575,0.21759997221548397
-1.2249601524249483,0.41116838298144454,0.005158582255464753,1.790091792589769,1.2911060386153899,0.19310409391412994
-1.547977520080745,-0.4718710117778349,0.4240245412688687,-0.29953609230671807,-0.18631034521803205,-0.2889926137998882
-1.4862691985218455,-0.17729837041933905,-0.20061002719270718,-0.4525762665525179,-0.6533984833644558,-0.2849625604838748
-1.4671015233119036,-0.1651943442781254,-0.5592956106192797,-0.46523460932836747,0.15227561827261907,-0.4193848437575321
-1.6879213536273836,-0.3930699465844053,-0.5583295654689567,-0.12852508542509855,-0.3619102642059364,-0.17412224821324027
-1.0465039934287867,0.7014259912138668,1.1629822175458517,0.040806014262549505,1.4926121701882344,-0.3001386473148547
-1.504372760914028,-0.4710637881277471,-0.11562560326708882,0.2201647429482838,-0.649824052133036,-0.19804246447947524
-1.2508823597017504,0.06794833442797145,0.36712545947644193,0.20810530237033972,-0.12761113664842752,0.060850691143652304
-1.4770328290163883,-0.3858376686008812,-0.6291818131414388,-0.5023318165650164,-0.30449811981492647,-0.13131662728190754
4.822939248786904,0.4925243290644076,0.28911397385133586,0.9090156015833607,0.01357452327460572,0.31503777897699736
-1.6055873616720484,-0.5976195910479258,0.3194270840828166,0.050722729698494784,0.07848315492418965,0.19102783003600002
-1.448292065244372,-0.502542561943996,-0.26307937042661084,-0.6415162084484453,-0.3357732943153956,-0.19906335801723268
-1.4617996533915827,-0.4356191994452822,-0.3308115867351984,-0.5549583021134449,-0.2659561943058179,-0.13475279358261036
-1.42257350572564,0.5733743902098372,0.1927861411379034,0.2746248345616533,0.7388336938861845,0.40118846143254844
12.485323014190536,-0.21004790208063395,0.08553198333683108,0.007886536231948257,0.04425333580000145,-0.08786014013115982
-1.2868780000303124,0.1247739140451394,0.9552026062944731,-0.1921622689017257,1.052478651075774,-0.1950713033573988
-1.3326501602033773,-0.020023388396607535,0.027753696582902367,-0.25575295057333525,-0.215249115403642,-0.1001591850213168
-1.5242312148332413,0.12607080588168337,-0.3783367275374073,-0.6856410265687743,-0.059281487510249795,-0.11842855295200738
-1.6117523349478295,-0.14529654408839035,-0.17650230569400727,0.055158428618436395,-0.6781826866436919,0.22813180730110813
-1.0053064625501495,0.7277927903782226,0.8516122504473381,0.3822600486857713,2.4349002006161053,0.3485032010936761
-1.3572047313622635,1.1329832970045395,0.9712293221990455,0.913761658001284,0.7487495618840341,0.5139964000709105
4.625362151468931,0.473395132061484,-0.560920775478817,0.3772879478161627,-0.4286141367563134,0.1629695892869286
-1.3894233693444382,0.29591031636924003,-0.214487255272516,0.9580109686093083,0.061097261563449023,-0.024929095597811382
-1.5719911296362603,-0.7030689358409394,-0.17658589577708092,-0.3665842067010375,0.06558868800419762,-0.07187034580521767
0.057422392409524466,-0.7811810841614275,-0.7020316598452379,0.21292939720191129,-1.041114916113197,-0.1644004640725096
-1.5865191417426128,-0.1686043511442137,-0.12894097375475405,-0.34138123470588605,-0.8187533869475034,-0.35573400915884595
-1.420497168742518,-0.23010204761131706,0.016916436885181886,-0.39782838668669623,-0.7529473371915483,-0.3786389297039322
-1.2025587661643131,1.1347718917543668,0.17525663278827938,0.3056333975628671,0.625398991203834,0.46407717556614514
9.032083168381597,-0.06253584110081875,0.23223197724848993,1.2583931503578711,-0.2102821017849387,0.03387230198529403
-1.7341343402152718,-0.3771175109842525,0.02119183571369485,-0.20646488776682412,-0.16899193228676498,-0.6181443345645138
-1.3651020873701696,-0.38443806604483083,-0.32670029734812367,-0.6002496653744457,-0.42567962674278303,0.0303827751302108
0.1256716820641456,-0.36319155816541787,-1.6464515029533426,0.15510868961761473,-0.9475195176303488,-0.16450369768734052
-1.459098063584321,-0.2251835145575543,-0.13763369050105437,-0.5306684253804919,-0.4822966443372685,-0.2101516282914777
-1.5589308322061484,-0.38327566265550794,-0.24898055260897042,-0.2794392868140565,-0.46140141862149603,-0.31290655504600434
3.7373286410559405,1.174194820489949,0.033786479490952114,-0.2458403090157851,0.9940465732463644,0.3189829505260727
-1.2660009864736692,-0.07519021778073946,0.4664490922368704,0.03817204413123897,-0.038213757393073304,0.08034279243875125
7.20253196234064,0.013403949562919992,-0.20532497606418557,-0.05831013585294771,-0.03213385343636318,-0.026818193864643486
-1.6437020613038726,-0.18851941498089045,-0.13488247936470346,0.2791442537048843,-0.692770737852517,-0.2688938597479278
-1.4250024853950471,-0.10470156832595966,0.1267578550549974,-0.41836882470735676,-0.10013188438575799,-0.24844132896026508
2.100853085064754,0.7120363807536559,-0.864118154188659,0.06987275296376404,0.5825530889443016,-0.12390170809672899
-1.6135780027335773,0.3832128006117734,0.24384047865700656,0.1842298595727202,-0.38038673959898645,-0.17793055505355188
3.217845051417196,-0.059081304284348095,0.1639155991251213,-1.3173360755258667,-0.7763430441107715,-0.26346192002707175
-0.20728279197007862,-0.6145575586625803,0.1126093050199966,-1.5801287005085043,-0.1663786027203276,-0.36503639619438294
6.993359022352147,-0.356153670044444,0.23626939590590454,0.02718008340735061,0.1133288957996261,0.039819520389315737
-1.0692553947385595,0.11632752054220893,-0.7667378456096899,0.22222779876395476,0.7765891288583343,0.14694741317327217
-1.6940152659192882,-0.21369230576402992,0.18677443185860407,-0.2083113358910759,-0.3325434974788392,-0.11663287204581024
-1.262707616134968,0.00843166617275767,-0.17470826609006013,-0.12022399161328631,0.6747730868099829,0.09318025317043101
-1.4491696983255997,-0.2495282161127819,-0.2874347922677137,-0.25862174590592873,-0.20577422089121078,-0.12395372149001428
-1.5319250367848694,-0.350671377522007,-0.31988554091302274,-0.37125472063494763,-0.46711827627855507,-0.11278389869704515
-1.409312617755425,-0.19490345529090672,-0.3251540492974578,-0.3970283510662888,-0.484193791348617,-0.23393201612908807
-1.3840343495410705,-0.3439077471072415,0.018189481970993,-0.5035709093083987,-0.5041839680919884,-0.26136155448646164
-0.09606097888302997,-0.38440747643779205,0.017864646364877283,-1.6879853379403573,-0.2317050181968865,-0.33853046055883634
-1.617387226293256,-0.5738557176406501,-0.23449094532118206,-0.44362360624632674,0.045258502837242,-0.3362249686818087
-1.3238199637762258,0.31903057016304875,-0.18041306227380818,1.411109632932623,0.6318270454604732,0.2088086114018557
8.12059585134105,0.4373903423236225,0.24174288456547405,0.09551427506871707,0.33407639599461597,0.282430829949547
-1.3377247010241324,-0.09819642154438214,-0.7399198491377762,-0.14879749078878599,-0.4613041286007564,-0.07700172171393327
-1.513082149681511,-0.8930539299789313,-0.40819381482150474,-0.04987403960267366,-0.2622375785348554,-0.24479975472285487
-1.57261261126493,-0.10007465441560043,-0.6164721350769805,-0.034127027820862965,-0.10473361470733643,-0.16957597671604316
-1.3570026690718402,-0.3040316787352464,0.08866788292554859,-0.6047266732029739,-0.6189564632127346,-0.2912778658356151
-1.1135475181800316,1.5973027046027928,0.7254702076024108,0.6678080419980188,2.1312938755190003,0.8252006981347251
-1.0306211545951283,1.6920449547994547,-0.4371847607137249,0.14703188562226768,0.7663128981382532,1.3490985215345088
-1.289455631431185,1.2982397664521126,-1.0403079752064812,0.271047880196129,0.35706288269699943,0.17767078880700415
-1.5407004187150635,-0.07985739875768727,-0.4272429361780229,-0.26029237552842205,-0.399790269858211,-0.31925077205828134
-1.3935641523353668,-0.006550165122489753,0.2534248610359594,0.01914027600819714,-0.06857686372567003,-0.06922527472026482
10.133108535070797,0.06435403127847855,0.04368342925086988,0.34873142023559106,-0.10251028117554176,0.041638188381963266
-1.5624640229440898,-0.46301464219632177,-0.326317015833543,-0.4565559364602351,-0.4234742271540349,-0.19373822300336838
-1.382065477132441,-0.008228671657143062,-0.5804182402781395,-0.30124304969667137,0.4109378989445517,0.09662091682335723
-1.6338599097795157,-0.2138975252946629,0.1304587748186501,-0.20925836822978575,-0.41919323495428296,-0.24218272243030506
-1.612966979804891,-1.0827316115341248,-0.1646456395154793,-0.12013446658704828,-0.1214603446278604,-0.1901850420026988
-1.6879902442968162,-0.1535224286903664,-0.19608043138857562,0.2167910919436547,-0.6768316338361574,-0.1781725618652266
-1.5562029824665307,-0.37782454886756767,-0.3709352007006837,-0.05398409791572638,0.1063939853342735,-0.013928662334632184
-0.7716036326638205,0.8928078948196828,-0.22069771770286525,1.1788412288690935,2.173682619658675,0.7764362181536054
-1.5742957816534873,-0.3675200965298848,-0.15053309906948248,-0.6230791125248727,-0.15842321506610477,-0.34077097663163197
-1.338580456943032,-0.9766137646803696,-0.5269759168333228,-0.040146622792615244,0.825765403463922,-0.1693922622608988
-1.4110430152420927,-0.18552156865316438,-0.15063799372638362,-0.5051963944782655,-0.8228610231518368,-0.07496815625595515
-1.6421031680663674,-0.4510831842525049,0.3673954818755467,-0.043082214487116084,-0.024744907284200934,-0.04476148946521228
4.240886231042667,-0.06748074289412218,-0.08925029123902647,-0.631147512724831,-0.83268033240651,0.04075181355918716
-1.2369899132447284,1.3151510106695807,-0.7864934168284731,0.39044068516745584,0.726442336502345,0.52236040462843
-1.293804060805517,-0.20237691673448316,-0.3938885752025288,-0.6692171539420834,-0.4631170279548951,-0.10339077260091667
-1.445605270728556,-0.2227271719101712,-0.3766804873216349,-0.21874089134706262,-0.3774995821657672,-0.4629212678141456
-1.3373970861492475,0.0931417681406122,-0.25965019591759936,0.3576655195769312,1.519260593753961,0.252732374221542
-1.3198653324181042,-0.16678978029412098,-0.35801181638702106,-0.33719699004910886,-0.27500777755442524,-0.12672064172265515
-1.6337126359992227,-0.8051114171438112,0.06248775129845617,0.05112834725838262,0.39521466567529645,0.06264966187422907
-1.1649865348433168,0.18793753247690076,-0.9711795159305107,0.01734970624925657,-0.3819715004059324,0.07789812749098024
-1.2639437853973092,2.38196539177677,0.6396358832592953,0.38358294360102213,1.0710939056990194,0.5044983830762716
-1.3466050036122819,-0.1680446951744109,-0.262339890789874,-0.6738693527467283,-0.6175532181820783,-0.2002689691824559
-1.3192724831406766,0.035196437109906366,-0.09983758278675126,-0.1855239622767955,-0.03444678347246048,-0.043070367730778124
2.4599310974794486,-0.2880670089378852,-1.16095140184458,0.31609833872551374,0.8825960043839358,0.41044386171494696
7.292623846986075,-0.3665234670825606,0.8295115680797865,-0.09746648622747682,0.3295139070110194,0.22954390457753449
-1.419196069805122,0.7734877757376424,-0.12495578280173254,0.29141566839317395,-1.0708175428879811,-0.040974566985062806
-1.48908990460052,-0.14990695824151754,-0.49497301002981253,-0.21804273062037172,-0.18457254169345935,-0.4430936407732191
-1.5844198947299877,-0.3223678149365861,-0.5260899481083062,-0.485290687832015,-0.3363768681681656,-0.10443429085372731
-1.5149068422066125,-0.3596405430084961,-0.5717830713765643,-0.2782407156440238,-0.32730742631688176,-0.1464291819633347
-0.6859423540983192,2.701528293469896,0.5980669670082925,0.4231163624045485,0.7327546555831677,2.0446125630023455
-1.1437562757663515,-0.06688368435812875,0.18569141640891243,0.4896990034986078,0.3319807179920665,0.3541923182530012
-1.5798745460704946,-0.28938284084581617,0.1344419277117076,-0.7470361161546091,0.1884474796298606,-0.10060950600606329
-1.1516995277713393,-0.36788073433056523,-0.4664838786707651,0.32932926170570387,-0.04831036109119186,0.09693387892717142
-1.3926675891235978,0.2705018899603365,0.3657140879135883,0.17943625675506794,0.29135282121599965,0.17439086073953722
3.871750402142961,1.2215798577838506,-0.1929572301984152,1.2824324547954455,0.9436268673558947,0.5980284617451934
-1.2778740285543366,0.4854461735665955,-0.25984516892429177,-0.005064569147328379,-0.11561392486864168,-0.04481483174723897
0.2624744656380509,-0.1840202437871152,-0.051476139080195125,-1.8391705495752964,-0.12930590629438785,-0.4789335980470112
4.891370415084224,0.2126704574882251,-0.4240438581853985,0.21188745979048232,2.346406996006636,0.2966730490532019
-1.729706037652828,-0.843543240723548,0.04655354950722107,-0.07727758247715484,-0.4253453311866799,-0.08410073759754091
2.4639231380559807,0.3996269795600621,0.3551145466575415,0.5929438948869827,-0.5014452460693921,0.44253465501483424
-1.5264388128254027,-1.1126618695151622,-0.21861280440061645,-0.31079535023779914,-0.014133651550171418,-0.1739499581710177
-1.4804663034395393,-0.3802344717301864,-0.04875743206168037,-0.6559302350992245,-0.6520894542812928,0.012669816628850616
-1.2341476819964599,-0.5634538144801714,0.21366851422449232,-0.4934290598954197,-0.6183891424360648,-0.20233345319250295
-1.5316555199169757,0.0681301126573562,0.31040623458211236,-0.699957449413798,-0.3333974661199072,-0.4367585355663045
-0.8556008121412824,0.5948672918296406,0.5799426210428781,0.7404164726457295,2.2194924983304842,0.32722092106288186
-1.3979776191441162,-0.09010950952981515,-0.3813652764377002,0.2071267190187696,0.45288813786146964,0.2478957109131534
-0.11059829480049951,-0.6416753724033627,0.07116986366477035,-1.6954842884535384,-0.09475130965244892,-0.405697371536619
-1.482913990930638,-0.22588674748050144,-0.16857036822524482,-0.4954556890035125,-0.1023630424211289,-0.3045292139744624
-1.5347534466595536,-0.36887750378364514,-0.07503631123708007,-0.1398428068706321,-0.016245201942710105,0.03381342105847041
-1.4265545630195926,0.1332476397537792,-0.012261133684997141,-0.021506332210069774,0.18113151439462977,-0.33419312957104785
-1.1135475181800316,1.5973027046027928,0.7254702076024108,0.6678080419980188,2.1312938755190003,0.8252006981347251
-1.380834235829875,-0.32638875376722787,-0.012391794205668289,-0.49919198240957324,-0.4660784941839856,-0.23840566616701878
-1.3586536988710003,-0.4136215468122579,-0.4900089125711141,-0.49473139429584945,-0.2551590240241967,-0.1603361738166678
-0.9575716689288841,0.2854128475414972,1.46918005511855,1.1974562091680347,0.23710404161024315,0.6385333416358862
-1.622250786101486,0.1957671396077414,-0.7954058961190069,0.047403966478297775,-0.9057974150245487,-0.030004537998740817
0.5796663098188788,-0.7554808243154152,-0.2257834740498912,-0.33404272221245074,-0.33457868001000746,-0.154730819259111
-1.6165242976516332,-0.379181710978829,0.16534398076058576,0.14005575647770616,-0.45916375676205223,-0.10922253175395448
-1.318953076909061,-0.7198755028718347,0.3592283721751889,-0.5172604510446924,0.426204372180421,-0.75346444458555
-1.3477780798026862,-0.5338923736947949,-0.5408308699381159,-0.6096796650411411,0.025851952178908247,-0.2239442519751606
-1.4310147089001999,0.04714652365264654,-0.5448748987611003,-0.05972503636007078,-0.28256241763793627,-0.5790923432497851
-1.4551270257720752,-0.2041189858950436,-0.33556798021136747,-0.348655113815372,-0.6560139857542967,-0.20746760871005004
-1.434810992326433,-0.21370433144742398,0.018216328081697507,-0.5146238618922323,-0.6876027423198993,-0.3721109388567776
4.605799651255131,0.7177645244183238,0.3242382680118532,0.32973894343824744,1.5562168162813135,0.12338840368941419
-1.5787283711357958,-1.116257607847233,-0.05865842487945698,-0.35512238494880877,-0.000611876735247745,-0.1644271099028181
-1.5604228359272392,0.18505003862988564,-0.3994862896792887,-0.23889809587574562,-0.15057125631829912,-0.15462047575567398
-1.7095629124371214,-0.3152324141058915,-0.3116979541266868,0.06464843956821006,-0.7164842730542259,0.16088996387557944
1.6381285385328554,0.14665940019653664,0.6916412663168922,0.265523753148731,-0.8039726145384478,-0.11851434353885393
-1.6237048700293317,-0.16216930584390643,0.1130393529209235,-0.5190990371843808,-0.2980848697445863,-0.5616444405290475
-1.4676395822971589,-0.08295135626966357,-0.47234659676489055,-0.05048218139364557,0.08230971204218017,-0.0955692345997703
-1.239545779198354,1.8646088259193787,0.8106356426151372,0.39772740716794686,0.8997283073377702,0.7342445453775033
7.354377554287013,-0.43775607928302707,0.052627207901856335,-0.053130375479484154,0.2135731617561874,0.09626839657497117
-1.3597057778565813,-0.14623679803621722,0.3807541789632951,-0.23323676799821835,-0.41258082659236855,-0.18487709604301272
10.19677423382675,0.12549783580005114,-0.15475709845311034,0.43501742766962187,-0.09058211020539306,0.045542071496714395
-1.2990694626079282,-0.10445115984502468,-0.9287510826045206,-0.19354698754393734,-0.37515974131783775,-0.14470000264059857
-1.366288271017858,-0.028210578583914063,-0.5661567075636842,-0.33793972525361937,-0.7104832976390498,-0.044133567917634856
2.4932772158652505,-0.014309234355997014,0.15172850279191727,0.6916716348531269,0.12245105218468634,-0.1657191050243115
-1.5958058600989693,-0.47299212784479205,0.20373353045044756,-0.22258406247804272,-0.3282881356955651,-0.17968464850268362
-1.424529380829868,-0.164155159299954,-0.44434104824375414,-0.12010850685239853,-0.4430241942940801,-0.19232385879669964
-1.3962865584913091,-0.04136863998563508,-0.0101868509161936,-0.37527621927370863,-0.2613251862005523,-0.19153629722681995
-1.2964884832350385,0.2958611716124015,-0.5351043978679342,0.007911852311766271,0.7906567233544756,0.2969379596000149
-1.3614475051707298,-0.1883245314220716,-0.03105492555100295,-0.8528946867990774,0.12189597668634639,-0.29165542877988626
-1.7240812951991855,-0.87945926453133,-0.10120916136154987,-0.2834838317421763,0.05665005072167388,-0.15427359264660057
-1.2727545334820358,0.8512702114913565,-0.9475720625676614,0.2904529991041293,0.8496555913598156,0.3522043798156362
-1.5969503332137456,-0.5720653819363293,-0.1971423486982124,-0.42333992374647333,-0.3412333135669223,-0.3036610629910579
-0.34249823541807134,-0.7611756049589504,0.27820980812130014,-0.7797192169330152,-0.1483002089456112,-0.2410196399509148
-1.3261860980177056,-0.2746357288359782,-0.3106821725105427,-0.22495486226772002,-0.25984410251493895,-0.19005411162726507
-1.4745406272819608,-0.4852848583582477,-0.15982878427599337,-0.4613092018832143,-0.288223166226612,-0.23266895733339574
2.04512781278619,-0.04174565596777959,-0.9621586140616746,0.31925036019487313,0.8846636812587962,0.005887825896062998
-1.373675057412211,-0.256525644331996,-0.1091149419460327,-0.3455113620058018,-0.8642805172867426,-0.3372780289997358
-1.712338886119865,-0.7807929199767701,-0.47845276687537275,-0.09648374463853816,-0.009170268074695726,-0.18099257397386312
-1.5479314796090138,-0.955011926959056,-0.4418288988145317,-0.037172400914920085,-0.16425867970675545,-0.19972125208340244
-1.3626236628405648,-0.18266887470021026,-0.8071862279982152,-0.11952928840004612,-0.16793729317124295,-0.060062737508075455
0.7177530316159959,0.8227639496592241,-1.0594361789658495,0.18205313444245638,-0.6729482023332634,-0.30242187370403834
-1.1052004184890245,0.8900713911426232,1.4650427317319528,0.7681506375219045,1.102640215764755,1.0174192373550943
-1.720371344204744,-0.5851823707724142,0.0764935232608355,-0.4460038479054061,-0.6251974446073788,-0.08761446833310733
-1.2662828662099455,-0.039926384062994744,-0.5567420687019207,-0.07585550529916779,-0.4177572006480394,-0.1545688485946429
-1.3908568182520469,-0.29908378356489845,-0.0549573980448602,-0.4039304919181841,-0.9803432504540983,-0.26375625808545244
-1.6675881258902576,-0.038157351185031184,-0.476376268199801,-0.1273533907409742,-0.7263294109902086,-0.23122973734753724
-1.4826159993875245,-0.10305336717002293,0.2855458731253235,-0.0011743539652910972,-0.30447577436324363,-0.0961694506561599
1.0384149018241309,-0.7046255413355076,0.6799478153059512,0.02719314659042441,-0.39194483912311356,-0.20635619667665747
-1.1144086699844113,0.4776870568420785,0.3404674193323591,0.4317521158115575,0.1429027982249604,0.3434120938915026
-1.280614247219531,-0.16552672737740137,-0.46938462848720863,-0.5779569958711898,-0.5743746249850546,-0.19931550688621402
-1.1231641513768864,0.4343706724576698,1.6166990873362992,0.6331194919338174,1.3380716051977826,0.42406993572251395
-1.5073774195048593,-0.23372487619456025,-0.16668699545020577,-0.532599773424235,-0.5649325476770349,-0.3166408292017128
1.5022447142739153,0.8729891383678363,-1.980704280073941,-0.40483989180412316,0.2866515343009828,0.015435893769415423
-1.4578111216615635,-0.12878385378989873,0.7354314097021827,0.9247808185359796,0.5401424816106143,0.3760482094916012
-1.4782917518953544,-0.25101547039242494,-0.15194577069646012,-0.5424617177636899,-0.04042479312452434,-0.45032206751153364
-1.5718755986899076,0.11633643470694435,0.4415375672795309,-0.025130161411622505,-0.5751666720608535,0.024980374084968664
-1.7272268059191551,-0.5139610180021208,0.06373989896093173,-0.19518420156687516,-0.235057767844056,-0.20086809815211157
7.3761269263260365,1.0642391930948323,0.8943914716309916,0.2537473886439876,0.1085369230627579,0.3191995618608631
-1.165789571996992,0.4357223993180092,0.26469337160393525,0.27404538174159604,0.15264795062024605,0.15442146029326914
9.011228959096268,-0.009688924220914592,0.02009287496120989,-0.2757442946642433,-0.09510493253221992,-0.24127510657129944
-1.6230119988830547,-0.6606542000241391,0.044381879109423185,-0.2222193575197327,-0.029388997936776278,-0.08425735499217402
-1.5205477731501658,0.8362925426336992,-0.00738330359811569,0.15318294893622664,-0.745224435294159,-0.05239098248434348
-1.4834922609397454,-0.9901057444511516,-0.26427096520007676,-0.2828495171146017,-0.08556036292258618,-0.26996951359019633
0.4865789719135102,-0.44419341562021886,0.1772481971528951,-0.9912538953436835,0.10465273787001869,-0.15309523713914483
6.056971760070588,-0.10151245548977228,0.2968358125444856,-0.010951338441452501,0.09790334729065306,-0.2818670128021615
1.1155324179115196,-0.7495869325906848,-0.18153594516559998,-0.8713184094410465,-0.25072808715803496,-0.1769713048647092
0.4273666831914859,-1.1773654036853611,0.1547653293775632,-0.1392939668737766,-1.779840172484753,-0.6212011198305989
-1.0900495007738795,3.1024850090854983,0.4554324033526693,0.8325306033950425,1.384502999068225,0.6861875928596853
-1.5622556030220018,-0.5046414382220406,0.10011152139057337,-0.09994230631026843,0.015408393139753548,0.12987817019044856
7.4812006590613604,0.032512223449436335,-0.0009589053933321362,0.024388224220617215,-0.04304144464529236,0.02547702567258633
-1.7050956083426154,-1.0953988481859445,0.1363531576681049,-0.05976803662560641,-0.33294437169018765,-0.28582371092116776
-1.6334887786663668,-0.12559851202481292,-0.6151456926412059,0.03179920947986024,0.17407830901534613,-0.1778654825888175
-1.4573722768120294,-0.01959719790322526,0.03567320448615602,-0.26884485921729034,-0.23833800607636738,-0.13635614865535559
-1.282049050477781,-0.15649532362523288,-0.4894598751666946,-0.6098962060156209,-0.4477857336015791,-0.10083399348830463
-1.5479230455830573,-0.2123141711674197,-0.5943085000463263,-0.5163654026452238,-0.2657054581770334,-0.01346090490433422
5.678612877826961,0.5244039256897223,0.2353277278976063,0.07111309160007427,-0.08976454748270958,0.16051282870209285
-1.5698689314128902,-0.12012190276191735,-0.06689282543105912,-0.48982082729886894,-0.6925619316828603,-0.3623172290553543
-1.4815489966638136,-0.7831543983442792,-0.3204704516025072,-0.19691957269838098,-0.026224279749518443,-0.2386459366848423
-1.5322963071719438,0.2368376794308709,0.22489879993506834,-0.25459781191857184,-0.17500216209032488,-0.22085987267827545
-1.4474246955674444,0.10966788162546275,0.004607745358745792,0.824039157436138,-0.596294880389465,0.37486765427333624
-1.5480363214978794,-0.30903523838011643,-0.6694945554727861,-0.48057186862536966,-0.25657703281465893,-0.14087762988872163
0.3004454862936893,-0.08526461528495678,0.8188186341598588,-1.238382145874894,0.14459782765515003,-0.12325986354122266
-1.6704703335654014,-0.06390779265221162,-0.03921129024281882,-0.044842055155341065,-0.4064434763719377,-0.035201873310827775
-1.5978189301158694,-0.5455133340758413,-0.25918495372643513,-0.4057401158067599,-0.3246967550198891,-0.30143827540793394
-1.2658369997723895,0.33756933650683557,-0.8775739382413419,0.3560040767839598,0.2477100379698283,-0.23096332763572897
-1.2639437853973092,2.38196539177677,0.6396358832592953,0.38358294360102213,1.0710939056990194,0.5044983830762716
-1.274965863611138,0.28707432176169756,-0.50394196688965,0.5549328957285333,0.26039666549437923,0.6616885168280368
-1.4172257433594653,0.22951165904306192,-0.184419197372106,-0.010815262242778498,0.43926306027975254,-0.19213143703022703
-1.1416814042098473,0.06924984287135276,0.7537072712642812,1.0315859406983392,1.0679033068959565,0.5972590644414577
2.855935777777214,0.03515864315208258,0.09310407780813279,1.5298163701489491,0.8688172734742974,0.36410493701886315
-1.2769970814115743,-0.13976238828503207,0.04077538285523574,-0.15832448225942852,-0.874200176176514,-0.38198257861757545
-1.3471512627780529,-0.4256039568256873,0.7427824585802942,0.19741130226874826,-0.16525267656264278,0.04871489260255945
-1.5296319947541728,-0.4303508310915932,0.4818441190538202,-0.29583968166615693,-0.1588724420279326,-0.27571006473702664
-1.5172581233471043,-0.19247620128410595,-0.11046523663914201,-0.33098275875440175,-0.9252790640852474,-0.1940517798621306
-1.6565343928161476,0.20187282052762398,-0.07478848579256409,-0.16444661818313977,-1.1947433445236784,-0.0742280493017185
-1.600311896489467,-1.1607776922906268,-0.5232998558625963,0.12725101793723284,-0.2792801086579305,0.3273018786373584
-1.686352492499342,-0.4783679545651171,-0.003315496234614265,-0.564631486016607,-0.21370824872543237,-0.2616610670439632
-1.5512896254861002,-0.05760598180407054,0.38543338199268534,-0.10319709245047501,-0.45118960992943563,-0.12266319347997331
-1.2809422760202207,1.1469657499288957,0.22146087295947023,0.8289016257149222,0.3172291191913404,0.4592046497310353
1.87635051905961,1.2072184652432592,0.6763470070389658,0.15288555343206406,0.12753996175334686,0.43965039628106917
1.1953637954477874,-0.7129068052931063,-0.0015730546031292923,-0.7849746219608591,-0.2370698165303749,-0.188832535902485
-1.6392252656644921,-0.33392583568527606,-0.2087216797005122,0.3367977898453364,-0.15390805402190214,-0.3968868830751949
-1.0112274126222442,1.6760639237984747,1.3787543278516312,0.5814155726280901,0.09482924051098006,0.12283076585547895
-1.377717424110411,-0.4177832701229486,-0.32872096260698275,-0.5570777781814887,-0.5973293677991593,0.06560187235931776
-1.4874616996176147,-0.2142352897980348,0.13794647558935447,-0.40832707813569724,-0.37284629992554175,-0.6814592659359802
-1.6925634443162638,-0.5808311901847955,-0.02341430406197068,-0.4221351513311001,-0.6157150803648873,-0.048569435199946935
10.617271239936466,0.2739223891917734,0.1802617147114873,-0.05338557072263279,-0.16057786159463414,0.055211152420087284
-1.5909784686965411,-0.9851416156890186,0.04192871188133901,-0.21320743519560922,0.035648526529592904,0.05491587593250601
-1.4927680121323457,-0.22819160363604477,-0.18503999820868938,-0.14789979368522083,-0.3055590091392393,-0.11194149518611282
-1.1509248665051741,0.9643421807621152,0.02952289032983478,0.4305562116819933,0.654275713043842,1.0817076470077505
-1.7031372996873961,-0.6246720024613491,0.14259150471729307,-0.22987799911539422,-0.5674195330378066,-0.21463474383181058
2.5213005258308203,1.1921358345823874,0.7202487446893149,0.21355874513551176,0.8339236668785449,0.23580496434257225
-1.1496538154139044,1.843134264160793,0.993444620785201,0.5285915940440656,0.11589644417601452,0.3165084265690546
-1.4698105015058618,-0.13146430752928603,0.3232279960160666,-0.013964922860162335,-0.15753968469656254,0.02186112755155286
-1.543738491437901,-0.44115301157712616,0.21941320908921072,0.008347078255308742,-0.30917457558140926,0.11427715477091012
-1.3229210123430626,1.0247937598859664,-0.6421278478756596,0.6184869979700622,0.45269737248472147,0.8339713951569886
-1.7793472869470752,-0.42112371907229246,-0.07108051487047846,-0.49085258203958326,-0.269393420621969,-0.23416503737682953
-1.6286270023312894,0.20231289885889822,0.1534792499499823,-1.0212300778578554,-0.3512691442464201,-0.3910397375017359
-1.491915458993448,0.4371446158441401,-0.4744857904278967,0.09661475098741318,-1.051428482462068,-0.15919268887999508
-1.49622088294081,-0.46658190956710965,-0.48087750116018296,-0.3504038553355933,-0.2975321509570379,-0.3102211763984739
-1.418764691846578,-0.5012243865203992,-0.37356063335354067,-0.2982654159268814,-0.353563653066419,-0.19266627459470154
-1.7008147973916568,-0.13913368775867116,0.03891132391401853,-0.06644548286043096,-0.8191165239272796,-0.21466045831060254
-1.4508950456861176,0.5099456851748907,0.2583632210871387,0.30501623936785,0.7017999804957118,0.44683886995527883
-1.64969471356332,-0.7903342935514085,-0.6445684228131944,-0.0673086583928877,0.03374220796012793,-0.17043934916005038
2.1899190633156578,-0.5779092535523778,0.4315367829742044,-0.3209990653053114,-0.8084571468873979,-0.20295678117874277
5.696656577238483,0.5240860792331525,0.391885844349933,0.07038272943169908,-0.08614336973389683,0.16101314931209573
-1.3427683074298373,-0.11369441609984168,-0.14159199792703636,-0.3543598315547838,-1.077809936110335,-0.09256705981538485
-1.4406523343148583,0.3754796161092798,0.4146794228141313,1.1111505905775454,0.16898698333963044,0.1591318164428717
-1.3464085438421824,0.8997593272413126,-0.3327426090103592,0.044579136993652624,-0.7204911577088561,-0.033681920688699185
-1.2966932015436827,-0.791731425435351,-0.23610669346472468,-0.012312729343746063,0.3105650488011802,-0.09211373414492587
-1.6453602095948492,-0.38864478179907774,0.097110745311002,-0.602879897224969,-0.18292176025603218,-0.35001222212962263
-1.4750937498412868,-0.22432116252877685,-0.26049743607458264,-0.6247011660991479,-0.5477327799405531,-0.28198509359605467
-1.5403557632916267,0.05235784074857915,-0.18406443429474678,-0.419316957984792,-0.680705023286223,-0.23539942356527502
-1.4457877978359042,-0.09708345554594364,0.12494740607977199,-0.04148375808816739,0.20560190138795564,-0.09484861980459845
6.329126175030916,-0.22878439104867088,-0.3905925386083175,-0.5220011799795603,-0.20041760791052168,-0.4279471714075003
-0.9389857354728959,0.44257240023205274,1.4795418940111318,1.1922373811976557,0.1494551968294881,0.4140569934843495
-1.3835801764609756,-0.06035137397530768,-0.16720105245151512,0.28077017256836095,0.5186814135712604,0.339450746256509
-1.6198767799074603,-0.525690089136724,-0.49248238858792753,-0.2221355921270169,-0.27642962693917594,0.025976470478674497
-1.3263878838021896,-0.2601707326257416,-0.37056143674912323,-0.4014419922631223,-0.5236466539422061,-0.24073316427620622
-1.5605955843630872,-0.19845811647989708,-0.13265060546956634,-0.34320105038583365,0.26254236020293015,-0.10097327076621251
-0.294690460097652,-0.1327430550068908,-1.6000883161955253,-0.06868157486419588,-0.7516927805651953,-0.15493098870802655
-1.6260555964555423,-0.3831009500715232,-0.09883600651635112,-0.24875987307336161,-0.423933064255247,-0.17075637643363184
11.129663769310163,0.18011526497843366,-0.01276617848107905,-0.09694947168518955,-0.13333309082414527,0.052460408491967245
2.32472942710027,1.1313098645160746,0.5623907020941574,0.10387410531861832,0.7072537492022621,0.1985252540977895
-0.7884392235549423,0.8465451752120384,-0.26043152162950084,1.131105760222191,2.2608348588643508,0.7552991222852301
-1.127463452608862,0.56682835496429,1.3834668997256718,0.26462466973833404,1.5903324028280459,0.34395248468434014
-1.0923170322744258,0.8560985491572649,0.3344068282397821,0.39087489080269333,0.541243436999497,0.3005217682639654
-1.522596886119289,-0.29678224245611257,-0.2432720238345301,-0.4317482815767652,-0.6450894988514015,-0.1289581714746535
-1.1674884694693386,-0.32619871823284324,0.5510967625916413,-0.1901529384734577,-0.02344573466373613,-0.1274573511250383
3.455935300553728,-0.1368038407370334,0.5423591315020125,-1.3792931489278613,-0.9323846366944826,-0.3233839014606131
-1.512267445967939,-0.8245312706804822,-0.03059329155391834,-0.4235889041024591,-0.12061789419506788,-0.0946213932291259
-1.4603316706287317,0.3015207480687854,0.7423083024866879,0.22879830828211162,0.005349341379007937,0.12546897820242633
4.886248702336105,0.4487798599106455,-0.9189633479258371,0.34980851859818357,-0.4827356566238088,0.20784815852681274
-1.7060441975937097,0.33095820391270037,0.08524879276664589,-1.387986642827811,-0.16591016057849856,-0.3701542101169897
-0.854065937041471,0.658680045487544,1.1952088083328087,1.5325878306073457,-0.04216193821054441,0.9099016639850723
-1.6648422723244356,-0.21977557695702382,-0.22807743935844832,-0.6037631195364677,0.10820112883945374,-0.5284772261399857
-1.2768767537121988,0.820417924319365,1.100999523642461,0.4111785539093638,0.27998662664911206,0.41074668991357927
-1.5522189031102909,-0.2516490236459691,-0.21713837224415058,-0.35328582412096976,-0.6429003213656806,-0.31308749727395596
-1.429585870582814,-0.5077200400429136,0.325141570795598,0.08837268626165372,0.3280297168627335,0.16628759046284575
10.703853674855326,0.3039011881436306,0.03280313694030529,-0.0424703123916368,-0.15459956931336447,0.05979646042451171
3.8005301001186895,0.6136343436886562,0.5640824451013743,-0.10775180022995123,1.1039188025596913,-0.04629010374851776
-1.5612017203737525,-0.3571830317119541,-0.3512273253324256,-0.21640324117336907,-0.37156713527398766,-0.2640447679404207
-1.431881746488257,0.051691924743947126,0.2575636815929333,0.3533736999644443,0.3277692034409148,-0.03413533631826076
-1.3907144450310338,0.08796885870145114,0.3427223113893242,0.3107343082569505,0.41281573192933835,0.24305853987780326
-1.307316573012575,1.0007525486559345,0.805047461404169,1.4206590197232392,1.061508685769178,0.5291458897307887
-1.669202058378491,-0.9992797175811652,0.11356024443032851,-0.09986201107818145,-0.4000806893666333,0.029089878970951253
-1.448512142720393,-0.30384824060083626,0.3316890677103352,-0.31475323591476423,-0.17298874938444947,-0.2442349985921233
-1.6602366911491857,-0.12918983251936214,0.051989067857448494,0.0013077946983403234,-0.27933032811014674,-0.10800602546470278
-1.5159432216441726,0.11536853868922302,0.3052118275824042,0.08192327250917343,0.30539788543717583,0.037129204273595076
-1.4175785420013245,-0.5669276234960927,0.09977482085048028,-0.478054037975692,-0.45617717197214047,0.005799021812115027
-1.4201329062403574,0.6412181899645424,0.03991716681996798,0.20796873986126516,-0.02949823912957395,0.10027645342900372
-1.7260212221714082,-0.4119529305564411,0.20545084155010204,-0.31500375408020875,-0.1195310025689454,-0.2034428712932944
-1.5448029460204964,-0.1869436786587716,-0.6124764400829895,-0.5268521408138074,-0.298840222984678,0.035197793429349075
-1.421614596634468,-0.5707465514966168,0.1892236781570891,-0.41423763740471664,-0.4023948446805221,-0.24751275220908656
-0.7050467320953556,2.4241738944839293,0.8564101368263105,0.4105266965928704,0.4532636978446226,2.0423527228035288
2.5990822734688983,0.6003788021274243,1.0876660328362646,1.5372595798805933,0.131941832207397,0.09624163306527471
-1.3302620579433404,-0.30803421906006223,-0.42373356243839594,-0.44680175887465934,-0.4486130001106258,-0.2278868997983867
-1.4364590314857983,0.5314955734685545,0.325216750747077,1.2904888331973807,0.5100374669545856,0.14707941645202005
-1.314922378060052,1.2267407142138584,0.455875080356205,1.2366521431940636,1.427523621326934,0.6725949378177808
-1.2925475142070137,0.9893607103682577,0.173409170252317,0.4266616870203625,0.16803584330394394,0.04357189855764682
-1.6654870023259332,-0.7783099921403233,-0.2518239430874177,-0.18194310531811606,-0.1710081780816587,-0.2595358684502825
2.0726926866881694,0.3244241068982871,1.1047685350845056,0.5679924801586684,-0.1955418468464863,0.11746528654888128
-1.1150066996974541,0.6984750902297066,0.061115681027840416,0.005351055362120878,-0.4163657942000843,-0.14085807932715327
-0.7686989652595707,0.8768199721842344,-0.17294736251718093,1.1655980426809394,2.160622774797351,0.7744885757766646
-1.308069651890211,-0.0556305969022774,-0.17531538568133692,-0.0831817671107651,-0.30341339773114395,0.04250476041501524
-1.625403406782642,0.4817906137948742,0.5710902306434827,0.21138220213581269,-0.8669900658938783,-0.15817683217634076
0.7276279498913705,-0.39180837264964957,0.35014038870871683,-0.8029324952781272,0.1761802789564357,-0.11865344743090249
0.7457883542751282,-0.31540951896021935,-0.7331688832792044,0.24221757757520732,-0.8231409781570839,-0.17304567150630434
-1.2747672363796105,2.155214314439084,1.1415894953819157,0.7552337799158015,-0.21914249689248955,0.48279843231529324
-1.375811795635128,-0.20430845037444118,0.28568350754125926,-0.25194873967532927,-0.7883755264586796,-0.7766587593558794
-1.4442728506449851,-0.06871755729966651,-0.04143971749398055,-0.7352089515095779,-0.2961392704629325,-0.5704313494602044
-1.689013558798653,-0.23154706848540696,-0.452808971902154,0.011142977876544788,-0.6822123670714099,-0.20000824376805
-1.5746792495003903,-0.7882066484817519,-0.04574018972422622,0.022781650293199226,0.30616235547316945,-0.027834497203967967
2.473419632343319,0.0793964794529881,0.42235359965267866,0.6992301803947027,0.35571157006714965,-0.0095727622001531
-1.36166745707369,0.385125559375434,-0.6099943525468091,0.029173182806881724,0.004322547083992752,-0.3462459054464875
7.345254875171015,0.613257631329754,0.24630899944362275,-0.002185590211436668,0.3439770857107438,0.2641052680595107
-1.377066096942295,-0.21274115852873887,0.06743079341833773,-0.32013193720798766,0.5087187626187856,0.07193609819247526
-1.2881812443793186,-0.13867410835283403,-0.18677965585905873,-0.3302264932124087,-1.02826812685013,-0.3650026542299535
-1.6279458498664745,-0.42954094394152814,0.002932007073975128,-0.6453356201384861,-0.13551069346143108,-0.08636793626299358
6.9202791727255315,-0.037621088250449373,-0.6066344940077131,-0.3526519809909062,-0.09154821604339257,-0.08747825494109686
8.516911448414392,-0.006675272810128926,-0.1056876777317099,0.8452219279770438,0.09988184265474166,0.029342340632052013
-1.382065477132441,-0.008228671657143062,-0.5804182402781395,-0.30124304969667137,0.4109378989445517,0.09662091682335723
5.593944885123035,0.305927259957222,0.2924196271721801,0.6121639332741164,-0.27835032535894055,0.4749682716522558
-1.499953536866804,-0.309711664767401,-0.39959006936816255,-0.6156668408592241,-0.030113572994608248,-0.27550513619113437
-1.5677173659793318,-0.9307394857697001,-0.09458516155092041,-0.33949983721417304,-0.18938228929089074,-0.1867289687976602
-1.6696002796344036,-0.43667922813113746,0.021054571598253177,-0.5168620560382498,-0.25838520829435857,-0.24986840353022002
-1.1434966787276868,1.4718827815009434,0.5097375918100892,0.6529238409915479,2.1307038450087927,0.7918628044498273
-1.01414515259225,1.6726979720673143,1.390956799727832,0.593906600533413,0.09232262362840814,0.12358900518205151
-1.6948226723133222,-1.1248700791577242,-0.002944476364465594,0.00823669283112929,-0.2006544879294321,-0.2826973785288325
0.8221481260544337,-0.26764243911892904,-0.3807204536356463,-1.2688097038419266,0.0703857337428829,0.20882630652466488
-1.6338587669627591,-0.169494056383525,-0.12290079994913723,-0.17314884310757747,-0.6484289492522377,-0.19422448511581258
-1.5081354402422606,-0.10882493109215996,-1.0073632156662007,0.3167018235102575,0.0016403189558169247,-0.0036953151810382124
-0.8585383463703898,0.660652715593144,1.1820005994424077,1.558097539466552,-0.055510851038452075,0.8966978392354673
-1.2566244928100574,0.12316275156771656,0.9651069478046768,-0.19863520869497175,1.0635212077225824,-0.1991862124326985
6.214892401931711,0.6244843031549822,-1.0552062100506645,0.10649048957383915,0.005309317823043024,0.2409400670961545
-1.330258219469694,0.21753020014703583,-0.1718111156514815,-0.023225293413907045,0.7377400345392584,0.39597848278865017
10.725002691000123,0.2308563965832647,-0.10601562936313563,-0.05202473142658589,-0.09908067903288345,0.04869298981869706
-1.6078720976645202,-0.9428247593849417,-0.19102225740748616,-0.26304340368829765,-0.25101862462600777,-0.01137599298545032
-1.3346421944773477,-0.12164529156851482,0.19912203227226924,-0.1700071303824965,-0.9124081449397858,-0.39216996722603803
-1.5265063140020267,-0.7023375496293929,-0.1784575755858183,-0.38170262546452666,-0.5960867096417695,0.0001668687979412654
-1.5982515623025702,-0.9129204976160368,-0.20590800102818285,-0.2653254492269823,-0.15053940426666534,-0.024085432029033224
-1.6092344750367265,-1.1196980404456878,-0.07360762804579932,-0.3675627407699885,-0.017010269469686166,-0.17735238787495256
-1.5192657012642852,-0.3183390110519174,0.05293898630029265,-0.34348425371899133,-0.6378054535583237,-0.30041050347213855
-1.5383153856795053,-0.22422437739267448,-0.5485544135810473,-0.5320009288214428,-0.24581997906504663,-0.012388451869671012
-1.6973995539347893,-0.5231151164434243,-0.17668226926368422,-0.35896509397385457,-0.30502614233627734,-0.2832876309355509
-1.0732065599041347,1.0289264921171144,-0.8173488854462989,1.2085823815450856,1.0266602588626554,0.8729778661218307
-1.5666192330122903,-0.5667227576739085,0.3697104188623106,-0.10984078227483743,0.1260136617172535,0.01103823469837564
-1.4832066640412453,0.01440675027302639,-0.6394182268181895,-0.2842293952844462,-0.26154894370947107,-0.370300523240842
6.752608281416859,0.0559851149652596,0.3485431834725174,0.10170430565781594,0.24861427940271574,0.022549789826915696
-0.9535416490899776,1.2158067746064802,0.5731797536604316,2.609408813930422,1.6897551595698788,0.9820501258775111
-1.6028482147016456,-0.3294416269418264,-0.3878549649999359,-0.5699157871571681,-0.3330574955043627,-0.20476838161093466
6.203224470333863,-0.6419248645410619,-0.2761029579799894,-0.43797251189939596,-0.09683706170589795,-0.10342541216870242
8.11587363011509,0.057886808558546186,-0.5820193935601177,-0.27556171015442843,-0.006974273264201877,0.1275076567617402
-1.5641798918052223,-0.23707170369620983,-0.09223222099116984,-0.3221611777857901,0.2538150947108187,-0.08622084926386223
-1.6319149308952376,-0.07172978042489642,-0.8884201016750237,-0.03718071994512137,-0.06260120171002437,-0.03847216892981094
-1.5000742390251183,-0.20345047333970745,-0.5257366555894927,-0.4497304101822648,0.1748877115741536,-0.45208038230673575
-1.4671015233119036,-0.1651943442781254,-0.5592956106192797,-0.46523460932836747,0.15227561827261907,-0.4193848437575321
1.5022447142739153,0.8729891383678363,-1.980704280073941,-0.40483989180412316,0.2866515343009828,0.015435893769415423
2.180386784947062,-1.1335345990012622,-0.8970368493209033,-0.008731857781470889,-0.9808890542264128,-0.23721621188625874
-1.6225518856411396,-0.3993103570183909,-0.06365033641566112,-0.2244436053964837,-0.4248918907416607,-0.35255452444144725
-1.4773444165327096,-0.22641733842019968,0.2396336933631172,-0.34532351332887096,-0.45738779558930187,-0.30470468995722005
-0.007993661227787318,-0.12927295189750773,0.23871591560024327,-1.3919256859602516,-0.03694156259140499,-0.10896483584555935
-1.7274531887415143,-0.535730591748191,-0.2579299304448653,-0.3056096822653387,-0.2577094996283405,-0.2712550042917156
-1.727890219777919,-0.3796362439045635,-0.10205953777509172,-0.38571954535828523,-0.14397621752471185,-0.20542397161088174
-1.061985404846,0.6241371651592772,-0.03443517633738225,2.239932083989175,1.6493550719635206,0.5361929599274289
-1.2714356606711783,0.028789453272771263,0.3037654931456802,-0.17272216556819805,-0.19884827417737233,-0.11820028577959751
-1.0405543329105158,2.672890609111744,1.1656317777439749,0.4796797812964974,1.3631596920542663,0.30284813732888066
-1.033628284202751,0.15680610917631987,1.1726351884740611,0.11408714180598906,0.40859802447054305,-0.007107815742947753
-1.3051383045555058,0.3193542919069105,0.14631143590354234,0.27454861346494613,0.9114346540887703,-0.08402853734494879
6.079778551562139,-0.565017603342276,0.36433924334246776,-0.7547788537695899,-0.33540551881934544,-0.11345680120008163
-1.4213293204939799,-0.4403457242295904,-0.7305819586156151,-0.1949949008017857,-0.2874335990026755,-0.13648755233280307
-1.5961055054898003,0.1619239038612952,-0.13555898411522724,-0.6074123146740588,-0.5268669663211041,-0.4988562124841985
6.259094930480331,0.4946604607307752,0.03171100301530091,0.1822819263519891,0.04559640697926242,0.409710847680278
-1.6853374851249725,-0.13954145315716876,-0.29465903027721085,-0.5280861930982086,-0.1619755437366062,-0.19050417465439984
6.067412832136572,-0.691593467654012,-0.23260876155800964,-0.6698387938051132,-0.230816815173552,-0.1930748644150573
0.23058732306266003,-0.2648115899977205,-0.11401279146556804,-2.239200900005921,-0.16863152047575783,-0.5294447024583931
-1.4185721423530187,-0.4564823070157727,0.1880643732990004,-0.5237585155756926,-0.3651962102368274,0.023366173642104644
-1.2531808806619409,-0.7794105717654478,-0.5555182244977488,-0.15950439563181865,0.23931594286796118,-0.18693339292181665
-1.542550402895936,-0.9256089668795574,-0.15939633395005504,-0.21215470053340468,-0.09385953483144727,-0.462128645085696
-1.413467906845538,-0.16191039868019724,-0.47654570980922867,-0.6846894634052945,0.07718338456093703,-0.7172287985119769
-1.6807843046455357,-1.1381519627286567,-0.03978655752859518,-0.12516249055590284,-0.3698747383428828,0.060067190890875546
-1.466991939418984,-0.5817759837664579,-0.21214173166145636,-0.43919823161256505,0.4614609229889162,-0.3690945268842232
-1.113346020090086,0.6935290859460783,1.3495418299007758,0.008740584757634087,1.5052801550514332,-0.3444374948040431
-1.490536938514624,-0.17954575072646237,-0.17880042679476324,-0.526091172704155,-0.5544334562956291,-0.31694348986767834
-1.4980684598136567,0.01645782355346795,-0.47033778095299184,-0.12137131422910548,-0.3435206246451228,-0.5831252325154986
-1.0146408352762974,0.8188856377620879,-0.5279889217072308,0.1600815707754449,1.0553633257956556,0.8753745003474569
-1.5396607138295453,-0.5483623127222642,0.4686840463421529,0.5450138772056381,0.3225499319728696,-0.06517314136668491
-1.482099060580878,-0.29637570646868966,0.3642279860765517,0.7866782618344023,0.421393589326488,0.3283012595502142
-1.2610288603964297,-0.007433962195595675,-0.8197518941481965,-0.01952326264054518,-0.11215935555510051,-0.04841835776549106
-1.2614423116448714,0.004148632676100553,0.2826001802182487,-0.42405005894354925,-0.4013707481810928,-0.6935922260431016
-1.5412815457092797,-0.2837966465275489,0.08619947972822634,-0.14940890560344564,0.13044754340859288,-0.18749813778578667
-1.2961466799829449,0.4238195963419485,-0.20384822950201015,0.651430436903156,0.7301282834169717,-0.22253808333089656
-1.3459287865493306,-0.5599028625475649,-0.051338894295774255,-0.21426017910282852,-0.35992729555685615,-0.2464945999770604
-1.5692988205382503,-0.0852073957323626,-0.622674708660376,-0.06126997995582079,-0.10964035676677104,-0.16835320515671887
-1.5844198947299877,-0.3223678149365861,-0.5260899481083062,-0.485290687832015,-0.3363768681681656,-0.10443429085372731
-1.575171797899482,-0.27435123247990006,0.36816542228552235,0.04908977571001602,0.021063463336957168,0.40437715236107336
5.658883037485397,0.16438221815491078,-0.28853817789097214,-0.15649413377432725,0.024362815465068053,-0.36999365928663674
-1.3229153013975032,-0.048594328625260926,-0.35615963591712635,0.14104215048972946,0.3547884917293839,0.09399581114722086
8.741472224957903,0.051260873782472946,0.1770615013126313,-0.07198070949825824,-0.05569583006587573,-0.3071449052170816
-1.1061839835643321,0.6859218980439777,0.3547974329395951,0.06821493944581428,-0.5257423266594523,0.15653646140130234
-1.823272793869374,-0.6148837949357898,-0.07079452484358516,-0.4689293335401796,-0.02995911187150396,-0.3972458694131088
-1.1576242068776512,-0.06745823659368433,0.6180348557290409,1.0115034811856771,1.0985064545294179,0.5458318335677124
-1.3392525084249765,-0.17180630608596684,0.43593602076542726,-0.14699179588368294,0.022596038378368072,0.22362440984526716
-1.692409858735883,-0.24029735977779607,0.07367508959668297,-0.1673815959750436,-0.4031849911722463,-0.7437832215811071
-1.739826285455114,-0.7433249681320204,0.12793919295120193,-0.07084981911113987,0.18540534201233327,0.005492986144773857
-1.3261218135629858,0.34449914648355306,-0.19702299329919623,1.4443018970266877,0.6319387339041554,0.2448103498606186
-1.0908787028311195,0.2418020246954843,1.3290759433022832,0.36713552247343734,0.21707589537275349,0.3721735285717148
-1.7774934443704136,-0.29311545617193874,-0.026106595393581542,0.12012953703074963,-0.3734522050350473,-0.25378856995991383
-1.7223987767241002,-0.179882234355219,0.10127684961899484,-0.1890957884855188,-0.21631817387877605,-0.38623601410011443
-0.8556008121412824,0.5948672918296406,0.5799426210428781,0.7404164726457295,2.2194924983304842,0.32722092106288186
-1.642856249995838,-0.023738866441171885,0.15209832659956538,-0.02214904313191,-0.2216002394457694,0.040057098106099163
-1.7307009754830185,-0.3224178805170202,-0.045890148164435235,-0.41435829706843186,-0.5701846871440115,-0.2861235985556196
8.911948290383396,0.2954016956888024,-0.6557367988302146,-0.06713151847610223,0.007261836825192444,0.2894414110735609
-1.6453602095948492,-0.38864478179907774,0.097110745311002,-0.602879897224969,-0.18292176025603218,-0.35001222212962263
12.505058562925965,-0.206539928465047,0.08276327850021906,0.016341599818076872,0.01833124194947918,-0.08742147141792965
6.242880745517224,0.16264307897722768,-0.0598126632874918,0.006908290920358461,-0.0017150720148725828,0.19674710098184897
-0.99957937022029,1.5637619855908673,0.9805136074204926,2.083598644630254,1.279387510474978,0.6037182177969935
6.166654651463958,0.07253498637743339,-1.033015281228922,0.1709773741626059,-0.06650157909900366,-0.031042355507804032
-1.514160785004157,0.060023891187595324,0.3071485710373123,0.8370576047390716,0.3282255644541293,-0.2101007640196289
-1.0164722917542557,1.187301608846818,-0.3998493827554163,1.3662215261074175,1.118334188749963,1.0737913711437501
-1.3355957822666222,-0.013487228670647734,0.3593909662858256,-0.07974633201548309,0.8650070480080863,0.23690921079762559
-1.3381483867395882,-0.1930675831305207,-0.3143686478964263,-0.4231245795406394,-0.3652448705606159,-0.30000120777372585
-1.4133527336201088,-0.24626938442183652,-0.6834017634191469,-0.3310243130416974,-0.2082810480425128,-0.15959056441050487
5.273120519785612,0.41227572980847854,0.6266506414775497,0.4113282801090999,1.942070676061011,0.2806127890559872
-1.5124470143130995,0.03754532160056177,-0.409865649397655,-0.07413560728500902,-0.30368211508932763,-0.5728703956796974
-1.524377676804955,0.4252179839301615,0.12317400100410623,0.23158905813899003,0.31283929140030253,0.09468478336103694
-1.6091516946423117,-0.3258746687037811,-0.14713070136825798,-0.2267982007403061,-0.359944271734825,-0.10359386543126176
-1.5683316267941887,-0.10277410520861076,0.16565293665907385,0.6649555768927602,0.1476571216527243,-0.33524043032609346
1.6517323858985862,1.7011110825921019,0.8135335940003474,0.643862280421108,0.01089525101263778,0.2832831824535894
-1.4172257433594653,0.22951165904306192,-0.184419197372106,-0.010815262242778498,0.43926306027975254,-0.19213143703022703
-1.5390748228943907,-0.4102245148625967,-0.4397384939925735,-0.40450502423896784,0.07637709183029484,-0.31711077203421195
-1.7465029101944312,-0.20800001869517634,-0.052884903989213146,-0.39767795372619147,-0.6659533610051447,-0.22435032782300274
0.737339041012733,-0.23518512833550892,-0.5883052097691858,-0.010312223371308497,-0.10740045298290261,-0.10331810433196092
-1.422146136646814,1.5283508142450928,-0.4374579301664767,0.58075496984624,0.8210736496466393,0.42467001384240577
-1.3605422520424888,0.07860110830278824,0.5393345881607784,-0.35808104519648526,0.3270263612835921,0.06878671017283412
-1.3410392634401567,0.5094632420240917,-0.7852097254344963,0.40652830895052916,0.6129922042406881,-0.08291361685091606
-1.0482923518619,2.2750627913335086,1.5079581445162025,0.5639582225393576,1.0087550870185238,0.5862237816405211
6.525803558586057,0.4345917282796655,-0.38182544822263975,0.1287646116986928,0.05877903607252574,0.22658464584584745
-1.3510811825762672,-0.18010657618815373,-0.3264787110660662,-0.382366136576328,-0.314965724969222,-0.15966429893030448
-1.6042317382677147,-0.4138495535999066,-0.039239467611793546,-0.5746391879132354,0.1387337585173849,-0.018260338897113145
-1.4849411534422634,-0.17030740215814316,-0.9476851971741345,-0.39006536145262594,-0.23563834076731802,-0.038390929326981085
-1.3079490333869654,0.20156325066883418,0.5281027629333671,0.45987990166504866,0.40372779808250925,0.614715880230814
