abundance_controls,secondary_structure_fraction_sheet,zeta_potential,nsp_secondary_structure_coil,fraction_exposed_exposed_k,frac_aa_a
-0.09101504037143177,0.0022284731643035225,0.00018710335251869724,0.005856594943453761,0.00261435133903671,-0.0033128085955352994
-0.05540799399332003,-0.00385088418904597,-0.015863009070717516,-0.0036134230000067014,-0.0038514773297451794,-0.001775561421085334
-0.09130328554802032,0.0032750729797871,0.003438418680547092,-0.003605233247075166,-0.0020277904232587273,-0.0026597656782989176
-0.08593423762019847,-0.005353095742050849,0.005454321329252259,-0.0002777235676932113,-0.0024165628363225096,0.003188143227889616
-0.08609653422843853,0.003323948238357116,0.0028955871056659107,-0.0038999795401773517,-0.0022697241566072006,-0.0005097241206434786
0.23100568814856154,-0.09192482242101684,0.003258349983663765,-0.06367246205585964,-0.025215939419084014,-0.016568172618266198
-0.07242242281391162,-0.008843917324544023,0.0022537507218990745,-0.009947232751322092,-1.7104329584760968e-06,-0.0047952862510810225
-0.10377324377516828,0.022108555329556846,0.0031312230550744986,-0.004216162084739186,-0.005359131836817216,0.00653142505057464
-0.06956018229048093,-0.004328557350211796,-0.007153119765998976,-0.004856642709724553,-0.0018657062372964203,-0.006014488360056154
-0.07453201238833794,-0.0023424908416497968,-0.009316167567896397,-0.00335073755455347,-0.0007831547038557138,-0.0016186482729502456
0.08093150107686271,-0.038008537127291964,0.0006885517883858911,-0.07010129761453802,-0.009515781855120605,-0.05064862669990556
-0.09384188721640602,0.0187191276930245,0.0008767117773859625,0.006451839522608706,0.0021552653363103493,0.00972462978809464
-0.067035962605434,-0.003453548352739906,-0.0016514992599473528,-0.008319322531991769,-0.0023393056034371825,-0.006089677816067839
0.2583273876324368,-0.12289537802531768,0.03415568286670048,-0.05495940703615983,-0.022342018215913872,-0.009792908282425532
-0.07585548635379587,-0.006996586237023149,0.0008727789696620687,-0.0068736833315281905,-0.005231100472146044,6.428447079629733e-05
0.28760725481241883,-0.03943469754798052,-0.05417862869702276,-0.05169004027959687,-0.055076811401584776,-0.040531705830177865
-0.08170933453858567,-0.001471045107275606,0.0042435074187167484,-0.003604967495242609,-0.007292039326175357,-0.003959118549238588
-0.0622550228710173,-0.003986856142200471,-0.003351588236923463,-0.008947022329697935,-0.0061314045861976425,-0.007260545114260039
0.5631949681734204,0.10391642929096392,-0.13620794968066058,0.10062561022236598,0.04540712293344928,0.06445576902448819
-0.07060216569151033,-0.00518213097523637,-0.0004156917870837987,-0.007903565457708116,-0.0012342747134541092,-0.006605886725081328
-0.07211873495740657,0.0023416993583067385,0.007035959791261148,-0.0032250823714326726,0.005877757543554239,0.0004599060941736569
-0.07843680040821158,-0.0032070062554302573,0.001788466783329767,-0.011073528542407512,0.0038408840995375676,-0.005500181291763458
-0.08367391187337903,-0.005717063467006711,0.00047132538535824524,0.002480269003019466,-0.002848358750396151,-0.004806154967845691
-0.0724998884551327,0.007743647578348239,0.007327627943946288,0.00637987818938923,-0.0009379294127933362,0.0026454208154133565
-0.06643043495240852,-0.004833516291052923,0.0028150043345742644,-0.004632821497250881,-0.0034118470337190015,-0.005535392871751177
-0.07696564309997923,-0.008212878063960014,0.003835990372260022,-0.0074345321196353795,-0.002228255183561644,-0.0017953227445449442
-0.08863390115189372,-0.004250774688504445,0.004800573226689311,-0.0035017922832600657,-0.0007482207166979744,-0.001634960811128879
-0.07562282534358397,0.012076494182397274,-0.008721110906944472,-0.004197325455971112,0.013727567234745006,0.020007357916126595
-0.06584905676255469,-0.006943294280874631,0.0016742746062583143,-0.0061969086417488824,-0.0033211316597481274,-0.0021539037076827856
-0.08788386279461494,0.004671293976816093,-0.001800045318195473,-0.006814960049300637,-0.004189312931125976,0.0018130109351803619
-0.08913577943721325,0.0024835950954985356,0.0059517485440307395,-0.005578783474079684,-0.0036999362292400796,-0.0034381905334748813
-0.0915574730279039,0.0021230458731053598,0.00571487501401324,-0.005063927483574322,-0.0018321712828946008,-0.0022313075288243906
-0.0872443639584429,-0.004746782963322122,0.0018594407110104434,-0.0073786830016930776,-0.0004629102844417999,0.0033506661681375186
-0.09101635416355493,0.0011717159178679147,0.003507751696805536,-0.0067649536699455415,-0.0029397836830454827,0.0036714067453969376
-0.09051507393432545,0.0026372830225208396,-0.002792031657007624,0.005400710834698805,-0.0014353235581682912,0.002592763210043849
-0.09201039327755733,-0.007473745627881094,0.0036788832978168467,0.008819328715664244,-0.0010037797364703671,-0.003922538898738667
-0.07655044135592944,0.003317771166778488,-0.009406707121575228,-0.004118212438369537,-0.003228005461226106,-0.002751200078470938
-0.07825336367997307,-0.009624346874093888,0.0015047521391384356,-0.004412936435572115,0.0014868510201179667,-0.0018919747638433267
-0.07899520262890952,0.0028476324235295635,0.0017907213510327227,-0.003009413306676132,-0.0019804211419287934,-0.00933143746027451
-0.13190607905964996,0.000807370280997744,0.005042417367173968,0.036917550016145446,-0.0008074860974036903,-0.004547579866529808
-0.07777407505457787,-0.004284312599304769,0.004527481707583248,-0.008126747978147412,0.0030406993875791368,-0.0023024732808513367
1.1418719172174132,-0.015197453113040908,0.05761982748628026,-0.026343571533886858,-0.005808342373166569,-0.003223218632792567
0.422148384523181,0.09968972589805791,0.0859660194954678,-0.03711192943836264,0.07883644853053588,0.043231793228514316
-0.07621245887632733,0.0020624181979717383,-0.009779738528155925,-0.005344928318157215,-0.0011141686413845065,-0.004047576144742549
-0.0731155992601087,0.0029229674285638266,-0.010062595454659479,-0.006176668237545114,-0.0012755404544199753,-0.00284335935043601
0.16140293596227978,0.04032408587870311,0.0035447997365811164,-0.0016679808995281897,0.00525816273078904,0.020792152933933203
-0.13430668054122186,-0.0023441647708939257,0.005408428225891748,0.040612391343401305,-0.002594814479435859,-0.0013501824281904034
0.357685933576177,0.033684234397770754,-0.15040018430703997,-0.042049675763866395,-0.0008161381230106344,0.0007789877141762798
-0.009630202819186187,0.0008567375093418098,-0.0012903910681039436,0.02237726764314108,-0.0015605454969077172,-0.005013541962132974
-0.06786765732089939,-0.00963388425596905,0.0011901496971123496,-0.008637491552606822,-0.003831632313727402,-0.005271781882552941
-0.0813353668910493,0.00011369145500444561,0.0007133257610105729,0.0007684564382977925,1.5089830644231431e-05,-0.006936265941367821
-0.08525600176564191,0.008212556173980812,-0.0018828862430116454,0.005931498383094217,-0.00025948566131973574,0.01040223561667759
-0.08173954513999572,0.0018872286991595958,-0.002311606427634886,-0.004778207991508798,-0.0011043936887999764,-0.006010939736872008
-0.1025876828879126,0.010933702902855998,0.008676564588366431,-0.005470675095327258,-0.0049100197181990496,0.0019813215221686892
-0.07819646171132179,0.004393887389955741,0.0016390933591597127,-0.005066695588952829,-0.006252450656388493,-0.0066891164482389435
-0.07537097053938753,-0.0075412645085958805,0.003016798962248243,-0.00684256890174621,-0.0012139766731988418,-0.004821558712224878
-0.10238334607129954,-0.004718561992188618,0.0008977151842103598,0.031528343851552364,0.0033540754198624527,-0.015616156780373125
-0.07357343513956661,-0.0046633052003184974,0.0007941479934128655,-0.0005458035245485144,-0.006860220670578141,-0.002308628995778538
1.1937332400900396,-0.014399881395449593,0.046560994737078275,-0.022585440509089297,0.0008782442509437507,0.014400467297499945
-0.08801740508306612,0.0006376484203106738,0.0033148591836277405,-0.008743631376869804,-0.002529163026623758,0.0015824332013996906
-0.10561650558051548,0.019146025147405946,0.0027055311709996777,0.003576218073899277,0.00042306470099497703,0.006798608030081597
-0.013256139315392835,0.009359635929994477,0.019896706659514665,0.02718891544559451,-0.003524984629104961,-0.0027554456139716045
-0.07803314387038572,0.00416507388867384,-0.0016376399253766139,-0.006259844968431359,-0.005492603753072665,-0.005408075288329874
-0.07361629897216788,0.001646803990342385,-0.00899986714757259,-0.006573540076259222,-0.0023196999472673238,-0.004104472039816428
0.31033237459268237,-0.11065085679911286,-0.0035176816854729114,-0.05993858836663035,-0.01788233939952998,-0.03176314062986422
-0.05705045370713842,0.022186252089160165,-0.012372060644119054,0.016252403890766293,0.06334666767251407,0.00652975069196185
-0.06041254050655009,0.010673492666702212,0.05493592419784804,0.07814762170463743,0.06924901682422477,0.02733824553837758
-0.09003743500750552,0.004621881079460675,0.00016731653647920195,-0.006586339579026335,-0.004169064285893786,0.001694129548392137
-0.07497594172368224,-0.002737845935176932,-0.0033035992355185664,-0.0012891485161421927,-0.0048357249330934,-0.0038151484649568313
3.185163214532927,0.025265680932477618,0.06862348886619593,0.07699139661031568,0.03378018449552897,0.0556531270533595
0.0038162116981819835,-0.0014424941321875405,0.011237941026086374,0.014167736116627153,0.003275344989533752,-0.003375642626802917
-0.083098423179343,0.0017558857758232032,0.0001843686485265857,-0.007912230970320698,0.00042571624562299333,-0.0005059839076507716
-0.07990019414315667,-0.003391103736965091,0.001181281381541389,-0.004218481131029256,-0.002218085830295517,-0.003757446316729345
-0.06697518874461712,-0.006121965776622905,-0.007206420748142454,-0.006843046624238043,-0.002750930203324132,-0.0041557406903153975
-0.06753286639399966,-0.0036480413982555126,-0.006956113481797716,-0.007412315276347292,-0.003963330968612246,-0.002018359686566867
-0.08357356545598628,0.002747057963905867,0.001249057453470825,-0.005301525250440041,-0.004070630368955089,-0.00336144721822825
0.02492574467550693,0.0034320873841383126,-0.0011379269532930144,0.0002787084157067631,0.03216163195409475,0.0009653503568480339
-0.0735871056461809,-0.006482971953246977,0.003205613226579149,-0.006837733138347038,-0.005445190117900917,-0.005055287589975645
-0.08381009176246068,0.005232245641215086,0.005971885792450996,-0.0011713686545195734,0.006804433005209218,0.004684087952525781
0.2557293609977655,-0.004111843389735224,-0.03409403028629981,-0.023162506311375727,-0.0019510329216571097,0.0015076001692297639
-0.07285606282755087,-0.003975812540516255,-0.00818382498877872,-0.004362073432900978,-0.0006690507181496393,0.0021333668538974044
-0.06482929866653275,-0.007596312346985123,-0.0029858029016433425,-0.007813029627531092,-0.006465157856033927,-0.004065920532934944
-0.08599410532325696,0.0011249813519826485,-0.0010214767617470627,-0.00789245231531288,-0.004794930646540955,0.004045165883509664
-0.11224829521593302,0.017343751745458182,0.008937958357747607,-0.005574218572850513,-0.006083299450285351,0.003768457080969901
-0.08923407663831145,0.0023273416801928137,0.004224871248078211,-0.0034007261358358154,-0.005178254817461844,-0.0026340993435968654
0.45012824614308855,0.16424156349077865,0.00016999182459776372,-0.026354598148298145,-0.019660416630372487,0.010253209243989045
-0.09314590165813252,0.009428812401123789,0.005925826441847563,0.003980984966991916,-0.0003465227773703029,0.002282866598511218
-0.13333288128792373,0.00651164118079093,0.00226865844778364,0.04489346155682982,0.0009110264898161184,-0.002442866407090826
-0.08227115855085428,0.010054880098421051,0.017760938307171296,0.009302804436819228,0.020665872456036315,0.008523143713458038
-0.066444501366545,-0.00842058131490688,0.0010585324030685204,-0.009207858111191222,-0.0022134216803668624,-0.006612389481057128
-0.0886470761959071,0.002438642444162478,0.0047868964819180165,-0.004649514912335116,-0.0018309441160705175,-0.005803653964241846
-0.0653775598307813,0.0034346065923949757,0.004936438137145681,-0.0029991140997397475,0.001317591763661095,0.0023607519513860085
-0.0622550228710173,-0.003986856142200471,-0.003351588236923463,-0.008947022329697935,-0.0061314045861976425,-0.007260545114260039
-0.08337980099117276,0.00019999823178584627,-0.0011061237824936665,-0.010118888403074209,-0.0016048048919858247,0.001982411861753491
-0.06529581473457997,-0.006319985507259922,-0.008537653217507735,-0.008324896036406989,-0.003841786269595827,-0.0010707684072519433
0.4156730760827838,0.18646644272272772,0.0400542348913554,-0.005590342629473629,0.012886505882628524,0.0016000528798849319
-0.08009355420146348,0.0013944178005974922,-0.00945444913037884,0.005927635268031752,-5.34248169975505e-05,-3.460119682982179e-05
-0.0322856439418236,-0.005574172819285,-0.002625150307266111,-0.016496224134937842,-0.0030783703442541473,-0.02942159089476178
-0.062216708525195556,0.016811149803145593,-0.015096570442796161,0.04550573004215346,0.09052481086314547,0.011012496787087184
-0.0920080090701053,0.004386990746110104,-0.0011634082788967118,0.005544106262656961,-0.0012732032617721403,0.0022173027908250235
-0.07494816951043204,0.002055511043390235,-0.0089657924496231,-0.004937082664293441,-0.0021902421326932347,-0.005126646698439113
-0.07383057689626728,-0.003964419985559321,-0.001351512415664773,-0.003923002898832506,-0.0037962001479077707,-0.006309622534659491
-0.08802515826707194,0.0024407118378239477,0.003429601390290969,-0.0039048622367440695,-0.005111215299247616,-0.002591213640032716
-0.08360361851442552,-0.0009463208148873748,-0.00013711128661148876,-0.007946680758085755,-0.006335965604841039,0.006139507535750036
-0.06792846960518947,-0.005591858512692874,-0.0039238568282139764,-0.007983367937423515,-0.00476273445062919,-0.004317893271964991
-0.08051108935602609,-0.0021741953824810016,0.011320086656137707,-0.0012429867934183264,0.009786555789023802,0.011225661957751269
0.06218255070260361,-0.00044105298674755963,0.03083990458835123,-0.0008941517483952926,0.014942812246757895,0.057274169983708406
-0.08010653514358904,-0.006863761428870397,-0.001089657205947581,0.0024560124762256098,-0.002750728287288753,-0.0056022060305165565
-0.07476409422419525,0.0013023452771088967,-0.004559221896209113,-0.0064276383671583864,-0.004324434222839296,-0.005409338136348286
0.33932290269130577,0.016556167051920503,-0.077683115683774,-0.03020044959151921,-0.004410538027692687,0.015130282869358367
-0.07671087758357306,-0.006574316060460697,-0.0034259388738086976,-0.004385958622836386,-0.005860350085465077,0.002997789357235974
0.33167782171291205,0.16075136540163334,-0.06070227148583914,-0.008207352910074265,0.004990686812637159,0.002886857115573212
-0.07929953558010207,-0.0025045450956094418,-0.0028449355025926826,-0.006914643283280654,-0.0009471464176758371,-0.0016948288864982845
-0.06941173669317208,-0.005142949338130704,0.0001005288458818294,-0.00731356286741482,-0.005068576353776585,-0.006215045068080772
0.22048848148052277,-0.04621711162959677,-0.03397918352304662,-0.05061821607350312,-0.0364397793099369,-0.0054536482720542135
-0.08386506942755216,0.0040980604365906574,-0.024245037529654692,0.011746882079432367,0.0035975172714072684,0.00446608847537296
-0.09051507393432545,0.0026372830225208396,-0.002792031657007624,0.005400710834698805,-0.0014353235581682912,0.002592763210043849
-0.07674407400672514,-0.008466523793120285,0.0004642362248455265,-0.005891364896631171,-0.0007326944691377752,-0.002823785060586228
-0.0900836527274082,0.0028142317363366795,0.004720311674347017,-0.0040159471935556435,-0.002200480952012313,-0.005495484383772121
-0.09551890768681191,0.006392263133118006,0.006401989216001882,-0.002611114486436354,-0.0024895942528053217,-0.003490461217961098
-0.08414207133294296,0.010762360062596931,-0.011824209705313048,-0.00709522057498044,-0.0053675491495950136,0.0036037139417109164
-0.08932822640162737,0.003905733431410083,-0.010322456648551082,0.009579962850900629,0.007790455514146215,-0.0038604755168760298
-0.06894140342262026,-0.005519623255513768,0.0011690551623553273,-0.008411642009914877,-0.004443493136424947,-0.004849725921534682
-0.09025616439675223,0.004357052005455867,-0.0005723042010074937,-0.006381902674274867,-0.005161430463496594,0.003384003203389422
-0.08094191420251154,-0.007457259289297501,0.003153670767026772,-0.005033830236229543,-0.001489545851305948,-0.002687550728899781
-0.07933454902469596,-0.000643627654062882,0.002454612758264157,-0.010484117981337497,-0.0014829636348007338,-0.004513284590992108
-0.10461539547265042,0.02212396279010201,0.008799738606951013,0.006972940262405751,0.002552072676700393,0.009947744197394979
-0.07587259772763395,-0.003959734166579396,-0.0004939062398689536,-0.00015149908343890895,-0.0025408431722551803,0.00482841305392022
0.3406018743201866,-0.013545180580272475,-0.13702469196208475,-0.05735863329295097,0.008606736036242011,0.015595029054403393
-0.06536647850014611,-0.005885350085189186,0.003363643363289904,-0.0005430840125175497,-0.002404769361633947,0.0005467291787898658
-0.08088346230118133,0.0004618148567651908,-0.0026730000546260776,-0.005956551067866482,0.003276425539416087,-0.001348496326616974
0.20959251000079432,-0.08556786539430844,-0.02380315203467773,-0.052928929854466594,-0.010105860795232856,-0.022948118928216982
-0.08396988676645549,-0.005335757587116506,0.0035119027038152794,-0.0009186321371662569,-0.0023742223658422866,0.002522699857886274
-0.08767291763802024,0.000587120109522232,0.00022761048486477393,-0.006964719331855635,0.002234514089439218,-0.001637034527566669
0.7624065336238762,-0.009841845541558156,0.10550542992467163,0.48246540789252373,0.009804414548710881,0.015986047549305767
-0.008098179584308734,-0.012659777208910622,0.010280914419067562,-0.011434402976427706,-0.008995679808337013,-0.03387078444102437
-0.07321389811693596,-0.0016497014903601986,-0.007530383324722795,-0.0009301240144343593,-0.003235175739520029,-0.003641239131028363
-0.07776544436577643,-0.004214845283017182,-0.003530753007313988,-0.010656006235204712,0.0017660100429310408,0.001177257526839103
-0.10256188476553937,0.013137124674983552,-0.0013906815046638747,0.000663736167595939,0.0010592135622813509,0.006701842679642686
-0.13017676425892494,-0.00327134331773827,0.005948164743873322,0.041940681887685495,-0.004904765553001063,-0.0038604560612404758
-0.0797152158260351,-0.0030126838237484015,0.003319597117242949,-0.00576032835558007,-0.00037181664149085427,-0.008460576534426537
-0.07497174798768752,0.011527340209781228,-0.013870289367361552,-0.005207842332290533,0.012121548307699319,0.018956765342267
-0.10163855018219971,0.0029441074117400796,-0.0031314121617629837,0.03339337398550519,-0.0009369254183924803,-0.0014512134899049268
-0.07090901991829329,0.01668238238510823,0.018606124653155896,0.025223899353344258,0.016701501238842762,0.009873535893563485
-0.07168568940422783,0.003387520904402697,0.004585372526849369,-0.0033170747687691206,0.005448848206038497,-0.0002381364493685425
-0.08139594481674384,0.000123533956190259,-5.070225399142353e-06,-0.009600792926935756,-0.0007539191532138243,-0.002388730766317859
-0.07020709980381966,0.01416673419467951,0.027213881268565502,0.0009846567918136292,0.08013123455932082,0.023228750116898372
-0.07212400767046279,-0.00719070939772155,0.002095802860369221,-0.009438407535815424,-0.001288686680758861,-0.004934867074786961
-0.09612882760879751,0.0019199384397859721,0.0015579319307283078,0.0028938263397177825,-0.0022753440074682343,0.003182842453932963
-0.07943555811880029,-0.005927923270994794,-0.0022288853294678904,-0.0051673605626932646,-0.0034260085643111372,0.0030689213495273637
-0.07355812789394478,-0.000317683489626153,-0.009151671045140523,-0.004508439758726745,0.0009245127839290503,0.002136083746424733
-0.07832903855023605,0.003489090210338456,-0.006652286071084738,-0.005197545808433776,-0.001437753850475234,-0.0024252028290438587
0.20225686301182982,-0.15275097914469737,-0.006119137819914189,-0.07233417421739144,-0.029056413835615722,-0.017041308092061364
-0.09611083092569515,0.015313602322782801,-0.003689154190611512,-0.002752971085631976,-0.006609727654150153,0.0035689354976434252
-0.08241891568199936,-0.008921996691513391,0.0036789687361441672,-0.003933876316047075,0.0004479075230014997,-0.0014882086085815957
-0.08373139166979282,0.001850911660967556,0.003157897410443573,-0.004212439099134147,-0.005634520076587522,-0.005622657870040084
-0.085371833273008,0.002923751483379085,0.0016912733768588725,-0.005317371678341992,-0.003960007604350325,-0.0037062378604967344
0.576255349843447,0.012163056466318031,0.018712468871329588,-0.042870280064604076,0.023792837652782926,-0.037656953316099626
0.45141020133314963,0.027457642737418,0.048071454193411293,-0.037899791704375484,0.0107704249232751,-0.0064717707012322025
-0.063345428364252,-0.008027717192880389,-0.0060248458938445305,-0.008262838843431587,-0.0029026128277067124,-0.003750609071315154
0.258020194918386,-0.025430430491531358,-0.03298476361530058,-0.022862274536888865,-0.02221431661231349,0.00557158521494081
-0.09323151638999858,0.016172187262782266,0.010071417812582702,0.0006397457274587297,0.010714941810344485,0.008532478585963815
-0.08681643074173336,0.0004419643374305666,0.00028571694091918793,-0.005118161348039987,-0.0014452747718181535,0.00123894275913818
0.18576328840301698,0.015421601333508672,-0.017430708715836924,0.013356718391258415,0.006668665958382202,0.07688919184471196
-0.09290218617887161,0.018484824146144486,-0.003078813230130025,-0.0019760195184091826,-0.0004320979639124734,0.005535095732289892
-0.06872003184967324,-0.008729941454082414,-0.0018454403582393929,-0.0066487134737955615,-0.003056499556436667,-0.0047148303594781995
-0.08317568587384847,0.0011483990961332587,-0.018660860781403978,0.01117793965182633,0.006041921564652438,-0.0021953065644707403
-0.08648619095432399,0.0020829484615849047,-0.004513902332481621,-0.0031357712165453384,-0.0027896271564308425,0.0025784362326727694
-0.08385415018641243,0.001408057801875368,-0.018779023343957292,0.011508498971839056,0.006058975738180829,-0.002045103209624333
-0.03191905915717775,-0.01355328985979576,0.004596192576124046,-0.023365774053461453,-0.0009879536349254171,-0.02791221037560668
-0.0786741114439673,-0.0035978639731938013,0.0027161335845596055,-0.0038358487320491836,-0.005753290284749244,-0.0025481954284705165
-0.07609015567253263,-0.004004797703980322,-0.001890031965276843,-0.006807003680726631,-0.0018984307479613465,-0.003659413940057942
-0.07199321980665062,-0.010193612674909187,0.0037849846922117514,-0.005844552849219931,-0.003559048836208407,-0.005398311767486185
-0.1039706015577567,-0.004491435437020023,-0.00646232925594248,0.032429956737687476,-0.0038061770786780515,-0.004403029977464872
-0.07111326893505134,-0.005874083271307602,-0.008378678055217902,-0.002921544774321272,-0.0049861911660485135,0.003925823403615461
3.0332727217212305,0.019849058905052265,-0.06997784935920437,0.0628742008284729,0.02982134379483475,0.04877009205822206
-0.07877831623795205,0.004395670333199796,-0.0020571238480852675,-0.007012070738494705,-0.0048370789421642675,-0.0038998877367616364
-0.07585331477117498,-0.004560063563739412,-0.0015688720113529746,-0.009883867850881783,-0.0019500600948797143,-0.0007518904564423999
-0.07474080208585646,-0.0030130265564440296,-0.0022218668916637136,-0.009522076771305173,-0.000895975827570683,-0.00409375851980748
-0.08558625426557043,0.004439213644070096,0.0032248420733532947,-0.010949211404238348,9.867138210692622e-05,-0.002301218187809582
-0.09407658485143754,0.021045938145731153,-0.0026477371979339655,-0.004631482994007354,-0.006186034871423582,0.007561303768166924
0.24185725999537105,-0.022931913469007022,-0.032946752687768775,-0.03715537611845873,-0.0017693158365280155,0.0036956834278504373
-0.034893564165793485,-0.0023216139767988867,0.0006000867418558866,-0.014749198224124157,-0.005135950213727962,-0.029321783331687994
-0.07950729984600571,-0.004883371418816467,-0.00163691153295972,-0.0061805356149402645,0.0016711892994204405,-0.0038753525055257583
0.40137728046998344,0.024119860490253067,-0.19274412616229772,0.25951816478024214,0.000364702700045581,0.01805657258629262
-0.09052988369297502,-0.006250840619520425,0.00038291213673185556,0.006711669670080748,-0.0047953659575499285,0.004807379465371212
-0.09413152115779526,0.009787632247858984,-0.007668480710300149,0.0028698388726679062,-0.005041476230851642,0.006516416149936253
-0.08062845973706113,-0.005818806508206727,-0.0006657898747300184,-0.004228699083030444,-0.003957730473855079,0.0016896310126977118
-0.09337674639732982,0.0026806278007750458,0.0012822768564334287,-0.003239410922201361,-0.0031981890585892066,0.001911862138457104
-0.04273134409357849,0.01237144127070156,-0.00036506047923432454,-0.003233026373771109,-0.0070924945116901655,-0.03299086361546907
-0.05518655541670482,-0.0036531479319147513,-0.006966583570808815,-0.006306197307727149,0.0004961561516698892,-0.004247344927533948
-0.0751158422688479,0.006022562613913496,-0.014146206345140534,-0.0015879191400806354,0.0027295313744106595,-0.002469698451078091
-0.04231795665799128,-0.0029501796176360042,-0.001966926822749417,-0.02297027593097746,0.0004127056286279569,-0.017737890077947887
0.002798488593158142,-0.0017186177957648433,0.010841237808762737,0.013750285782562545,0.002675980757349916,-0.004453566028769999
1.0951244558543782,-0.026280352386759295,0.0056751915543373525,-0.0344993274084583,-0.006138445846285576,-0.002861407833333754
-0.05037090997726978,-0.0047469545975496776,0.011140775335176581,-0.00944954085871938,0.004971225684437413,-0.002167853676984724
-0.07945851402390054,-0.003036940892368849,-0.0016472679621515312,-0.003749558418959956,-0.0026351469752473548,-0.003982762678883329
-0.08965626751130802,-0.0027237816482978527,-0.001349749944221246,-0.0008495412905881977,0.0002211379381785071,0.005302831712115543
-0.08044114726288386,-0.005673927365673717,0.0035066016907221867,-0.0024151509997653504,-0.0026686455683968893,-0.002233977696513565
0.531475779899131,0.07266066291946195,0.09047262764619193,0.0070972741731728,0.09539733573123135,0.018055711988853026
-0.06947245693585559,-0.0043337537752824494,-0.007192130138576485,-0.004788023195577147,-0.0017917614137623957,-0.00574679556206478
-0.0824310106673849,0.001614764752446839,-0.0007147136039768856,-0.004624649084429396,-0.0030179091637817478,-0.0007691663759995991
-0.0713402814452072,-0.0008783580340192307,-0.008790238313359134,-0.00761597984737441,-0.0036676932394350795,-0.0015137244786852851
-0.07295353802767156,-0.005497397258170087,0.001149170659522297,-0.007310671841120134,-0.002076627581426186,-0.0042395557054297275
-0.0785366148075895,0.002366248375806868,-0.015051767019233568,0.010355611871852584,0.004380392098045923,0.00930521658041914
-0.09129624677738458,0.009011190272052319,0.025605457506009458,0.029099915867812246,0.017485225347105195,0.028469856518826657
-0.07244574928887022,-0.005201344816061111,0.004397155686794748,-0.006115077572198716,-0.00200338632557979,-0.0034032062529051905
-0.08964406918204909,0.0038095354484125707,-0.0007997161020445921,-0.002575213051622046,-0.004078096029233295,-0.0008565361506755969
0.24629298368833266,-0.13927040964193446,0.011811938239500358,-0.06134992356201256,-0.019330444033576477,-0.005208760746107177
-0.09458790718812665,0.014414776119252128,0.0032605190815837236,-0.008252830648011905,-0.0007526586773052327,-0.007254408721056287
-0.09990416053853715,0.027840719338481815,0.005942111639913083,0.005642314237884234,0.0022539352177646434,0.009051451384415758
-0.07363199954369656,-0.006600889956400371,0.0005076689097167149,-0.004855219922147912,-0.0017853539930636755,-0.001649794713174242
-0.07055828592166052,0.001462479795866219,-0.00940932004806935,-0.0067803209745377555,-0.004131311733520932,-0.004694507586892486
-0.08367885244102984,0.0030588372302617945,-0.002104785767681713,-0.005805881553502846,-0.00155541083729783,-0.003266860898369147
-0.07511313257240673,-0.0071690675039569,0.007352485714670917,-0.005440258219841146,0.0013395131936282463,0.0005077840523005874
-0.07951990723212013,-0.004526910137152324,0.005485556446881158,8.111126838796359e-05,0.003264070749284837,-0.0038847823923715153
-0.08907626345814139,-5.0202721834577935e-05,0.003915593502213824,-0.007855447894377554,-0.0033410764534617075,0.0020057985611054607
-0.06650973379982827,-0.00600308562156364,-0.0021392493497814215,-0.008076024552895326,-0.005261550804183226,-0.004788017212179028
-0.049750911241645525,-0.003914249606706938,0.013845028916206148,-0.003137894876919589,0.0017168791071538365,0.002567572043534407
-0.07822662993756194,-0.0076561475293302666,0.0013295415857273677,-0.0044466920140294975,-0.005165921948829402,0.0008333085186238546
-0.1039702632310937,0.02246896881775979,-0.0001581872908544667,0.002576674671036164,-0.001987210273350746,0.008258062580650654
-0.07231232667155589,-0.0069685431072763,-0.002855763036846832,-0.00548261968022238,0.0006506670668715788,-0.005672483941125057
-0.08370603829048966,-0.004200980013481407,-0.0003374572530628245,0.0003440554201686981,-0.0033153369386115443,-0.002957339164750658
-0.08481928428499494,-0.0007720685384292873,-0.011953076088773244,0.011268424019386332,0.003065172606854372,-0.006037712779574172
-0.08936587400321534,-0.0015019250014683184,0.002895952939549095,0.0037804653341530934,-0.007045482569603027,-0.0025267471483587708
0.034775835147310905,-0.03448817853550344,-0.014606530741024637,-0.03568026590354254,-0.022965254010061078,-0.017564140643921186
-0.06333050149617758,-0.0024880999539469285,-0.019453579591855265,0.030324618099077078,-0.00017512063048766725,-0.00586479517958071
-0.08870329437909444,0.011765375871921393,-0.0023919452748593323,-0.004607912472628343,-0.006208975870118988,-0.0018560754122984354
-0.09480266512865762,0.01028968651705768,0.007898978832959001,0.0049335939860071345,-0.000797094118522705,0.0024694532995412784
-0.10115435269352921,0.003472334192515102,0.004319006379733035,-0.00462803272021746,0.00286955363055845,0.0009324789051832959
2.523998593489001,-0.026621700531830546,-0.023317844574870412,-0.07953373334975651,-0.026664204768258315,-0.061136021103909616
0.23772209832755314,-0.14126183772331755,-0.003102512110711708,-0.08581489378458597,-0.011149458541752642,-0.03673541236352455
0.0013574155220808857,0.008248693738191986,0.01345498172660846,0.0009407834604316214,0.0037282327209563113,0.014094578618051622
-0.08536109772081993,0.0006769570936883685,0.0027633257795616783,0.0002924058130191975,-0.000549691627194846,-0.006776349198598352
-0.08908235603990243,-0.0008795143056045229,0.0038935435675768767,-0.004162752412309474,-3.136828293914208e-05,-0.00021585833311353971
-0.06650356409141804,-0.003896382075341088,-0.00605166824481169,-0.011964616099177748,0.000440162591398037,-0.0035813164155867067
0.41384607764046066,0.02221759665148851,-0.17759387258367115,0.2684555693199835,0.00041978550382629047,0.017918709197475367
-0.0615399595324992,0.010548174699167613,0.056383901850852354,0.0775227997456033,0.06909720713789863,0.026989438779313486
-0.0777738906558116,-0.0040813520184577725,-0.001380420957621813,-0.007086580295836509,-0.0023002687691444277,-0.0006548441619831397
-0.07375144714702567,-0.004977661997071501,-0.002736106984789138,-0.006823461955703292,-0.0031159902758859407,-0.002790746478654213
0.25434455963233055,0.014526118035733272,-0.09971403903963338,-0.041028578526864715,0.034717584450941495,0.007657674134889924
0.15605739703487886,0.012868769252701267,-0.02926191683007587,0.01081020108100986,0.0021694855180919327,0.06626634780825073
-0.08414329704231811,0.0015086493302060074,0.0035347528868184285,-0.0034761798939850117,-0.006302393191323788,-0.005650196638036886
-0.08903140296980792,0.00022073629749397915,0.0037253337518630553,-0.008004456619795111,-0.0030430186871869343,0.0017210191734171154
0.22177354699019527,0.07395404561200185,-0.032341313098257225,-0.009079810717013123,0.0015065969525225116,0.01740117057389005
-0.0833801071149155,0.003020967932562535,-0.0009503706865424136,-0.006251818744397406,-0.0020027713565413563,-0.003673123951218111
-0.008276621608836937,-0.007190237709794422,-0.0192815645160621,0.003566257901304496,-0.004821808505144057,-0.006442582893236735
-0.07515871264644242,-0.002262279391126271,-0.007631452857888431,0.008037071816962484,0.0007286864538585403,-0.006793813391079756
-0.08135788906666101,-0.005830595251228101,0.0033749454968849545,-0.0016905918584816204,-0.007085211322151307,-0.0010550822898049209
0.7532915301992004,0.004253503586307766,-0.023615022469253195,0.24876007999428662,0.003796328011153034,0.01037288286616606
-0.08399938322679658,0.003902079804603649,0.004465222396523988,-0.006984172573076812,0.006016609573328103,-0.0017256210000015733
-0.07203920577114728,-0.004752002391268233,-0.0020729080476724246,-0.0071196774337806655,-0.002020504755595257,-0.004314796149124314
-0.07429751569760815,-0.008499927085247178,0.0018093562172333676,-0.010704261935734486,-0.0012115997223524802,-0.0005453052714859684
-0.11678956611457936,-0.004432234726019647,0.0007819459542852842,0.034918662920326596,-0.004415641168512401,-0.004647962832966159
0.34968498946317744,0.020755963495757677,-0.07689175448546602,-0.03591126826611571,0.014582263814819236,0.014721112625779235
0.4156730760827838,0.18646644272272772,0.0400542348913554,-0.005590342629473629,0.012886505882628524,0.0016000528798849319
-0.09314590165813252,0.009428812401123789,0.005925826441847563,0.003980984966991916,-0.0003465227773703029,0.002282866598511218
-0.08995643930498355,0.0027878371513224568,0.004488352574090857,-0.00493893286056936,-0.0018910547567607054,-0.003933046055574509
0.12109396410802106,-0.047871152385604326,-0.017686815484542227,-0.046369600944499274,-0.03276261745942373,-0.03682238888409485
-0.1011690692720082,-0.0050940096274104466,-0.007872816731585242,0.03249995918484568,-0.004544012452756364,-0.005266891205983461
-0.07899362884969843,-0.00039947462990248405,-0.003063968645709127,-0.00636146940965294,-0.00046570312978144144,-0.00518637560021676
-0.08525600176564191,0.008212556173980812,-0.0018828862430116454,0.005931498383094217,-0.00025948566131973574,0.01040223561667759
-0.08857020792116424,0.0017559276157524284,0.0009113542323820331,-0.007862578864164974,-0.0053273959718961586,0.004434930626775996
-0.07395991835387108,-0.007654930862185631,0.0008157459328646867,-0.007594033362604886,-0.0029378226000223583,-0.003273890912655317
-0.07635031449706464,0.0014159858084827196,0.00017511107561251339,-0.004132880251508469,-0.0015252668469547756,-0.0028090728869835514
-0.07143587963745245,0.006915720861266141,0.004940755937503405,-0.004266279935488008,0.0011048012741652685,-0.0005541886259040497
0.04796684390353528,-0.03789323200830446,-0.014803865116296139,-0.05146831922734891,-0.01492342305565427,-0.019076786507272264
-0.07033139938167574,-0.004617901500209441,-0.006288250855898694,-0.011115767573603753,-0.000274158388378864,-0.0006915963627397219
-0.08662128723021181,-0.0016157233818232335,0.004459994099020065,-0.0015624424219922303,-0.0020153552867980045,0.008409657802067845
-0.06895228140886371,-0.006300647409148716,0.004173143790417211,-0.0071075119113525745,0.002258288534588498,-0.0009963967182022775
-0.07266527366219964,-0.0003548686555895076,-0.003319599964565711,-0.0067474702255906505,0.00847077689472671,0.013553519621315704
-0.1329648455873188,-0.002845854820776751,0.0006819779661808912,0.04604519440330117,-0.0021330370029919335,-0.0027815846225662157
-0.08127262090202868,0.001786567451544093,-0.004158949644811817,-0.003546493180330766,-0.003823049160815427,-0.00338510084745735
-0.07894641354329605,-0.008413001732601108,0.004397242251084261,-0.006917628298187104,-0.0044815883106962065,0.0009186787987460353
0.03604747413385426,-0.03810938710360248,-0.008339764094032108,-0.03625943005659715,-0.024522070155172715,-0.017368654075225656
-0.13051959467141264,-0.003288869305254189,0.005035911734840775,0.04287690054144893,-0.0042230311561471685,-0.004538650271822111
-0.07380634030368433,0.0070047124998861374,0.006163442052441813,-0.003876242236474277,0.0006925550707803358,-0.0010451694577896554
-0.08547412027331014,0.00011263458169397659,-0.0020275216917979818,-0.004706649145654151,-0.006468227830532355,0.008501052958547922
-0.10142579998448835,-0.004429967957093827,-0.006951988564504896,0.032881911538145105,-0.0035145514402750468,-0.004126024119573998
-0.08561399987023975,-0.0045833503450989155,0.003792120343042346,0.005933767008086384,-0.00271047405094668,-0.0022645899974492382
-0.07277148544929513,-0.006119577923812904,-0.009886526082932088,-0.005315039259167547,-0.0026206753716163742,0.0027668122993360616
0.09653079954886752,-0.033781865208059716,-0.01845281123319513,-0.03181111699469859,-0.00872051715464752,-0.014676585180708763
-0.0806437194907034,0.0017699325192028787,-0.0032278619253990294,-0.004581739840386118,-0.0018195155953171927,-0.00546782985441463
-0.08088346230118133,0.0004618148567651908,-0.0026730000546260776,-0.005956551067866482,0.003276425539416087,-0.001348496326616974
-0.0867555520456822,-0.000157522939396917,0.0007822629590354106,-0.005001081034978702,-0.008102584485283502,0.009177329912119862
-0.06302924158820096,-0.0025937349862565962,0.007462225478094754,-0.0017442384507576163,0.012158430917232066,-0.0008456657597468256
-0.0774547027600025,-0.0024437859714914988,-0.002845466772949253,-0.006493810191226118,-0.0007194852497773106,-0.004245518926173329
-0.09503120660659575,0.0022029337982070367,0.0009308981314097189,0.00469006862833174,-0.001901694186650344,0.0025149438419178826
0.06643768663131436,0.010804476922480587,0.019803277774421,0.008641645044958485,0.01429740727314931,0.07610181201903839
-0.07630584806183188,-0.006318712677988644,0.003154531429333535,-0.009974892029025685,-0.003321447988954841,-0.0011188097478003103
-0.09488361049116882,0.003912764329518055,0.00573653535050379,-0.0020435827629268987,-0.003061348956487627,-0.0019590090249722715
0.5326429376562203,0.07346612722499207,0.09030367045484071,0.006171067817522069,0.09419420705296985,0.01708140204845556
-0.08016629004466516,0.0015556340484661694,-0.0024470857234978704,-0.005887259756659908,-0.0009115401277926805,-0.003865998408872296
-0.07899520262890952,0.0028476324235295635,0.0017907213510327227,-0.003009413306676132,-0.0019804211419287934,-0.00933143746027451
-0.08523939501147633,0.003290925743921006,0.0032871488480827955,-0.007114397586473388,-0.0029303740839868664,-0.0058556034241329605
-0.009650028568433161,0.01188661453009383,0.03186257331666945,0.03131661040013106,-0.0014858386046192784,0.0006189825672946861
-0.07306783902599222,-0.005009776428242859,-0.0026814426618518156,-0.009440075811279553,0.0011186108287991406,-0.0046502261369416025
-0.08387501393009547,-0.002621506238043144,-0.005387398245108195,0.00942683352233318,-0.0007890741914803175,0.020097889337309417
-0.08663209313584348,0.0014346721923280189,0.0040671439654195365,-0.002710580050364037,-0.00025948759598933555,0.0020988030496686674
-0.07936817544556507,0.0013204023196574498,-3.4639666769461324e-05,-0.006375417764355638,-0.0043718796351203204,-0.0055509650398502435
0.3113510043532468,0.02220074724599233,0.006277157271383841,-0.045703066244303016,-0.0188649364156573,-0.011950982644556218
-0.0675802386583717,0.01369527598273308,0.025481962955926373,0.00048638765684661705,0.08056659914515077,0.022868170045172876
-0.06780382811639425,-0.004099488577370793,-0.007742050374598145,-0.013294173394738951,0.0009060501889924327,-0.0019032933321437133
-0.07599631167440087,0.0010756254421959914,-0.0012467975805529393,-0.007808425158291377,-0.004207518044348362,-0.005340016845154115
-0.11821511106406181,-0.003908149221196491,-0.00013623850299791129,0.036314329506954894,-0.004487663848148189,-0.004218863758639926
-0.06751324359780997,-0.009957135445939144,0.00301835657957402,-0.008159937339627235,-0.004231330594343698,-0.006145330177375282
-0.07473557668394283,-0.007356804034245992,0.0033345899034792573,-0.006921819104542133,-0.0047270746837460185,-0.0010361198629566136
-0.07439441406591872,-0.0023536335711546383,-0.0026373977356482113,-0.00998484691025084,-0.0009399211152145494,-0.00430275833003871
-0.08520483349919115,-0.0002565953456568169,0.0007742561725226292,-0.009721799908815776,-0.0017062395474254928,0.0020399586352306824
0.0768525809210127,-0.041465578634213796,-0.012080050730593078,-0.06585432434487412,-0.011361153746205617,-0.0292384725125532
-0.08151025919753312,-0.006874695677796712,0.0017493426858092498,-0.004603202027418514,-0.0055348336015661635,0.0034307065935673437
-0.07329540704232493,0.01249543566578308,-0.01028393135065309,-0.0045953981310771636,0.013324567563679711,0.018589975624344564
-0.07265754645397017,-0.0031962812398079817,0.00013010174792367471,-0.006691446272003325,-0.0032089968124210163,-0.005334393983676683
-0.08907759922451046,0.0037878746387128765,0.003944514161516524,-0.0059156969713865595,-0.002123285578767927,-0.002497800635435954
-0.07405799818901301,-0.007090232878662102,0.0005713040216725365,-0.008268008453512787,-0.003615246363482274,-0.001184494150585338
-0.10304188297958085,0.004924204692291284,-0.006259583072552569,0.03539370642229403,4.488099122179321e-05,-0.0023360843402022774
-0.06479740289622458,-0.0051639838456071785,-0.0025902006999055298,-0.009132382328101658,-0.0010835762519451398,-0.005334916455241044
0.27663750981894164,-0.06374891490851681,-0.07841940265393119,-0.07118249422641434,-0.023322906527300794,-0.04257974607136636
-0.08018649089527415,0.0035376489873872883,-0.0003060314517749019,-0.004267066464014488,-0.0052217080686481785,-0.005280032450095215
-0.04327656584258285,0.010884646256686874,-0.00947666135376655,-0.00334424075365349,-0.004986631500356646,-0.028471357441567206
-0.08203150119525972,-0.006294142708841918,0.0033988520032912227,-0.0016554904125154455,-0.005805460243567522,-0.001490228934212198
-0.07544162313018349,0.002359257965339837,-0.00992842041756769,-0.0037030387529679407,-0.0022295562660320455,-0.0031609548971856375
-0.07440921668186544,-0.0021971766453778353,-0.008278403483767493,-0.004032784208936724,-0.0006976282184992465,0.002680291622057161
0.274463104993371,-0.02988211880290773,-0.0032181866823111746,-0.05316870860272257,-0.01008458151066562,-0.0018810388805798575
-0.0798804790289143,-0.006915058503789479,0.004205652110575376,-0.00038383073530057546,-0.005779423477558576,0.00497832717126301
-0.07914393083767446,-0.007536541199880473,0.0010391885572405626,-0.006001872201454554,-0.004957733252667825,0.003422651319583839
-0.0833537420365058,-0.004702878913024887,0.0010380669128168757,-0.004042059664319148,-0.002273244978461992,-0.0012035232213320063
-0.07660322510926912,0.0034921485367227,-0.008986866091304798,-0.0035272205271429406,-0.0035002929852676985,-0.0016174131470040511
-0.08502758932666205,-0.0028585039396139627,-0.0009705082172746541,0.004799459775609219,-0.002540009692788557,-0.006752495596237068
-0.0673540022492689,-0.007364034634118657,2.762031242080561e-05,-0.002786705500107405,-0.004176934907333539,-0.0019803144017885663
-0.07109435696182397,-0.007321775647713116,-0.009717585240314665,-0.005813124828265999,-0.003808899586676611,0.003409288631396129
-0.071732937635198,-0.006921027611344003,0.0010631508401785237,-0.006526698401314026,-0.0020455233304006357,-0.005818573025011925
0.05011657674952186,0.004708583814891105,-0.030319765492914805,0.006807914625738653,0.00908100365904619,0.0592008493257251
-0.07478652734393346,-0.0062722554487937105,0.0009991897166353088,-0.0075867528010021765,-0.0010076907486977268,-0.004738216749420965
-0.07973574016027794,-0.002027197366811944,0.0023539771432406786,-0.00037841382391494237,-0.0027682539895837236,0.0030987227740500467
-0.10025041533291473,0.01827662577392267,0.0027533917565954673,-0.0005878641949585516,0.0002212474215042673,0.007012114995412767
-0.07607612602701723,0.008924855550526663,0.004162714316018497,0.0024787986079070866,-0.0005647178632000495,0.00012220408821494533
-0.08302460924955445,-0.004991523935406581,-0.00201054744906657,0.00593580816724872,-0.003848030874755455,-0.004109930015369813
-0.07242242281391162,-0.008843917324544023,0.0022537507218990745,-0.009947232751322092,-1.7104329584760968e-06,-0.0047952862510810225
-0.08580876468965228,0.012443348631999054,0.004869643397898841,0.009588447031360256,0.023651952399137723,0.004985535689636824
0.12889571197654776,-0.048015332835240614,0.04696817342116228,-0.011895114621456367,-0.011651566191456098,0.0016278809186355883
-0.06606297056397713,-0.005306767612082135,0.003626626721581222,-0.002676507186842517,0.0003114133605221776,-0.001551865241880726
-0.07628785102357524,-0.006097111616101834,-0.0032548620720179197,-0.006333860374121669,-0.004586883784486026,0.0032241907351193
-0.08351977400221892,-0.003804712549598356,0.0040475349707553565,0.004142344009264989,-0.0007326534278817236,-0.0015709866233205856
-0.07874675380261059,0.000647145235819596,-0.0017813122232419427,-0.0061768911028035264,-0.004522863737511838,-0.003939591926294205
0.8041082266964364,0.15816992793859047,0.1326884638999508,0.16784682761037253,0.0651505925880748,0.08009015258637199
-0.07562328748132381,-0.005459436413221929,-0.0005673362465768406,-0.007212717356623837,0.0035334810952101755,-0.006344106819302012
-0.09102522575028923,-0.0017671833751698486,0.0014699838658841094,-7.024997390745151e-05,-0.0033196257055066055,0.00015167762486288061
-0.09979956180435516,0.014529490211712211,0.0029415435603455703,-0.006413533632213254,-0.0019751086323492035,-0.0027812795244246714
0.06824123597010445,-0.055771673928944734,0.022633442741589876,-0.027096850804984144,-0.02769433768016226,-0.008525842326464023
-0.08182833985206928,-0.001176715901502895,0.004205010094967333,-0.0035924871840928405,-0.00711758982938623,-0.0038520586390107365
-0.05480601298282939,-0.0037675837396048593,-0.007306291664261669,-0.006307832208662392,0.00048452144360707606,-0.00417819890999194
-0.03435939116569736,-0.009079533444017147,-0.015532929108899871,0.0015247843365747448,-0.016132513549427574,-0.01898085489377004
-0.09823986837960086,0.005260866438054465,0.009973084242925286,0.011296393787351828,0.003424309232825642,0.0002652793161604774
-0.08744914443213397,0.0006207277144008277,0.0035966715279290374,-0.0028424622084953725,-0.0014070792007402943,0.0020307894503475395
-0.08082625155562455,0.0014553889295039746,-0.0014498510773619082,0.00623299518628267,-0.007572288835438107,-0.0002609132179685817
-0.08692412628942983,0.003460057262090527,0.0019123399124828459,-0.005788428182948878,-0.004989353851622839,-0.0013653581486347145
-0.08731688413634184,0.0032276171627368326,0.0020259291574248337,-0.004919756425355537,-0.0014534336242508173,-0.003141933264799813
-0.08781182842064805,0.018456866597695205,0.012017005458112967,0.001533225287086171,0.014482887102131487,0.009531931649149467
-0.10019791645399956,-0.005149260150793995,-0.006933365887121119,0.03167958818498916,-0.0039232352436908416,-0.0048116111212036725
-0.05358283241777949,-0.0047499468278706415,-0.011531083080966401,-0.0011930656493478553,-0.009546114229837222,-0.005910732762483006
-0.08668926134693691,-0.002702387694102215,0.0059341461765217655,-0.0029451684320547524,-0.0015061709001849125,-0.0031404457329936115
-0.06492131757241601,-0.004949078196025135,0.001582859006006712,-0.004930091117938652,0.003957270741863499,0.0019287370646877589
-0.08312302695509152,0.00035317542653759437,0.0016196123613153232,-0.01098268804882178,0.002033913414021032,-0.0026150655019829957
-0.08565095098266841,-0.0035554653078471417,0.0008904003813564435,0.0019154207857269743,-0.00121645550787123,-0.006231868479282816
-0.08536109772081993,0.0006769570936883685,0.0027633257795616783,0.0002924058130191975,-0.000549691627194846,-0.006776349198598352
-0.07488883240530152,-0.006095921343811603,0.0018855309584545974,-0.01296610402489894,0.0004729354349261663,-0.0027295489719805673
-0.08632157048149024,0.002635820405706781,0.0017165038306900132,-0.006251698665737471,-0.007185588546335743,0.0008129869630428788
-0.07209174404626292,0.0007996614423489966,-0.032190271600842264,0.0308612072500762,0.028428189500899415,0.005999828555512413
-0.07069874686172622,-0.007415988138325933,-0.001716516710976222,-0.0052926348298307615,-0.0012859604014441059,-0.005576413615603479
-0.07874749816118079,0.00018547573544415945,-0.003957298325304305,-0.0038135558510886515,-0.003888264716924714,-0.0018862626268782892
0.3113510043532468,0.02220074724599233,0.006277157271383841,-0.045703066244303016,-0.0188649364156573,-0.011950982644556218
-0.08363926653132103,0.0030869340040149073,-0.0030158497866983806,-0.003181454580575257,-0.003168418468130776,-0.0019057224509365978
-0.07582781180333034,-0.007684529671012779,0.00578303570943838,-0.0062816879139554254,0.000720513569969374,-0.000672467291549746
-0.08975326609993768,0.002801467922692611,-5.5131470351641984e-05,-0.004933491869604929,-0.00046717646605262626,0.001644636758216157
-0.06924549783540661,-0.005336329970159004,-0.0001916754057670149,-0.007256152877544393,-0.005099856738697103,-0.006084866340061613
-0.08360390050621289,0.002741082393519013,-0.003376102685139766,-0.0038062479121057755,-0.002354131656092444,-0.00285806915568639
0.08598111206152757,-0.05084027739625709,-0.014178910585775343,-0.03306213181700994,-0.01499067739200197,-0.006775643029447336
-0.08734213067402732,-0.00033851744643156634,0.004329471413142509,-0.00450788024449379,-0.003237188770352855,-0.0020722308604465005
-0.06066825665202104,-0.006762933062873844,-0.011340065736324657,0.0012208202745310729,-0.007076962594131547,-0.004333564550184058
-0.0686636167344485,-0.0048673804229977646,-0.009172837501665603,-0.006551527142755897,-0.0017045697817691069,0.0007089894887004394
-0.08436977130432206,0.0025307615122076204,0.003464254482965551,-0.00532658594535882,0.0022305073111068543,-0.0009073736555724406
-0.08759319470556944,0.002001659815960064,0.0027601582991078474,-0.006471816263805473,-0.007247507658653921,0.002676208041083308
-0.07461485422791315,-0.007437281473353708,-0.01046439826992451,-0.00240004474320487,-0.0009852655426844485,0.0022057262127222893
-0.07210659852161994,-0.007143241482741819,-0.0025511009286350427,-0.005064247486670306,-0.0013646337175277268,-0.005527095677671068
-0.06849342753273902,-0.0006916114725270524,-0.008706780511097254,-0.009529743335298945,-0.0008313934882114529,-0.005972134754137112
-0.0742679867847606,-0.005895219753930526,-0.002122625582041603,-0.010598062473445337,-0.0011170944104176234,-0.0006265236208425249
-0.07800240528128065,0.001393386951268163,0.0018601254883587328,-0.010425693322391245,-0.0021775514667421417,-0.006258312088872143
-0.08057922260503657,-0.006812572540365364,0.0008332627397917073,-0.004090589941782454,-0.006415979095826654,0.003014539675603636
-0.05037090997726978,-0.0047469545975496776,0.011140775335176581,-0.00944954085871938,0.004971225684437413,-0.002167853676984724
0.5641039938355736,0.09520104980778182,-0.1271434424083125,0.09422279987989404,0.036655355826398894,0.060085669794308974
-0.08558332245033902,0.0007446588116260815,0.00306911653911235,-0.008472099758847553,-0.0013276119276073627,-0.002690402811161693
0.16766289501185452,0.018617226225000262,0.014249760597227192,-0.019836851092305995,0.002674689689921482,-0.001806159803052557
-0.08549890402229754,0.00041522026269157997,0.0036913797295878075,-0.0031083859763143115,-0.00501213369840722,-0.003248624176926774
-0.07460613053877455,0.005000109176834782,0.0036384384439483654,0.0008748190054053591,-0.002602035450862143,0.012128777371059659
-0.08145364801182327,-0.008109989644441372,0.002767501616168399,-0.004722661506967223,-0.005485821292287781,0.002723765980039314
-0.07398862152000536,0.008852140562814019,-0.010488883022987503,0.010672927175912322,0.01767328286072676,0.0044508244931407105
-0.07812314792171893,-0.0038429490967584346,0.004655985602937261,-0.00914466645243027,-0.000783908499178695,-0.0041633486264450615
-0.07691687097503211,0.0006719059119779482,-0.009432245847294192,-0.005947420658234044,0.00010378922599395713,0.0021859211852321416
-0.07561851486414789,0.009447656623622815,-0.0226282385675314,0.0073567041061211105,0.018742167750523085,0.002430127311322758
0.2597620707122471,-0.03228183990052973,0.02868017574453859,-0.0669953096278461,-0.045637382430361154,-0.06363093625208507
-0.08507136275889216,0.0012254642263134843,0.001996577496166588,0.006320997810405481,0.0013990292188272187,-0.010428831633232202
-0.028571101707749555,-0.011623157745569958,0.00024118069221062835,-0.022802975249897967,-0.0010793414414276043,-0.027733699681746573
-0.07863126648438457,0.021350696699936368,-0.01426396377365833,0.003654286962429488,0.01721396549265518,0.007038764883087107
0.47123438868104084,0.11173714986168952,0.011300969019478338,0.002234320714506129,0.04665744032479517,0.02321820610800434
-0.08152740422602106,-0.004898653707825251,-0.00078335390984126,-0.003920974560264721,-0.002156814781837247,-0.0012114771605090786
0.06887087102293867,-0.03931643405101465,-0.011575172308345205,-0.06324229628464173,-0.011576775981236338,-0.028343595144715947
-0.13248513041947776,-0.004116726662332483,0.005358038054842961,0.04159472183788548,-0.0020638052385175245,-0.002202758788248663
-0.08437274831079548,0.001792369608203812,0.0035044226636196437,-0.00360376095095395,-0.006176631987870944,-0.00554597386390957
-0.08277014579990978,-0.00290784736941459,0.00392715327388694,-0.01010609049628809,0.002920028526222853,-0.003862504629813679
-0.0737103116795505,-0.004973247951483097,-0.0026307059921038644,-0.006940217942153087,-0.003110095419057293,-0.0027968329332777606
-0.07405348694333069,-0.0024854910216348305,-0.0007137689225014847,-0.00309398181534718,-0.005776149231441448,-0.006524018096654345
-0.08123616413968865,-0.0021977432169795106,0.011849369552426443,-0.001019856511271373,0.009912619466704225,0.011388411744383209
-0.07865793837425665,-0.008671896264970686,0.004577461768021251,-0.006722712078704689,-0.002348320564666768,-0.0017681077019309388
-0.07777775615764114,-0.0048840067145222215,-0.003722189672153741,-0.004661063138219539,-0.0016009082908706308,-0.0017167117378676195
-0.007039464980460511,0.0016438077417648513,-0.01528851887196072,0.010251065125341444,0.00046475876143037704,-0.01728646141499883
-0.07638210144525602,-0.0030038839142464413,-0.003912978991762856,-0.009085612308927573,-0.0015750706342533677,2.732469422042621e-05
-0.08313384711745422,0.00035259540902356543,0.0020074020887965735,-0.010972971931386768,0.002272723582130204,-0.002537431142299461
-0.08515358557807994,0.010684263357729902,-0.011755360914957944,-0.0043280103533972075,-0.002071359379356062,-0.0015114893696142825
-0.07788396576118364,0.0005626908018057887,-0.004168916360573804,-0.005530342595728048,-0.004081634296939178,-0.0018247110509970554
-0.10670361390127614,0.018668844806786867,0.003878100357654,-0.002344434369334879,-0.006553492534400282,0.0035545999730381608
-0.0285304537540361,-0.013839928874572168,0.0047747917016373286,-0.02069263573524962,-0.00014630541339878575,-0.03416676452874187
-0.08010562235630508,0.005443993521150831,0.001348493562090142,-0.0011359969702326826,0.006519240541011128,0.004454227436804246
0.8682867267920695,0.022749135093203116,0.10930109602981555,0.33961294413890875,0.0030297754452833126,0.013897913536979839
-0.07606891890190243,0.007456868903942669,0.00852455101838922,-0.0021364386217799475,0.01544203905770216,-0.0013793428324360847
-0.0867660120152897,0.0012538316955489556,0.0038398421052002214,-0.002927736116313608,0.0016665216180068469,0.000979302607155224
-0.08627637896724911,0.0019038001702959566,0.004687114461263169,-0.007007034939257348,-0.002758219430340653,-0.004175378047860646
-0.10426729522353555,-0.004950712760510083,-0.007758175075618565,0.03146613721727615,-0.0036465734009542734,-0.004467733972693527
-0.09780745804804016,0.007164342827101621,0.008442970333346136,-0.0020252490091886245,-0.003915875200201331,-0.004111654635875043
-0.07620168513071915,-0.0021790293441294782,-0.0018506208357800158,-0.004404081337573898,0.005233711129933467,0.006559012805022916
-0.08101609796575221,-0.006768190015929012,-0.00017916570086323096,-0.007364833512517585,-0.0023826150722700886,0.003416521051260504
-0.06930835411544164,-0.008167037729990835,-0.0018074657526096658,-0.007704279405692207,-0.004626972327332273,-0.0020843099600526814
-0.07015264612033473,-0.0034858219087285456,-0.002047359360623231,-0.0067661128813174395,-0.0030614923912247235,-0.005480836071903619
-0.0743424624602944,0.0022355568972138077,0.005742631479619963,-0.013683475012941057,-0.003603077065725725,-0.007500095526394234
-0.07576816301698165,-0.006806823367830738,0.0022468938860959447,-0.006401597593347273,-0.0026228058803309338,-0.004482115963822194
-0.06529395074514581,-0.0026789913462601043,0.005188566456884401,-0.01124348519729394,-0.010995000947288346,-0.009076035880737863
-0.085486402358814,0.0004948001933296177,0.0031116205943971403,0.0004514957547101515,-0.000620908251994554,-0.006770789797668804
0.6667924357396384,0.15835760814796965,0.1903268131562865,0.030131992514530647,0.049470006913700286,0.04965336764871446
-0.08690893820392429,0.0037067290463973393,0.0031170650209449086,0.00023800985757387147,-0.0023834152983327026,0.005171664739524875
0.3245617448779485,0.1542363284140749,-0.0684991718429694,-0.00830226123445044,0.004525130344970482,0.0028735984787628364
0.39461389870354624,0.13511983764566432,-0.06926879946061683,-0.025486979436979897,-0.006240176249059627,0.01018235774219101
-0.08435182715524774,0.0017148370868636923,0.0016678647713355163,-0.007073197950370764,-0.0019356785214719985,-0.00436634034207603
-0.07311513460163382,-0.005225480789845562,-0.0037926338471459347,-0.007181978364428569,-0.0017941433136340816,-0.003542382506361964
-0.08417118684766911,0.004929973487921527,0.0010770014413871705,-0.011096301096672383,-5.13478188409043e-06,-0.0022581462042335584
-0.08725974971325424,0.0063750297647316425,-0.004700339652307743,-0.007333333427695047,0.006951471676518074,0.005965803770280921
-0.08575962398125055,0.0011854238840338515,0.001390899349483965,-0.006030637301925772,-0.0016868422528539624,-0.0030766041921900414
-0.07551995843859806,-0.005028807199833508,-0.0025993713057569107,-0.010315343739404152,0.0013187143243398192,-0.00015992996432648092
0.719723906561997,0.18724333213386712,0.22607909507787755,0.03317662505716602,0.11172766131558141,0.08106675178188645
-0.06825812336326278,-0.006839114896239829,-0.0012388293357614912,-0.004441575200692538,-0.008959285411162607,-0.0027268193101330565
-0.07340349090470959,-0.006564366560421529,-0.0027612722014582433,-0.010890477056105973,-0.0001613859350810491,-0.0006642211700457357
-0.023102078474521146,-0.010146264812327424,0.007112090845132202,-0.012425944563321587,-0.0010966688892949975,-0.023435409946249475
-0.0968626878239518,0.010690245389436519,0.00698006956785454,0.0067060882647199185,-0.00038316892789660024,0.011200199927120555
-0.0924821864124775,0.013129994959577689,-0.0029637888018504504,-0.0023768417449800752,-0.004257399523255955,-0.0042396181199894885
1.33503528360969,0.06045983961200779,0.0043436268380889305,0.052020724985069364,0.0032683105962850187,0.017182563010264384
-0.10443461424389876,0.02303594265404451,0.009086299285147268,-0.00023981064522941885,0.0003787709499411068,0.005443117815446551
-0.08534903853958731,-0.0005071403510165163,0.002063548844019474,-0.002526468101920105,-0.00040044255988611917,0.0010362754048292792
-0.07455587631586784,-0.005227230948220144,-0.0031998580694697154,-0.004850587852897079,-0.004725964792583018,-0.0015460861137001596
-0.09720741289559978,0.002255779972888148,0.004797445984431075,-0.006743323657261054,-0.0018343510828932063,0.00455132609468168
-0.07090901991829329,0.01668238238510823,0.018606124653155896,0.025223899353344258,0.016701501238842762,0.009873535893563485
0.15996662938961412,0.04381287802355573,-0.0018174046087911604,-0.0016412031932496105,0.006406136064665792,0.02124343359045313
-0.06786518088872656,-0.002397965627054362,0.0015172300951745309,-0.00465990933629502,-0.0002842571441047167,-0.005474832646325342
-0.0673404206072722,0.01675008341696411,0.00774942488660036,-0.0027852453827384395,0.003173928621178261,0.011631821062636665
-0.08957094733500863,-0.001612640978550773,0.0034239636155872356,0.0037771121728807653,-0.007148909529538695,-0.002677480974492354
-0.0789413583152155,0.001387252726270563,0.00025529874150344273,-0.007651016948262753,0.0005125119599251418,-0.007867032963340842
-0.07832743687634519,0.0006441177643013086,-0.010008982226843823,-0.008507711167263479,-0.0020192117499441874,0.0037337227298029087
-0.007039464980460511,0.0016438077417648513,-0.01528851887196072,0.010251065125341444,0.00046475876143037704,-0.01728646141499883
-0.038480571192804285,-0.00418493206113499,0.005965496175279709,-0.025126153992371038,0.0011423206374868093,-0.03156299007283906
-0.06791008974711038,-0.00021960384881923155,-0.010976081113220673,2.9406565758661036e-05,-0.001946815603173006,-0.0020866193157806144
0.32771385976390865,-0.019192429578789243,-0.15624979727188476,-0.04966440855233138,0.010400292303486628,0.01296497421141492
-0.057697021857441896,0.018826843452496456,0.01706643669451223,-0.0019056563949140053,0.0031414936887017818,0.01412860885529042
-0.0952029231853516,0.005536607316860288,0.003722905218892034,0.010150713279130632,-0.010021376072296109,0.005356945180510342
-0.13000563401912216,-0.0030434934390956053,0.0014686416175522334,0.04470286316243137,-0.003674306421398468,-0.003875815919672021
-0.08214368000252863,0.008900918814772741,-0.01130842088836558,-0.005192884634978806,1.0460326339334565e-05,-0.00427336510665196
0.10616341195781238,-0.04501922489763527,0.0003528795802794463,0.005927554752456079,3.2473698409380356e-05,-0.009072231524412734
-0.06842031977504973,-0.006106484870945557,0.000816648842178331,-0.011730952826986893,-0.001032753103359559,-0.005888558632088016
-0.05243205978229197,-0.0017156622430076296,0.006435893122583205,-0.01228038809881792,-0.004688887260806482,-0.02984417793472192
-0.1061071674902157,0.017086852618125765,0.005497282770705581,-0.0067691268823986545,-0.006947333621010194,0.0040426702909799606
-0.040657863574076566,-0.003468769284613507,-0.00015111004740443946,-0.02472200652147881,0.00023189623107638675,-0.017579313259726687
-0.05666288116105409,-0.0007654665303244494,0.007601772592433908,0.004287101264340297,-0.010361651161726371,-0.02997456078201021
-0.07570655684271134,0.003493185197024163,-0.008461649378631197,-0.006202185984775101,-0.0013024630373516105,-0.0021512730176892645
0.5326429376562203,0.07346612722499207,0.09030367045484071,0.006171067817522069,0.09419420705296985,0.01708140204845556
-0.09916855430191512,0.01642460840850913,0.0037593361765623683,-0.007325272013885582,-0.002398502312511376,-0.0035402516964993416
-0.07422605945129675,0.0026935255930709786,-0.006834268162422028,-0.006751990852286706,0.0026932682897511133,-0.005923541601600462
-0.0974986307618607,0.02829530823690911,0.006554762688766582,0.005199410101099759,0.018658483700660363,0.006176683413104532
-0.08286033018333247,-1.47232716288957e-05,-0.008016481204976944,0.002744136549538024,-0.0012472911741765594,-0.0015908798364077665
0.4770756687608601,0.14871174409592058,0.028727145727677452,-0.018042572159926152,-0.025093514656902433,0.002074833281135428
-0.0698292989626147,0.0018250801466752485,-0.00438853027184503,-0.010551581909943514,-0.003270551392140905,-0.006108108556607112
-0.07629531714537387,0.0008416232657903426,-0.0001118299425884845,-0.008835605519902727,-0.002688142374184527,-0.0072933350694741
-0.11224829521593302,0.017343751745458182,0.008937958357747607,-0.005574218572850513,-0.006083299450285351,0.003768457080969901
-0.0738569404399439,-0.00707055018850866,0.0017317599342210658,-0.008039386442939035,-0.0023731027560475815,-0.003936162226963567
-0.13653232171170437,-0.00170191286674639,0.003522649719038208,0.0484816751933308,-0.003906316189649279,-0.004363349541115331
-0.06355182998007837,-0.009821573889477414,-0.0018421908529376507,-0.00801779164426676,-0.007260554901763077,-0.003903168548480103
-0.07818420556314111,-0.003494850000958871,0.0028527442238923803,0.0005951980661209058,-0.0018912123459486586,0.005594045407540193
-0.08951669685657203,0.004723626861638704,0.006694756478542249,0.0061207582228339575,0.0074533875867219155,-0.0013532650958935958
-0.08701261906232075,-0.000571690285049075,0.003189084994607074,0.002124784533632156,-0.013831460627752394,0.0035668979244482487
-0.0684612798832154,-0.004345646916041,0.00028239132767942244,-0.0068987669999024314,-0.005082390546627729,-0.005602445954745444
-0.07540821119407379,-0.0012220165315718248,-0.012546775168050342,-0.002271743891645229,-0.00010282656122293052,0.00564382327382451
-0.07305039591700396,-0.009647705924964783,0.0024105146782284897,-0.0021990770129847203,0.003519664326178888,-0.00394718151543337
0.719723906561997,0.18724333213386712,0.22607909507787755,0.03317662505716602,0.11172766131558141,0.08106675178188645
-0.07606654599492063,0.0032036448207180867,-0.008391296277671427,-0.0035821318232772703,0.005868689262890988,0.0010903424786067033
-0.07228140210144074,-0.007242137935413648,0.0016584336930930347,-0.005947941583858454,-0.005553897382908099,-0.005286066902995179
-0.039629845819627495,0.0003138243602749658,-0.02816672897200463,0.013728889732138122,-0.00309889752752079,-0.015917821596750304
-0.07552277880548475,0.00010876803829071305,0.005673458717144393,0.027852925363581055,-0.000944007681085897,-0.02935354615008344
-0.0761906278147111,0.0010452999288698076,-0.0021829702311423047,-0.006972132163067663,-0.0049007350095409815,-0.0053040679972381315
-0.06675062406850917,-0.005042304057790289,-0.0026000059818298126,-0.0072900625001304665,-0.005832939152693767,-0.003937608320139847
-0.07712037169131827,-0.001698084870163004,-0.00024637871058918586,-0.006052902841172456,-0.0031500760248968436,-0.004653967416014059
-0.08522632428524643,-0.005042279724166026,0.0003469930358757765,0.00304891513629018,-0.0015272693619318813,-0.006025528068092967
-0.08111766930025573,-0.0034631878794398508,-0.0020380980427246445,0.0055829704943244785,-0.002675512457547645,-0.003324614204216397
0.14679700360983022,0.006519714236655961,-0.013071703252368902,-0.024402998214784585,-0.002025785337658124,0.000752464567961977
-0.09164735439933722,0.0038690951026497215,0.003663273103036463,-0.003073587311438472,-0.0035799889063881382,-0.001976918934794478
-0.0837728226632634,0.011161574034199281,-0.01061145416602336,-0.002882358634059525,-0.0031774509940089585,-0.0033159824947747575
0.18578016734931094,-0.10836130380960465,-0.031224755788978882,-0.08305556019261266,-0.01802196809180673,-0.02438078332988007
-0.08057922260503657,-0.006812572540365364,0.0008332627397917073,-0.004090589941782454,-0.006415979095826654,0.003014539675603636
-0.07920537655950549,-0.007164889727660476,0.0036043245588368786,-0.0034727863980411767,-0.0024446870465102384,-0.0038912652342308254
-0.06742738328027843,-0.00810173364697589,-0.0035415218712755545,-0.008282124979367556,-0.004449214743925251,-0.0016996717999518593
-0.07794766524281359,0.004844533890843895,0.00470834328451051,-0.0012827299751291708,0.005166074127154205,-0.0040140836311813016
-0.06842977271236515,-0.004610698951585826,-0.00016736798114654674,-0.00749501002811642,-0.004193265980125213,-0.007601975814285119
0.47520302679019505,0.0643919962017378,0.023714036913808495,-0.014595145338344762,0.08256016141163199,0.022400090984448767
-0.08779316939395666,0.006021608406639819,0.007684560774943218,-0.013348583634847314,0.004833176949842969,0.004686817209332225
-0.06739936282031575,-0.003894168052149374,0.0024071706133947162,-0.009175667941850428,0.00917774968032531,-0.004049048626393104
0.32422506584981386,0.008395660462516111,-0.006321278913965612,-0.034819894241909774,-0.01963227312803121,-0.015608329346843907
-0.07383089777316414,-0.003631909768416678,-0.0023550993200316677,-0.006814002098666641,-0.0026637154278204675,-0.0020732905513015563
-0.07990019414315667,-0.003391103736965091,0.001181281381541389,-0.004218481131029256,-0.002218085830295517,-0.003757446316729345
-0.07493016175511161,-0.007353794272913232,-0.0009699279338340824,-0.002204635781040766,-0.011208283524101368,0.004571042418433157
-0.10163855018219971,0.0029441074117400796,-0.0031314121617629837,0.03339337398550519,-0.0009369254183924803,-0.0014512134899049268
-0.09587655075108265,0.01522004585403414,-0.0028597366172624576,-0.004898941574583373,-0.006212117986646934,0.0013982336603391172
-0.08167172407445436,0.0003778760352709258,-0.0020370108869501376,-0.005684216848742096,0.0030296216204788997,-0.0014014120287552262
-0.0833685659614599,-0.004911115005485762,-0.0036007915158559316,0.009219629381409779,-0.0029470561951431998,0.006352664244349236
0.43700613292181767,0.06283306307556348,0.07614214917535563,-0.025826656135113948,-0.0016782692950130557,0.011415390753394398
-0.0751158422688479,0.006022562613913496,-0.014146206345140534,-0.0015879191400806354,0.0027295313744106595,-0.002469698451078091
-0.0777949844646175,0.003669702794643712,0.002110137321093538,-0.008393923900240316,-0.00017071664957143617,-0.0072550613327543555
-0.07129004472032179,-0.006346127386561121,-0.0037114005919420684,-0.006814036539758877,0.006326299610557788,0.003911186812414368
0.18112431828222558,0.016376286230835885,-0.0053003125671997305,0.011727135277016848,0.006312298697043374,0.07373814323332405
0.45141020133314963,0.027457642737418,0.048071454193411293,-0.037899791704375484,0.0107704249232751,-0.0064717707012322025
0.4224042354074713,0.0002472568549544785,-0.08411322173794597,-0.03404448415437975,0.005395158220230862,-0.013565579497800915
-0.07382764827475666,0.0007174768561570333,-0.002456003226964442,-0.0041625839208781525,-0.0017048587330501324,-0.0029032525876097844
-0.05229094475649351,0.030264941284047334,0.03824697304260947,0.030085080133039434,0.09535434461165943,0.0076954672034718775
-0.07686073319244657,0.002347098877448899,-0.003178170015804828,-0.0069283407533565254,0.0023741670003933728,-0.0065384908949034995
-0.08527889512021085,-0.002320810726418289,0.004613942831290155,-0.005648797045380896,-0.0007140927962417027,-0.004483670004744337
-0.0847104364382922,0.0030983372048373407,0.003265234546017521,-0.007098067868417017,-0.0031856390608861955,-0.005907084390405888
2.5833126278491707,-0.02730632688289662,0.03138313227963259,-0.08418966191903916,-0.028560413123202098,-0.06822034572443617
0.08598111206152757,-0.05084027739625709,-0.014178910585775343,-0.03306213181700994,-0.01499067739200197,-0.006775643029447336
-0.07812766472237415,0.018933606460955675,0.019191935005358936,0.030547565550167893,0.017301663239129194,0.016332927224835245
-0.07293674436354512,0.0007720224570691657,-0.0016087378981391636,-0.007578774842154386,-0.0063256095399056795,-0.006062243718563393
-0.06850038990975699,-0.006485110293436415,-0.006782240631703971,-0.007423932906061406,-0.0020118325411899304,-0.0016584018104393668
0.2937126269408997,-0.05221906413374381,0.023036179007120485,-0.001611078544415803,-0.013836448287026073,-0.00013278115649276574
-0.07272239322659423,-0.0032442895720057176,0.00023119242497484177,-0.006724146560498941,-0.0033184671852583537,-0.0053768006845447795
-0.06848707811589651,-0.007003316512433281,0.0011418264284703762,-0.008518100381559354,0.00038277762630610913,-0.006762866418092295
-0.0908586404695465,-0.003011955419539591,0.00449558061606022,-0.005756568747699263,-0.0011501369932702336,0.0021380989579448096
0.39931342190785113,0.05861676061420489,0.10264261575224568,-0.03206634948767503,-0.019355996282431173,-0.0037483032764308137
-0.09848789174847192,0.002855436791676142,0.0024325197286701066,0.0018843397654248327,-0.0027264307318450795,0.002226586001319226
-0.08641471323503105,0.0016712728075974504,-0.0005788102548542912,0.001730858339063375,-0.002271854091888389,-0.008361579805236018
-0.07608838020802369,-0.007581373287941139,0.0009209008904722017,-0.00575368242229513,-0.0037993079223232608,-0.002154953747160958
-0.08016814164604316,0.004274188158045053,0.00040483952479227137,-0.006413944666256995,-0.005400011076884533,-0.00528442665946026
-0.07984545809836086,0.002122015802270563,-0.009584028020647858,-0.0035658504945856517,-0.0021731091126299174,-0.0013192878712954726
-0.09257865073328511,-0.006069609530704226,0.009294419903793988,0.026074365709896328,0.004376376771201379,-0.02508696017545269
-0.07086613560489811,-0.007143083000345331,0.0020398545037027833,-0.0072141001704612105,0.0019600487195164376,-0.0018357859285920613
-0.0891174589644278,0.002561776947025758,-0.004386460779590383,-0.006213963707733152,0.0014161475309830238,0.0012256369610026184
-0.08153098316305572,0.00017602418886693237,0.0033115338767861864,-0.004314213853051703,-0.003931482292359325,-0.007663416239527591
-0.07967297589224466,-0.006751465395961598,0.002097750662505897,-0.004105693269352787,-0.0044780047712109595,-0.0009432461492329619
-0.030900922118063508,-0.011359969609602508,-0.005193869175243367,-0.018650323856512416,-0.0014407164415554063,-0.023756894452297762
-0.09197439047136764,0.0019618830593096897,0.004006954395497026,-0.005076865608525713,0.0003986016259337463,-0.003788804203980437
-0.08839997166532344,0.004681856993863044,0.004535743922979272,-0.006389912002180734,-0.005550801323808351,-0.0028075549996740717
-0.08275390877943653,-0.008934328245515167,0.0021883139055785886,-0.005988894905204694,-0.0015190014286694132,0.003982985246575028
0.41458540804379024,0.050178196106368235,-0.11184101443713154,-0.025200346171097603,0.06366548032573968,0.02001512028010819
-0.08982122729976641,0.0024312499897509135,0.0062588480736795035,-0.0056690762250212745,-0.0036223166460173564,-0.0035934011848793536
-0.10108924662852074,-0.003474802771849825,-0.00604747319353746,0.031421172218511685,-0.004622628717243094,-0.007392393551031875
-0.08040043830842879,-0.0028426122993649343,0.0063262980006537056,0.013521493225186119,0.004181764096199289,-0.010761870450599318
-0.0741282939990735,-0.00016051484708482346,-0.0008995045266572864,-0.00817598203008185,-0.00039031667238756683,-0.010455868569198397
-0.06735332171625648,-0.004682063893123742,-0.00731075425767907,-0.0078018076837459895,-0.0031848149039391906,-0.004046129133151654
-0.07938428053368549,-0.00015111312404740576,-0.00808917670424395,0.0020673674949862426,-0.0007938569213272853,-0.006531260494892216
-0.08290161007487071,0.0031781933039089355,-0.003309811491101693,-0.006391290337942881,-0.0018305287592417531,-0.002019911276056741
-0.08146210831390985,-0.0006708921694102545,0.0037197424694729486,-0.00764307691748713,-0.0019160336111391952,-0.006200455346493003
0.13683820164551952,-0.04232742650391475,0.05426138532725318,-0.011528051889144233,-0.010568044057129652,0.0029581818255315813
-0.07861811389621066,-0.006723758479175493,0.0007438681845022025,-0.0030210541403344598,-0.00390696556758419,-0.0025512095994329885
-0.07434080400507412,-0.008345315070959168,0.0033962068355749982,-0.007977726109407111,-0.002854986832267822,-0.0040040289409396775
-0.08186621656249106,0.0008061461076647554,0.00016234778162904122,-0.011415936947876335,0.0022300649194927067,-0.0023387310371461843
-0.12082081157575578,-0.0015751762690014678,-0.001968250846337091,0.03382029861733433,-0.001823089580598532,-0.0009851035714646824
-0.07072050069728628,-0.0032354748535228144,-0.007598487013807214,-0.0074019085733521076,-0.0025669367445663115,-0.0016775918596346523
0.03295601064745651,-0.05698056633102761,-0.012395084394715638,-0.029660417529647844,-0.021491902606004223,-0.0038053551883999656
-0.08486913769152717,-0.005914351187211057,0.0042034336920099905,-0.005537217491976348,-0.005141320675397715,0.0037472343232839555
-0.08853354310183015,0.0038483591284168986,0.0036137703488521803,-0.005973580992815908,-0.0021269153513158315,-0.0024120133806867223
-0.08368694459416189,-0.0006632878782192845,-0.016767370514153782,0.003431592271613112,0.003013945679443427,0.005775742386954077
-0.09559554201109291,0.009441785436638005,0.004204499264166844,0.005865751943870994,6.489434896209913e-05,0.010368396440439924
-0.07976128148063338,-0.009416352784376674,0.005940076908688744,-0.004429076745314895,0.0027162701977522896,0.0034965710076933594
-0.08770696085046129,-0.0067201652031109475,0.004836425842141718,0.013857673132903547,-0.008225598220409927,0.007589080195272498
-0.07245977814123945,-0.0070921615753525855,0.001642480276444286,-0.005980691816189138,-0.005469148357906847,-0.005225852363538726
-0.08143702383195286,-0.004407210111882345,0.004296103537190919,-0.004747573275498516,-0.0026439507193146577,-0.002750046118173431
-0.08720159811856014,0.0018285206630131855,0.0030100503620289908,-0.00668747258132909,-0.007117297796802326,0.0027963306109841405
-0.08770314556189457,0.0043124274005181176,0.0030788460512615324,-0.005414566631825866,-0.0021327865225923537,-0.002973959541271063
-0.0858028422898998,-0.004141190472500513,0.0029429043647748667,-0.004090130068829412,-0.0012726952622811945,-0.0013722097096693397
-0.12581723495625574,-0.0024862257508551397,0.0011187991478551246,0.0363811374271465,-0.002231864101829919,-0.0016287009638379063
-0.09158860088939154,0.0013917765757528583,0.0006339405750227423,-0.007979857406200216,-0.0018689709620742523,0.004922108511153869
-0.0724998884551327,0.007743647578348239,0.007327627943946288,0.00637987818938923,-0.0009379294127933362,0.0026454208154133565
-0.0824575630131795,0.0006593503260642268,0.0014483813074588983,-0.00678396876319179,-0.0020868121627063505,-0.004915820139814765
0.18112431828222558,0.016376286230835885,-0.0053003125671997305,0.011727135277016848,0.006312298697043374,0.07373814323332405
-0.08038080836845429,0.00055071154208337,-0.001228724024282366,-0.0039723970654218215,0.0009719192116846448,-0.00015967303252097665
-0.06421896942776915,0.012890980170395153,0.00827815273732145,-3.397345467935667e-05,0.0699112346566858,0.019930246399746585
-0.035608696224028666,-0.0063649729680324285,-0.011481857271597902,-0.017797073410105155,-0.00222242849672498,-0.02053184666256123
-0.09289815589628743,0.0032083914013704036,0.0031896903127558588,-0.006297499191853465,-0.0028446814692297023,0.0013118350648920391
-0.08646999481865389,-0.0005669882708721066,0.0007206437047160297,0.0005409001316513119,-0.0036652837703318774,-0.00506925214516063
-0.06982873585465267,-0.0073848069069679485,-0.003064395201170997,-0.007352686242812149,-0.007698828523697081,0.0008893060404278449
-0.07474080208585646,-0.0030130265564440296,-0.0022218668916637136,-0.009522076771305173,-0.000895975827570683,-0.00409375851980748
-0.06959900364110858,-0.0070861546457466505,-0.0007772903894000499,-0.006299963619627736,-0.0019765293470995057,-0.005698483703532036
-0.06533051780254577,-0.005241846445506563,-0.009102803317439572,-0.006625088776436509,0.006337472397202901,0.00282556297280302
-0.08166099991851426,0.008024167755089419,-0.005995108363319241,0.005686903878378978,-0.015194146546024903,-0.005283399161708701
-0.09180832879458506,0.00394210544457776,0.0011181451673467767,-0.0023598296224762024,-0.004058727382007763,-0.0009606790138306839
-0.0669401352809775,-0.002055078355323642,-0.010338482338700324,-0.00926900435176546,0.0020226265878843883,-0.0037206241667743245
-0.069961759886274,0.0010479255790244756,-0.03643984777674677,0.03395386612121101,0.025771373905224437,0.006236949348063857
-0.0752957150368431,-0.007334962022012977,0.00113477500412556,-0.007584906816465332,-0.0025881633271746967,-0.002853426467270659
0.8004700065476136,0.024797823931230895,0.1278268677272942,0.42719465825987263,-0.004919077782053175,-0.005302800694250389
-0.07305393585872874,-0.0018388392725935078,-0.007159219155565271,-0.0030817503953566782,-0.005562315449278733,-0.0027250376398198365
-0.07305039591700396,-0.009647705924964783,0.0024105146782284897,-0.0021990770129847203,0.003519664326178888,-0.00394718151543337
-0.07969826362054315,-0.0032562732382452686,0.0036216090146353676,-0.00551120852594908,-0.0005312160221402323,-0.0085459868456021
-0.07637489765216075,0.0011879493707374694,-0.00339436636497524,-0.006689005150623929,-0.0039813628049088275,-0.0050160446957411686
-0.07888477086013723,0.0045278470156758085,-0.0002391681128336643,-0.002818961659751749,0.0012806468794664685,-0.006833432574122582
-0.06090548291632941,-0.005481220253779655,0.0008858296643382323,-0.01258576739527059,-0.006931193657338534,-0.008511128391118629
-0.08677527246843515,-0.0008420500067716067,0.002745906006385158,-0.002375374250559675,-0.0009331173217596996,0.0012302422661540527
0.1581561229681182,0.012563527721105968,0.006336518309622595,-0.012466400358563737,-0.007522689926009476,-0.0041423967012183165
0.04997105517484927,-0.05692830829453311,0.011957323438741544,-0.04498470805961937,-0.02673404377933113,-0.02029067545458478
-0.06598710495507022,0.017107188829941413,-0.00429816090673663,0.018539123137756363,0.03212343522864119,0.010831195877855006
-0.08516384714402647,0.0037506332066514175,0.0004006121484204373,-0.005902271725262469,-0.004440366273517655,-0.0009125795947839471
-0.05516019197862557,0.007353432691535471,-0.021849633986932224,-0.004236124084766311,-0.002278909882312031,0.00870461230162374
-0.08332122617613656,-0.0006237630541231629,0.0018147761204844524,0.0052394142182072435,-0.002001291395715716,-0.01108740730004532
-0.07639786415967723,0.0028753739113673875,-0.001012557041854217,-0.00710665958369979,-0.007402820170505747,-0.005400077841769873
-0.10316049858455918,0.01678289093627284,0.005881501951632156,-0.00618022605251511,-0.002598377801208878,-0.003089811797960264
-0.07381548996073929,0.0029401576140306545,-0.008725781407102243,-0.0062651280695686035,0.0026153567924130047,-9.929660538293683e-06
-0.07761974435447783,-0.007366863359325896,0.0013669210315851365,-0.005962469787126325,-0.006567269534146663,0.001988148738106235
-0.08138019267866334,0.004882070065051647,0.0010737552465882763,-0.0021718876330447602,0.00819217925517365,0.002469723570735337
-0.10732128756066855,0.015907300430123682,0.008210928168177823,0.0027192382365890545,-0.008704792904390612,-0.005307745435428997
-0.07662542072439203,-0.006031687954977188,0.003364456468438698,-0.010353586015853762,-0.002749056041547366,-0.0013004821788828445
-0.08566649414034504,0.005211349444924495,0.00034477120288786787,-0.006516237912056622,-0.005358165441029572,-0.0022266541939572585
-0.07546606591819004,-0.0012523155887093078,-0.003872488336379724,-0.007237192576829518,-0.003951763790518672,-0.0021729310763225203
-0.08795980560534433,0.0026580275036033954,0.0036706194500351085,-0.004905369907347842,-0.0022751590635024252,-0.00544145441107265
-0.09380768121192727,0.0034420766001260275,0.004983099227049883,-0.002841143805647203,-0.0015756550910560319,-0.002642818306223776
-0.07107806186983633,-0.008782280860039765,0.0019137768014122214,-0.006669998785290102,-0.004098237664944375,-0.005308284580832472
-0.1017843687398518,0.015646673520162167,0.004338170177303345,-0.005920400618507515,-0.0022586801708556303,-0.002626254815847074
-0.08953865170143707,-0.0036843337930608003,0.004643676980920608,-0.0025521964948919218,-0.000527027205010543,0.000804920398093108
-0.044645071361641614,0.00025250919031901905,-0.024848233321597413,0.029989721223682285,0.002358282437816528,-0.0027444806353250015
-0.07194196450857353,-0.009463274673679073,0.0021413917001864126,-0.009854062729310917,-8.031023137005027e-05,-0.004848648238250939
1.1270594996696646,-0.03604919685551219,0.038780379622122683,-0.040202963595576076,-0.007636256748962988,-0.003301467593624077
-0.07604155335248468,-0.003895287188647974,-0.010365101224643713,-2.1861479411444204e-05,-0.0015006655936007922,-0.002546523028699873
-0.08982122729976641,0.0024312499897509135,0.0062588480736795035,-0.0056690762250212745,-0.0036223166460173564,-0.0035934011848793536
-0.06704839107372203,-0.007537694745371438,0.00029642118991639186,-0.007250517721159672,-0.004718838466142606,-0.005271657570652548
-0.08138183647803093,0.01055690988481608,0.0179062993387202,0.009534811133199518,0.02044827747910144,0.009097855559088068
0.0025253268140573272,-0.004967210141084893,-0.011915118967891403,-0.007443257743181301,0.0003081993777092163,0.017769545955313916
-0.08139594481674384,0.000123533956190259,-5.070225399142353e-06,-0.009600792926935756,-0.0007539191532138243,-0.002388730766317859
-0.09463102606891069,0.003328531131533658,0.005572350607047322,-0.0025857190118209507,-0.0014919890051145908,-0.0026604951178087117
0.11732393945391205,-0.0452432943537718,-0.025629554127226523,-0.046308606145860055,-0.031246477101587736,-0.03541249078203462
-0.08215954891839905,0.0036155275125053714,0.00280668165359657,-0.006379693424682195,-0.007305041903827102,-0.0044183265251441515
0.2586242798760618,-0.016062774732739427,-0.016109623131176573,-0.02502030372269311,0.0024069923369685223,0.00855622864570987
0.0671378499202772,-0.038081775619651606,-0.016943502476418102,-0.05880882626791487,-0.01124978711771349,-0.028162872568189664
-0.08237880025676335,-0.0010251424088501564,-0.009870995585175622,-0.003723765837594748,0.004846487043169973,0.0029325306939217734
-0.06624280434198977,-0.008595369269177706,0.0007963295771196779,-0.008998089176609648,-0.0022884660076031315,-0.006569559926920148
-0.10620427804145023,0.015602455628929968,0.004973710482853276,-0.005761634224927074,-0.005500056776374159,0.0034480480994325564
-0.09885116670377148,0.014025636911094888,0.00019673864800240346,-0.004965071900469641,-0.0030297628117139618,0.0004813368071004858
-0.07629491375097765,0.0008278396177926029,2.4808221814980206e-05,-0.008892426050474892,-0.0026928273552088186,-0.007335712699937596
-0.07807227200250526,0.00757644867564439,0.002903590842502048,0.005398584207593296,0.013772408445366079,0.0025309481658791697
-0.07611400616508313,-0.007344877572189458,0.0028396635546742047,-0.010171437807240767,-0.002564320919404711,-0.0012218878339752143
-0.08125650789841901,0.0017687710794111432,-0.0038812979119982717,-0.0034920730726925656,-0.0038261546672322313,-0.0033998155930855113
-0.07529854518743996,-0.0069362797947853,0.0030876224343563906,-0.006530250655301826,-0.003192977291528493,-0.0046924981549543495
-0.07676184492080114,0.002480392612748551,-0.00845865375229259,-0.0061413789086319755,-0.00167375916052698,-0.0028420534830708305
-0.07691636053165608,-0.008099836839501799,0.004529694889361275,-0.005590471303559693,-0.0027318763248522578,-0.004264722778030035
-0.06759556131715937,0.01534941986545225,-0.02723098284068386,0.04110978593921683,0.07590848250261371,0.009794548486366524
-0.08055418547757576,0.0005454064350452866,0.0008501880342155301,-0.005591065560863785,-3.211817178730594e-05,-0.0031849891836805257
-0.048893245987681244,-0.0041941470734371674,0.012078925793250473,-0.009693078930796177,0.005154676815444441,-0.0020286109393402624
-0.03521837310742456,-0.006721225365178194,0.0006165412262077048,-0.021497361629235046,-0.0022752225167517,-0.027991737637152184
-0.08798522585347023,-0.003268607567220483,0.0032710028080801317,-0.006043422507035044,-0.0010069684768334926,0.0013242875632238622
-0.07406231772629498,0.0009204056807781317,-0.009319107194738318,-0.005122244421547553,-0.0033279714404849995,-0.0033904081891833232
-0.08340700143481113,0.0018621685662754239,7.706144799527999e-05,-0.00771854308156742,0.00035985045047467036,-0.00042590621116183523
-0.09144945679374489,0.0025862147701096704,0.005286298599986311,-0.0034809886412160373,-0.0027848989089465487,-0.0046517042427527385
-0.09395025157406664,0.003981260244591438,0.00506431985439242,-0.0023327151038012623,-0.003190385311122742,-0.001978227219062032
-0.06946957535850262,-0.00014544011272334405,-0.008774678440139625,-0.010073295032454018,-0.0010755215343151775,-0.00467490979321834
-0.07781712734722697,-0.011398847149366245,-0.002760145877994091,-0.0044202525474219805,0.003338864162495687,0.003654733454047208
-0.06710022625584464,-0.004839351631621471,-0.007458121067032264,-0.0063582840048052825,-0.0035405277394296333,-0.003979852375987887
0.8498099028931714,0.12798986304460758,0.1318055687953034,0.04852564032821005,0.11819797644565215,0.07195367288239488
0.3477126247643007,-0.02972828472676765,0.017898048440964626,-0.03853524407266715,0.03139244299712649,-0.022166850096390134
-0.07614578790715257,0.0015825439837847445,-0.00011497932523175978,-0.010713275159781566,-0.0020762715438621283,-0.006177346108689476
-0.06793109854121143,-0.004538637922744211,-0.0009940339861781897,-0.010423139817014721,0.003349981257320113,-0.009082395401448624
-0.07513943812546975,0.006336390968399924,-0.016138633310285377,-0.0031979962232408826,0.006498333711552837,0.0054487773046311755
-0.06333050149617758,-0.0024880999539469285,-0.019453579591855265,0.030324618099077078,-0.00017512063048766725,-0.00586479517958071
-0.08913577943721325,0.0024835950954985356,0.0059517485440307395,-0.005578783474079684,-0.0036999362292400796,-0.0034381905334748813
-0.1313403831497272,0.001017696703255655,-0.0005314046573197492,0.04213024364609433,-0.001694652145966941,-0.0038794371516039446
-0.073966266401846,-0.0018780642622659833,-0.0023453638525061772,-0.00650275444476318,-0.0032074602401361355,-0.004234995150515214
0.16151737039044956,0.0394163359931829,0.0034368892961717597,-0.0025438321762613486,0.005130499921928548,0.020579699090724053
0.08093150107686271,-0.038008537127291964,0.0006885517883858911,-0.07010129761453802,-0.009515781855120605,-0.05064862669990556
-0.07868862605963069,0.0014635259136631486,-0.009502605828120689,-0.007062944932735738,0.0013134265415037443,-0.0009822066608801857
-0.08016814164604316,0.004274188158045053,0.00040483952479227137,-0.006413944666256995,-0.005400011076884533,-0.00528442665946026
-0.08584902384889699,-0.0038675996498930966,0.001154883642856053,-0.0068873148205659184,-0.0015512455733830127,0.0024992125420304654
-0.08369431155715057,0.0007580458483263586,-0.0039280577556211225,-0.00681087669916596,0.0018612892074312774,-0.001466351128368097
0.05981509450004848,-0.06358639044624198,0.021108050535648234,-0.03058235088647618,-0.02774988318678695,-0.01067952712245054
-0.08952020059075891,0.0038883204118998673,0.0050071680925205505,-0.0057801395456994285,-0.0027692464184363246,-0.0032742988195962543
-0.0629144692384231,-0.008126204328890082,0.004118327798322214,-0.0018796155630423329,-0.007909237348705573,-0.007466425573467798
-0.0794072789092453,-0.00652793203343315,0.002212836866559847,-0.005994976085711343,-0.001370246345453234,-0.0035258388155821174
-0.06946499402250159,-0.007386234957176917,-0.00873864467705959,-0.00642326498838668,-2.7116966724897774e-05,-0.002319502833885501
-0.08164295251858082,-0.0030212482009338206,-0.0025151534296858147,-0.00737544425017629,-0.0012250037229604189,0.0014061722376033164
-0.08197370238172778,-0.00495949304062968,-0.00307061522778565,-0.005424373067405605,-0.0015952559292430814,0.002644397472238662
-0.05862020168167853,-0.007069589986362856,-0.01034469258087621,-0.005567739495806529,-0.008155999117624116,-0.002981617370934199
-0.07493953836477063,-0.0060047488551259595,-0.00022185130922302228,-0.006989979703257879,-0.001707765161131584,-0.0042773561663642
0.38139784169524193,0.0021996028714210305,-0.10612615764072714,-0.04421534357264138,-0.021495122993262346,-0.01698293651206247
-0.07308763101888277,-0.0011297648432024418,-0.009972097830576253,-0.004882320663974356,0.0008899467550721415,0.001722371954389421
-0.08012715152965616,-0.0027546983702306173,0.003486314127737978,-0.0037571035248751663,-0.005533474949094302,-0.005367407376810608
-0.06790342469717617,-0.005066756134413563,-0.0075527804439218145,-0.004940942727700055,-0.0009948363318712052,-0.002737245881605707
0.9763469611846163,-0.04461776767711691,-0.09966160516075762,-0.047795902511419734,-0.011141772167679797,-0.005717587521161243
-0.08718858376894874,-0.001789003407400623,0.004160566203687554,-0.002934734667407204,-3.3886533741937035e-05,0.0024058076681540423
-0.0855405412329272,0.005157337694255102,0.00044372526037640876,-0.0067043865642340845,-0.00539494069644107,-0.0021301912025315653
-0.10235283493563167,0.014154320678238921,0.005066799434908086,0.002138981200923872,-0.007889833504157772,-0.004965756406306699
1.0928686121318085,-0.008825841428783156,-0.03962825282143165,-0.024684122492114553,-8.560466002081269e-05,0.014948066499822405
-0.07482936665839353,-0.008337548321658474,0.0038613571095409355,-0.00729165945811124,-0.0023749258788708185,-0.0038293721188511695
-0.07651533633593074,-0.004404929155441789,-0.00296820636557368,-0.007450956720376431,-0.0033047670149512994,0.0007879615898088865
-0.08190070656050646,-0.0038458860906295735,-0.003040274460624049,-0.006808980060181512,-0.001404254275857177,0.002433311134317387
0.030952478375185596,-0.05369896589919247,-0.0175377546728003,-0.02852803806056652,-0.019667519680785787,-0.003500182159727891
-0.07686073319244657,0.002347098877448899,-0.003178170015804828,-0.0069283407533565254,0.0023741670003933728,-0.0065384908949034995
-0.08166022299715915,0.0019241303870210396,-0.001945074161249144,-0.006837348167895677,-0.001635875674632205,-0.00428550500569298
-0.08690893820392429,0.0037067290463973393,0.0031170650209449086,0.00023800985757387147,-0.0023834152983327026,0.005171664739524875
-0.048028833518813575,-0.005906207444434931,0.010506535008716466,-0.007432168453819554,-0.006604432737829662,0.0031377976765181027
-0.07391903144099662,0.0021779303757365797,5.5196611546297866e-05,-0.006647983163926844,-0.0026816817378014007,-0.004698440754528386
0.07710413940286283,-0.003201612623837311,-0.043406192445203266,0.038771587306429225,0.009969352739908479,0.07104925123433727
0.031056390626908764,-0.004737012912476999,-0.012023166242206937,-0.006360658884752253,0.009301237005493615,0.036735152823920904
-0.06829630640599575,-0.0006042131800838491,-0.0002577954829648415,-0.005918494082348148,-0.010079646677894996,-0.007450052449991114
-0.07347737989908051,0.0028759906922115035,-0.010142124824480165,-0.0063129621471227325,-0.0016094572946807348,-0.003156301896406721
-0.0904865574806544,0.003432221501022089,-0.0005476193434397821,-0.008255150392699924,-0.0005153568553154634,0.0021642488817372736
-0.08284824795677416,0.0001220395906124964,0.002194307534702425,-0.003759846805889272,-0.005272796320089197,-0.0032063362661010355
-0.07229489151461779,-0.0033360548803013455,-0.006076719156641262,-0.009743928220628136,-0.0015606934691983778,-0.0009713365343747388
-0.07127391110252906,-0.004828835981731418,-0.004822431511411423,-0.006811862599773594,-0.003782864779078534,-0.0027316236698962265
-0.06864231595959508,-0.00400811240041139,-0.007000042063544351,-0.008238062823497443,-0.0011485337759595197,-0.004760838233746685
-0.08004456696306345,-0.0022117626417661462,-0.002148678953642111,-0.0033105005246136248,-0.00012335761172760308,0.002818180872324895
-0.09185177230655697,0.006319857257869886,0.004258854085492549,-0.002786217705927414,-0.00473098280699761,-0.004631515595431821
-0.07628683252895209,-0.007637151941100736,-0.0007443932935261737,-0.00624195862922296,-0.00419996305976609,0.003216734388113391
-0.08903140296980792,0.00022073629749397915,0.0037253337518630553,-0.008004456619795111,-0.0030430186871869343,0.0017210191734171154
-0.11103833636402477,0.018173985867005506,0.0065245270280788106,-0.0032819421081925625,-0.005030234600382679,0.0011473330266773363
-0.08726494202656185,0.0011203621315935665,-0.0007926569869628938,0.0016022866903273646,-0.003196591433847618,-0.005950749433139044
0.2291247631311353,0.011981266665142305,0.02068351406980811,0.026979883278420796,0.011395592126847926,0.08830456722639295
-0.1238371404400555,-0.0018096493826840253,2.6089190628990668e-05,0.036258802093784404,-0.00266718646578491,-0.00256687031740955
-0.07367453475523737,0.009214607571395413,0.00883486825621348,0.0009371560568648555,0.015479387402826884,0.000833936168430012
-0.08013738667758763,-0.0049635217042438675,0.0012029563538122926,-0.0022327350279935597,-0.006051814279766797,-0.0017529263661019757
-0.07889806014420431,0.00439207511919964,-0.00210472991761423,-0.006972518820104119,-0.00480421585496033,-0.0038793999716315608
-0.0719480748014746,0.0021777699070002388,0.005588616972514507,-0.01342514574614921,-0.0036035728766164515,-0.007540520748820754
-0.08117089430607047,-0.008151155369129052,0.004171185600282866,-0.0009660128646526752,0.0034698197176257126,-0.0008634309065881949
-0.08437274831079548,0.001792369608203812,0.0035044226636196437,-0.00360376095095395,-0.006176631987870944,-0.00554597386390957
-0.09700699459095223,0.010764615325034466,0.005404646460172712,-0.0065483442508189145,-0.005921427247734092,0.002408578053857521
-0.07592346226686288,-0.007980274557004719,-0.0002464588777448069,-0.0031992401690373504,-0.00277304509409219,-0.003363774306729957
-0.09126598805115935,0.004786503941021548,0.0076757911664688365,0.014750490834428516,-0.019395672216995327,0.007829435380862717
-0.05446956983633535,0.008822024820778155,-0.019189531106261495,-0.004052878001824303,-0.0010222201092508808,0.009287607529257513
-0.0670428905698486,0.0245423791884842,0.023741470321971766,0.02616588150431665,0.04842659135739181,0.01755443675558304
-0.07390744354883035,0.01034769956160251,-0.013125988355420434,0.012175867016682952,0.009188684731602169,0.0037830512823442864
0.07616708696317147,-0.04041758465946749,-0.012659830042913293,-0.0657361841348803,-0.011512540500821114,-0.02891050174162522
-0.07726054024084021,-0.0005484344395517239,-0.00684863928687593,7.87734196892557e-05,0.0003520188027829171,-2.3834524643364064e-05
-0.07860092802897695,-0.005494786510708572,0.0015154408163626306,-0.007678745396590237,-0.0025258640497667992,-0.0005595839409397336
-0.07833641556832184,-0.005777516980543679,-0.00248740067178754,-0.004373647461740585,-0.0039426942649649814,0.0020370216309602437
-0.08013738667758763,-0.0049635217042438675,0.0012029563538122926,-0.0022327350279935597,-0.006051814279766797,-0.0017529263661019757
-0.10562548296734628,0.023509163811688674,-0.005009529121201476,0.006088239731706838,0.012509062669236534,0.009115378470071753
-0.07533088349885646,-0.0014775962336668511,-2.579433610668039e-05,-0.011299467594868351,-0.00124634375124114,-0.0048378376097595105
-0.08000076002309815,0.007008109121950034,0.004014986913571276,0.0018095941723526344,0.008689468954454877,0.00446436276457658
-0.08390451768735861,0.0016483127271099142,0.0018595921103685728,-0.006983645159191796,-0.0048205146530567585,-0.0017023350915259146
-0.0942905731770663,0.0012217622412222101,0.006348170774567429,-0.002138607617769352,-0.0011660904182625002,0.0032030571173692663
-0.014143078727567584,-0.010788928021942609,0.010781095704255155,-0.011027516434071146,-0.009457505987335578,-0.03506922610652659
-0.006142140214443485,0.0026780730395508045,-0.004112161796590033,0.0056728420870099895,0.0029576806051248286,-0.01883234372067486
-0.07733255054105323,0.0016013528175117123,-0.0015114867125284165,-0.008203007645299012,0.000600739951149946,-0.007982005519137296
-0.07176436165554215,0.0018627581917780181,-0.01452573929314146,0.02562172690876904,-0.002302730338850827,-0.021608124973297976
-0.07633268329949994,-0.007886328486185134,0.005596742068429063,-0.006423609136431317,0.000366623353610829,-0.0009362539827624981
0.10485801985135959,-0.03509014949859982,0.008826638565449256,-0.04926271478101,-0.01015307437936518,-0.015680209511571966
-0.07022929450425273,-0.0038516359781140827,-0.00806369179518834,-0.008850552328929227,-0.0021765693350404543,-0.0011362544980467557
-0.08384723578614728,0.002693669796468411,0.0031073250187318505,-0.006205604051747218,-0.004906008689503496,-0.0042039248238331375
-0.08332007384922092,0.0021686390091059525,-0.000629549821598388,-0.005468169356023031,-0.004144290359444503,-0.0027291771088933476
-0.07254722704148296,-0.00652022971729947,-0.0015908429745898239,-0.006500300229150076,-0.002578014650853167,-0.004325384512375888
-0.08205388173351444,0.0012648510225246868,-0.0042737092241824605,-0.005431032032540421,5.2559887976820176e-05,-0.004049592482019693
-0.055786844382158356,-0.004193542176853685,-0.0150480160583679,-0.005373633661389735,-0.009265632504449525,-0.0008434018742457559
-0.03196814851451278,-0.005935557598999216,0.006393164170299596,-0.02602769199448162,3.723417962137772e-05,-0.03456494124385219
-0.04059424240186038,-0.0038712555388854654,-0.006274971541982064,0.003766643710502689,-0.010648720766440916,-0.03017787419575571
-0.07027803120064381,-0.004817757925714411,-0.00829634676418368,0.012210173382955627,0.005265476061833124,-0.0253144321752693
-0.06881372680787233,0.012202150058918079,-0.028694387776179775,0.008261329474458028,0.04127598819359486,0.000609414381285053
-0.07244574928887022,-0.005201344816061111,0.004397155686794748,-0.006115077572198716,-0.00200338632557979,-0.0034032062529051905
-0.08096822134132141,0.009317536273987794,0.00777514630830994,0.0031611926097568415,0.009987651772661402,0.005089682913865997
-0.06516708842288509,-0.010240088315398785,-0.00020980494423544112,-0.0079463258665514,-0.006717590307838971,-0.003826373106576649
-0.0512148373479135,-0.0032732404019370684,-0.001519133814100442,-0.0018254335116797671,-0.0008808810540635961,0.001264573844958486
0.010330589039813702,0.011942959691029514,0.01879561214438498,0.017626663758947853,0.01009617725783159,0.0020959981337551185
-0.06654791816777052,-0.002799917867492479,-0.006982108650397345,-0.007925968989178609,-0.004570587943460983,-0.0054569475668810015
-0.0009245603475106369,0.011283094384862915,0.019317904999688423,-0.010393698854531922,0.012295573132712933,-0.023859917959435283
-0.07826704974847828,0.002804021134093904,0.0050559729897916884,-0.0041739322555434865,0.0051738060566446364,-0.0076433798138504675
0.25125234444657,0.006683882643961981,-0.08507939324964596,-0.04497566072762877,-0.03282781576853611,-0.06713862813758568
0.005086514418293335,-3.329498769262144e-05,-0.026263992705549664,0.015092296872589773,0.002327046103531071,0.010456183384718772
0.21573911258534692,-0.15680975835673602,0.01232771669369478,-0.0823471006103555,-0.02725819690949131,-0.04564952766547873
-0.0833537420365058,-0.004702878913024887,0.0010380669128168757,-0.004042059664319148,-0.002273244978461992,-0.0012035232213320063
-0.08438760616442215,-0.004949417831248652,0.0030980230159063133,0.004071639573410012,-0.002035165503582627,-0.0019033205398598704
-0.06641066518056059,-0.004628383582062521,0.0020322812885076977,-0.005256890724023773,-0.00589114625798031,-0.008944434875159987
-0.07553226034545814,0.006750748558260611,-0.005958051072895176,0.003693954041678783,0.010511294047821269,0.00031742883565388005
-0.0985506504006855,0.016416964163777123,0.003583640521843467,-0.008565418060616373,-0.002554243100251696,-0.0037530044076316215
-0.08915823208021907,0.002417580640213233,0.0032386450243698777,-0.005384847237238614,-0.004409725177019251,0.0004294364146405181
-0.08138008703210672,-0.011917222431901306,0.004496735905322917,-0.005882988793610892,0.0018336453975540295,-0.0006475567926795849
-0.08073946384736372,0.004750846469333078,-0.008879048015621647,0.008170494277066403,-0.0003360017527744765,0.004713799985752694
-0.08451449253386029,-0.006131599431471296,0.003419659217288686,-0.003476328990662587,-0.006151845215684486,0.002932200663938204
-0.06650934896241592,-0.007655328305716656,-0.001478743861996679,-0.007671035587436141,-0.006328851408261048,-0.004172742367569653
-0.09151606801505237,0.002209568261809842,-0.003018686078952469,0.0027696046816089942,-0.0020788774929149205,0.002835061770007094
-0.09830276576398844,0.013790155432094713,0.004855498763489431,-0.0061715576667064394,-0.0010304982234435856,-0.006207830490784686
-0.08450805082478541,-0.003003967862130926,-0.003320145995840292,0.003865210358309304,-0.002119212906150525,-0.004912952464797732
-0.06989655100708013,-0.0037806064092732066,-0.006424061092446902,-0.010157296621462617,0.0032155765284409784,-0.0013435706867745518
-0.08563851206242852,0.01289386671620931,-0.014709298390489017,-0.0009697464811014286,-0.0004394723446394443,0.005977333734178767
-0.08384723578614728,0.002693669796468411,0.0031073250187318505,-0.006205604051747218,-0.004906008689503496,-0.0042039248238331375
-0.07328820213666354,-0.00737923885733544,-0.0005223928550175124,-0.005687193410431129,-0.0010150022861420908,-0.005543897248844273
-0.07661138453073237,0.023755959327545116,0.029734936449533414,0.036360798993338335,0.021731716753943857,0.019515358185062042
-0.09127827751414505,0.0008734556406114839,0.0013500343137858271,0.0065865402860859155,0.0030577241740197673,-0.0031272287315673745
-0.076445739618603,-0.0036951991943197596,0.001089040173706772,-0.0040220128295495195,-0.005787134866759287,-0.002849320685612282
-0.06803613621559525,-0.002626464316987854,-0.006866252566734721,-0.006293238414263967,-0.0034740013198563415,-0.004618896044945338
-0.07905468744319406,-0.004464923745292248,-0.002120775533122604,-0.005869107380450904,-0.0005982036362819178,-0.0024549179316607074
-0.08716376798911876,-0.00328808899664891,0.001413405882343345,0.0012422893235824277,-0.004129943969266893,-0.002561724605895185
-0.07269189613533655,-0.004189129344972403,0.0015009762027482921,-0.010051664952376164,0.0001884919743509284,-0.004543825915210945
-0.06633529153509096,-0.007267783509451758,0.0006935847936674752,-0.008671773142177878,-0.0022577449578298023,-0.005601719629512446
0.032420849315518536,0.004514276377708313,-0.0017110117580365271,0.000515283133052459,0.03647749464292363,0.000721435228602879
-0.07358617188877904,-0.00580181647464421,-0.0006570522908672673,-0.006426886321463196,-0.0020248077141631023,-0.005917019729559144
-0.08824417650051401,0.004852644025780807,0.00431215426176858,-0.006424149104245568,-0.005567298348210364,-0.002698040104871288
-0.10456125392168406,-0.005206611307181014,-0.007795569493941,0.031682925974616465,-0.003617367440898379,-0.004316494567130042
0.3256849944433538,-0.019003344522324654,0.04681088059905369,-0.029342805616609468,-0.03640802615848341,0.0015699459471195545
-0.08900466323406495,0.0009851360694750422,-0.003606905279139524,0.00403033273672382,0.0019043699660670442,-0.00542487451858523
0.510916029419591,0.0010964703369218819,-0.04493675190440973,-0.03525488209382358,0.009000710332354398,-0.026279232117207115
-0.09877652108368992,-0.0032603408860249583,-0.007893983198799638,0.031296661785552994,-0.004855339748996856,-0.008376402866736691
-0.004151310825273794,0.0022157632487638107,-0.011952133193831984,0.011500276365739328,0.0008074992099535905,-0.017168274325784008
-0.0993079302035042,0.006229373087323662,0.0008541306309267493,0.036697112281418046,0.002705064610806325,0.002599165642478662
-0.08519307250992497,0.002175375650185731,0.0007780699541366996,-0.0069094570922584265,-0.00039804592255263647,-0.0016147278866009021
-0.08982908039629706,-1.1771327389782013e-05,-0.0019628074868971394,0.0030385734346136165,-0.001468451468910376,-0.0023821602210751316
0.059225017112506266,0.0017460330895096268,0.03710318520170839,0.0016110775627655497,0.018565306823974382,0.05749572185887587
-0.10585920197300697,0.016872694388737938,0.0024215308483477582,-0.0023021801072352155,-0.0055062264459897646,0.003012311908542687
-0.08319740805442685,-0.0027968271566723405,0.0015471406457155793,-0.005939660532674162,0.0020947446890807572,-0.0022044132283964664
-0.09438134736982469,0.009468207106096088,-0.0033031855289365115,-0.0009623647165759325,-0.006752473554562861,0.003875468375347711
0.23750690079760065,-0.0742117858821272,-0.00043029238983323083,-0.04983856519943573,-0.007246065258639805,-0.001590338021096402
-0.09816304172553908,0.011368982310905357,-0.004910553721494856,0.0010559173603914478,0.001160792245115828,0.006321217336643099
-0.08447088019161426,0.0034419804239821743,0.0029857041102419307,-0.007813706455372467,-0.002544927608500676,-0.0058781087688348395
-0.07625688302258404,0.0030991942502602665,-0.003372946631617221,-0.006698828807676194,-0.007003747093174574,-0.004343574124239971
0.5733757184657408,-0.005369167540042349,-0.14289701504083546,0.20915120869772114,-0.005738113777174393,-0.006891537031101254
-0.07822118006244175,0.016425295232808675,0.01452856777657134,0.028984054099090703,0.014923819375748913,0.015253882551797004
0.24221292004479586,-0.03407613644257342,-0.01030793714324982,-0.05796463297937171,-0.03159177120647504,-0.010119711271910532
-0.09299579943355486,0.0041131422361445034,0.00172738766130865,-0.006022357216688731,-0.00467376232700049,0.0032297448263589046
-0.09051819179825402,0.016630748385585297,-0.0035371625531309815,0.0027306705640897473,0.017402393064345864,0.008844633166523673
-0.08917239137839754,0.0013585854566294292,0.0008761600333740451,0.0016721495632328655,-0.0031609390829662877,-0.005990842900876806
-0.06900558843691015,-0.005317491228106647,-0.006152194807538313,-0.010487718771139713,0.0011834293414113507,-0.0004559517428190785
-0.0811520099890674,-0.004244238438290453,0.002169958886125199,-0.00247534379893753,-0.007136932605142014,-0.000926117612381714
-0.07789276532643456,0.006380771238785481,-0.011545957445611994,-0.0009966877094508683,0.002796668632661303,-0.002202468636405635
0.2706653828431587,-0.03504064451841601,0.0071429642079311306,-0.005420969865459245,-0.0005821852711343164,0.0042444347363057916
-0.08145846972565844,-0.01195187958307597,0.004092458751880909,-0.005910535485600459,0.0018227725243372944,-0.0007711858652274326
-0.08051108935602609,-0.0021741953824810016,0.011320086656137707,-0.0012429867934183264,0.009786555789023802,0.011225661957751269
-0.07026648075619148,0.00012639003148218466,-0.011789719672219468,-0.0046799891018946115,0.0003759534107446513,-1.2027244831591356e-05
-0.07848618795413688,-0.005842029537647733,0.0009033745696876651,-0.004231211254175477,-0.005359544760346436,-0.0014816600763226347
-0.09052911099842148,0.004341269281460855,-0.0005776539565813104,0.0029260030605924017,-0.00226396757074147,-0.007622554937222194
-0.06792846960518947,-0.005591858512692874,-0.0039238568282139764,-0.007983367937423515,-0.00476273445062919,-0.004317893271964991
0.3613747399734841,0.014826673258089873,-0.052261112249848064,-0.025462455671331485,-0.0048710112612249295,0.018049805394902387
-0.08009439665755695,-0.006777078115306286,0.0005599894529865897,-0.00548813813058151,-0.00413545931185069,0.0018797930052468787
-0.08862577731217326,0.0010113155276345019,-0.003646073431939745,0.0037670820496540397,0.0017696909732310164,-0.00541885845536958
0.016174251078505147,0.013394961578332809,0.025338669938221068,0.019235181661867464,0.01024545138125403,0.0039676778941064705
-0.004735909301280636,0.0033168000921616103,0.0016880501599778775,0.007734951398593335,0.003738852301660281,-0.019053558459591186
-0.08485526895154301,-0.00843716745423575,0.0036583201595932844,-0.0022825584909803446,-0.004525002447256654,0.0026274411227233153
-0.07582083143255253,0.006529572932204726,-0.004323511362319253,0.012850535308216983,0.017085801991978705,0.0040079583270041935
-0.07097490637206348,-0.0009298537910410914,-0.007140211757424564,-0.010021608903928983,-0.0004959710703879711,-0.00400761319562481
3.0339559978595227,0.020121682169326062,-0.07069584246459376,0.0626606744288633,0.029729246862780067,0.048837809092695784
-0.09114737852997244,0.0028440650103822,0.0018501437080460073,-0.005188879387960724,-0.0007254455275452326,0.0017648034332727572
-0.0752957150368431,-0.007334962022012977,0.00113477500412556,-0.007584906816465332,-0.0025881633271746967,-0.002853426467270659
-0.08640568742102611,0.0015132946071995867,0.0027109751001255645,-0.008510169661907081,-0.0013978989987266063,-0.002302150446981814
-0.07884530138630168,-0.008928212010038692,0.004010176030975436,-0.002230560068636052,-0.0007564883388135747,-0.005312244947033101
-0.06921591338180151,-0.006454110048180159,0.0006490502049624906,-0.008942804497824553,-0.004664889240590839,-0.004650336398904401
1.2900969771387287,0.07203318262963013,-0.02930579909175898,0.06707707891986082,0.0069836433978970195,0.018437600279558663
-0.10743687717347934,0.01729522628123469,0.004213173791473625,-0.0036806635393354156,-0.004755248071353887,0.0009832575197115114
0.6378548901852344,0.2550530475783317,0.1663126851813493,0.022549350880911114,0.026568601553984175,0.026373074902928832
-0.07678393916542332,-0.003036377472120386,-0.002721710217624112,-0.0038611086115866544,-0.0024804219618311564,-0.004508533894053736
-0.07212963026825273,-0.000311741510548273,-0.008323290502386886,-0.006378662532690904,-0.0012843892025985978,-0.004061848642496456
-0.08197496595689685,-0.0028440855309083877,0.0023049140571986377,-0.001896842881161229,-0.0005985515027034066,-0.00300843271894912
-0.00993755493904456,-0.007304454210458851,-0.024267768949919753,0.004771235283636793,-0.0064811192776003165,-0.006961433643230927
-0.08849932365049654,0.002356157218278575,0.003026593879648921,-0.0071981261179152566,0.0012934104584662132,0.0011775904591567324
-0.09629803413704406,0.008698655012001393,-0.007526069606665259,0.0011218245647758279,0.00035479008624647005,0.007008165039203509
0.4547748304895722,0.022634053318536372,0.07976735950844838,0.0366036550191425,0.07177531826063009,0.08774223836074493
-0.08076070976077694,-0.006458487868945348,0.004510482645495837,-0.006591598583215666,-0.004360036364341168,0.00016267548808546534
-0.08605803686286527,-0.002295967861192132,0.005051284952739168,-0.005564058802524618,-0.000566129449261579,-0.004452554281663662
0.6730022748226011,0.16138426539549552,0.1969239489225786,0.030563800930304096,0.05095597938120568,0.05164231920537903
-0.08901715686475468,-0.0035009521034369763,-0.0016228967734850542,-0.0011789313664985707,-0.0006711859326105674,0.004558640726777886
-0.07172800897684806,-0.005610766682025335,-0.002646913342043836,-0.00762103559932799,-0.0028974842354121937,-0.0039853940820204735
-0.09088809247810165,0.0019596425442882956,0.004464810132195297,-0.006476317792474017,0.0010871854310245206,0.0018651597158921764
-0.07762014466405405,-0.005520499744114022,0.0006015716527550217,-0.004667236478223098,-0.00511131185555965,-0.0017317870530595488
-0.08782509750855773,0.0017949753126583867,0.0053271397780461065,-0.006203658669156685,-0.0027842137794589724,-0.004248590203747186
-0.09776304464110237,0.003252327476798549,0.002461426263570261,-0.005216211056323969,0.0023965754784970733,0.0005768895943691477
-0.10129716584930325,-0.005963666380395269,-0.007413962285169045,0.03288086579197909,-0.002209830436007942,-0.002992333578432175
-0.07967297589224466,-0.006751465395961598,0.002097750662505897,-0.004105693269352787,-0.0044780047712109595,-0.0009432461492329619
-0.07482936665839353,-0.008337548321658474,0.0038613571095409355,-0.00729165945811124,-0.0023749258788708185,-0.0038293721188511695
-0.07358433571694617,-0.00014108196120191045,-0.010656050689773421,0.004392226712554798,0.0031208597079378946,-0.0058118272979010965
0.0749663474726066,-0.03273517730041559,-0.025464639440993756,-0.04248563581666463,-0.010042463173505317,-0.015615754251983624
-0.08770782692133446,0.008247745040069733,-0.002024868435580107,-0.006833520764173866,-0.005634344578692766,0.0018649247655357
-0.06828322045526013,-0.005451116700567362,0.0024754342563814307,-0.00444576344528023,-0.000504532646689506,-0.0032711909823633914
0.6893266848177745,0.038848512223163344,0.14007807610256878,0.5342787598810793,0.009863462224086463,0.04222783841913351
-0.08579839050051645,0.0006813791217295925,0.0007022766510836249,0.005368951341802986,0.001493496633695607,-0.010257612926874845
-0.07613775772587897,0.004415155351865411,0.001273611223316393,-0.0034854186584101655,-0.005938421185487141,-0.006396771668146807
-0.07352897129463115,0.0017979932636295205,-0.009181019092789998,-0.006600092124101404,-0.002458514221005574,-0.004038453323388227
-0.08351977400221892,-0.003804712549598356,0.0040475349707553565,0.004142344009264989,-0.0007326534278817236,-0.0015709866233205856
-0.08047295850715314,0.004377876614393316,0.0004178331100313233,-0.006287431057187267,-0.005371390128398488,-0.005315939287941957
-0.07638931973291355,0.004404007259102037,0.0015511880657134917,-0.0027502749325213675,-0.002989456266174399,-0.004240443967690398
-0.06829673437498808,-0.004598159823019735,0.00020382395333128954,-0.006737815480264106,-0.005039035752852069,-0.005428165454634786
-0.07033567877632771,-0.006063038009777822,-0.008474734716393487,-0.004421187393804345,-0.002084454428414611,-0.003201625035593759
-0.0785417555751623,0.0005266036892289482,0.0004887029165764573,-0.004252870287214302,-0.006757101793353283,-0.005700141948882751
-0.08584435277960836,0.0025287219905471246,0.001525366159723072,-0.001922359050423862,-0.0008707068749908064,-0.00784824856418501
-0.08633495435170242,0.0027974857861281987,0.0018639543590037331,-0.005729158872787762,-0.002539897601739723,-0.0034804971785532567
-0.07538508821140688,-0.005820111317455109,0.003526284401321479,-0.003903513844442983,-0.0019124239970219343,-0.007092299799469881
-0.06790342469717617,-0.005066756134413563,-0.0075527804439218145,-0.004940942727700055,-0.0009948363318712052,-0.002737245881605707
-0.07968591305508523,0.001186211940206397,-0.00454700126153582,-0.006954510353734066,-0.004392597652799377,0.00040314482893523385
-0.09257282485282804,-0.002558101598082973,0.00591684045411946,-0.006043064272072981,-0.00097769889578852,0.0018257512712872915
-0.1321125494900011,-0.003879864504632384,0.0077856676168724815,0.04115597255552938,-0.0010303149416103846,-0.0012262429296360658
0.23135489648040725,0.08503248085488341,0.01330763430807033,-0.00477959361883769,-0.01925133119701371,0.018996556274150332
-0.07395511663183642,0.004430010753613835,0.0013453906950223378,-0.0009589499407039995,-0.0022725933605703937,-0.0046741011751740245
-0.08915823208021907,0.002417580640213233,0.0032386450243698777,-0.005384847237238614,-0.004409725177019251,0.0004294364146405181
-0.09089306494989091,0.0020942684997134883,0.0034883932897868614,-0.0032417714822388865,0.007262318977464333,0.0008739932236582144
0.1250482113711946,-0.026444148582708885,0.024674249211945044,-0.021611705025746823,-0.012868327686323582,-0.009822707648955164
0.04606273994796817,0.0005866209508045006,-0.026489736410303947,0.0053520956599371824,0.0010681316295649437,0.06347353824172955
-0.08163380650902978,-0.0036972276644065103,0.0010689220836863909,-0.004885228849324234,-0.0016447621006808603,-0.0021196389390090897
-0.07945851402390054,-0.003036940892368849,-0.0016472679621515312,-0.003749558418959956,-0.0026351469752473548,-0.003982762678883329
-0.05346630815969521,-0.0023740039105064324,-0.012968754661395217,-0.007045935752633775,0.0019418892687501105,-0.0027238980498278144
-0.07583646271426474,-0.008158845349952384,0.002420212463538698,-0.010040684668772637,-0.0019784029411880157,-0.001062622416435908
-0.07343101030958388,0.008654978149724714,0.005422214692545982,0.005420612837674114,0.0006080415119916936,0.0013091667176210987
-0.0985506504006855,0.016416964163777123,0.003583640521843467,-0.008565418060616373,-0.002554243100251696,-0.0037530044076316215
-0.07671924029934207,0.004103453188579601,-0.00377649545570575,-0.007222980535296035,-0.004882459665910598,-0.0036546692993199336
-0.1008537941296566,0.004348053434709455,0.0039650997192492,0.0021284140592590546,-0.001665103956666595,-0.002356553803811963
-0.10456125392168406,-0.005206611307181014,-0.007795569493941,0.031682925974616465,-0.003617367440898379,-0.004316494567130042
0.434991804485259,0.002273248496176291,0.11575983675007176,-0.01363671129859997,0.0532865548662376,-0.01349116384548953
-0.084460372419885,0.0012962220585371474,0.002072396843624816,-0.00540596113066362,-0.0014378299189164515,-0.006525577936444725
-0.06678133222465084,-0.004459033115932347,0.003130418938797189,-0.006263043581499998,0.004974039913973695,-0.0024717974313662305
-0.07964940441515465,-0.003511292983365799,0.00048565504472586975,-0.00190117534472644,-0.0006196492582274357,-0.0033054047609555283
-0.0938540942629495,-0.0014673890596629178,0.0028333619375465894,0.0009442009805920133,0.00019268480506898615,-0.002787241816624532
-0.10537737889240953,0.002154178066743172,-0.0061776359223375855,0.02805169318633276,-0.0037583924716072686,-0.0058186959349194505
-0.07374393433500698,-0.004529192264544658,0.0011342148747060824,-0.0005980972076246426,-0.006867728571728171,-0.0022466986209940154
-0.059273162226371245,-0.0004999714344197522,0.005479730630678565,0.0043297848201854,-0.010255316636546528,-0.030231151878984303
-0.06928511160206545,-0.00020894059782600787,-0.008558339178436033,-0.010822737691921273,-0.000805078452961626,-0.004589971745056272
-0.07265754645397017,-0.0031962812398079817,0.00013010174792367471,-0.006691446272003325,-0.0032089968124210163,-0.005334393983676683
-0.0843576655065041,-0.0063794933088346245,0.0037364477854712123,-0.0033878877590540106,-0.006365181947863487,0.0028755919074785296
-0.06949926425202199,-0.0009600441961171957,-0.011011486180829463,0.0007176854278307642,0.016052351928213356,-0.0013222782597145388
-0.07299436599741768,0.0022207524809577904,-0.002064439794193019,-0.007203977563762883,-0.007671510733012838,-0.005778986713427272
-0.09396596498477064,0.013285098826285046,-0.002911071983618339,-0.006910644155743293,-0.006895638535715782,0.00414643923342818
-0.04273134409357849,0.01237144127070156,-0.00036506047923432454,-0.003233026373771109,-0.0070924945116901655,-0.03299086361546907
-0.07970950399324364,-0.007665709645108147,0.002411590670599249,-0.005351104292745976,-0.0011805362554253224,-0.002511111133467674
-0.08408859966203196,-0.0037865896783349554,-0.0011017656705600014,0.0009493073091528424,-0.003835969639504494,-0.0026432983713397798
0.23989959895221902,-0.08312942992139413,-0.0008347766549523525,-0.06302792318868083,-0.01367354086170076,-0.0017861079371623454
0.25908686230485667,-0.0433914542871296,-0.1148449859682047,-0.046254100993149284,-0.006271147677114347,-0.0310967220441859
-0.09830276576398844,0.013790155432094713,0.004855498763489431,-0.0061715576667064394,-0.0010304982234435856,-0.006207830490784686
-0.06664587731264723,-0.009060879223133858,-0.002021638604185636,-0.008196337629445253,-0.004336166843777842,-0.0040416834004668245
0.0013574155220808857,0.008248693738191986,0.01345498172660846,0.0009407834604316214,0.0037282327209563113,0.014094578618051622
-0.08783583686702559,0.0025859739076827923,0.0044696158596260315,-0.004862992222591512,-0.0018547616841831018,-0.005768595140580737
0.25434455963233055,0.014526118035733272,-0.09971403903963338,-0.041028578526864715,0.034717584450941495,0.007657674134889924
-0.03647039127629222,-0.00272327470829636,-0.0008770645681709239,-0.014264839283027431,-0.0050128591895769814,-0.029180415827736766
0.6833590115562279,0.012148683127525263,-0.11415746662983732,0.20086699650110137,0.013193532797623652,0.0063678786146488505
-0.07209174404626292,0.0007996614423489966,-0.032190271600842264,0.0308612072500762,0.028428189500899415,0.005999828555512413
0.4267942842371986,0.12749113047001545,-0.07430865318711467,-0.014469776774508211,0.006644953722232671,0.013954469787098868
-0.073966266401846,-0.0018780642622659833,-0.0023453638525061772,-0.00650275444476318,-0.0032074602401361355,-0.004234995150515214
0.2919934691746412,-0.06577643388948849,-0.0617206525295126,-0.07890874035555584,-0.031454124201348944,-0.044217521825408126
-0.0859762570615456,-0.0017020061560719618,0.004330876151069554,-0.0061019033686568755,-0.0003431263397310393,-0.0014969339366715706
-0.09208938319407206,0.010512181740476256,-0.0033055565153087014,-0.002982717350093746,-0.004148356008284867,-0.0022818068918136545
-0.07977841531801597,-0.0019781922017727584,0.0017886149669428812,-0.000540520931593446,-0.002811136040540957,0.0032186850032137233
-0.06949457492747296,-0.00781355163940102,0.0011851845237271657,-0.010854613823383753,0.0027744715209869395,-0.00699994008722037
-0.07581347418676891,-0.006287278458022953,0.0011760321975635669,-0.0077479512773952885,-0.0054057558863015226,-0.00045112410449458937
-0.08166346663578342,-0.0011517413114588047,0.0008274259948309471,-0.006391594549357976,0.000521491178056156,-0.00561060901899433
-0.0821229274599698,0.0038115096812307123,-0.008659324667756027,-0.007231986822038836,0.006970842126867636,0.0062166939065887135
0.07303885892190422,-0.04540854134849544,-0.04130160453488887,-0.0378027794798551,-0.014299716252408133,-0.005247137008348648
0.22178270114874532,-0.09221797930436533,-0.007926397628916507,-0.05048142535373738,-0.011333907907362367,-0.021194387877381978
-0.08970654729445927,0.005605449432165066,0.007497720807441338,-0.001545475416841315,0.004653835289722818,0.0038778604747348195
-0.08077066888751015,-0.009039830263610826,0.0027866533666437666,-0.004524858538605682,0.000628928038648989,-0.0012839009418978318
0.6906262903491458,0.03957648450471437,0.1448329404382955,0.4937558157826584,0.007612664340678563,0.05697920533054051
-0.009635934962544456,-0.0072250380815908994,-0.02310874972719975,0.0028597640640231565,-0.0070102650984212676,-0.006386856573899986
-0.08242456709133542,-0.0036161728153960085,0.007166365614883638,0.011097891625280187,0.004971369906844439,0.006537048715106021
-0.07463216127770961,0.0025374258654097016,-0.010014651573704382,-0.0045435683945133825,0.003983146602164153,-0.003310389414387493
-0.07152918825856797,-0.0016017590022827067,0.02039094694232942,0.019853489419615566,0.0019012396322860043,0.03589204656251976
-0.031649188764564656,-0.010231826004678195,-0.005545620197323433,0.0008637510422412639,-0.020582993527436526,-0.021648124532245263
-0.07633268329949994,-0.007886328486185134,0.005596742068429063,-0.006423609136431317,0.000366623353610829,-0.0009362539827624981
0.01950793420825577,0.007857306573506575,0.010352350760925612,-0.005927954739757491,-0.0025426368412603665,0.03329079349863711
0.3103379442005255,-0.0239768982794298,-0.031710962439014966,-0.047092234606278115,0.015988959985559086,-0.026913849282731373
-0.07570655684271134,0.003493185197024163,-0.008461649378631197,-0.006202185984775101,-0.0013024630373516105,-0.0021512730176892645
-0.08317568587384847,0.0011483990961332587,-0.018660860781403978,0.01117793965182633,0.006041921564652438,-0.0021953065644707403
-0.09396596498477064,0.013285098826285046,-0.002911071983618339,-0.006910644155743293,-0.006895638535715782,0.00414643923342818
-0.08048135760314332,-0.0003815633469489807,0.0030836107163368293,-0.008079959154110741,-0.0015929686645439782,-0.005821607568716537
-0.10142579998448835,-0.004429967957093827,-0.006951988564504896,0.032881911538145105,-0.0035145514402750468,-0.004126024119573998
-0.12509808112215928,0.001332041328685006,0.00301745236163719,0.03134058508384949,-0.0006812742699700509,-0.0038846037235813
-0.08520468917548327,0.0015193533787001858,0.0010736302820836172,-0.004059104192152096,-0.00275906454134597,-0.005085893113242766
-0.09190665951562414,0.005099912838627319,0.00625172255157306,0.03932892219963,-0.0010118149832658498,-0.01830528419089136
1.1281306449475943,-0.0105560542074101,-0.01317129915681163,-0.0201231147516849,-0.001338175866045669,0.01200619009204093
-0.08411814028916485,0.0016054739212732405,0.001180576381039008,-0.005185858165870145,-0.0011686057596848268,-0.006415735971118737
-0.0806029606189597,-0.005005642318829685,0.002175683292869434,-0.006535804121744718,0.001807076873428495,-0.004034508300560949
-0.0815889719387786,-0.006848026705220031,0.0014402698162074023,-0.004725252914431794,-0.005425641740743276,0.003498453465055205
-0.13209346897940968,-0.0014158689734061834,0.003346330509371681,0.040776680383316964,-0.002697289053707158,-0.0025433913574092553
-0.07502168246941415,-0.004354833593919724,0.0008788190903687673,-0.006994403580557866,-0.0032206765017898965,-0.0047646393200725615
-0.08714801669379932,-0.001845639204307306,0.0016426428025155231,0.0032997642285645936,-0.0072267403499642205,-0.0025119546261881563
-0.07734822675074547,-0.0019597052559031966,-0.0006899544945646034,-0.0005488852606301717,0.0029217032396856484,-0.004288698544726665
-0.09316060460639543,0.0029741850704644766,-0.0026760030607641616,0.004044667108673028,-0.005186004972188864,-0.0003054723071812253
-0.07751151069776716,-0.0060670853186817275,-0.0003975017957475269,-0.005199237146842949,0.0017126753237833579,-0.004008359907510735
-0.07463670988034338,-0.006347354360908875,-0.0006995660402477103,-0.00762821139741263,-0.0019459629153175725,-0.003395003232883705
-0.07077851910314804,-0.005712722067358846,-0.002987797495713793,-0.0064577030165715345,-0.003510542497618283,-0.004203604419194053
-0.009859613764161184,-0.012421720790097585,0.0008361714258321045,-0.009285362665621348,-0.00820239612787171,-0.026432403582136946
-0.081705540889962,-0.005567942762581759,0.0016030843834771498,-0.004722147535418462,0.00070489976892198,-0.0040200205939805375
0.007539116018548676,-0.0051323040209139146,0.028821169838680556,0.025230720007304377,-0.00010435736727761197,-0.003704024305709305
0.6667924357396384,0.15835760814796965,0.1903268131562865,0.030131992514530647,0.049470006913700286,0.04965336764871446
-0.09485869345445215,0.025934127143777557,0.003082369438672737,0.005288483018092563,0.017967117180891442,0.0056657111464060005
-0.07679989223259251,0.0021961193800364314,-0.0039002828819411713,-0.005670125414860642,0.0024466042011160823,-0.00026673816073881064
0.2583273876324368,-0.12289537802531768,0.03415568286670048,-0.05495940703615983,-0.022342018215913872,-0.009792908282425532
0.09303619011732431,-0.044370991207405855,0.012155820874196364,-0.0802824556115628,-0.005941730284802106,-0.05913592136108278
-0.07032746617694564,0.015264948263677192,0.028925059431698846,0.0010821591250232989,0.07979105807579394,0.023251259846041337
-0.06939329454256626,-0.007414171080176792,-0.0007409942826331685,-0.004409126693702502,-0.005021773552994211,-0.002837581442920261
0.3274850582883155,-0.019567225720913746,0.04440373847271693,-0.03498868336869952,-0.03549725154231922,-0.003841282847634133
0.32842929188590214,-0.17671764848805527,0.022882453761747773,-0.07946326625652457,-0.020029282419043955,-0.03729945933417087
-0.08996873755845053,0.006574242172439922,0.001907388632654331,0.006940258125539666,0.007959845934412662,-0.0047560947766860165
-0.0661007690377264,-0.008713491769278556,0.006393737866268576,-0.00721915297607265,-0.00900580356803337,-0.00547623457927047
-0.08770782692133446,0.008247745040069733,-0.002024868435580107,-0.006833520764173866,-0.005634344578692766,0.0018649247655357
-0.07549137063241275,-0.0028452912594318295,-0.0016729001021369351,-0.011146570792054757,0.004930497297109446,-0.005743430909936175
-0.08288942006047145,-0.0022475036572090577,0.0003942919369197738,0.001118293976501249,0.000529556516250832,0.0021521555002594153
-0.07728317907587637,-0.007372067580085427,0.002431206415682433,-0.007177979723399439,-0.0022698577473822625,-0.0017948417397826966
-0.07619382175251317,-0.0036976738950807143,-0.00871177059401974,-0.006884455864133784,-0.001497158015340575,0.00250800035796027
-0.07881994780153924,-0.004118988792503752,-0.0019467255994488459,-0.0018839674349583023,-0.006224913424382655,-0.001135772831630163
0.27122866979785354,0.009172717720763475,-0.04163889239160856,-0.035315835521700346,-0.033207317354111414,-0.044715674632735465
0.8441572734889615,0.17675681065941992,0.1710449977675016,0.1838132005784732,0.06902947595895469,0.08446192638799685
-0.07263011333933006,-0.0036304427417738847,0.0030603070590621024,-0.00784123103110167,-0.0070009881081361785,0.006286107089476846
-0.07383014381008733,-0.008576663421142808,0.00236828685113078,-0.00760959451539184,-0.003375079242562645,-0.0032939812512481894
0.5742545498565511,-0.0039480968916267315,0.026933629493169072,-0.05631598531549327,0.006668820840354361,-0.05551807619181714
-0.08146111265585236,-0.008931053499268506,-0.0010194292205924413,-0.0032289104814583473,-0.0007841433095659865,0.0017861973058138365
0.05041031897379812,-0.03993006962067186,-0.012637540095961557,-0.053123700916078716,-0.015340319760010022,-0.020015300483847105
-0.09023935933630488,-0.011558580723940053,0.005639692714190529,0.002187257260368778,9.063604936255306e-05,0.004392821045369959
-0.09132641635983192,-0.006462099754751635,0.009900431852214897,0.026120775493779176,0.003770009327791454,-0.025378592685434156
0.274463104993371,-0.02988211880290773,-0.0032181866823111746,-0.05316870860272257,-0.01008458151066562,-0.0018810388805798575
-0.0736895345389219,0.0013855162019210804,-0.007024015565503838,-0.006519289141754618,-0.003691753503372074,-0.004551872202799357
-0.0830737024563749,-0.003092332426735409,0.003208964842146632,-0.003939875586042273,-0.002288279849784561,-0.003166478679599714
-0.08601726942090204,-0.003198474934069089,-0.0019451298366641096,0.003924270237603066,-0.002173762919938826,-0.004867822351097524
-0.08265752191650227,0.005618999978665052,0.0021717528360640542,0.014429719726785474,0.015672933185256352,0.0028292715991309453
-0.06485934275471902,-0.008875509467650885,-0.0029532647774680944,-0.006896765711649133,-0.005341461973027022,-0.005496611690000206
-0.02797579052876101,-0.013231738594536807,0.0040347037590895765,-0.020369124140023693,-0.00046814311450458834,-0.033253416662660455
-0.08243583627763587,0.002270147233490483,-0.007275356575516968,-0.0007735282343438129,-0.0022703396160366237,0.0007344060295619705
-0.09262990518592538,0.003944748860171623,0.001792289968182514,-0.0061987250926205115,-0.004723568911962822,0.003225808706880701
-0.0786741114439673,-0.0035978639731938013,0.0027161335845596055,-0.0038358487320491836,-0.005753290284749244,-0.0025481954284705165
-0.0780320017024704,-0.00948407930737359,0.0032028675572533245,-0.00501727946533926,0.0031780420731651548,0.003713938164208166
0.04829938044531151,-0.059475777185920384,-0.003950832622012018,-0.0386754341818422,-0.01971113025771856,-0.011663395135509253
0.24278931467005896,-0.11596537641961267,0.03314884900170444,-0.0630498383064334,-0.023809665544537964,-0.0157871152408231
-0.08523111925891648,0.0008404417734872396,-0.003783010571543385,0.0018653635906877026,-0.004831982368635035,-0.00046157770659332716
-0.07651533633593074,-0.004404929155441789,-0.00296820636557368,-0.007450956720376431,-0.0033047670149512994,0.0007879615898088865
-0.07817422095619568,-0.008530876734803837,0.004269184467847796,-0.0068883744492685825,-0.0024189055402865267,-0.0018232876543213068
-0.06815423423021086,0.007356018432036665,0.010481776087967852,0.004823706356201088,0.005755949206217943,0.003781188763445187
-0.07805365358519227,0.0034644669193542497,-0.0006161635527133473,-0.005373201471385939,-0.005592446718327808,-0.00551586913713544
-0.0821229274599698,0.0038115096812307123,-0.008659324667756027,-0.007231986822038836,0.006970842126867636,0.0062166939065887135
-0.08310044959572743,0.024369552741139645,-0.012175818714785378,0.010745750126325088,0.018744501480032337,0.014050123567942817
-0.07437964366122028,0.0037935486730678344,-0.003072508092876097,-0.008540878139679934,-0.005655697027885391,-0.004806208762225851
-0.08802706520710393,0.011631331681099335,-0.002458565433435237,-0.004641061972185848,-0.006253772761356725,-0.0018353745430044561
0.010074861804210035,0.0007684605777671968,0.01730752539765708,0.013940621997149407,0.003147423696244054,0.003906211020903637
-0.0717535842908048,-0.007582359291871385,-0.008641184911433362,-0.0055341433798736924,0.0007128480262810023,-0.0013407983134257082
-0.06958882184738624,-0.005525451322494852,-0.008086307194868544,-0.007804933782742222,-0.0038793066792675974,0.000592503580710586
-0.01885305902416857,-0.009520159264885437,-0.016798370547281657,-0.010653698411475853,-0.006538260887941865,-0.01934564419398691
-0.07936893956793406,-0.008300137083083168,0.0014377729004823594,-0.0067460944259546815,-0.0033418848740726513,0.0023002366538535913
-0.06953972826584,-0.004627600554420199,-0.0009871473370307393,-0.007652406350317567,-0.002933807466726043,-0.0065559930641521415
-0.0918077399774378,0.0006981123696552747,0.0027777698813637587,-0.00673305061828932,-0.0017869305575159385,0.0030965158939148304
0.2214502034184532,-0.07498210638973035,-0.010999525790229555,-0.06482181146760231,-0.023207322704972864,-0.01417220391447228
-0.07819100323435352,-0.002583832106121664,-0.0032860407268044986,-0.0012837195329421715,-0.0007880287020640968,-0.0043603231948027895
-0.08010653514358904,-0.006863761428870397,-0.001089657205947581,0.0024560124762256098,-0.002750728287288753,-0.0056022060305165565
0.4898126600476043,0.02584054411431572,0.12261055218725711,0.04695173973289092,0.08475832968168404,0.0875287936008956
-0.09786875953137229,0.0030408438336351393,0.0006782217014165407,0.002843729252772742,-0.002398214362302451,0.001530492330289851
-0.04331748268545716,-0.010776113365853006,0.008300890048614283,0.005565644695161356,-0.017232590770619678,-0.014915784244562443
-0.08957977430493486,0.0035658079208485357,0.007766722634604755,-0.004463459699138812,0.0014670618438203202,0.0008030715424184158
-0.07886336919934137,-0.0038645369950049647,0.0036389004984782648,-0.005125425145321363,-0.0003674392031277238,-0.00776308084361779
-0.09263460655882093,0.00463045282337817,0.008335965734164778,0.01385791627423926,-0.01985028473908721,0.007220637078857705
-0.08060091530295811,-0.0009907665398073376,0.0023531861335074475,-0.00694600195204449,-0.003889679383090452,-0.002237825214791232
-0.0765338402454869,-0.009074642336494096,-0.0006511263834099449,-0.005865933979383624,0.0011245998011200314,-0.002959327879163715
-0.08572538636053022,0.0011549018667575354,0.0038552970362040243,-0.007966149183964691,-0.0012257737624201644,-0.004155739947768698
-0.03456607202518497,-0.006632784792895614,0.001667367974975435,-0.022943860113220076,-0.0023488759062844536,-0.02821672287317529
0.4548867442344158,0.030701140254745487,0.05255935729123171,-0.03308076944588251,0.01486901958690362,-0.005263836006057762
-0.0996328222895183,0.01574298690483513,0.003205448113808122,-0.004940451954946188,-0.003183081423155386,-0.004611980293120137
-0.08918428291870377,0.0027492567836498684,0.0039850070542110805,-0.004190086133415915,-0.0032239536514764217,-0.0044694052263177545
-0.07536053867601002,-0.008557129040691988,0.002287708316916208,-0.007833492328137556,-0.003832431357292415,-0.0009735808321355998
-0.08457899593546077,-0.002807942425961563,-0.0045357053011672675,0.009706669546249968,-0.0007533408874935567,0.020331933611720154
-0.08161954928603488,-0.0005490750470279112,0.00043955180930136913,-0.006711217106782615,-0.0005568480882255463,-0.005417231731359767
-0.06838504793579485,0.007555715023321379,0.010602936592263395,0.004661911840134196,0.005502201040773037,0.0037293775815239235
-0.07499455096151518,0.001036470797485527,-0.00717103810592781,0.006441476412976492,-0.009276093266337148,5.60099144978643e-05
-0.07865579955689687,-0.007425777675727182,-0.0031521153568237668,-0.002599629141767613,-0.003565877844819059,0.0023741472260225536
-0.07032746617694564,0.015264948263677192,0.028925059431698846,0.0010821591250232989,0.07979105807579394,0.023251259846041337
-0.08828805105170645,0.003905383289418299,0.000765201997848333,-0.0039027425496859316,-0.0029723774122957145,-0.0025293379280909387
-0.07275081313822392,-0.004776324904651968,-0.0016467487580329877,-0.007415328576937699,-0.0041793015387413335,-0.0013104818962581342
-0.0716964053626825,0.0017660110570919074,-0.012016428538411894,0.0002029798442368472,0.006065018397053871,0.004081736293932309
-0.06702875443848046,-0.008975348250103186,-0.0009995152835186505,-0.006630235041536914,-0.0052982776418177445,-0.0055016560068766405
-0.07974129525878597,-0.0039032584572614667,0.005070379652676568,-0.005782538291392862,-0.003021966722141205,-0.004333451415205273
-0.02525097814509164,-0.0037562567165299507,-0.030640314548048747,0.010001028335676726,-0.004197502182106215,-0.01653557385735842
-0.07498112807392775,-0.002640308593616446,-0.002360869216002362,-0.0033579770083116715,-0.005183890181197695,-0.0057036784453671045
-0.09776304464110237,0.003252327476798549,0.002461426263570261,-0.005216211056323969,0.0023965754784970733,0.0005768895943691477
-0.08826372087625178,0.0016511410064227905,0.0010029920613541876,-0.008052632509608299,-0.005331280385964253,0.00445787049630651
-0.07549942604830462,0.0018492012354725889,-0.0045553495167073915,-0.007946056804421989,-0.0020976500545210287,-0.0061531939179351285
-0.08277353222965111,-0.0046774909494657416,0.005274066660319724,-0.006078047622262944,-0.002404304472271102,-0.0032274948462669073
-0.08382825152022165,-0.001444644548782568,0.0011234086556433003,-0.0024307688534162143,-0.0006422540818201564,0.001566772341210115
-0.07304337308942341,-0.003966266999073659,-0.001978165005899154,-0.0070016010978173285,-0.0029364539896581535,-0.004483649320870922
0.219366475750366,0.0781847464130253,-0.017988472000510007,-0.007093624432616702,-0.010253015697536755,0.01496324778709292
-0.09844475789526938,0.005186241760495698,0.009831009368926669,0.011507668390001164,0.003515826099966278,0.0001955146152303535
-0.13296028276481656,0.007099362203387735,-0.00039006749871730646,0.047570385119538185,0.0005077351933523179,-0.002402796508901102
0.1985013466834029,-0.14938817412994884,-0.011914844997576042,-0.07104232667401743,-0.028152227263507867,-0.015432881343106043
-0.08028939103888884,-0.007154355780212646,0.003681785657838049,-0.003420728964229586,-0.003190579676547922,-0.003981105086044763
-0.05317696497473614,0.030232247850513056,0.04184083271860015,0.07291828937878807,0.1230276148796689,0.01668849321137417
-0.05502590263651271,-0.0042243170368352605,-0.013270510292629042,-0.005658582236505389,-0.008762798983090021,-0.0003640862680090566
-0.08568653048937035,0.009347529725169505,-0.002327483325382986,0.006027620916599746,-0.016035921752859388,-0.005481018494847674
-0.08866373173361745,-0.005321381421293855,-0.0016163567444248692,0.006112225569079889,-0.0054223275637813656,0.004379949859282949
-0.08427516816581948,0.002493198855151983,-0.000875281780967455,-0.005517138922829773,0.0039544404142759304,-0.0020638725083518008
0.24796425357947158,-0.034203335983267885,-0.04727508949536882,-0.0654529329011961,-0.00703810639034354,-0.0001444216867433609
0.4934742142374868,0.07337459475192672,0.13614429727934088,-0.007641955853875139,0.01087438465173687,0.017981808467063345
-0.09031646573263372,0.01352667635273328,-0.003847774003840216,-0.007744594189112955,-0.0017855370676555318,-0.002940873441862668
-0.07770681971507017,0.0013187219357689735,-0.0020078726041393917,-0.006448668215971872,-0.0025488693878983957,-0.006221907115724529
-0.0960316395807049,0.009289679924211454,-0.0004220354399447315,-0.007536365844554819,-0.0003453754013928516,0.0011627011607766313
-0.08253088726117087,-0.002932764887688572,0.0030280632612169974,-0.001428421662640643,-0.0009291082375064064,-0.0034134264248427896
-0.07425600614165383,0.008041807983615278,0.007176270298221362,-0.0023244158687398134,0.015927890628615327,-0.0012705961867302295
-0.06915079678308896,0.006699690065998087,0.015325276969333534,0.01145149284446506,0.03657887422376046,0.008127578961570906
-0.0678274293076534,-0.004716639160645665,-0.0013965889602042258,-0.007463107478937511,-0.005089978349112002,-0.0059493927744977936
-0.05105110021960086,-0.0038165529736971784,0.0006304801100545212,-0.0047586150537737145,-0.006176172371903299,0.0036113752901562133
-0.08172418342953151,0.0009279986408658347,-0.020466629517026696,0.012211814071690138,0.006057163312191336,-0.0022368442130004705
-0.07985658586063095,-0.011555603027997671,0.0004094576665191224,-0.006080164567591427,-0.003580867137119752,0.006078403603732864
-0.06883782983489276,-2.2251563177023202e-05,0.00045669237266618765,-0.010280172938146483,-0.0010574130429794628,-0.005412877466398725
-0.09040501814012496,0.002793838367548907,0.004990148642266202,-0.0031152417522854084,0.005620773529520383,-0.0032883135504764007
-0.06705496429684617,-0.0048040127552677996,-0.01057411545757861,-0.006886502461918893,-0.0018577326881970711,0.0009503636068916193
-0.07691104730990034,-0.006642129749443244,0.003141853749894422,-0.009966161558872618,-0.002781696743594788,-0.0014995294571951375
-0.07579773528238405,-0.007332336702302788,0.003768598734621127,-0.00800883447247411,-0.0008538320913508166,-0.004731364424528963
-0.08524628025262063,0.0035437176073016305,0.007682811175398633,0.03514870375227449,-0.0009205328764155217,-0.02506034599299762
-0.07857145166189144,-0.008094363952292653,-0.005261824711248091,-0.002970674588198162,-0.0010351177715555934,0.0021105744091251097
-0.0880539218324868,0.002799865236629533,0.003384555944090523,-0.0055579241503814275,-0.0021833695486395857,-0.004010026343580212
-0.08732301905703717,0.0004811295132136841,0.005682186096638678,-0.005224160179090942,-0.0010332836332506575,-0.0041671956134990105
0.20221656778536312,-0.01305319404829385,-0.007219505253860605,-0.049919712442239014,-0.016915546524028015,-0.07220656656660204
-0.07770681971507017,0.0013187219357689735,-0.0020078726041393917,-0.006448668215971872,-0.0025488693878983957,-0.006221907115724529
-0.07558398572760125,0.0033505574744875782,-0.0018961011519735291,-0.004754366586889326,-0.005311094353374641,-0.00601703952359428
-0.08323638589498239,0.004623593802770182,-0.0005128841878460394,-0.0031334479356998975,-0.007795639111813697,-0.003082370342950963
-0.07931272872852087,-0.008532911551399194,0.004842304696961048,-0.006944554449867187,-0.004167957355450934,0.0009090151503341473
-0.06743661857727402,-0.0026466915022091207,-0.007283956502699002,-0.01011787829095068,0.005991270735254677,-0.0055058364696607175
-0.08076626778860872,-0.0077733106632247966,0.0034722439303398315,-0.005020076372491087,-0.0015997448459064971,-0.002782873872906311
0.10211369465954974,0.01991637182953932,0.0423067763516079,0.008723742457051273,0.008424709896364757,0.07778353788621595
-0.08803290290485692,0.004383958691821202,0.0048456488311434814,-0.005442100047674739,-0.001477320555226657,-0.002470114772742552
-0.07329540704232493,0.01249543566578308,-0.01028393135065309,-0.0045953981310771636,0.013324567563679711,0.018589975624344564
-0.07562282534358397,0.012076494182397274,-0.008721110906944472,-0.004197325455971112,0.013727567234745006,0.020007357916126595
0.11293286135963759,0.020959752612130858,0.056086879435060834,0.011686243960558108,0.009813075186097394,0.08218884557037805
-0.08187137297662718,0.0022894115436370567,-0.0031478925355658267,-0.006259267716349868,-0.00014356549340741007,-0.0016411179228600832
-0.08736148621436278,-0.0018310767390097285,0.004540402451255128,-0.0029519170345623374,6.574268666295666e-05,0.0024727024593895713
-0.09111382221717056,0.0040470203972454806,0.005715653808073153,-0.005585670453899796,-0.0026666420887980456,-0.002644081853945142
-0.0067178000874484846,0.004358784505525444,-0.004130754915065795,-0.010692250391183829,0.008816101072312574,-0.025173712537487167
-0.08382902915289529,0.0015016420243266421,-0.00806322077065211,-0.0012254919662568605,-0.0017509288991071484,-0.0009165518205458279
-0.0966288896685812,0.010999892424231187,-0.003915041549947513,0.0018848776528920775,-0.004919253617300873,0.007356343674599051
-0.07798029657206072,0.0034073499044125987,-0.0006236983082594306,-0.005560819014570817,-0.005648001907271091,-0.005420509668462719
-0.06579206723533729,-0.005525654983022733,-0.0027395920136580017,-0.008175727581042045,-0.005625453468451674,-0.005690540406803765
-0.08253652582389841,-0.0045131839594230285,0.003974654637612064,-0.0038198134505225355,-0.005123040173239477,-0.0014244021478740964
-0.03203649273393176,-0.010105542747868821,0.0011677113249697034,-0.02594157772727905,-0.0018228849406705817,-0.020483034964066896
-0.06763178341628227,-0.005303146551546168,-0.0009570044914980366,-0.0079455398574643,-0.005362084835510584,-0.005768997189464281
-0.09877500776256416,0.01564548931067842,0.0016329328217414344,-0.005815662812812177,-0.004230725449898091,-0.0004231360478418363
0.023328206038893472,0.0034836088090578615,0.0046294139156915996,0.0011004706569034649,0.03159663852418961,0.001699555673130166
-0.07433940834006277,-0.006636328262691356,-0.0013042451681790693,-0.006127210026110543,-0.001571063246747396,-0.003320876253964189
-0.08849932365049654,0.002356157218278575,0.003026593879648921,-0.0071981261179152566,0.0012934104584662132,0.0011775904591567324
1.33503528360969,0.06045983961200779,0.0043436268380889305,0.052020724985069364,0.0032683105962850187,0.017182563010264384
0.8601217077960374,0.12497675621674648,0.1410061784206634,0.04519732780204761,0.11554721036266222,0.070740760230964
0.045494347392897386,-0.05394654185568132,-0.017784768746706047,-0.04333800522157767,-0.015330368042407921,-0.0067250167885473805
-0.07375756460971417,-0.004252590184078095,-0.00035209798078634087,-0.0029852882384524136,-0.0033625014264090404,-0.00373635241905812
-0.07800182869852995,0.0014078924257473595,0.0016842693712244088,-0.010257815357865512,-0.002191000005703111,-0.006220682863409905
-0.06633207209497605,-0.009101067266914967,-0.0020221821499268613,-0.008203100483238962,-0.0035846178462036133,-0.004765091065734963
-0.07851731224959548,-0.0037644457226139595,0.004297503253705888,-0.008719493237105533,-0.0008243515007549867,-0.00432895103127341
-0.13170230338691075,-0.002379650579882362,0.0034918460580236096,0.04441419363743782,-0.003917617389347894,-0.004559049536840599
-0.06929872018629392,0.0007428394589049706,-0.009779034400540038,-0.007005015904471096,-0.003915631638927004,-0.004735816754465487
-0.07314131506784172,0.0037058963458028644,-0.00666051364456341,-0.0004762485596947246,0.001257222363349444,-0.00426125055931066
-0.0541332989694387,-0.004730028355911503,0.00026512062298137816,-0.00214561876016934,-0.009458865503354135,-0.007109749333301921
-0.08689902448984232,-0.001963401318632579,0.006378227147258455,0.003231939847905946,-0.0022579647754168023,0.0009424746770870405
-0.07736911691662184,0.0002700222220455824,0.00042073560911429453,-0.008264309299930361,-0.0031557241336529294,-0.006041097107689003
0.06724328276374734,0.0015621443596157863,0.0471527061195035,0.004093937558116086,0.019854250122185398,0.06119558245792286
-0.09027136460728485,0.004667332872788952,-0.01790821885940334,0.011746180566871246,0.004225230391310365,0.0028506111295011453
-0.10347547115381481,0.021375717623117803,0.006711183401315361,-0.0003340501973102784,0.00010604113469747065,0.00601486118726543
-0.0751357543385348,0.002654287622770538,-0.004498952063699162,-0.00645841612558317,-0.006033541702187213,-0.004966635201242364
0.10032626578667041,-0.04597008889425461,-0.006524916059107442,0.0008480336078195515,-0.0002711865601795849,-0.009177031888944854
-0.07868727899446207,-0.0019859786997306846,0.005407014273970428,-0.0030253978167258315,0.0075841388713275655,0.008832073657956718
-0.06513356927566885,0.0018516056281505902,-0.010276655786620823,-0.010375406488498102,-0.0036884879739847646,-0.004685602829295344
-0.08290498958124355,0.0023271756010746466,0.002610622212884615,-0.0060535337367130845,0.002673285943175348,-0.0008592890857774916
-0.0729540887849562,-0.0028618996225004516,-0.00946033508061262,-0.008251172461509965,-0.0015471039629677485,0.000727933229661302
-0.13430668054122186,-0.0023441647708939257,0.005408428225891748,0.040612391343401305,-0.002594814479435859,-0.0013501824281904034
-0.07649394449784967,0.003149877854667277,-0.009589701585406712,-0.004371075279563374,-0.0032167682514278556,-0.002881994944795293
-0.06798084198022761,-0.005080540648765545,-0.007563801061599957,-0.004864038213920828,-0.0009580035550752543,-0.002646301321418513
-0.06907796930723852,0.0031900662301529567,-0.029265967922830094,-0.002052379767401275,0.044037932291330906,0.013869328195124821
-0.08414521170218112,0.004320744630035091,-0.003320780176447211,-0.005652534941285474,-0.005338984526981303,0.0003997900638743296
-0.08901744725225985,-0.0018696346492212102,0.00512679868593971,-0.005946821538642172,-0.0006763315244550909,-0.0016163320405388076
-0.07657755931599813,-0.007749593254630414,0.0012568661203343015,-0.005642367982039455,-0.0036427311620981623,-0.0020894675940856698
-0.00993755493904456,-0.007304454210458851,-0.024267768949919753,0.004771235283636793,-0.0064811192776003165,-0.006961433643230927
-0.07942348613189815,0.002329034570727852,-0.009519486724863154,-0.007238086265050078,-0.0026362298034304354,0.0019010826898045313
-0.10112143633644115,0.015578336434452188,0.004523316350886837,0.0025040144690040246,-0.01034087970223703,-0.005678017091972998
-0.06970046567777959,-0.005258647422360907,-0.00221901755926822,-0.01047309966510278,-0.0003227094399118624,-0.004261065918304782
-0.08574373671002032,-0.005176443409828404,0.004981962560842007,-0.0003922649974268591,-0.0022685370990600993,0.0029798337945622705
-0.080796116940405,0.001707231477494721,-0.0025042547259910945,-0.004828774288650095,-0.0031278326237172624,-0.000800873856411762
0.7377830227354445,-0.0009061910660348815,0.06288102292247123,0.3467316469891004,-0.006808717548533181,-0.007321052488114141
-0.07382383964519436,-0.0007217746578393311,-0.002618238480569514,-0.006669190088221203,0.008554105405711793,0.014679030780938783
-0.0757634265615512,-0.007610073450324206,0.0020782731851433514,-0.00647721092146982,-0.0017677471733675723,-0.004275359112958444
0.3313415985925948,0.038049574603008236,0.0033034091634552174,-0.03485575155150929,-0.008005376154433532,0.00041865827677100117
0.28168997952891045,-0.0037983020044136894,-0.07748518550912233,-0.04750433472577767,-0.013718037779595443,-0.012188985796322898
0.43289074984905823,0.008014453066266703,0.06426998320554175,0.03351466760666237,0.06659660379842747,0.06968039645123798
-0.09629803413704406,0.008698655012001393,-0.007526069606665259,0.0011218245647758279,0.00035479008624647005,0.007008165039203509
-0.07890494926328734,-0.006126156739812871,0.002033892649539942,-0.004923995726227603,-0.0066664169714358125,0.0006161291292105702
-0.06812018786860133,-0.00221295723226892,0.001795786844579845,-0.004674140072380486,-0.0003301501112321608,-0.005600176077978854
-0.042209419415384385,-0.0026329460359924,-0.011145625218948919,-0.013522844208587738,-0.002654888686207571,-0.022213411259617444
0.2920980404292056,-0.054107682267623435,0.019595286178449623,-0.009390249012574419,-0.017013167854937703,-0.000183895163338758
-0.07231232667155589,-0.0069685431072763,-0.002855763036846832,-0.00548261968022238,0.0006506670668715788,-0.005672483941125057
-0.06808865148248877,0.000205208223513915,-0.011105476944404488,0.02326759944369202,-0.002624659121234618,-0.025859031136256226
0.4346770020629084,0.07339905817740283,0.10234348729721489,-0.026371508409783362,0.07772936170079102,0.047236672439743284
-0.0815073963225013,-0.005807758376905216,0.0014502140897393193,-0.006572823452340833,0.002006953073870473,-0.0040708429115789875
-0.037400239045554166,-0.004347676702685776,-0.02495497070208546,0.014316189880588562,-0.0034756536970327926,-0.022981289626921888
-0.03802625022997035,-0.0063203375199631946,-0.004960355744937017,-0.017600921325196972,-0.0024680938432068756,-0.0246459969901496
-0.08894520707824118,0.00045797481234610487,-0.0024614543110279825,0.00030285579051976097,-0.001376015009158575,-0.0023609426605666665
-0.07788218105023574,2.335200071087915e-05,-0.008898409288449387,0.000683520305776034,-0.0015256901529500301,-0.005304482882379938
-0.10133486814136915,-0.003461984497293405,-0.006227170402317565,0.028206338488047617,-0.005323471101353224,-0.005181911899704664
-0.09696934979059382,0.004740572914234322,0.0008046993291629663,-0.0036788503429245273,0.001766257134420119,0.0030720024979055734
-0.07740884737550917,-0.004771971368808274,0.0016511166972184201,-0.00999637332914324,-0.0025085894178187265,-0.001106328162847568
-0.07456211588206328,-0.0014430062140584157,-0.0030687198252287765,-0.004212271839450036,-0.006653633516492753,-0.004204455728182947
-0.07888576630989383,-0.010231864999757553,0.0009668069189821458,-0.0044851472862980305,0.0008661674206909418,-0.0023218977611417437
-0.07129236737686118,-0.0046522870883897345,-0.0011242473278989492,-0.0006068977273876695,-0.007264235062911602,-0.0023997913221994256
-0.08187137297662718,0.0022894115436370567,-0.0031478925355658267,-0.006259267716349868,-0.00014356549340741007,-0.0016411179228600832
-0.06858069632687326,-0.005008990546516564,-0.004555546332938016,-0.009030266774900266,0.0015456267247658778,-0.0025960525237709825
-0.0793835150103831,0.002733442596677741,-0.010142999624963893,-0.0029910494342308513,-0.0025886991184719725,0.0027880895700047106
0.2300722010446191,-0.024973478032803823,-0.01502899711388563,-0.06266415655819382,-0.02567931230234191,-0.04906713930539483
-0.08183751730971803,-0.002475440504165633,0.00786557598163647,0.013690846469293992,0.004707691031901844,-0.010627158787177708
-0.06851740161122426,-0.010155288063927199,0.0033855885394908198,-0.007712871952716478,-0.00479676271038707,-0.004765406679856213
-0.061957659278777895,0.011534224068692377,0.010310032944254317,-0.006452804761774188,0.013990839097184436,0.023561047072433627
-0.07691636053165608,-0.008099836839501799,0.004529694889361275,-0.005590471303559693,-0.0027318763248522578,-0.004264722778030035
-0.08601804781390665,0.0002238600208009402,0.003713641957004995,-0.002666999919243107,-0.004372220759733218,-0.0019992195698625686
-0.08135788906666101,-0.005830595251228101,0.0033749454968849545,-0.0016905918584816204,-0.007085211322151307,-0.0010550822898049209
-0.07430477305588032,-0.006611942328742315,-0.0012204461865210725,-0.006233291394268595,-0.0016103221662451847,-0.003359381430133751
-0.08628467084528513,0.001704926673999268,-0.0010380932838288761,-0.007917067444419095,-0.005491491920106213,0.004370703028114006
-0.0891174589644278,0.002561776947025758,-0.004386460779590383,-0.006213963707733152,0.0014161475309830238,0.0012256369610026184
-0.08442475832095622,-0.008783730500064901,0.0008770521464411952,-0.0020762377359673555,-0.0005966314418997191,0.0014393409755241106
-0.0946820041104408,0.002784150002447123,-0.0015758852129770667,0.00431777925800926,-0.005085591623790493,-7.855932500321708e-05
-0.06873368490336454,-0.006296183981351398,-0.007517244730687264,-0.007493966829056701,-0.003993729531692178,0.00012457985325881342
-0.07890494926328734,-0.006126156739812871,0.002033892649539942,-0.004923995726227603,-0.0066664169714358125,0.0006161291292105702
-0.08770314556189457,0.0043124274005181176,0.0030788460512615324,-0.005414566631825866,-0.0021327865225923537,-0.002973959541271063
-0.0678792851787034,-0.008446345236288705,-0.0012580813245253108,-0.007761727294123139,-0.004232988477078507,-0.004718078203529042
-0.0789413583152155,0.001387252726270563,0.00025529874150344273,-0.007651016948262753,0.0005125119599251418,-0.007867032963340842
-0.08504829036104092,3.302199513301146e-06,0.0040703947542294555,-0.0053874888864602994,-0.0007746667902579762,-0.004790970612809754
0.29571202063531543,-0.05934251416441101,0.021800360339618494,-0.017218381304927095,-0.01926254585769932,0.0007173988004177651
-0.07386161094078496,7.982611770873259e-05,-0.011018061174857237,0.0050520766079564456,0.0037669175187765437,-0.004464149967586983
0.023328206038893472,0.0034836088090578615,0.0046294139156915996,0.0011004706569034649,0.03159663852418961,0.001699555673130166
-0.0727391857762062,-0.0060670852489245605,-0.002173511586594045,-0.005822018287229953,-0.0017134394234838435,-0.0017965683889731533
-0.07605745900468622,-0.004380192978189865,-0.0010844860550935807,-0.010116673227575127,-0.0022816146577739117,-0.0007186483178789933
-0.09034661406078541,0.0007750756044085084,0.0065583449424710775,-0.0012098392295755134,-0.0031694784241758055,-0.004128228393096153
-0.07653411292093952,0.0027102679484238587,0.002071657363751284,-0.00543855644337471,0.004700179242467303,-0.007915683417445384
-0.08367026677157235,-0.0020006772321539165,-0.003951243107511068,0.0020948821391037547,-0.0008257951919056366,-0.005587645807101448
-0.07892560755737192,0.0020843554782150773,0.0013309384236063417,-0.005906873151799832,-0.00366892330903251,-0.009030542247492003
0.25711439875223263,-0.023363602533161512,-0.10211354745965034,-0.061981953571473,-0.00809079501531509,-0.021910968767137592
-0.08373412474719313,-0.006089220100456329,0.0025838852327730666,-0.004801583418054284,-0.003754098849340577,0.0019361249797256734
-0.09087861791582796,0.008430465489490847,-0.002544854292930938,-0.005725503247162506,-0.0073466567310048175,0.0050164506185407225
-0.07971970519744732,-0.007587178016767646,-4.8690132300686516e-05,-0.006966189284557396,-0.0031387748754436854,0.0029686705595552984
0.5556707526969724,0.0006358859132560516,-0.16298550237904774,0.20636173214547218,-0.003650888482455547,-0.006873422502390526
-0.07444273018336126,-0.007567497372609241,-0.001959248947303104,-0.0015465984668871977,0.004352524632531645,-0.000742367811988036
0.42124544472240183,0.0024546574595788943,-0.08577185243881452,-0.03595137077752503,0.00736124668399826,-0.012029115122777477
0.22695333503189274,0.07803372380717635,0.0033221072760862154,-0.00695212204448426,-0.016616362589273705,0.0178856335805373
-0.08171659283212275,-0.009451124313056307,0.001099119629981532,-0.002773738603403174,-0.0034404925239198167,0.0022637281686328802
-0.06915079678308896,0.006699690065998087,0.015325276969333534,0.01145149284446506,0.03657887422376046,0.008127578961570906
-0.0687443708499449,-0.010355721099735187,0.0035243962594539643,-0.007738103600054845,-0.004818877034529143,-0.004899383273874737
-0.08363926653132103,0.0030869340040149073,-0.0030158497866983806,-0.003181454580575257,-0.003168418468130776,-0.0019057224509365978
-0.06680146975719051,-0.007462309197734661,-0.0033995932033973296,-0.007683324302061062,-0.004380112428276421,-0.004084800331862103
-0.09980932188909443,0.016154322707888205,0.005244413535666824,-0.005316930048637826,-0.0046271469977319,-0.003005220400566756
-0.08248748348856155,-0.008616672531675657,0.0034624934459213655,-0.005303655376319942,-0.0015292755017249431,0.004120201688909759
-0.03278562823069538,-0.005570999869062962,0.003856545806537709,-0.017335480142678,-0.0034368096665984837,-0.033730766728258976
0.38716412310606285,0.013894341565365356,0.04489814244762115,-0.030035809509734463,-0.0062056120053152995,-0.015106337797280184
0.2303046965171781,0.013863436089610468,0.02744145903335608,0.024583325596079387,0.011616703828974841,0.08630074077383244
-0.0791340043511357,-0.006714188200610329,0.002109523340442426,-0.00011337069476446663,-0.0043839009144765444,-0.00611239319657075
-0.09463102606891069,0.003328531131533658,0.005572350607047322,-0.0025857190118209507,-0.0014919890051145908,-0.0026604951178087117
-0.0722264457095159,-0.010407566208153947,0.004094845453295198,-0.005683252151133641,-0.003461685872784851,-0.005334289917379012
-0.045169705400906354,-0.010772756764523257,0.0070254442160820165,0.005927953145089824,-0.016928451109105545,-0.013471138346134847
0.034775835147310905,-0.03448817853550344,-0.014606530741024637,-0.03568026590354254,-0.022965254010061078,-0.017564140643921186
-0.1324082517741703,-0.002220498557596584,0.0034843289639593026,0.04286570541596928,-0.0020427679746372928,-0.0043317557808520485
-0.07176920739145638,0.002976737332982032,-0.0014797663371524648,-0.0037759229627130366,0.0031228057289526523,-0.001200568682398247
-0.0767494182986025,-0.003954712387501077,0.0015777095023726776,-0.0072894678572210676,-0.003232202342815372,-0.0016008158643668745
0.01494378591624859,-0.0007840357393306579,-0.017829498148297245,-0.010901540990695405,0.007560073188869981,0.022741777164243637
-0.10376832479982474,0.018246070608581858,0.00674466263824374,-0.004871885039464988,-0.0038426541222263857,-0.005082996887761207
-0.083098423179343,0.0017558857758232032,0.0001843686485265857,-0.007912230970320698,0.00042571624562299333,-0.0005059839076507716
-0.07964940441515465,-0.003511292983365799,0.00048565504472586975,-0.00190117534472644,-0.0006196492582274357,-0.0033054047609555283
2.5815787302682773,-0.027308649222211736,0.03389831859797517,-0.08388760467509111,-0.029583625126073362,-0.06827815736365125
0.1506417727496044,0.01692248561840167,-0.019489916860799695,-0.025191248355270403,0.001520897407571399,0.0009703910339581759
-0.07915403779398739,-0.001660945815591229,-0.0033933563323891203,0.003361563584127954,-0.008845318730673603,-0.0031524913967127723
-0.085911171381369,0.0020973115942555225,0.004024211745318291,-0.005399154247812548,-0.0017557769312350612,-0.004251965390969635
-0.07493016175511161,-0.007353794272913232,-0.0009699279338340824,-0.002204635781040766,-0.011208283524101368,0.004571042418433157
-0.03453996360633336,-0.011093648377025691,0.005060577159184589,-0.019734312294903317,-0.002197923951868114,-0.03152500495843659
-0.07935114832567233,0.0001373281180494723,-0.0019926136170948044,-0.005870955461392582,-0.0009470823150939008,-0.004333013565003824
-0.06585531353454908,-0.006396561151704269,0.008051292973044058,-0.0017653193750947127,0.008520418874863489,-0.0009490679573942244
0.22746344069159638,0.08709381812220679,0.006980866720255444,-0.008700102935711402,-0.021534582336488174,0.016165802060703588
-0.09095093844436573,-8.054974244336161e-05,-0.0022329652052749927,0.0018808073816547087,0.0006022148522229661,-0.0030670157911889544
0.30967088186368136,-0.14724953086316325,0.0022627204017034437,-0.08276559841900041,-0.023912408323682813,-0.03864624136266354
-0.08192793969401065,0.0015062356940171398,8.391158051943845e-05,0.007004088730151267,-0.007750483210191786,-0.0001011325121149788
-0.07069874686172622,-0.007415988138325933,-0.001716516710976222,-0.0052926348298307615,-0.0012859604014441059,-0.005576413615603479
-0.05745515674116032,-0.005365344936648214,-0.01203328339482317,-0.004653029129003278,-0.010010710285823619,-0.0027707304606631893
1.140539026488475,-0.01593119240236102,0.056267333109065606,-0.02640402633082298,-0.005813971919898818,-0.003208505068141599
-0.06761375021446053,-0.0024384365022674863,-0.006491358108613781,-0.007993744619881728,-0.004579155307571964,-0.005211123288122014
-0.08952020059075891,0.0038883204118998673,0.0050071680925205505,-0.0057801395456994285,-0.0027692464184363246,-0.0032742988195962543
0.21722369720976745,-0.03104625719174348,-0.04860913190557432,-0.06067581290051314,-0.023372771094699478,-0.007420460757177496
-0.08699251439292878,0.0006676816042203434,0.005305893571295574,-0.00532203773997668,-0.0012480828415247095,-0.004127328508009406
-0.08222854954363833,-0.006288563803075974,0.0018925337520578906,-0.00393712658943882,-0.0062188673088179065,0.0027091710049738167
-0.07468588608077047,-0.004990571733829337,0.0015158486127205002,-0.008648433827365893,-0.0035005150095164155,-0.0039049708149931873
-0.08028701453429232,-0.002343147400708088,-0.0006138249539653014,0.00993283989066224,0.0038437738179368354,0.004899537989069079
-0.08774372429220394,0.016970693096117852,0.026285912364829148,0.03236276859159639,0.03504067894580543,-0.0008100955792391615
-0.04671483013732476,-0.0024669423815347324,0.0023116314546963723,-0.01356896120301935,-0.00413272472853952,-0.029921551239248608
-0.02355660736503313,-0.008183086235650783,-0.0013509270267934724,-0.012229156010894617,-0.0017995912460175595,-0.02117983194003804
-0.08346717802682059,0.0018995503070727369,-0.008372105118936475,3.841430037034188e-05,-0.001382941093006689,-0.0031184721511495314
-0.0880539218324868,0.002799865236629533,0.003384555944090523,-0.0055579241503814275,-0.0021833695486395857,-0.004010026343580212
-0.0686636167344485,-0.0048673804229977646,-0.009172837501665603,-0.006551527142755897,-0.0017045697817691069,0.0007089894887004394
-0.07831719676227156,-0.002490001711761806,-0.003104845823779274,-0.0013376090836739237,-0.0008924061252543799,-0.004472716559313418
-0.0666430342037736,-0.004275877915834528,-0.0015536052999946548,-0.0075357318121113855,-0.004341830311942129,-0.007561342251242649
-0.07732314959692436,-0.004020397543396819,0.0033474812432873276,-0.009180763520127458,-0.0011089170284932965,-0.004253039778794036
0.15962337685866532,0.014772853427973414,-0.018535003989605225,0.009464698560867594,0.003961526685859636,0.0669941102799067
-0.11821511106406181,-0.003908149221196491,-0.00013623850299791129,0.036314329506954894,-0.004487663848148189,-0.004218863758639926
-0.08520696853399556,-0.00023471131541665668,0.0009415753437206049,-0.00979102511770898,-0.0016939209153796736,0.002013664469540893
-0.1200263004714132,-0.003631183649061655,0.0002420051519528826,0.03522100492627408,-0.002116517521393566,-0.004343302547749382
-0.07453294346366197,-0.0032392905651120476,-0.0003970219844402229,-0.008156332266229367,-0.0030414095449542325,-0.004439647084124717
-0.07274728883164967,-0.0049852345300909024,-0.0022850503810017773,-0.008238204771483659,-0.004083177690054271,-0.0022228486677190163
0.06887087102293867,-0.03931643405101465,-0.011575172308345205,-0.06324229628464173,-0.011576775981236338,-0.028343595144715947
-0.09901258821537685,0.014622142817777843,0.002477131307733586,-0.006323774484716222,-0.0016791637219782808,-0.0025240202209818033
-0.08594222352851762,0.0003982621644097624,0.0043758542548128715,-0.004926522242976202,-0.00033334286346176214,-0.0030164191746576137
0.07710413940286283,-0.003201612623837311,-0.043406192445203266,0.038771587306429225,0.009969352739908479,0.07104925123433727
-0.06479740289622458,-0.0051639838456071785,-0.0025902006999055298,-0.009132382328101658,-0.0010835762519451398,-0.005334916455241044
-0.05342587883668336,-0.0033890418419932067,-0.01009416684664134,-0.0065289799195423935,0.00046206174358948664,-0.004090958476844463
-0.08420415696908104,0.001502468186252348,0.0008141339805029434,-0.004441763990493824,-0.0018352521223946787,-0.005763019653588494
-0.08981434916488944,-0.0002994739190556563,0.003360328192993447,0.0004490944503628012,-0.0032696740955886956,-0.004975342577596447
0.015105018590941993,0.005920017504809624,0.006702049738485164,0.014170808597460616,0.005558029622772233,0.012162636236046185
-0.08274000960414082,-0.0057650394983133025,0.0032841228604567935,0.00024094394243232898,-0.0010001159693005155,0.0006869744758170418
0.06957168675700144,-0.04043539391863263,-0.010911438693540736,-0.06354946319224582,-0.011389468309827646,-0.02856265230344181
-0.029251607030636416,-0.010194448813250519,-0.010575685161011334,-0.00976564434521771,-0.007835513991188921,-0.01610673715349331
-0.0644577942158122,-0.008137979753491202,3.768598815779067e-05,-0.008347594427407552,-0.0037155405874423676,-0.006397320501012132
0.43403433504824823,0.06367536275739255,-0.02657571221875177,-0.02117813994649952,0.06751963025390136,0.02385631152338681
-0.08143419427668773,-0.0049448416416137606,0.0001887551464941043,-0.0060128908527371065,-0.0043560984995052905,0.003194672288727459
-0.09877500776256416,0.01564548931067842,0.0016329328217414344,-0.005815662812812177,-0.004230725449898091,-0.0004231360478418363
-0.06339962270559782,-0.0022673081750118136,0.008090517973550765,0.0016747995111751114,0.0007227122829316452,0.002212427593328284
-0.07154192589489834,0.003943030153073304,-0.025727391217972975,-0.0019256000643239123,0.044196068286369385,0.014574669340352939
-0.07854807395798713,-0.00012078070124076734,-0.0009330631737964198,-0.0038953714128631936,-0.0039357074182487335,-0.00690720775367446
-0.07794462446859635,0.006424577664279494,-0.011445816205180431,-0.000893207315930695,0.0029667895432935595,-0.0021306984642977087
0.006284881803028188,0.009663298500012024,0.01781335138894248,-0.009744449232066292,0.01155045161779046,-0.026168966713843993
-0.07984957882620039,-0.0009177495094749933,0.0005950493468265358,-0.008268138038156491,-0.0006456333742876654,-0.004891435457994573
-0.08156699786305231,0.0004497618160385807,-0.0023528153356923,-0.002938268291785571,-0.00042297631383443634,0.002235527799439667
2.5815787302682773,-0.027308649222211736,0.03389831859797517,-0.08388760467509111,-0.029583625126073362,-0.06827815736365125
-0.0915301299250286,0.0017662462808641726,8.100766634225075e-05,-0.002965798477215607,-0.0029410532797089135,0.0029067526821164153
-0.06601650432129973,-0.006073182239879229,0.008248519093050077,-0.0019324596601461592,0.008465890135266402,-0.0009601278478349577
-0.07460613053877455,0.005000109176834782,0.0036384384439483654,0.0008748190054053591,-0.002602035450862143,0.012128777371059659
-0.11080912202579299,0.021531216795079314,0.0077048687142343844,0.004970584967973604,0.0011273001840734086,0.0073628821489898095
-0.07411148418607783,-0.008004616473051063,0.0025326965406313865,-0.0074621896783597964,-0.0031321778336063756,-0.0035955905192426247
-0.07638495242473915,-0.004115525826611905,0.00010807831245603829,-0.004538289132255245,-0.005818162772647434,-0.0022292161522182484
-0.0824360845665602,0.0049130388755963955,0.0009758723921408257,-0.006083318405217583,-0.0023693901837532733,-0.002516182465871064
-0.008098179584308734,-0.012659777208910622,0.010280914419067562,-0.011434402976427706,-0.008995679808337013,-0.03387078444102437
-0.07652666306639334,0.002131731989990962,0.0015986091093742186,-0.006129009487203671,-0.0030511346594112566,-0.005066135431112358
-0.08648822878055842,-0.004349073231396431,0.0026186907719094286,0.0023335030519363096,-0.0024197665545560025,-0.0062525818848787025
-0.08828581235166028,0.0009444147824932262,0.005735186232156388,-0.003984912142741303,-0.005625664306804827,-0.0020745762359702345
0.2567999333542643,-0.00940769093908734,-0.07412354582685535,-0.039020756073366164,-0.026232290537935493,-0.026161795446904588
-0.07940703807912688,0.0021616243316136563,-0.00298505327455234,-0.006660328429106494,-0.002604023866908921,-0.004906068781459861
-0.1275971887561357,-0.004358643025629318,0.004943524553429909,0.04086241547766535,-0.003887393984106839,-0.004331511433403069
0.26123121331636123,-0.21219961904038862,0.014531340314679066,-0.0859326050634381,-0.008984027813077215,-0.011074431176503807
-0.07375615000417125,-0.006529458852491448,0.002895932026092461,-0.009422094666246873,0.001713387025822048,-0.004785566430179932
0.2363593719987667,-0.15063671822676428,-0.0033070848902307464,-0.08197555774823062,-0.014281308967048177,-0.04136195824781158
-0.10699978540005647,0.018602502372854646,0.004862037694010281,-0.0044291472947848316,-0.0063975683690322745,0.0013750509445576453
-0.07900575084344419,0.0016651204266996257,-0.0015690369743416733,-0.005675886194653451,-0.004117025973526663,-0.005112274400154227
-0.075585980305495,-0.008059370906086789,0.0017607955803456918,-0.004644052403791272,-0.0015129548835424306,-0.005982443865537916
-0.08126454254933207,-0.004541088200028645,0.004518503287688832,-0.008924935408718809,-0.0033683161897933634,-0.0009381992192241265
-0.07412689205035902,0.0009538572543330314,-0.009060953158486897,-0.0052182392216080535,-0.004061285777273915,-0.003018497429854786
0.08556320886596658,-0.048678139908690826,0.012158796653425785,-0.07056608941301637,-0.012707930601880805,-0.05595832711895895
-0.07582325719748784,-0.00305913199465786,-0.001866437951730427,-0.00961968705730979,0.0012677814197757638,-0.004801573527431129
-0.07416436361745722,-0.007012855766793241,0.002010832774959039,-0.009681155667671967,0.0007739937173945651,-0.00495168824437244
-0.08197800360029771,0.005863898422549048,-0.00023131621945905595,0.012731546353301083,0.015083182523917844,0.0027900632541206115
-0.09700699459095223,0.010764615325034466,0.005404646460172712,-0.0065483442508189145,-0.005921427247734092,0.002408578053857521
0.2740011157021692,0.004840013768704863,-0.11850480134014729,-0.06326327822219494,-0.008115698952899512,-0.024623977915378417
-0.09214703802812348,-0.004082695440399146,0.005261573380499949,-0.006235286548832379,-0.0003711564963284699,0.0030022825763741986
-0.06704615375066782,0.025156546511009747,0.028305365223696453,0.028548167981527334,0.05062748055707435,0.01929532774032876
-0.07392756905657831,-0.006141323440074389,0.00043695706545774634,-0.013190754366164018,0.0008125717679050456,-0.002593043725407735
-0.07329082667031955,-0.007056749398650297,-0.0007772608541257833,-0.00607396456446895,-0.003790788329664632,-0.0029210760105364535
-0.08046510182199845,-0.0006736412297502561,0.0036008001041823155,-0.010360698493368613,-0.0019312626725741075,-0.004456195705093343
-0.012293668589713713,0.0016925168589025194,0.02727937249207669,0.061489206155151195,0.008459388456376532,-0.0008226690136031566
2.514188406806119,-0.024500700704156077,-0.027753626887657996,-0.07061711769602741,-0.026134385373128975,-0.055798332444936635
-0.09140645458269578,-0.0008523537547423758,-0.010569501745604448,0.0044182040969752015,0.0027019303379436374,0.004025315720035821
-0.08706781294483723,0.005606697532089786,0.0011299879895570314,-0.0026398081159650045,0.00600610744700139,-0.0029691207773464615
-0.07940703807912688,0.0021616243316136563,-0.00298505327455234,-0.006660328429106494,-0.002604023866908921,-0.004906068781459861
-0.06562153623980475,0.002569543021394165,-0.01413555439118389,-0.007706030394273718,0.008650957991149488,0.01363733384949004
0.20166143728869645,-0.0126947384445009,-0.00678124016552646,-0.048485206728531856,-0.016094549047845318,-0.0719451035974799
-0.07366295888244648,-0.007187235321281167,0.0011687535107392595,-0.007801742199058551,0.005556762463011959,0.004049990978418229
-0.07220766389235578,0.0023698024740469214,0.007782282574143197,-0.0026100376751232333,0.006356409073596391,0.000634185195531564
0.08099105663523555,-0.03635558654979593,-0.016786157448196906,-0.042601292489148124,-0.011082032713358052,-0.016810677601479408
-0.10115435269352921,0.003472334192515102,0.004319006379733035,-0.00462803272021746,0.00286955363055845,0.0009324789051832959
-0.0740618026877872,0.0022703326336169696,-0.008735686407292836,-0.004410588355759889,-0.0011454816928958833,0.0007955927753309068
-0.07604044842143441,-0.00639584313810227,-0.002356032866246831,-0.0017724180451175664,-0.0053968283222188464,0.004200030755213501
-0.07442065243978702,0.0012658120338968771,-0.001879873126240247,-0.009342408374789415,-0.002508681818135415,-0.007263298337280909
-0.1374532807094199,0.00023000743261963525,0.0013059363168572281,0.04671718605435079,-0.002701199277322061,-0.0026529849963352805
-0.07811814141895743,0.0048489409462879164,-0.0186207948423205,0.010122692475527403,0.01211568395909501,-0.0025643951381946486
-0.07497371099744664,-0.007343026833240043,0.002457360837914649,-0.008104474442292248,-0.004555701865140333,-0.0019898550531802627
-0.07312631338267846,-0.006701978546673114,0.0003132233334733066,-0.008024558610887491,-0.0031173797558554203,-0.0038126884593643116
-0.07244035466378093,0.007625958374280009,0.006996320765397342,0.0059320110726347524,-0.0011635858475715982,0.002477361876483131
-0.07711494254991097,-0.008213640086524539,0.0041564121720778745,-0.007295676654777228,-0.0048385351670786215,0.0015886827482922497
-0.06812870625103318,-0.006034587824379826,-0.0007749127010451591,-0.007812777113262507,-0.005075046197926089,-0.004804409677304483
-0.08042384387181507,-0.0011779009323127894,0.003529294143324925,-0.003865193990249632,-0.006914348771049526,-0.0036522886143784622
-0.08296543758503556,-0.002794967269594079,0.0028912260422162936,-0.009226406517772165,-0.0024954592243280724,0.0008138261456544974
-0.06760624444768497,0.003006710554992007,0.006770451997623418,-0.002639885498602249,0.0011023655453699236,0.0021079903465203525
-0.08142447121894154,-0.006285582763888983,0.003151382226502033,-0.0025347676905657433,-0.004203153045752828,-0.002627518172784062
0.003793341387086057,-0.000738651798795011,0.010979538815982086,0.01384731315840628,0.003949747676057638,-0.0030001592241122653
-0.07046236420040773,0.006945403486915126,-0.013179049585011267,0.002330096003939143,0.008768999185565087,-0.00019539940788168726
2.5791875296150946,-0.028508790404249654,0.01230380819747787,-0.0855324381022058,-0.028716872084285524,-0.06724056861397454
-0.0732881909284043,-0.007322091444044937,-0.0005236750446501893,-0.00601558818513399,-0.003673500829221284,-0.0028814834279897203
-0.07848618795413688,-0.005842029537647733,0.0009033745696876651,-0.004231211254175477,-0.005359544760346436,-0.0014816600763226347
-0.09099301786058318,-0.003905632238946632,-0.00027330828148692914,-0.0005245512809123257,-0.0002329982504993794,0.004697580634260904
-0.09106128564388129,0.007466811205029857,-0.00395932723578324,-0.007098217131467025,-0.0003026478425899059,0.0010696883264313904
-0.08823639587786584,0.004258158051112493,0.0011159008855820705,-0.008103988818198281,0.0010017877702613357,-0.0006223759006968012
-0.08781683492675083,0.014959247151150185,-0.013124973540854824,-0.0012677368211686415,-0.000670463648543511,0.005914226014521002
-0.0810041150015532,-0.008917622575803807,0.00036762120340019127,-0.006248948614568282,-0.0010985009969897539,0.004289509196830247
-0.07959319513949632,-0.011087452767531985,-0.000916274867506121,-0.004327193795033379,0.003139134101277319,0.0035748138963114266
-0.07475532779025704,-0.0045264228539490066,0.0037990974226436405,0.00183434282503412,0.007264159358827055,0.0024042740041438815
-0.08811785082727285,-0.00018406747564610318,0.0004969383715669953,-0.0035425397869786194,-0.0009791342103121934,-0.0009054801741284754
-0.08632157048149024,0.002635820405706781,0.0017165038306900132,-0.006251698665737471,-0.007185588546335743,0.0008129869630428788
-0.07490421808018316,0.0023207701795798638,-0.0002312111530938862,-0.007027954905173336,-0.007474566383092179,-0.005915615000188814
-0.02508890891799265,-0.01157339837262438,-0.0013728978757045803,-0.009268875022106885,-0.008606318243209406,-0.022609604977332266
-0.07025629321053287,-0.004921380450249105,-0.008374161029814808,-0.006914510430777499,0.0007118401257475521,-0.0031984361618502635
-0.10398137161433785,0.0167885616363479,0.005030810292003053,-0.001962878648838268,-0.004845385175771463,-0.004447212524077838
-0.08178980417682295,-0.00020428853321574863,-0.001716088266284175,-0.00567685116644011,0.0030084604718217177,-0.0015547091440611266
-0.09384188721640602,0.0187191276930245,0.0008767117773859625,0.006451839522608706,0.0021552653363103493,0.00972462978809464
-0.08357356545598628,0.002747057963905867,0.001249057453470825,-0.005301525250440041,-0.004070630368955089,-0.00336144721822825
-0.08701261906232075,-0.000571690285049075,0.003189084994607074,0.002124784533632156,-0.013831460627752394,0.0035668979244482487
-0.07388288613736436,-0.005668772346280794,-4.1481902337083604e-05,0.006391884361266141,-0.005515713729711152,-0.0035685944876088717
-0.09372377829049021,0.011201014697669941,-0.002171145802186025,-0.0037932591175511734,-0.007938190893275698,0.002960253507570271
-0.024689975469226653,0.002958793870346523,-0.023679882081935263,-0.011962891411336232,0.005622312502331255,-0.016243400208697925
-0.07624122137355803,-0.00711698525343248,0.0032385745281127824,-0.010487591704020912,-0.002727325274253179,-0.0013278208535510414
-0.0613938830867404,-0.0030501230615932865,0.00019260012163602365,-0.01073723671820667,-0.0101066916052428,-0.008953682624701144
-0.07837899024694732,0.002137341311473471,-0.01190553084375967,0.0030058868201725286,0.0030644109615523166,-0.0031567562245690857
-0.08921379056707902,-0.0038862566236332195,0.006017854175387177,-0.006085076064149264,0.001592033402424106,-0.0010576898869391073
-0.07714720776027612,-0.006611353750142613,0.0006225946751292151,-0.005163815032547817,-0.006940285853057133,0.0009091088606251444
-0.07498112807392775,-0.002640308593616446,-0.002360869216002362,-0.0033579770083116715,-0.005183890181197695,-0.0057036784453671045
0.22236027422005888,-0.06451330308764182,-0.018412004295253807,-0.05043542015370523,-0.006199859156103108,-0.0027530783628224244
0.11075572889122065,-0.03104796085943684,0.012923879477055198,-0.02117782269236063,-0.018434928052809215,-0.013306185501635471
-0.04794093059092255,-0.0034082925929993083,0.013869781649049801,-0.0047234121569103595,0.0020792764889269086,0.0028794194401349014
-0.06919017503832363,-0.007286870444867805,0.0040902675371947165,-0.007715527494534659,0.0020857384721658136,-0.001185937665981429
-0.08781182842064805,0.018456866597695205,0.012017005458112967,0.001533225287086171,0.014482887102131487,0.009531931649149467
-0.07510978353896872,0.0094630366598084,0.012223728284789319,0.0021683945841485435,0.01630238618269079,0.0015017706356649475
-0.07973265217695953,-0.005182639633465362,-0.0015200463160874584,-0.0039406051626824186,-0.0017848970928367224,-0.0016129248970484678
0.06932437010945568,0.011568415569818458,0.02011185239486643,0.008856002184801967,0.015122751566624069,0.07406313656230486
-0.07995863286639919,-0.00038984588143868766,0.0003211573625936824,-0.0035436820355734156,-0.004682285766328121,-0.003398221060293874
-0.07205050583474296,0.00039212261060669337,-0.03140556961331146,0.031340428067760516,0.028619630290216063,0.006085346686019489
-0.08572538636053022,0.0011549018667575354,0.0038552970362040243,-0.007966149183964691,-0.0012257737624201644,-0.004155739947768698
0.051750483972593984,-0.05177633158958146,0.006228858001789726,-0.04982106356570729,-0.02208233257686292,-0.021758567222422375
-0.07611400616508313,-0.007344877572189458,0.0028396635546742047,-0.010171437807240767,-0.002564320919404711,-0.0012218878339752143
-0.08293762112291095,0.0022950379747343447,-0.006815946276590559,-0.000792195720568756,-0.0022770418396362764,0.0007962822224027397
-0.07860793924551701,0.0044849417649440995,0.0016657775802384922,-0.004914724193457385,-0.006312708968512559,-0.00663971850889276
-0.07433736845972337,-0.008144415400222,-0.001301740342387489,-0.007763208171282365,3.679850731208517e-05,-0.0020036235426232375
0.824397210019043,0.10777035034644529,0.10076435324430258,0.02688657512952882,0.10738440071037006,0.06470690257215367
-0.08952293906823772,0.0010746648102243374,0.006348161253156251,-0.0014295772350665966,-0.003377855872583434,-0.0037666453848557526
-0.0675159247339924,-0.004472477681589222,-0.009177143617672552,-0.00603211326425887,0.0034898900759120733,-0.003989242089478978
0.02176786128569131,0.0037329411581574564,0.005595305273967572,0.0012951170928375885,0.032173100911818,0.0012735678953940041
-0.08437726388309706,0.004311955436799168,0.0012712682843713545,-0.0057613481171399,0.0023817506237691537,-0.00576948092815191
-0.04816641092064446,-0.003638444217328185,0.013833497213214311,-0.003812859469843508,0.0017474248453504498,0.002826232143416882
-0.10116777932545264,0.010292893271715519,0.00723735856484485,-0.0055039806373770915,-0.004571099695709567,0.0015834633284283195
0.05462184912425478,0.002365973987839681,0.027195674959386587,-0.001575677701464893,0.015588842533030644,0.055245179708720886
-0.09025478027482173,0.0002670207688540723,0.0006284274346420438,-0.00785739086922476,-0.0018347980465700678,0.004668944823945735
-0.07089855200055227,0.004141444931453969,-0.02799051518339777,0.010894350655409581,0.005204820083810303,0.0005677181221159929
0.4126395867148655,0.18887847740127228,0.023854162647302096,-0.009108247704385466,0.012636722379133292,-0.0008361033415839448
-0.08097777399644096,0.002914142308405338,-0.003501158022118917,-0.006393933958649836,-0.0017167171460142914,-0.003354421229907746
-0.08648822878055842,-0.004349073231396431,0.0026186907719094286,0.0023335030519363096,-0.0024197665545560025,-0.0062525818848787025
0.21528190384298718,-0.029398646456684024,-0.05045010731052165,-0.06396565636638891,-0.02393297986712278,-0.0069896215878820726
-0.08396988676645549,-0.005335757587116506,0.0035119027038152794,-0.0009186321371662569,-0.0023742223658422866,0.002522699857886274
0.10485801985135959,-0.03509014949859982,0.008826638565449256,-0.04926271478101,-0.01015307437936518,-0.015680209511571966
-0.09190900527150521,0.0038762193238170194,0.00131747807237968,-0.002419488397196976,-0.00414236630848696,-0.0008530916117805527
-0.08166862240414736,-0.00792972283891274,0.002572046073872732,-0.004797098706235939,-0.005185002389160803,0.002842165961482514
-0.06550343591257592,-0.001541952810913628,0.0006231558320447609,-0.005537081626664127,0.0002512798918647987,-0.005185020904737998
-0.07456127820999844,-0.008567909692861848,-0.0013207740934672726,-0.007360749180945157,6.80738923957269e-05,-0.0020839132628171883
-0.07346760315634077,-0.00014523067437454594,-0.00047956650906045195,-0.009625598799043724,-0.0025097006393803105,-0.007503087621885629
-0.07583646271426474,-0.008158845349952384,0.002420212463538698,-0.010040684668772637,-0.0019784029411880157,-0.001062622416435908
0.12109396410802106,-0.047871152385604326,-0.017686815484542227,-0.046369600944499274,-0.03276261745942373,-0.03682238888409485
-0.08455782886528011,0.00369925637650056,0.0013637292591426246,0.0003551203686895609,-0.0024926485595604194,0.005333920647310432
0.579880763853089,0.012300227894393898,0.028642409636041147,-0.04553782941216485,0.024736797723736464,-0.038839224849146606
0.26381170397731013,0.03528429130693163,-0.09850868768073986,-0.05462046544977269,0.03640706280850424,0.01488410382743483
-0.09185177230655697,0.006319857257869886,0.004258854085492549,-0.002786217705927414,-0.00473098280699761,-0.004631515595431821
-0.07238565031400296,-0.0037481724046041537,-0.00044228695916082776,-0.007181221355734386,-0.005650961196241345,-0.004027649137117426
-0.06327213876923028,-0.00740525540729156,-0.0063322902106594725,1.3766640456076914e-05,-0.007372796318032454,-0.006331254826578798
-0.0766034265734829,0.003375928246308051,-0.00921767322445861,-0.003780367673456332,-0.003709772894262712,-0.0019203304842207731
-0.07976955543228205,-0.005253560945609541,0.0004191279516605985,-0.004701180249616387,-0.0013636265330214728,-0.003966621245029227
0.595863827755682,0.09502961966596721,-0.08721898402498278,0.0965965047090943,0.03898158134892645,0.057265246333936204
-0.082195180220621,-0.006441204986665865,0.003553995570634842,-0.0034347617045053635,-0.004678770916520012,-0.0007142002141740477
-0.07950136776867868,-0.011082954168273212,-0.0006352250363452035,-0.0043076130157398106,0.0030095311770800943,0.003583892981569605
-0.09099301786058318,-0.003905632238946632,-0.00027330828148692914,-0.0005245512809123257,-0.0002329982504993794,0.004697580634260904
-0.08774372429220394,0.016970693096117852,0.026285912364829148,0.03236276859159639,0.03504067894580543,-0.0008100955792391615
-0.07984957882620039,-0.0009177495094749933,0.0005950493468265358,-0.008268138038156491,-0.0006456333742876654,-0.004891435457994573
-0.08604140550357653,0.006696045028702773,-0.006798449428728165,-0.00619772158784927,-0.0064769725665942334,0.00461145229607425
0.09288290775015924,-0.052064497028937576,0.015386242510142152,-0.07599383743275667,-0.008947400056371796,-0.058632405309363006
0.2748513420446198,-0.10130811504110299,0.011994402746037046,-0.04150523547960751,-0.0159305571728272,-0.0021385791694129882
-0.1031959041904186,0.00018966947390914305,-0.005517070851298528,0.033226218783819886,-0.0018103438509049395,-0.0030774775562123413
-0.08614485059249662,0.0023007536173024435,0.0015047567981064716,-0.006024962444461654,-0.0047863018208525905,9.600620602078961e-05
-0.06915349298451089,0.0017429777959621,-0.011813867453140711,-0.007006711577646953,-0.0036075288419868184,-0.00413599754526295
-0.09835968696739657,0.0042112326313437825,0.0019781032288810146,0.005912936003893221,-0.0047185028468277514,0.0031312667227789107
-0.08173211111370089,-0.0064984002750338166,0.00515767368521065,-0.006487614521335775,-0.004298950648619234,0.00037796830702208783
-0.09126598805115935,0.004786503941021548,0.0076757911664688365,0.014750490834428516,-0.019395672216995327,0.007829435380862717
-0.08799560938007753,0.0034033991455815205,-0.000748326293647717,-0.006476824752788567,-0.001076786112867559,-0.0008008483858749937
0.10933547205908413,0.020888204005051002,0.02775181691932553,0.009262115712357058,0.006676840252367632,0.0770584708344413
-0.07803963436812782,-0.00518746903031732,0.007717135863641579,-0.004753021779806489,-1.6545753210810832e-05,0.002224624004343962
-0.026137785531683746,-0.0010966971681547948,-0.0023815071227495546,-0.017363187418979322,-0.0025763570565667613,-0.028368335610654296
-0.1323138101949968,0.005677314356728517,0.004011520316868837,0.043369877576928416,0.0008230840711651137,-0.0024703133249278516
0.013868181206573937,-0.005610480791265091,0.00598441330963962,-0.006605219022708034,0.001673172564106204,0.019062680813402302
-0.029266281364692573,-0.010243214531092648,0.0029347771313189713,-0.0008249404558396947,-0.024680434873103466,-0.027386333761593655
-0.0785417555751623,0.0005266036892289482,0.0004887029165764573,-0.004252870287214302,-0.006757101793353283,-0.005700141948882751
-0.08376304793713849,0.0021983353582745997,0.0017293576467071832,-0.0036295755542701583,-0.004350159780711701,-0.005320351689615633
-0.0996328222895183,0.01574298690483513,0.003205448113808122,-0.004940451954946188,-0.003183081423155386,-0.004611980293120137
-0.07692407332295338,-0.006789817298257382,-0.0010849250215406935,-0.0054742930865375435,-0.0030412401979543428,8.314524299423882e-05
-0.07712037169131827,-0.001698084870163004,-0.00024637871058918586,-0.006052902841172456,-0.0031500760248968436,-0.004653967416014059
-0.07851272664110001,0.0031755597260270697,-0.0013508616275967544,-0.006863284445689695,-0.006787091350768359,-0.004185352659977662
-0.06351564172907516,-0.002705927022893467,0.00584718090594068,-0.011209193679080897,-0.01070650425119188,-0.00892288260260719
-0.08247290152201674,-0.004838479683030317,0.0006722634735389267,-0.0037558074046011537,-0.0017882699636067344,-0.001662242780797099
-0.0941545606351484,0.005892668744491353,0.0027634870784107885,0.010871462187535678,-0.010156041114918635,0.005812101878484465
-0.0743389050136708,0.002999158191480323,-0.009015828926391866,-0.006417470438321673,0.0023010912741845708,3.8944429843822054e-05
-0.08093699707555474,-0.005704387301852917,0.0012431521212349673,-0.010045538451074481,0.0005178097593795943,0.0007743759130160245
-0.075744158371649,0.000560068864019643,-0.0088485749965873,-0.0033161877485970237,-0.00022307701434266702,0.0027306620442888877
-0.08700554046422951,0.0031660531209151176,0.0047797189166386,-0.005134943825607829,-0.004090238111821464,-0.0040981323423213345
-0.06997019231267074,0.003220485557685032,-0.01147199105429325,-0.003595302659444484,0.0073629806107297505,-0.0011868820423322453
-0.06812870625103318,-0.006034587824379826,-0.0007749127010451591,-0.007812777113262507,-0.005075046197926089,-0.004804409677304483
-0.08239648094157642,-0.005761021132719867,-0.0011002307067083995,-0.004217449292819128,-0.007354520091916527,0.007072735090358055
0.21573911258534692,-0.15680975835673602,0.01232771669369478,-0.0823471006103555,-0.02725819690949131,-0.04564952766547873
0.3742004063088202,0.1304664157213179,-0.10324836290205287,-0.029202141463589928,0.008345159093908643,0.014013105932030043
-0.07481059992527773,-0.004431500967591519,0.001253778438129823,-0.007082912531481565,-0.004104594303871978,-0.003242321417622114
-0.07976955543228205,-0.005253560945609541,0.0004191279516605985,-0.004701180249616387,-0.0013636265330214728,-0.003966621245029227
-0.074976857765133,-0.0015702385423048656,-0.00015034583859621363,-0.009414500046851165,-0.0011102794493466279,-0.006868346414054295
-0.10343450710232689,0.021338500722973715,0.011223694775316817,-0.002445850638096529,0.010094642783759846,0.0053272843251848485
-0.08900467403489522,0.0005448423645152351,0.005779537632465261,-0.005461536305631374,-0.002572673015155569,-0.0032725279312078906
-0.10278028127013406,0.017358186158429312,0.007016924172086604,-0.0052137115267865495,-0.004930405158897406,-0.002789998254034157
-0.069961759886274,0.0010479255790244756,-0.03643984777674677,0.03395386612121101,0.025771373905224437,0.006236949348063857
-0.0788557449017104,0.000708188790665701,-0.00810257746405434,-0.005176486747180898,7.243551362635583e-06,0.001945783808447202
-0.0933590477074157,0.002868129858577171,0.0015137203939693529,-0.006269917148331793,-0.0008562352478618127,0.0022735682063693935
-0.07163716207139943,-0.002223504054823469,-0.008537878211580802,-0.006695430204595749,-0.0010867936082717372,-0.00393573740872044
0.7377830227354445,-0.0009061910660348815,0.06288102292247123,0.3467316469891004,-0.006808717548533181,-0.007321052488114141
-0.07818437035090679,-0.008385433918922392,-0.0039888327690570016,-0.0034533200299301,-0.003984334229510306,0.003914762133495967
-0.06447185626667741,-0.007879761891983755,-0.007060952257384432,-0.007120057490522329,-0.003115935347074546,-0.004122594404603743
-0.06885346488020493,-0.003990109810673831,-0.006794592050677271,-0.008521176470022528,-0.0038154411926973578,-0.0024289277438837857
-0.07391696018501508,-0.007669526455938515,0.0024462209654482086,-0.00754500441791884,-0.003219672722275986,-0.003535544302783522
-0.09167225901331012,0.0035889942330803474,0.0019899029975144014,-0.0064146836616143,-0.0003879980536170347,-0.000539807009728408
-0.07807227200250526,0.00757644867564439,0.002903590842502048,0.005398584207593296,0.013772408445366079,0.0025309481658791697
0.741345747760162,0.010933202112246966,0.06139272197569597,0.392041337494087,-0.004562543053308622,-0.007145769352039778
0.21422675535645708,-0.08679142685947452,0.003510163546744729,-0.06869874755269488,-0.02752513867177699,-0.01919670032469656
-0.07269775180591523,-0.00673903559311106,0.0009740486403779673,-0.0077187268803250615,0.005870547987023601,0.0036087083972853335
0.16922336006459285,0.0045423485498802575,0.04254010019633389,0.057022103162949075,0.028862915191063074,0.12129695648300315
-0.020491997491878324,-0.012396075694180133,0.01112957322830839,-0.01160764540932488,-0.0012661224338053867,-0.0250389608095424
-0.08444398123289859,-0.00016711631141833554,-0.007379873215450105,-0.0040710931834423425,0.004743975931814601,0.0029027746438054975
0.31033237459268237,-0.11065085679911286,-0.0035176816854729114,-0.05993858836663035,-0.01788233939952998,-0.03176314062986422
-0.08672940151492214,-0.0028092212874948597,0.0009878039529009886,0.00101175093471966,-0.003439547034696029,-0.002080680215486321
-0.09164735439933722,0.0038690951026497215,0.003663273103036463,-0.003073587311438472,-0.0035799889063881382,-0.001976918934794478
-0.07572449224407969,-0.003028384528497634,-0.002798087642963334,-0.0008380150618423632,-0.0047905422415736795,-0.0038222530096770195
-0.07444273018336126,-0.007567497372609241,-0.001959248947303104,-0.0015465984668871977,0.004352524632531645,-0.000742367811988036
0.07310999350664192,-0.05214150929552359,0.02611497473226541,-0.02856286775684506,-0.029075326652911546,-0.008027197676244314
-0.08437468604990499,-0.003396259102742783,0.002615271845075205,0.004283711335379212,-0.0012885859148061955,-0.0008449945599415255
-0.06053400083868835,-0.005752518553404388,-0.011215728571231313,-0.0013685538783717477,-0.00514122016744963,-0.0055556037505417296
-0.08296543758503556,-0.002794967269594079,0.0028912260422162936,-0.009226406517772165,-0.0024954592243280724,0.0008138261456544974
-0.08173954513999572,0.0018872286991595958,-0.002311606427634886,-0.004778207991508798,-0.0011043936887999764,-0.006010939736872008
-0.08155526951498639,0.0027407191626782007,-0.0028981525276016522,-0.006593181506828999,-0.002597965949771398,-0.003403265133459768
-0.07730174796374474,0.0014223993304905455,-0.0019661848745535326,-0.006484831375762364,-0.0035240022384566217,-0.006078835457226083
-0.07580400039327542,-0.0003406159125496572,-0.001548765749857085,-0.006555371257225041,-0.0033667307837000923,-0.004861736364888553
-0.07695290510767369,-0.007445557150613745,0.0009631535316412485,-0.00385630750746154,-0.0027956952205616444,-0.0044124358715644215
-0.06405716181841249,-0.004185846754321712,-0.007399041196937841,-0.008712380865886818,0.0015771260239569216,-0.0019446788941319033
-0.06799451806749143,-0.0046049865898905055,-0.0069535850425279655,-0.00739941036908566,-0.0014956309276401355,-0.004721429139469549
-0.08380100929421028,-0.00082743043800051,-0.00024041433921736147,-0.00779993814429767,-0.0063263773755641625,0.006094918748944541
0.23801454588096335,0.09275039606170943,0.024038685166906302,-0.0028069690354872254,-0.02111359898814262,0.02065292531770403
-0.08233842814845588,-0.01151317586064484,0.0026769818574081043,-0.0059589112981422295,-0.003783995653979314,0.006312704436747459
0.25265496683866556,-0.036964644881542344,0.02195907428866516,-0.06435363547821336,-0.048591779528529735,-0.062211451369570056
-0.08648619095432399,0.0020829484615849047,-0.004513902332481621,-0.0031357712165453384,-0.0027896271564308425,0.0025784362326727694
0.41034383666140195,0.02244384257943682,-0.18148234602445887,0.2652236957695566,0.00025833373396140285,0.01770933696242757
-0.07906587886318879,-0.006504233095883147,0.0024139047364566037,-0.0010755954055637934,-0.0054228835046933165,0.004744222025180964
-0.07107806186983633,-0.008782280860039765,0.0019137768014122214,-0.006669998785290102,-0.004098237664944375,-0.005308284580832472
-0.08311864533276735,0.00494214893183198,-1.9001315306230855e-05,-0.003227330446398811,-0.006965859147810854,-0.0037014380517673725
-0.07997680535322836,-0.004246283950219038,0.002357888316683683,-0.006901832286923201,-0.001904952445049356,-0.0036441984453482274
-0.0682276852863494,-0.007421703206294511,0.001549229419925482,-0.009424029329661162,-0.0009917667552764892,-0.0059034182848805555
-0.09153450683639701,0.012305232266129817,0.0040737387888236,0.0007304570641577985,0.008767693267211135,0.007635064046638382
-0.07474265941516224,-0.007991083362355522,-0.00047361123693668655,-0.004567789718109328,-0.0002352633036429294,-0.006110793982929554
-0.06705496429684617,-0.0048040127552677996,-0.01057411545757861,-0.006886502461918893,-0.0018577326881970711,0.0009503636068916193
-0.09180832879458506,0.00394210544457776,0.0011181451673467767,-0.0023598296224762024,-0.004058727382007763,-0.0009606790138306839
-0.053317054235212775,0.03012944767147256,0.04217804056355726,0.07303955699292308,0.12278709747072644,0.016713424600740937
-0.04503721219055591,0.01220755556657997,-0.004857638273374065,-0.0016671560996007818,-0.009865939106970562,-0.03274275337695868
-0.09885116670377148,0.014025636911094888,0.00019673864800240346,-0.004965071900469641,-0.0030297628117139618,0.0004813368071004858
-0.08089302915681318,-0.002830157907407958,-0.007226641892043772,0.008953601391850358,-0.001198003294153499,0.019812990765046983
-0.07951990723212013,-0.004526910137152324,0.005485556446881158,8.111126838796359e-05,0.003264070749284837,-0.0038847823923715153
-0.0906558784740935,-0.003078752426798981,0.0026225369207741565,0.0006154112551110368,-0.0036019299481516312,-0.00040128323837557324
-0.07022711223907581,-0.003901017687461066,-0.0031544040018307655,-0.008933085290846726,-7.53729049768749e-05,-0.005087804040516084
-0.07593154902589458,-0.007720903499271196,0.0033044123036327696,-0.006835214162807633,-0.0010506974374295882,-0.0047474892170422285
-0.08018649089527415,0.0035376489873872883,-0.0003060314517749019,-0.004267066464014488,-0.0052217080686481785,-0.005280032450095215
-0.06721301883944797,0.0002066005711585535,-0.010364526752292255,0.022003692556386338,-0.0026594901802245805,-0.026158732091477226
-0.08302460924955445,-0.004991523935406581,-0.00201054744906657,0.00593580816724872,-0.003848030874755455,-0.004109930015369813
-0.09040587436448234,0.003286598292819144,-0.00034733140827689904,-0.008180788389417729,-0.0007129885496027569,0.002162666309355763
-0.09255031029393444,-0.0038519764078177895,0.000813382481335805,-6.629401408842433e-05,0.00013260831797030863,0.004959626568325872
-0.06858291233672635,-0.00484747486320015,-0.009141996366781683,-0.006582674477301062,-0.0017571979937091814,0.0006435006959298002
-0.0379087928462394,-0.007914030075230779,-0.008245852328672431,-0.01939970025666995,-0.00206113050389068,-0.018378731422428816
-0.08047791037971437,-0.004748499444470316,0.0027413610949260842,-0.004430440568898021,-0.005233996965004075,-0.001417251995099436
-0.07865399901743535,-0.007145277622791455,0.002882754715359057,-0.007592973253070368,-0.004160112988575269,0.0008891732491876871
-0.06744547598958556,-0.005594742921347467,-0.0013054506100874034,-0.007954234236408819,-0.00536658749190408,-0.005649968320994085
-0.08089302915681318,-0.002830157907407958,-0.007226641892043772,0.008953601391850358,-0.001198003294153499,0.019812990765046983
-0.08014755323646441,-0.0055223849799864635,0.002911785650476786,-0.002559685507204539,-0.007299173270581253,-0.0015427566481336402
0.01072228628461827,0.003315201208241633,0.012761561058835639,0.013537751586665132,0.0034368169646476626,0.008488729389591141
-0.08063787958974884,-0.006128620611140532,0.0010218747017886423,-0.0063206169877713944,-0.0049187056941519605,0.0035950849087033167
0.2602864413070578,-0.2048965856783573,0.016874755470818462,-0.0892705666537293,-0.01131698597430022,-0.013006539056633496
-0.0806234792370747,0.009982557103357149,0.0021872573492313263,0.00481041071047639,0.001831028743771105,0.004007538330046175
-0.08437937564639171,0.003513529825440441,0.004008623795865504,-0.006129305054768672,-0.006824477876872028,-0.004646884136801109
0.08099105663523555,-0.03635558654979593,-0.016786157448196906,-0.042601292489148124,-0.011082032713358052,-0.016810677601479408
0.10616341195781238,-0.04501922489763527,0.0003528795802794463,0.005927554752456079,3.2473698409380356e-05,-0.009072231524412734
-0.07990373133414408,0.0019387982115197148,-0.0041882347488051315,-0.004293069674597679,0.0048066048628682325,-0.0035050723087955353
-0.08908235603990243,-0.0008795143056045229,0.0038935435675768767,-0.004162752412309474,-3.136828293914208e-05,-0.00021585833311353971
-0.07933454902469596,-0.000643627654062882,0.002454612758264157,-0.010484117981337497,-0.0014829636348007338,-0.004513284590992108
-0.09263460655882093,0.00463045282337817,0.008335965734164778,0.01385791627423926,-0.01985028473908721,0.007220637078857705
-0.07127274294441506,0.00832781541196692,-0.004937153242138775,0.014000675191924905,0.00867380580475052,0.0027976198748264898
-0.07597390452045807,-0.0041366444742772035,-0.0002359214984211451,-0.008486328325722905,-0.0013733618415333372,-0.004229530478012375
0.2537754281402846,-0.12468093447674677,0.02955234409269536,-0.04888546953383028,-0.02758474039525948,-0.011474087930433278
0.10225005787138187,-0.03062510103903579,0.0012200569840887154,-0.030883715288227448,-0.01587230420731222,-0.014408496550530342
-0.06629727617193618,-0.004362694494272585,-0.0029595791091340134,-0.0072991323848038215,-0.005298086885946949,-0.0057404161062157896
-6.41952165150721e-05,0.005341124551568811,-0.027149057790315873,-0.011262194700321079,-0.003943159315787311,0.01741957008182602
-0.07890511585406645,0.0030479181164932787,0.0029511171616685775,-0.0020893148872069686,-0.0016086955351067446,-0.009349539995433212
-0.0646078701802658,-0.004978621645813632,0.0033959154533155533,0.0008721765019907634,-0.0039949011241079595,-0.0017160839027410679
-0.004031599394625722,0.0011873204023244643,-0.0414917557088293,-0.01226889299233653,0.00843759770053957,0.018788768999248705
-0.0795222852573339,-0.002702123604987065,-0.0005775546890834214,-0.006382714935705724,-0.0034312697695541017,-0.0018988719814905662
-0.13260915549979954,-0.0009812008066942865,0.0029370851091669306,0.040038204046979754,-0.0018072942228620087,-0.0009621964320736639
-0.038544768789622416,-0.002753598344115936,-0.006857632364310246,-0.013410918513316127,-0.004409834038763352,-0.025660266585340593
-0.010528835753817066,0.00255476760430036,0.027987723216584354,0.06133536418302487,0.008848618689119625,-0.00022892338079289672
-0.0026662494887652083,0.0075697455094120136,0.006664497854835206,-0.017987865187832356,-0.024509716184073136,0.020949392673202644
-0.01652786328277522,-0.010630545578391763,0.008033044405212662,-0.011565435901996164,-0.008969571997681869,-0.031237215190662693
-0.07905468744319406,-0.004464923745292248,-0.002120775533122604,-0.005869107380450904,-0.0005982036362819178,-0.0024549179316607074
-0.07067147246074891,-0.007152768360578269,-0.008796189574284042,-0.005622886056615496,0.001134289839361281,-0.0012280961679195675
-0.07260504523857254,-0.005309867225605589,-0.0025395045266466978,-0.012999474046030926,0.0009558520489796769,-0.0021015077025974857
-0.08027802615468864,0.011841227766461952,-0.010784590763695926,-0.005774092965044009,-0.004518913347309613,-0.002333151424793618
-0.09786875953137229,0.0030408438336351393,0.0006782217014165407,0.002843729252772742,-0.002398214362302451,0.001530492330289851
-0.1008537941296566,0.004348053434709455,0.0039650997192492,0.0021284140592590546,-0.001665103956666595,-0.002356553803811963
-0.08264974738857192,-0.007288967347346346,0.003447899834714267,-0.0063215682303870415,0.002227292393050557,-0.004002392380178414
-0.08367391187337903,-0.005717063467006711,0.00047132538535824524,0.002480269003019466,-0.002848358750396151,-0.004806154967845691
-0.08541133007297204,0.0016537664053242885,0.0033903184317615196,-0.0019508321369946745,-0.0047347148495229825,-0.004893084129722505
-0.0904371319979654,0.002028908995826384,0.003620311978096126,-0.0067361713055581526,0.0009120928962841749,0.0014989979619482586
-0.07100989322089611,-0.00587941504817878,0.003448169501073466,0.003984663919026028,-0.0074455500323796445,-0.0077289425970139694
0.1506417727496044,0.01692248561840167,-0.019489916860799695,-0.025191248355270403,0.001520897407571399,0.0009703910339581759
-0.09596130172470438,0.0017405672776115108,-0.0045043910928701265,0.04004345347742516,-0.0017304624346571454,-0.01884232406877952
-0.08878033104896844,4.524650295420293e-05,-0.0028579959052097395,0.0025173573164981237,-0.0012513399058013308,-0.0023951892701409606
-0.07168805913760558,-0.002866570530606925,0.00010922772618720134,-0.005395736976998854,-9.833678165055799e-05,-0.009332003785307436
-0.08631521866345948,0.009701387442301057,-0.0024124195010353264,0.0058804665187259944,-0.01581159848224985,-0.005452015133683011
0.05967979811179217,-0.04894642878272136,-0.03719702581151746,-0.023064942443112448,-0.020426508226882887,-0.0019391993075707186
0.21441424253399116,-0.1510933112356388,0.009706800743520767,-0.08592197728418195,-0.02366392726652913,-0.04434023016268242
-0.07879455926476975,0.0006680533954982667,-0.001871324687075798,-0.006092338127980939,-0.004504801626340111,-0.0039509753564472535
0.031012242430723504,0.004546849304163641,0.0007110968739891735,0.0004267041969700145,0.03657039609757923,0.00045829688933096794
-0.08704926335354199,0.000791268717444768,0.004901562797290324,-0.005838219609300772,-0.002693309933019123,-0.0035403251600251893
-0.07260504523857254,-0.005309867225605589,-0.0025395045266466978,-0.012999474046030926,0.0009558520489796769,-0.0021015077025974857
-0.07674084386696968,0.005158968618455129,0.008104936816771135,0.0023421006522867695,-0.002120769065820286,0.014068710291852762
-0.07111632669113782,-0.0031470624056542584,-0.001925873586906313,-0.008416674802346834,-0.0029478420057159776,-0.006657280164948058
-0.08475196231604046,0.0016697149476797067,0.0018543728665258495,-0.00547015035091922,-0.0013158523529910868,-0.006434063019387559
-0.06688362350580612,-0.0053934225189875284,0.0031026599328944095,-0.005228395022500314,0.004892716224525097,0.00251535662869882
-0.07470919666330075,0.002537212124922827,-0.00898041741080456,-0.006597750066201438,-0.0003809547429425949,-0.0019879144373223813
-0.07405214157205493,-0.0047259772937137,-0.009200074266816786,-0.008402660969982984,-0.0005351163870574378,0.0027496140414785663
0.42878613803351184,0.05985269168490512,-0.041923449601636784,-0.028227496196677998,0.05516539718278988,0.02404248050593778
-0.07605745900468622,-0.004380192978189865,-0.0010844860550935807,-0.010116673227575127,-0.0022816146577739117,-0.0007186483178789933
-0.10369338210325084,-0.004217905598272307,-0.0064993764453883255,0.03211105674261622,-0.003878992862367951,-0.004589768322111803
-0.08608557978044089,-0.0027632757392809107,0.005019375414107942,-0.0032490344114454316,-0.001774825569552021,-0.0032315843233725623
-0.08047102903717954,0.002319205575453098,-0.00894764896669367,0.008364781916463958,-0.0058756322726126065,0.002487371118536582
0.7775478416913875,0.00913921542507977,0.11664160685246824,0.562390731428875,0.002989550207529418,0.018625348748514167
-0.08014797760378141,-0.0021109700834754303,0.0106209631707346,-0.0021347582668247724,0.008937579030719298,0.01093071661748882
-0.0861504553593652,-0.006874421938334276,0.003152793617229057,0.01465386018309088,-0.008002177194719582,0.007525996066360585
0.16140293596227978,0.04032408587870311,0.0035447997365811164,-0.0016679808995281897,0.00525816273078904,0.020792152933933203
-0.07556210142479045,-0.000894851572842191,-0.0017239016159807052,-0.0063138430041819165,-0.005325453321627157,-0.004472521704618326
-0.06602415230712712,0.0010298854515269507,0.005526960162524233,-0.003253001058638838,0.0077489584295791095,-0.00251037049994573
-0.06892981991943392,-0.004909880154759338,-0.0027721764446616507,-0.009390681137430159,-0.002721810262979358,-0.004911546539902622
-0.09374405021359386,0.004461183463848585,0.00030305476591697034,0.00595868839636651,-0.0010822870668526692,0.002689570343819831
-0.07470314699047548,-0.008926520568924737,-0.0010954553967826948,-0.007257255997200695,0.0003531446069706171,-0.002093997888196678
-0.08409057987092719,0.00418388211292258,-0.0022957128536727897,-0.0032053954188005817,-0.003777293209058115,-0.004184981562300538
-0.07607689172668194,-0.0033679380759989116,-0.002860872192239266,-0.0007799401618517808,-0.005002925922063464,-0.004111629917621603
-0.08975469155349115,0.002289877184226107,0.005510222262022859,-0.005448189298802647,-0.0014200014035293243,-0.002019519304722622
-0.09167998458710125,0.0016523667620169072,0.0006136945041124311,0.00613685924108812,0.0026368963162722307,-0.003247233490713145
-0.06994691736905678,-0.0011303924807907853,-0.007750732613948246,-0.01023174180736023,-0.0005762745753559062,-0.003921873868147694
-0.08920799781367317,-0.011397845792363033,0.0038530427418942558,0.002704434365718154,6.198547458927434e-05,0.004350038380811791
-0.10175926003833914,0.026604284052664805,0.00023990171899536682,0.007111531320767436,0.017180340984780617,0.011682294649603037
-0.05251312510019982,-0.003196322816613961,-0.0027328028127360615,-0.007578524270103821,0.0025523812688364655,-0.0011694620846111653
0.27066349951669866,-0.1034605394306067,0.00817299504847475,-0.03446245538096748,-0.020573627230505112,-0.003863740055154138
3.033852307548616,0.019856804135273375,-0.07032562111944872,0.06280596456968696,0.029645804113371737,0.04877430870111369
-0.02979633832390763,-0.01299943536448025,0.004963298381773506,-0.024719927467480505,-0.0012741248542496898,-0.030748653854399215
-0.08541133007297204,0.0016537664053242885,0.0033903184317615196,-0.0019508321369946745,-0.0047347148495229825,-0.004893084129722505
-0.09065518142827321,0.0016636846960222645,-0.0027703540332901593,0.00544830489453662,-0.00015666297816765642,0.009024326993650385
-0.04503721219055591,0.01220755556657997,-0.004857638273374065,-0.0016671560996007818,-0.009865939106970562,-0.03274275337695868
0.4540097135532349,0.06334685601434475,0.04298139471842411,-0.014792821278691259,0.032354991081424464,0.022195271651543013
-0.0032074150231174423,0.00651236729116313,0.000832129733472341,-0.018888446785719104,-0.023348148287326332,0.020232497211586785
-0.08953865170143707,-0.0036843337930608003,0.004643676980920608,-0.0025521964948919218,-0.000527027205010543,0.000804920398093108
-0.07820833265019095,-0.007705942197644187,0.0015774037243708827,-0.004370824204148497,-0.005223152147877346,0.0008234706536517125
1.3344992627231451,0.061026601005433216,0.00432080506190777,0.05202237225205055,0.003257317801747384,0.017183989807121512
-0.07900009156736848,-0.0005423680581031819,0.0014728210927926364,0.009172117502952387,0.00600782934020629,-0.004789346965083766
-0.08051196493525663,0.0033569032236202222,-0.009975679194930696,-0.007330698920232933,-0.001437267190884372,0.0015227104135576168
-0.0951880947773976,-0.001787341131756594,0.00336085579415299,0.001672928155594527,0.0006963967522033414,-0.00306858833591517
-0.06784409599231792,-0.009794668767070696,0.003292843912468252,-0.00782049749527931,-0.004821996332502193,-0.005024945154711569
0.4104415739104052,0.00917189615978588,-0.07235326744190534,-0.0351966707521166,-0.018430760535806372,-0.014222525820821716
-0.07898414847381834,-0.007628625757307479,0.0012025350536394035,-0.006102291033947148,-0.005009490619621105,0.0034833600230831313
0.7676401154090616,-0.008199884005118153,0.11233622092641526,0.5118122298625498,0.006601811577643428,0.020641727439594363
0.3089175037192648,-0.011622109042024853,-0.07121906581550085,-0.0553122020570096,-0.020697187997169558,-0.05866440977096761
0.059225017112506266,0.0017460330895096268,0.03710318520170839,0.0016110775627655497,0.018565306823974382,0.05749572185887587
-0.07071363792672308,-0.0037465759065624035,-0.007825758142785763,-0.002315223732048232,-0.00571369748546976,-0.0014441622342360708
-0.07366851570167897,-0.004136946033114272,-0.0015641000966148907,-0.003976986265989347,-0.0037142110907214835,-0.006096737084120631
-0.08404074481412499,0.0020123232569421072,0.000529242966461318,-0.00417944788286391,0.005202592181941749,-0.003671686749985526
0.4898126600476043,0.02584054411431572,0.12261055218725711,0.04695173973289092,0.08475832968168404,0.0875287936008956
-0.0713383691487377,-0.004858203366735001,-0.008950737594176724,0.013667640821169766,0.005354420930593483,-0.025105670263136357
-0.12283056945055364,-0.002767510291296637,-0.00020376361417625852,0.034801171742233065,-0.0021213154065015793,-0.0015401850070818485
-0.07388753197083742,-0.006004883105313692,0.00042285439466399144,-0.008520665170531164,-0.0043477076645780524,-0.00225187445964833
0.24960279019984632,0.007441088594138691,-0.08679353691406341,-0.044669743374221846,-0.033295392234067585,-0.06523123741115378
0.02266628322203466,0.003688059419121621,0.005193662678588495,0.0012369974700229493,0.03181852257898856,0.0012343682491097422
0.5822660249644488,0.2429938155747548,0.10383157038940799,0.011424481739119322,0.025688722926052895,0.02878443736079497
0.4126395867148655,0.18887847740127228,0.023854162647302096,-0.009108247704385466,0.012636722379133292,-0.0008361033415839448
0.5097165788866276,0.07627353303064141,0.15365137679100077,-0.002429974359516224,0.017154585773166715,0.01995202326130547
-0.08102889337073906,-0.006975223243519542,-0.0011220028983264035,-0.002727761255288334,-0.003824139512108215,0.0022378879916184705
0.34072929024600307,-0.015205277164813106,-0.13756688620351448,-0.05802909444650764,0.00932877283397228,0.012381940964413269
-0.07476750291574573,-0.006933456550443182,0.0020791999066378758,-0.012328984009267147,0.0001683451307399937,-0.002852746896697886
-0.07136282089578741,-0.00679648027984717,-0.0017907740958868097,-0.007561394327831659,-0.0024052373557031433,-0.0037313919050590613
-0.0792531242412862,-0.0033432207614006093,0.00038643468996269056,-0.010366208791093819,-0.0018425593283142633,0.0004954677829109049
-0.004151310825273794,0.0022157632487638107,-0.011952133193831984,0.011500276365739328,0.0008074992099535905,-0.017168274325784008
-0.08823639587786584,0.004258158051112493,0.0011159008855820705,-0.008103988818198281,0.0010017877702613357,-0.0006223759006968012
-0.03406315670382874,-0.01023931831155635,0.0038687314357734003,-0.020094950595990813,-0.0021821458098178286,-0.029862318799343035
-0.08748593964668491,0.005843159479412486,0.007731754085167866,-0.01362559313843137,0.004896341624238037,0.004719788122807797
-0.07606636854047032,-0.003892294157703267,-0.0004749844724231515,-0.008399789399315273,-0.001413329996066769,-0.004302888814451244
-0.053691469473661234,-0.004334013116305548,-0.006497055989728195,-0.0018846190184586766,-0.009480211644760327,-0.006067495878651471
0.02266628322203466,0.003688059419121621,0.005193662678588495,0.0012369974700229493,0.03181852257898856,0.0012343682491097422
-0.08014755323646441,-0.0055223849799864635,0.002911785650476786,-0.002559685507204539,-0.007299173270581253,-0.0015427566481336402
-0.07604265186774178,0.0013930744048418105,-0.003882390846137568,-0.006238009368024334,-0.004229436038452429,-0.005348138937994292
-0.08996873755845053,0.006574242172439922,0.001907388632654331,0.006940258125539666,0.007959845934412662,-0.0047560947766860165
-0.07251835547607931,-0.006670842461714549,-0.0013001809583314955,-0.00652973935379791,-0.004221337435153279,-0.00298355760935902
-0.07469551841082518,0.016115925402575712,-0.03053805003437356,0.03748934897662707,0.0704609833032943,0.009360975556054245
0.43403433504824823,0.06367536275739255,-0.02657571221875177,-0.02117813994649952,0.06751963025390136,0.02385631152338681
-0.08492935256983329,-0.0004860048547832492,0.0031481400418266812,-0.005234602623871938,-0.003765260851431749,-0.001648317494628993
-0.08641471323503105,0.0016712728075974504,-0.0005788102548542912,0.001730858339063375,-0.002271854091888389,-0.008361579805236018
-0.06991957808071267,0.0007811372205731654,-0.008590772751795922,-0.008328348389284031,-0.002133656877394386,-0.005345708985758044
-0.08239648094157642,-0.005761021132719867,-0.0011002307067083995,-0.004217449292819128,-0.007354520091916527,0.007072735090358055
-0.0729102768666495,-0.0012610178573131414,-0.0036727587223421058,-0.009215605995873193,-0.0009040830398657208,-0.006347522982178209
0.2580712770680682,-0.009990565399227635,-0.1336736675773871,0.00983015260244116,0.027874209108668575,0.028918648309042765
-0.08073858449081503,0.0024069268797352506,-0.008822922859427339,0.001956000448804306,-0.004165095927624504,-0.0010061289060461032
-0.07090145282568465,-0.007151369443462486,-0.0013273937965013036,-0.009188939119788693,0.000612836618218977,-0.0030890773810016013
-0.08312632029176693,-0.0035180182335384203,0.0018348652419016885,-0.004370874625754771,-0.0019352185292530381,-0.002225188708242969
-0.0379087928462394,-0.007914030075230779,-0.008245852328672431,-0.01939970025666995,-0.00206113050389068,-0.018378731422428816
-0.07194867929909624,0.0012735592441422024,-0.009829348808148128,-0.006411939403118359,0.0006906887930806584,-0.0059696917648437604
-0.07077851910314804,-0.005712722067358846,-0.002987797495713793,-0.0064577030165715345,-0.003510542497618283,-0.004203604419194053
-0.0710601431473246,-0.006721739097288273,-0.0030067734642543627,-0.007980757597960722,-0.0037626637017102614,-0.0010506235067237963
-0.05171797840168797,0.01670145816499143,0.006521305500598816,-0.0017574020727335814,-0.011146871050804792,-0.0360069859913712
-0.09495028323957064,0.0023866571561331614,-0.0009956163905027295,0.004465167290731104,-0.005103528919538099,-0.00011667075948318514
0.6863011953746176,-0.013039544217901744,0.01628606196851896,0.4115888485545299,0.008012535863894554,0.01668796462309795
-0.06601650432129973,-0.006073182239879229,0.008248519093050077,-0.0019324596601461592,0.008465890135266402,-0.0009601278478349577
-0.07714242515655716,0.00266334068320016,0.00016666745677597063,-0.0071156893994846595,-0.005286608579830201,-0.005241018006766064
3.185130498375847,0.024629314601869318,0.06998598262192586,0.07651743877324599,0.03354831058630827,0.055665547531600246
-0.07395992738204525,0.0010874147468440953,-0.0040746853361345045,-0.006989249921976816,-0.005093712987779178,-0.0054339988767755365
-0.07716581829915654,0.0022603914537020803,-0.000446216843489051,-0.0061299143883287825,-0.0035274650051350847,-0.009110162251889884
-0.07026792465392233,-0.005871367711824432,-0.009258610897845345,-0.00708661439903611,-0.0041973890591414705,0.002989050575418229
-0.07169903275666678,-0.007195362604705398,-0.0013581640470460106,-0.0076430472918770295,-0.002522421201156897,-0.0038948746508863856
-0.07257469924236479,-0.00828534243520469,0.001427826268173172,-0.006358337087450713,-0.003962984671017855,-0.004264125732849542
-0.08807468968384087,-0.00048063504011515234,0.0049474963538404144,-0.004292805588033392,-0.003098167730389176,-0.0020367150033870833
-0.07744076608025907,0.01234713654819161,0.010816444382619209,0.00423367245929682,0.012029357791101201,0.006350103534124667
-0.08673592170530571,-2.8488895131598743e-05,0.00434146364226222,-0.005563773129177192,-0.0007540000417628909,-0.004990278220363591
-0.08549890402229754,0.00041522026269157997,0.0036913797295878075,-0.0031083859763143115,-0.00501213369840722,-0.003248624176926774
-0.07496106523279433,0.008031071146025187,-0.0138718386222385,-0.002219574079723519,0.008035786590173144,0.006009208595008641
0.2527259131223565,-0.14405368749714062,0.017040178688060237,-0.06918526888756352,-0.02071994468044348,-0.004815562722831617
-0.07570817154806306,-0.00542873821881875,-0.00022205470904858478,-0.007098586719105531,0.003624794295045071,-0.006391931035564486
-0.09881438276346241,0.004176266576327826,0.0018042055822375007,0.005961314935333598,-0.004859267556375065,0.00306557502053159
0.484135583832413,0.08134483154906884,0.17025586211182658,0.010982778922357567,0.0028806398189492335,0.026943353352812026
-0.10175926003833914,0.026604284052664805,0.00023990171899536682,0.007111531320767436,0.017180340984780617,0.011682294649603037
-0.08197496595689685,-0.0028440855309083877,0.0023049140571986377,-0.001896842881161229,-0.0005985515027034066,-0.00300843271894912
-0.07475532779025704,-0.0045264228539490066,0.0037990974226436405,0.00183434282503412,0.007264159358827055,0.0024042740041438815
-0.08094897127418141,0.00160588850370948,0.0004058324119893577,-0.0058723749104511854,-0.002351876797459212,-0.006125393124014973
-0.06551860899873625,-0.010012864323608983,-0.0025051312563585428,-0.006747363922627441,-0.004711002492511294,-0.004799485003052506
0.24671029267483577,-0.16904975424582933,0.008228720964815084,-0.07818904581197576,-0.011757526575969589,-0.04339960096169058
-0.09480266512865762,0.01028968651705768,0.007898978832959001,0.0049335939860071345,-0.000797094118522705,0.0024694532995412784
-0.055172069809384154,-0.0045348408138973844,0.0023346641216486917,-0.003665078050303473,-0.011125427259460058,-0.006483272149848326
-0.07927462415315734,0.0005807876142783543,-0.003453557852100558,-0.00953677321298255,-0.00019374946363925387,-0.0021659236221875694
-0.08165437481662431,-0.005947712467515701,0.003138370981948329,-0.002497631036585156,-0.0038954427840631957,-0.002412770648603346
-0.08734213067402732,-0.00033851744643156634,0.004329471413142509,-0.00450788024449379,-0.003237188770352855,-0.0020722308604465005
-0.062400311705284886,-0.0021531241569516424,-0.020586466878244808,0.03148916256544591,0.0007942350872415261,-0.0060571567522277655
-0.05917917181733858,-0.005098396094499685,-0.0013166162812876336,-0.009191875344251683,-0.006240789265623279,-0.0070294469771731375
-0.0067178000874484846,0.004358784505525444,-0.004130754915065795,-0.010692250391183829,0.008816101072312574,-0.025173712537487167
-0.10085232902007041,0.022041815838826917,0.005698723347155124,-0.001566756133959495,-0.00018582391156177937,0.00534403991686805
-0.08082960309555537,-0.005433158480977418,0.003269445720753871,-0.0024640426894547954,-0.0072103134302524095,-0.0007276622073078941
-0.10562548296734628,0.023509163811688674,-0.005009529121201476,0.006088239731706838,0.012509062669236534,0.009115378470071753
-0.08026898940180718,0.002704078475525863,-0.0001257910916198984,-0.008937836459867371,0.005103230048475848,-0.0017882349439606391
0.04937853691421113,-0.04931056475454132,-0.017123817561138878,-0.025437464679347634,-0.023066325693664947,-0.004850037427337371
-0.07324145957731644,-0.004419862280618932,-0.008945317096038565,-0.00501800433391812,-0.0011005526413872186,-0.001475552295234102
0.3110097463751692,-0.10599839375541359,-0.0022950778118548862,-0.05943406761413729,-0.018093992031983294,-0.03120820993855805
-0.08437726388309706,0.004311955436799168,0.0012712682843713545,-0.0057613481171399,0.0023817506237691537,-0.00576948092815191
-0.10255598555099764,0.002616891150026042,-0.0036713540150548453,0.034571705079983986,0.0004271206768626503,0.0009544980668674843
-0.07653411292093952,0.0027102679484238587,0.002071657363751284,-0.00543855644337471,0.004700179242467303,-0.007915683417445384
-0.06897439692781865,-0.00807875398212816,-0.007913909438444385,-0.003732165165080699,-0.00010995671073497077,-0.00452767089052501
-0.076445739618603,-0.0036951991943197596,0.001089040173706772,-0.0040220128295495195,-0.005787134866759287,-0.002849320685612282
0.30967088186368136,-0.14724953086316325,0.0022627204017034437,-0.08276559841900041,-0.023912408323682813,-0.03864624136266354
-0.0983208355440078,0.03057050757105901,0.009533196400002383,0.005681524011940365,0.019408913024840525,0.006278132349152338
-0.07335570776428416,-0.007861986718593937,0.0020393933881162436,-0.007796175981160726,-0.0037227962129221135,-0.0031659209949116756
0.7245777079706127,0.0776485089521269,-0.006083247014209232,0.01575324970199636,0.08903323814914457,0.05270253500764522
-0.08640568742102611,0.0015132946071995867,0.0027109751001255645,-0.008510169661907081,-0.0013978989987266063,-0.002302150446981814
0.1416174152134124,-0.0006623092925208926,0.0041895954007067715,0.0434251846429599,0.022792525642435137,0.10082646399921057
-0.07611574526835098,-0.0077290252820103955,0.001424964381939386,-0.007077715089167554,-0.002071987003393578,-0.0030810450700276544
-0.09852006585803638,0.017525639045937562,0.00435561720647125,-0.0060669396939463105,-0.006252907317925161,-0.003148852369062329
-0.09170052263943025,0.0016730638195391583,0.0011688637047460352,0.0009921589370307964,-0.004301638195809603,-0.0021784260622662154
-0.06739860766898462,-0.010011339086142854,-0.0005816674277066486,-0.006555512570438301,-0.004701797624886562,-0.005059734816535336
0.41586276652547505,0.04112525402167876,-0.03872259347781363,0.011092927718769637,0.055452918159445454,0.019732946141151418
-0.0803107597613533,-0.007583667275751018,0.0016920564107253593,-0.004988705073461545,0.0007991164157879875,-0.0011204562760183069
-0.08035752007812252,-0.007009139487234771,0.004926308344833522,-7.318005326203515e-05,-0.00543342984784319,0.005164502348818877
-0.048865132947216436,-0.004329879640783293,0.008145299604292987,-0.006235545116976786,-0.006036449161291047,0.004226079273503684
-0.07537470635111132,-0.002686925219126014,-0.004349026849012983,-0.0010507545960413047,-0.0040620180456628205,-0.004040059657419041
-0.07337801604190254,0.02204631479069278,0.02279556857923855,0.03284985314484916,0.020972492099527385,0.016305149002666854
-0.08262002375630045,0.0009392136845708601,0.0036812975327996057,0.008923556303305854,0.005819810024732719,-0.00443819880712839
-0.07442065243978702,0.0012658120338968771,-0.001879873126240247,-0.009342408374789415,-0.002508681818135415,-0.007263298337280909
0.27801441911123254,-0.015253666087090029,-0.015549463555595144,-0.03568345616119947,-0.01762152064029614,0.0015695822016536718
-0.07547633120340964,-0.007248970384651504,0.0022810843352982957,-0.0062991059231527705,-0.0017741844998603433,-0.003998039647424379
-0.08821590850310124,0.00525821365366049,0.006117076907518018,-0.002630592965203223,0.0038983610415701795,0.0038151136691247467
0.5350565030775548,2.0388640922803323e-05,-0.1654372270497018,0.2997381541348078,0.005047098834232239,0.010952481847862966
-0.08241891568199936,-0.008921996691513391,0.0036789687361441672,-0.003933876316047075,0.0004479075230014997,-0.0014882086085815957
0.2613629693382512,-0.018633915776030987,-0.02148318906135247,0.002362470113086545,0.0032497497355525253,-0.00875499557117639
-0.08619452643306513,0.0023382446704837533,-0.0032494536790633015,-0.009066156095058642,-0.00021570014049455676,0.0026292696591410083
-0.07810058779948864,-0.0070094938267057936,-0.0029022091194957503,-0.0075626076626079215,-0.002291320214032966,0.003240615125309851
-0.07503049577451652,-0.005318444644049007,0.0019375258417882702,-0.008233052085115693,-0.003242135523173837,-0.003892503330478552
-0.08593423762019847,-0.005353095742050849,0.005454321329252259,-0.0002777235676932113,-0.0024165628363225096,0.003188143227889616
-0.08143702383195286,-0.004407210111882345,0.004296103537190919,-0.004747573275498516,-0.0026439507193146577,-0.002750046118173431
-0.0810041150015532,-0.008917622575803807,0.00036762120340019127,-0.006248948614568282,-0.0010985009969897539,0.004289509196830247
-0.07395378483047566,-0.0064320484896975725,-0.003234984400687795,-0.005323702367321794,-0.0064249771160789825,0.0009818385094633576
-0.07617039672113718,0.0015752106592439796,-0.0012333467528468992,-0.004624090257899255,-0.004780549363223721,-0.006930215630580276
0.03491446365719769,-0.03778804477920136,-0.009172468964507071,-0.035654118945046644,-0.023427367598137083,-0.01739334001782904
-0.07341124619820288,-0.006432951321879484,0.004213043630947843,-0.00633900188716591,-0.002034403943895451,-0.003596681238102905
-0.07388288613736436,-0.005668772346280794,-4.1481902337083604e-05,0.006391884361266141,-0.005515713729711152,-0.0035685944876088717
-0.0884101920115241,0.016468223134937485,0.024614819889991545,0.031155054991491734,0.034685090720237725,-0.0010383348379063458
-0.08953701621451403,0.011616724139218727,-0.0036076086156575796,0.0026250033973689445,-0.01022496666473988,-0.0053252713661436635
0.39445752123661726,0.0020864876250830068,-0.11637330041892556,-0.048944335543466576,0.004937690442208144,-0.011292199555680602
-0.08666239882161245,0.0028397741100192574,0.0017324635963453542,-0.006014623038713953,-0.0071472588793999444,0.0006446083250678563
-0.02431693052655164,0.0020696304745904948,-0.010133936323475728,0.01506482168850324,-0.0040667750047340984,-0.016632979452103278
-0.05861717230391608,0.019344368103795907,-0.020150145488096845,0.014184138451236956,0.0566755695968454,0.0047682398505055805
-0.07959319513949632,-0.011087452767531985,-0.000916274867506121,-0.004327193795033379,0.003139134101277319,0.0035748138963114266
-0.09477948263060033,-0.0006645770404691889,0.002096863906212504,0.0018138406798198883,0.00037583973044892573,-0.0027945130112650945
-0.07854082615091978,-0.007282927448927282,0.003083457025630821,-0.006847033651635389,-0.0038320880539407273,0.0008061436214590719
0.6290480203357746,0.1570474665327402,0.18628068632667627,0.015083912772859058,0.10408977876866865,0.049476740093064416
-0.08042384387181507,-0.0011779009323127894,0.003529294143324925,-0.003865193990249632,-0.006914348771049526,-0.0036522886143784622
-0.07215494863258141,0.002188296243915326,-0.010771778190605034,-0.005633979920235448,0.00022562103460768056,-0.003789485665491889
-0.07866816206956055,-0.005379608512131749,0.003716322522742457,-0.006203902894905151,-0.0017319629173995741,-0.0051468958811827555
-0.09979956180435516,0.014529490211712211,0.0029415435603455703,-0.006413533632213254,-0.0019751086323492035,-0.0027812795244246714
-0.08863390115189372,-0.004250774688504445,0.004800573226689311,-0.0035017922832600657,-0.0007482207166979744,-0.001634960811128879
-0.06337513777750796,-0.007970711923163822,-0.006839253116515958,-0.008340746843398325,-0.004296745705348943,-0.0034620995723875234
-0.0799937401533504,-0.0069001549546445565,0.0028266588942923725,-0.006048314007536407,-0.0012392776433895324,-0.0032711565268682095
-0.06355182998007837,-0.009821573889477414,-0.0018421908529376507,-0.00801779164426676,-0.007260554901763077,-0.003903168548480103
-0.08391120906836509,0.0016228951522025427,-0.0031675461337950708,0.00841207528823004,0.006182120696511262,-0.0020697972916886424
-0.07969458046127459,-0.004082679623927763,0.004516407722429298,-0.006420653920535122,-0.004258945641083201,-0.0032160769749292246
-0.06997319925224983,0.007117936495482599,0.008059622033126698,0.008430881678872262,-0.00024979109639895427,0.0036712141752415117
-0.07708506220749765,-0.0017132427587083362,-0.00032669261082962707,-0.005988756260083561,-0.0031230766880747402,-0.004606558169917248
-0.0766729532778523,-0.006989088878796708,-0.00025028227022084906,-0.00028730052815879463,-0.003970990827358277,-0.006219855493530328
-0.047670888565758705,-0.0017620770455931778,0.0005748850116081552,-0.01358908387453922,-0.0027808946843653824,-0.028219774312002333
-0.08649577297932223,-0.000621674279856707,-0.0036366359008477493,-0.003903436481428177,0.002779668515330811,-4.441288831539674e-05
-0.08138008703210672,-0.011917222431901306,0.004496735905322917,-0.005882988793610892,0.0018336453975540295,-0.0006475567926795849
-0.07234782187199211,-0.0037432333058817005,-0.0006426574180007948,-0.007217791462236592,-0.005605195568911173,-0.004010557730327508
-0.0661765635172881,-0.001493053501267085,-0.006905585088798677,-0.006502341297569657,-0.0031211217970866572,-0.0047638431020423965
-0.0902739464630973,0.00155888478595163,0.004410587898444359,0.0012669804346189188,-0.0036403397884615177,0.0009254535885964898
-0.09485869345445215,0.025934127143777557,0.003082369438672737,0.005288483018092563,0.017967117180891442,0.0056657111464060005
-0.08390289697664638,-0.0054327068273332425,0.005491337646362577,-0.005511282374385175,0.0021225630702338817,-0.004199727501601932
-0.133149790536853,-0.0033313140365080155,0.006736679276371397,0.040255033789670575,-0.0027812129979634128,-0.0022784184637605715
-0.009635934962544456,-0.0072250380815908994,-0.02310874972719975,0.0028597640640231565,-0.0070102650984212676,-0.006386856573899986
-0.05243205978229197,-0.0017156622430076296,0.006435893122583205,-0.01228038809881792,-0.004688887260806482,-0.02984417793472192
-0.06644894279059643,-0.007608368442156601,-0.0013580189993412795,-0.00768806464892433,-0.006331307967617742,-0.004235475677251942
-0.06679092221184,-0.006148455373874731,0.0001894623190184307,-0.008067982948797733,-7.455876361315775e-05,-0.006717578525525958
-0.08522632428524643,-0.005042279724166026,0.0003469930358757765,0.00304891513629018,-0.0015272693619318813,-0.006025528068092967
-0.13104163625405177,-0.003432973657920693,0.006366950093221449,0.04201788334112311,-0.004529241760835749,-0.003941239705151782
0.47075878631579193,0.05733829640664606,0.0651394201346207,-0.021016109443311344,0.03356771704758652,0.01851309258063327
-0.10779127995781802,0.02285257601695777,0.005351614096005305,-0.003701531975828575,-0.005362759159925952,0.006545299817411121
-0.0869230818116295,0.003717170538930232,0.002908386598540211,0.00014679110529308137,-0.002372985655913986,0.005139419401482563
-0.07553360603379222,-0.00634904884439313,-0.00092079340207947,-0.004383615171265526,-0.004494614942587471,-0.0015806721104611298
-0.06996738080188357,-0.008216451033800238,-0.0015690200133250823,-0.007083172729174594,-0.004441900447411361,-0.0021858965581761807
-0.09564666608492918,0.00712549833366816,0.0003364434208928647,-0.0019524151446213079,0.001809779400928268,-0.0050932054958435745
-0.0880427121102385,-0.005658578773867947,0.000407699654049634,0.008588097568973413,-0.003338436955673743,0.0061672237761463185
-0.10385286451800874,0.004387795180485037,-0.004881322595502338,0.03514901615599927,-0.0002768766083161003,0.0008016360385649504
-0.0721011057279242,0.00031260635352917273,-0.009103728370643606,-0.004331129322946692,-0.003973810678824218,-0.0035357869326729397
-0.06190129753632874,0.0068514922840187745,-0.024315787203625996,-0.002261417848236379,0.05267484472460103,0.014464973802821853
-0.08328740777773194,0.004935938735901771,0.00017723124577117226,-0.0032324355059835308,-0.007018251283201814,-0.003695382240858516
-0.07276654773366806,-0.006709629805657746,-0.001965212985506113,-0.007234683330787789,-0.0026724348691186243,-0.0032471383991260804
-0.09194662650163843,-0.0002443657228898839,-0.011533653799606641,0.004024948063933063,0.0024688334556702426,0.004181790574223765
-0.07098683123533238,-0.0013704597477696423,0.0015362015793629025,-0.009694237298011233,0.0007747899949943025,-0.0053355453306576555
-0.06595596570079916,-0.0027062769289490788,0.006568669755912548,-0.00040598128542819874,-0.0003481140368294261,0.00038007296195112213
-0.06982873585465267,-0.0073848069069679485,-0.003064395201170997,-0.007352686242812149,-0.007698828523697081,0.0008893060404278449
-0.09011423162983062,-0.0038944196329202987,0.006321412998238782,-0.006221130583184172,0.0016492856686655848,-0.0010916438294669211
-0.0764019121259969,0.00444992778988019,0.0017668047340052375,-0.0023496429175764717,-0.0028419106431633043,-0.00429471396283205
-0.05229094475649351,0.030264941284047334,0.03824697304260947,0.030085080133039434,0.09535434461165943,0.0076954672034718775
0.2949337886206751,-0.026325771830569115,0.00992920689796714,-0.034171038803769385,-0.025485755981639692,0.0012427014694603626
-0.10282633562125089,0.002442701708334691,-0.0035702374123451324,0.034840758030540944,0.0004867718112524135,0.0011210883254227934
-0.08754760650314625,0.0009976258265612368,0.005044264584864228,-0.0041632897264942716,-0.005339243444340721,-0.0021971587908942254
-0.0853855631086293,0.001384720285603265,0.0027730540065120227,-0.006754110687741113,0.003145922390097973,0.003092716320846867
0.5733757184657408,-0.005369167540042349,-0.14289701504083546,0.20915120869772114,-0.005738113777174393,-0.006891537031101254
-0.07832903855023605,0.003489090210338456,-0.006652286071084738,-0.005197545808433776,-0.001437753850475234,-0.0024252028290438587
-0.07593154902589458,-0.007720903499271196,0.0033044123036327696,-0.006835214162807633,-0.0010506974374295882,-0.0047474892170422285
-0.08384820648058197,0.002854294461049895,0.00020281630667236773,-0.006544921675466082,-0.0019191845861318477,-0.003519919783992336
-0.07000728159959084,-0.0047083302285473635,-0.008375515931810386,-0.005218308494483293,-0.004246449730466619,-0.001366376937718854
1.140539026488475,-0.01593119240236102,0.056267333109065606,-0.02640402633082298,-0.005813971919898818,-0.003208505068141599
-0.06428508480736754,0.0012934212768375018,0.004149049653141815,-0.002890939618766383,0.007781435604896211,-0.002613218303883233
-0.08962321229060237,0.005798017190345469,0.0075788439288762685,0.0060474225290855065,0.008743350273517136,-0.0014780202254083086
1.0150673754175075,-0.03133032835285806,-0.05757697989654467,-0.04456560737293029,-0.011104733614756139,-0.009223281540064522
-0.07299436599741768,0.0022207524809577904,-0.002064439794193019,-0.007203977563762883,-0.007671510733012838,-0.005778986713427272
-0.08860336672141361,-0.004405872468491919,0.0034403329574790448,-0.006940848420781219,-0.00042806782556143195,0.0023928628366704364
0.6460594365952376,0.10599313505237781,-0.08760911152555373,0.024569951757409527,0.04745636283909736,0.05023690188251028
-0.07171978634189874,0.008410039374218874,0.0062989659768340105,-0.002709904575804554,0.007820428034239333,-0.004677508829339446
-0.07700721176083415,-0.0003899452020838291,-0.0038025882763864306,-0.007374089424114742,-0.0005748375750836818,-0.005065547915191926
0.04606273994796817,0.0005866209508045006,-0.026489736410303947,0.0053520956599371824,0.0010681316295649437,0.06347353824172955
-0.0770216147245823,-0.007621509976263148,0.0013321426583544408,-0.006497316465351633,-0.004683577936602925,-0.00015438302686750167
-0.08186835657734975,0.0002021089227357462,0.00389972207246935,-0.00464982291743467,-0.00794200621031117,-0.0032178354392977163
-0.07175404497038466,0.0012830503607938549,-0.03325369558539797,0.030065685174969645,0.0282132850703313,0.00545246032851735
-0.053716753908557256,-0.0022806630713429338,-0.011889082272129812,-0.007452599514906391,0.002131305928191336,-0.0026723258262425324
-0.07735830175352666,-0.007830986999645524,-0.0016240182877243973,-0.005659251054771565,0.0003388638891863253,-0.00138030515810244
-0.07416436361745722,-0.007012855766793241,0.002010832774959039,-0.009681155667671967,0.0007739937173945651,-0.00495168824437244
-0.0007074914851480796,0.010088565076098805,0.014803695779881793,-0.009856746103496178,0.011496592737944141,-0.023232272175509317
-0.07212310415411878,-0.005767904046716612,-0.0001724248721161026,-0.0053963302545553355,-0.002359415395678775,-0.008402726999456822
-0.11600336866834439,-0.0045414948315750416,0.0004221872461105465,0.03473825427080158,-0.003958589306415072,-0.004010473371563072
-0.08171236389707581,-0.00039933256132990776,0.0036126280346428933,-0.007743178179900632,-0.001730954149579783,-0.0061108856278474935
-0.08615580606217468,0.004428691555817812,0.0021440964600651967,-0.003238323923264238,-0.0038287393405167344,-0.0073629992399531765
-0.08414521170218112,0.004320744630035091,-0.003320780176447211,-0.005652534941285474,-0.005338984526981303,0.0003997900638743296
-0.06780731286038072,-0.0051909383275304845,-0.006999773726276159,-0.010141262295303858,0.0011543511385961834,-0.0013137477423571314
-0.08380100929421028,-0.00082743043800051,-0.00024041433921736147,-0.00779993814429767,-0.0063263773755641625,0.006094918748944541
0.2877539076383403,-0.037105922510419734,-0.05387288733521479,-0.05071904500915729,-0.05379510062533485,-0.04136693261767212
-0.07394459627298279,-0.0034462652621008263,-0.013482747313313349,0.009188482596940429,-0.003413142639481591,0.019018225825625536
-0.06578252004296647,-0.0029660408015993456,0.006209774593581008,-0.00036333218697832183,-0.00040805003762895927,0.0004252501522909221
-0.07973848433951385,-0.002752701331313155,-0.00029308874624419843,-0.0036245357539266623,-0.0025029598417740497,-0.004380156397348985
-0.12848611692430453,-0.003944685644563588,0.005453598255026546,0.04148081255147234,-0.004022404366855176,-0.005132048797458919
-0.06862313641544124,-0.0063590556800891505,0.0010364182517410504,-0.00921019120864337,0.0017296665207767738,-0.0014825221286705339
-0.07628321760516676,0.0030633735513688545,-0.009216030147452602,-0.006727824954074196,-0.002091513682842612,-0.0018134336757921275
-0.08520468917548327,0.0015193533787001858,0.0010736302820836172,-0.004059104192152096,-0.00275906454134597,-0.005085893113242766
-0.07503049577451652,-0.005318444644049007,0.0019375258417882702,-0.008233052085115693,-0.003242135523173837,-0.003892503330478552
-0.09495467576825159,0.010985020149637523,0.009376282679003032,0.005203316311515991,-0.0009162030844894591,0.002736978276549904
-0.07019863609473914,-0.00726760210195512,-0.009008158817243239,-0.003138182908877338,0.0030894983835043047,-0.0008845173671653209
-0.0974986307618607,0.02829530823690911,0.006554762688766582,0.005199410101099759,0.018658483700660363,0.006176683413104532
-0.08000866355678278,0.0010466179404501807,0.0006126280803511756,-0.007061241662756861,-0.003992061070267814,-0.004876273966997348
0.24391037816677205,-0.1396365218230588,0.009806318003063563,-0.05950723247605647,-0.019032116349208105,-0.00455590926973216
-0.0798804790289143,-0.006915058503789479,0.004205652110575376,-0.00038383073530057546,-0.005779423477558576,0.00497832717126301
0.04364123134395215,0.00679210286695612,0.030858396032045026,0.02816351917198148,0.011701490263729833,0.045058076037469225
-0.08126570454391938,0.002659415150999277,-0.011878387316327257,0.005605948550280353,-0.0047437066110389906,0.0011727450037437696
0.3807934148316491,0.037126948316484484,-0.07986190710691454,0.0029960337719072095,0.04252861727240719,0.0199197643425217
-0.07217723048218151,-0.002470008058076567,-0.0024478849522610894,-0.0034928030411714773,-0.005861120063028169,-0.006408479529987827
-0.07127391110252906,-0.004828835981731418,-0.004822431511411423,-0.006811862599773594,-0.003782864779078534,-0.0027316236698962265
-0.08168224144061247,-0.004848188451103164,7.512407588899606e-05,-0.005891683034628355,-0.004324994321276519,0.0032067088010631337
-0.06843329089383224,-0.005130791312346583,0.0026883735203530393,-0.004630667401865189,-0.0005411963250775922,-0.0034507185547339677
-0.08013264417070212,-0.007379049046268193,0.0038507946108414363,-0.003363068225216983,-0.0033396768841239444,-0.004104138079046483
-0.06770060160486549,-0.001820795548025195,-0.00975811144598554,-0.010716203838362142,0.00016048821885620047,-0.003721279215805056
0.484135583832413,0.08134483154906884,0.17025586211182658,0.010982778922357567,0.0028806398189492335,0.026943353352812026
1.3766017082310886,0.09033237952721711,0.039184926188613814,0.06654811845028075,0.004352999744086216,0.019277737150426678
-0.07220087143787274,-0.007817167439498387,0.0012495022487427558,-0.00672767577292416,-0.003879484438100847,-0.004080912813067187
-0.06581034750845878,-0.0006462489577284552,0.0037314447910811697,-0.005962617976417259,-0.003642833830927254,-0.005009617335939115
-0.10256188476553937,0.013137124674983552,-0.0013906815046638747,0.000663736167595939,0.0010592135622813509,0.006701842679642686
-0.0884101920115241,0.016468223134937485,0.024614819889991545,0.031155054991491734,0.034685090720237725,-0.0010383348379063458
1.1079799437584914,-0.03609519929757037,0.00904930316820267,-0.03585439849366536,-0.00496596210160428,-0.0011967617387392158
1.173477156478574,-0.002343625270125499,0.035985111108468755,-0.013736044432190663,-0.0015357181923347214,0.012494864276800442
-0.07951414346404187,-0.0050517800594231865,-0.0018793531068074488,-0.006081932924375629,-0.004401452771714622,0.0034227864621408266
-0.0926762369863236,0.0019250238865469048,0.0027808286246857766,-0.0022064949195384404,-0.0019733090290877968,-0.001556814506939628
-0.08519307250992497,0.002175375650185731,0.0007780699541366996,-0.0069094570922584265,-0.00039804592255263647,-0.0016147278866009021
-0.08409057987092719,0.00418388211292258,-0.0022957128536727897,-0.0032053954188005817,-0.003777293209058115,-0.004184981562300538
0.24629298368833266,-0.13927040964193446,0.011811938239500358,-0.06134992356201256,-0.019330444033576477,-0.005208760746107177
-0.07089051855166782,0.002233262284666636,-0.009439713232999363,-0.008187720289958334,-0.0014555016334324618,-0.005824719197832912
-0.08286033018333247,-1.47232716288957e-05,-0.008016481204976944,0.002744136549538024,-0.0012472911741765594,-0.0015908798364077665
-0.076243770289877,0.0015773064207171628,-0.0012342236717562763,-0.004469516325927918,-0.004806034340523991,-0.006979496358214929
-0.07279235015692873,-0.0003218546846006282,-0.009486121167924333,-0.0029991776522951133,-0.0032610495054219407,-0.00455974337852108
0.18576328840301698,0.015421601333508672,-0.017430708715836924,0.013356718391258415,0.006668665958382202,0.07688919184471196
-0.08591327232686745,-0.0057770392082374545,0.001859302422689836,0.003408269578170802,-0.001722837497232901,-0.006375673565233952
0.24073747202258738,-0.006012203844502485,-0.09441510957780559,-0.03937518321423048,-0.02477034833605069,-0.028699269013644363
-0.07884530138630168,-0.008928212010038692,0.004010176030975436,-0.002230560068636052,-0.0007564883388135747,-0.005312244947033101
-0.06492131757241601,-0.004949078196025135,0.001582859006006712,-0.004930091117938652,0.003957270741863499,0.0019287370646877589
-0.08444737328681702,0.0016088020555839004,0.0022364687692290144,-0.0037592327733622813,0.0007104387559953581,0.000978910461775976
-0.09143799256617041,0.005113062848540525,0.0013035863548333088,0.005663211140928965,0.005985224606425454,-0.0051095813527456445
-0.08847318027999143,0.004687586846894026,-0.011599349137711667,0.008745914142722001,0.008075120702772684,-0.003761791531482908
-0.06566511649563635,-0.005450365311847592,-0.010197580981896291,-0.005717792731607464,-0.004127740927495156,-0.0031655883268687447
-0.08014797760378141,-0.0021109700834754303,0.0106209631707346,-0.0021347582668247724,0.008937579030719298,0.01093071661748882
-0.06341498502266615,-0.0055864151518340436,0.010772794783846974,0.0008521353558886941,0.01010614036971164,0.0006393549199843635
-0.07243050529754338,-0.005356299624840498,-0.008641616417742904,-0.0037597196425899443,-0.0030721476702260855,-0.001241764970667908
-0.1011690692720082,-0.0050940096274104466,-0.007872816731585242,0.03249995918484568,-0.004544012452756364,-0.005266891205983461
0.356340389283442,0.054843415600267245,0.058382424683136064,-0.042628862155348224,-0.017352059441934495,-0.00801082980239406
-0.06914861547312681,-0.0044490469909238784,0.0031140345252818617,-0.009610296206175293,0.008565674098363963,-0.0043620655924446515
0.06619837830858039,0.011349908853657227,0.02408634525691574,0.008955630696809833,0.014275069434476527,0.07468430907517504
-0.080395384805703,0.004496425959134089,-0.0028235207102766747,-0.0033507578164558532,-0.007772494401447536,-0.0031929078705270567
-0.07866400401167338,0.0021686451969191237,-0.011493245420120337,0.0028747818336986356,0.0033856585798218986,-0.003161261776676493
0.2708654282724077,-0.033362086900652434,0.007997596868822437,-0.005294688777179517,-9.711779064468148e-05,0.004379317859502373
-0.09919919335574162,-0.0004858333284961054,0.0040663088069944515,0.003325127144704236,-0.0015080697843639526,-0.0006819213267576636
-0.09981751006489639,0.01818592623804576,0.004662546287571207,-0.006288454942137238,-0.0036392052853145094,-0.004953800436556684
-0.0682276852863494,-0.007421703206294511,0.001549229419925482,-0.009424029329661162,-0.0009917667552764892,-0.0059034182848805555
-0.08000496025402963,-0.0006857416558318273,-0.0032865505192195142,-0.002452632948445348,-0.00019221549123920052,0.0017115384089202899
-0.07655812998890399,-0.00790241623682317,0.004362011912617688,-0.005548265165368516,-0.0028432571075302088,-0.004189860070864924
0.034767471194946095,0.005113967590569018,-0.04939416211962442,-0.010592570137850015,-0.003322565205734718,0.028621949157125133
-0.08941002090404283,0.002243316456463612,0.004578986942747238,-0.0032613350835939796,-0.005304148239847534,-0.0026247430846931246
-0.07639786415967723,0.0028753739113673875,-0.001012557041854217,-0.00710665958369979,-0.007402820170505747,-0.005400077841769873
-0.10025041533291473,0.01827662577392267,0.0027533917565954673,-0.0005878641949585516,0.0002212474215042673,0.007012114995412767
-0.06994599258056765,-0.004646002373517681,-0.0026119653875876525,-0.007786114336909783,-0.004645474444632876,-0.004074396816232144
0.32422506584981386,0.008395660462516111,-0.006321278913965612,-0.034819894241909774,-0.01963227312803121,-0.015608329346843907
-0.06894140342262026,-0.005519623255513768,0.0011690551623553273,-0.008411642009914877,-0.004443493136424947,-0.004849725921534682
-0.08075163236163907,-0.00606863514477581,0.0032481187743198126,-0.004541392522219338,-0.006729585397957296,0.0008782629256551028
-0.08727870304350832,-0.004991238804742439,0.001618347645085576,-0.004996302652833049,-0.0015395313193070515,0.0028755325523311523
-0.08214923836242632,0.0016563699325503054,-0.0003175377145581833,0.006818600862637061,-0.007527296099913248,-0.00015372954309064488
-0.07470314699047548,-0.008926520568924737,-0.0010954553967826948,-0.007257255997200695,0.0003531446069706171,-0.002093997888196678
-0.09940047787376374,0.02365572264005788,0.008620286405768486,0.0002458895803167021,0.0026100447229040614,0.008456123709039027
-0.09904569467334952,0.003930516638242756,0.005593608334003822,-0.005180438146215431,-0.0008795818946588192,0.0016735687268065122
-0.07944991115782042,-0.0010403704097122577,-0.0028082297211483695,-0.0022852627150422794,-0.001272110335422764,0.009216809408226074
-0.0867660120152897,0.0012538316955489556,0.0038398421052002214,-0.002927736116313608,0.0016665216180068469,0.000979302607155224
-0.07819100323435352,-0.002583832106121664,-0.0032860407268044986,-0.0012837195329421715,-0.0007880287020640968,-0.0043603231948027895
-0.1004197225782951,0.00284903862405075,0.0026579028149960075,0.0035014452254546746,-0.0022223636300637496,0.0020285074954914904
-0.08264288071496016,-0.00044403255555211263,-0.003823916618191784,0.0005757911189793331,-0.002653169116879676,-0.005395149070440028
-0.08444737328681702,0.0016088020555839004,0.0022364687692290144,-0.0037592327733622813,0.0007104387559953581,0.000978910461775976
-0.06467544390951155,-0.004985199003944846,0.0032453214699036505,0.0005788615952534166,-0.004153207777768717,-0.002038331591275836
-0.08249095670623063,0.004116105689179039,7.863633839699725e-06,-0.00286664612277582,-0.004309272802304835,-0.0082447480768479
-0.09547280036450757,0.012143498945146106,-0.00041053442132496065,0.012454438140051033,0.00047599700366452894,0.012619261180212489
-0.06628686123280417,-0.0041975344120460355,-0.0023425830122664666,-0.009977326471525707,0.001823076667272134,-0.008886958217093201
0.22236027422005888,-0.06451330308764182,-0.018412004295253807,-0.05043542015370523,-0.006199859156103108,-0.0027530783628224244
-0.005298119889283174,0.0044910921482414845,-0.02073716782281278,-0.010683473344308622,-0.002622266053628548,0.022296260912435688
-0.0817824601929606,-0.0002898952562358319,-0.008727451068600362,0.0002575613075888303,-0.005391306099314271,0.0014809795864443173
-0.09712357535179178,-0.006811062807703198,0.007294017649060039,0.0008699786406345704,0.0020117429300748066,-0.00038037279013107105
-0.0802904631934288,0.012241797351709206,0.01210927338534025,0.004192514149154643,0.011686051089639108,0.005619574519540961
-0.0792890530800713,0.003918644789366263,0.0008435128250135984,-0.010489080794076813,0.0030460930905951956,-0.004213582540164545
0.01494378591624859,-0.0007840357393306579,-0.017829498148297245,-0.010901540990695405,0.007560073188869981,0.022741777164243637
-0.12859528815468213,-0.003591821529022558,0.0032982999590929836,0.043088004612094236,-0.003804387108466081,-0.00504136285813284
-0.0053358942491296,0.0036902223804358017,-0.012506908640977641,-0.004745427424307199,-9.786858558859082e-05,0.007563408051884819
0.41255256357311937,0.06452190129583868,0.11674546689445293,-0.02773637007094514,-0.019662689304925866,0.00039065961692464414
-0.07296120509572435,-0.002850259519339433,-0.009690103138272163,-0.0056420651627050525,-0.000689704218610433,-0.0014131267897042443
-0.08296622393840755,-0.0032008385885212553,0.004172699277762034,-0.00994354208739647,0.0026789220250444195,-0.0038499319447411772
-0.08535243269498326,0.02018147966357191,-0.009274573391166085,0.009079656282320114,0.0020619330936802703,0.012868853921081835
-0.08986144790779796,0.004584668327630907,0.00019640805330227158,-0.006684357195273899,-0.0042349370784285955,0.0016083463002025632
-0.06701252175414343,-0.005531894463444589,-0.0006506800994568413,-0.008399843622111486,-0.0008083406839386667,-0.005122314501783006
-0.07490421808018316,0.0023207701795798638,-0.0002312111530938862,-0.007027954905173336,-0.007474566383092179,-0.005915615000188814
-0.07611574526835098,-0.0077290252820103955,0.001424964381939386,-0.007077715089167554,-0.002071987003393578,-0.0030810450700276544
-0.08920048032150316,-6.080593869653328e-05,0.0018690524228434414,-0.003645619808219283,-0.0013352083075068065,-0.0011834240225615004
-0.07044406565476158,-0.0053569128631159296,-0.0006238598132406253,-0.00784651440693664,-0.0011864790631120053,-0.006525998585736292
-0.06537080806668005,-0.0042400077842332145,-0.0014854811649683375,-0.008118804547032397,-0.00564154611769993,-0.007848759239532455
-0.0935009633830484,0.003140210732232558,0.003689470185447134,-0.006219097042642286,-0.0027219989530343183,0.0013569946444606834
-0.09257282485282804,-0.002558101598082973,0.00591684045411946,-0.006043064272072981,-0.00097769889578852,0.0018257512712872915
-0.06848707811589651,-0.007003316512433281,0.0011418264284703762,-0.008518100381559354,0.00038277762630610913,-0.006762866418092295
-0.0935009633830484,0.003140210732232558,0.003689470185447134,-0.006219097042642286,-0.0027219989530343183,0.0013569946444606834
-0.0794636620701154,-0.003863787364646811,-0.0046113773453633706,-0.004466074466922255,-0.0013606972079049963,0.0018218507472689783
-0.09327637901766547,0.016612755796056165,-0.00012294419877195118,-0.003804839788853075,-0.008216792752596095,0.008273453290798892
-0.066444501366545,-0.00842058131490688,0.0010585324030685204,-0.009207858111191222,-0.0022134216803668624,-0.006612389481057128
-0.07382594993398746,-0.0026037093224887016,-0.001064702201772351,-0.003156488019744651,-0.005838500336988461,-0.006403771835374014
-0.12351604319806472,-0.00424458015723816,0.002379496127677601,0.0372011632932444,-0.0015983581329504597,-0.0020495988099624987
0.0017370521842414097,0.00884582599412589,0.013940112243519764,-0.01817747315936374,-0.02587714580219326,0.02099516339756632
-0.1214147041950056,-0.003937476783801075,0.0008701586276594371,0.03454216864117683,-0.002226218579533392,-0.00246278881943321
-0.08348961643964486,-0.004698921051632745,0.005689926373072058,-0.006008508621757278,-0.0021862335394115867,-0.0032027630826814203
-0.07237520986935349,0.0008167362963958907,-0.008669709431081078,-0.007115742349558848,-0.002252800625422294,-0.00458393774238643
-0.06628723332766674,-0.005415708827111515,-0.00976258911734192,-0.005751686212874817,-0.004050250945798014,-0.0029463722704930408
-0.0798474098334398,-0.00850343741460513,-0.0005125869253828874,-0.003970656688839338,0.001223067853486551,-0.0013241140761029479
0.1983616479538114,-0.017848135250161788,-0.05103680052422733,-0.06490881723872288,-0.013385632189019067,-0.047575988722585796
-0.09048218261146429,-0.003057599595034453,0.0028261548928534617,0.0016495468184225077,-0.0028495814575329797,-0.0026869603442494843
-0.06961199820907564,-0.00283577212243186,-0.006172763298438091,-0.0072010095658788745,-0.0030895407479120834,-0.004264459104632429
-0.06808836394797431,-0.007604146270959863,0.0013285051971930761,-0.009330740332148377,-0.0010679850561590627,-0.005841737653241711
-0.0803107597613533,-0.007583667275751018,0.0016920564107253593,-0.004988705073461545,0.0007991164157879875,-0.0011204562760183069
0.24670028286961018,0.09973976454204063,0.01734037712866049,0.010177476373686847,0.011727516039341962,0.03238784754024869
-0.08149166969906403,0.0017871895224109285,-0.0029859302680634242,-0.004270909744315899,-0.0025993124246778423,-0.0048471870592516186
-0.07733255054105323,0.0016013528175117123,-0.0015114867125284165,-0.008203007645299012,0.000600739951149946,-0.007982005519137296
-0.08321409156471508,-0.00636123879914411,0.004230712288012917,0.0006213017984547372,-0.0004494564724904326,0.0014263444549289658
-0.07667654299769526,-0.00748409434173606,0.000989397580801686,-0.006520564823780473,-0.004770265492717352,-0.00018378800775403897
0.006284881803028188,0.009663298500012024,0.01781335138894248,-0.009744449232066292,0.01155045161779046,-0.026168966713843993
-0.07723555550681374,-0.00028563973670762857,0.0002079299381787076,-0.004945554647931683,-0.007775262681781484,-0.003477990374112111
-0.09246999766030735,0.003298119466153189,0.005720040598860312,-0.005718560493611127,-0.00016052006493096207,-0.0013301997200637222
-0.0872514815240644,0.0033131788937731813,0.0018226366962457634,-0.005035277223304455,-0.0012670430919711458,-0.003241094582493695
-0.07784018623423265,-0.004427677701456776,-0.008791264387296722,0.009939026922530257,-0.0021549454697774068,0.006226191667159159
-0.003885747045193619,-0.0045027466863066384,-0.024711521789756098,0.010667904603274079,-0.003782922362917043,0.000529396033927508
0.26123121331636123,-0.21219961904038862,0.014531340314679066,-0.0859326050634381,-0.008984027813077215,-0.011074431176503807
-0.07372202937617175,-0.0035689821377731354,-0.00742460417514384,-0.0024030923288156716,-0.005428268025489804,-0.0014585816844218068
-0.0783687005944298,0.0003758465352804932,-0.009608525050652435,-0.00796532173346032,-0.0025979546650428636,0.004345828369334787
-0.01204351915627871,0.005618851606516962,0.017039988875048248,-0.0032119228222308224,0.010820185322645977,-0.010108248799712458
-0.07550694597860917,-0.0009066825249859023,-0.0016203197027125312,-0.0064140432989206915,-0.0053552031315358415,-0.004453029148351616
-0.07287157011779238,-0.0076907533861225565,-0.004528538638638259,-0.003476724060968278,-0.0024310520425198214,-0.002980082840019604
-0.07149531755933011,-0.003739840229045752,0.00043552510414661703,-0.0022356104202570495,-0.006361140257998698,-0.006629020023045794
-0.10153854386811939,0.020374822056338938,-0.0033557877138827032,0.001933157377358247,-0.002221531905806763,0.007766909060185743
0.05109657274105128,-0.0664297301613736,0.007749098645545366,-0.03707245893206599,-0.021677648725842286,-0.011970886219102606
-0.0892265264441767,0.004537448392123446,-0.010927977413268225,0.009251729379805918,0.007825741319922669,-0.0038311097182002294
-0.09630948385632043,-0.0066429507864711876,0.005745826900372429,0.0008880043567582753,0.0020798059905168765,-0.00012920986381489955
-0.003420354584480414,0.0006225196852672774,-0.026445013237479904,-0.005601469833915018,0.0012164730087114723,0.008881816957668454
-0.07639963472732275,0.0012364534034797526,-7.46849930599944e-05,-0.004076424891881731,-0.001540302836466269,-0.0027341010055286423
-0.0908312001791148,0.015112161546859772,-0.0032774302092660147,-0.007027333794606727,-0.003291916297320256,-0.002854118731256778
-0.06794422608457018,-0.000605316390887836,-8.831288857954263e-05,-0.005999816527863334,-0.01006870295113601,-0.007420995813638352
-0.08763962201183924,0.0028610224030679206,0.0011765085464926891,-0.0028506415308706453,-0.003012163828565402,-0.0021398366074295012
-0.07391881254012769,0.0005416231158605248,-0.008880207702732575,-0.010505958778060952,0.0007031297753330402,-0.001956790348637518
-0.055172069809384154,-0.0045348408138973844,0.0023346641216486917,-0.003665078050303473,-0.011125427259460058,-0.006483272149848326
-0.10286340746579663,-0.005061424510258938,-0.006320401412651771,0.031672477677959755,-0.004122862065929309,-0.005564452807584199
-0.08265752191650227,0.005618999978665052,0.0021717528360640542,0.014429719726785474,0.015672933185256352,0.0028292715991309453
-0.08320740437089277,0.0015825360388273826,0.0044130593730709175,-0.007339783488412516,-0.004155388811307731,-0.005478847404735645
-0.08063709699954484,0.002561291756785015,-0.0004183150399841184,-0.005489876320476535,-0.005177643363440205,-0.004856622946877705
0.10269663650351893,-0.0459132867270449,0.013929098744341523,-0.04979344248092771,-0.01135057791301314,-0.015900979917767923
-0.08975469155349115,0.002289877184226107,0.005510222262022859,-0.005448189298802647,-0.0014200014035293243,-0.002019519304722622
-0.0793660467645927,-0.006179164896901953,0.0038993163062781802,-0.006774376840214841,-0.0044911418049746,-0.000263914314778627
-0.07215788543691125,-0.003139477606471884,-0.005906219748527369,-0.010271209914193703,-0.0018842952838678808,-0.0008753227336087429
-0.07375273422733367,-0.0030939313746250383,0.00022018376254271093,-0.00812008368380477,-0.002904363027836529,-0.006594292278031518
-0.0792920805666553,-0.0070769036978423116,0.004172712793992451,0.01902468588455265,0.004631067182343719,-0.027555556420445094
-0.0681844856223391,-0.002424640447914359,-0.006697018579788844,-0.00632710028602775,-0.0035391535537629176,-0.004738466261500553
-0.07824041612321779,-0.0031604357248583665,0.0026730414053450584,-0.006350673693844553,0.00010678198393933126,-0.008201670260646768
-0.030793086868479886,-0.015741777787222633,0.00796935065968193,-0.025199322363540628,-0.0005672845385129816,-0.030255007666182988
-0.06641066518056059,-0.004628383582062521,0.0020322812885076977,-0.005256890724023773,-0.00589114625798031,-0.008944434875159987
-0.079397537509151,-0.007273588122406008,0.0040817345803349815,-0.0051813743150694635,3.2279773397528054e-05,-0.005866133661157017
0.7481764023426203,0.009523563591571785,0.07186235882856333,0.359255500255052,-0.006472763677125573,-0.006513403191218105
-0.07592139127195315,-0.007848012751733,0.0012260524149215117,-0.010284016796599184,0.00021498488411470813,-0.0004527733821118436
-0.06842287927619403,-0.0018606434326268793,-0.009586844630912413,-0.002045764863870244,-0.001818518667984392,0.0035723548660422603
-0.06641318356482766,-0.006660234632408636,-0.006838145763381107,-0.008005103950029993,-0.0026313366305230246,-0.0036783271109134086
0.5779472570218934,0.22898799955122237,0.09684776315519016,0.008945655490497155,0.02069181042471469,0.023370885484057514
-0.07632240792222707,-0.007999625589125963,0.0029976416921605243,-0.006862466925816435,-0.0056706774476181585,-0.0005640895083988123
0.10933547205908413,0.020888204005051002,0.02775181691932553,0.009262115712357058,0.006676840252367632,0.0770584708344413
-0.06954567967545401,-0.007059346129197596,-0.0006025578448824122,-0.0044951203199872425,-0.005065876364224823,-0.0030107679217929047
0.1250482113711946,-0.026444148582708885,0.024674249211945044,-0.021611705025746823,-0.012868327686323582,-0.009822707648955164
-0.07602025959138438,-0.004015733983597927,0.0018865720178797743,-0.009807971709991542,-0.0018391884355871983,-0.00482861679941978
-0.03480668834770609,-0.010817218816048052,0.004379427102706315,-0.019906230908013675,-0.002269418489930101,-0.030531020299445995
-0.06943818148774707,-0.003930420965185578,-0.006857816585361126,-0.009256522343691655,0.0014415566189191792,-0.004819781432618792
-0.08033470151179538,-0.002424902648169621,-0.00509633752180391,-0.0024731041391838414,-0.003351562789562676,0.001846386396574803
-0.07334319917437446,-0.005168766627403293,-0.0019729789465224488,-0.00416152325462997,-0.0020763335983919108,-0.006445992392037843
-0.08002906892458098,0.0034060404672566023,-0.010233829951393502,-0.007377729967666703,-0.0014464887309156658,0.0014535096606378291
-0.08130487810848047,-0.002269950924223958,0.00038516219885334404,-0.003613217909462847,-0.0015430962461607295,-0.0048653368407588675
-0.09586168378055024,0.01233827967276767,0.0027066800137776365,-0.006115355971641818,-0.0010174361954054165,-0.005809222366526485
-0.06980828696623007,-0.0025267304981174566,-0.002719622831995126,-0.006169272255233257,-0.0011988164520863103,-0.009821365636981643
-0.1214147041950056,-0.003937476783801075,0.0008701586276594371,0.03454216864117683,-0.002226218579533392,-0.00246278881943321
-0.09230955445874246,-0.004255281552363288,0.004609130614987688,-0.004039207517589472,-0.0011876779538273117,0.0027441452794788185
-0.08399785954916666,-0.0061340655753970436,0.0018855563115458783,-0.004186670589980684,-0.009192734369448691,0.008049408340993889
-0.07608964534299385,0.0010908575201628583,-0.0013015549347410139,-0.007764947741165934,-0.004139128961967595,-0.005313153053444098
0.41321251567795203,0.06125048121228494,0.10159798907210023,-0.012423052275829537,-0.012859985413329328,0.014261107202384443
-0.0737103116795505,-0.004973247951483097,-0.0026307059921038644,-0.006940217942153087,-0.003110095419057293,-0.0027968329332777606
-0.07064294870222383,-0.002354745761531127,-0.008123404989742582,-0.005952096705614216,-8.265952382659784e-05,-0.0066050728103816255
-0.09098909937172008,0.00035975201146997706,0.003144972640881262,0.0008314638892355688,-0.005764485554621589,-8.601431611375909e-05
-0.10129716584930325,-0.005963666380395269,-0.007413962285169045,0.03288086579197909,-0.002209830436007942,-0.002992333578432175
0.29475360292881414,-0.10513634555306788,-0.02240425341957126,-0.058563987227391846,-0.016492071353171656,-0.03445549333870566
-0.0857344546800896,-0.004535151030850855,0.0011211281282127925,0.002573215316324557,-0.0015001450634834657,-0.006256414977566197
3.0734590094268803,0.02255759986888665,-0.03280788462027215,0.07032663900426402,0.03105466009493317,0.05344000539473698
-0.0544508891619703,0.01870113009195845,-0.008096324506285859,0.05441750212776996,0.0989244730151784,0.01214042241206127
-0.10572056702882478,0.0021694307411438524,-0.006259426502983011,0.028178981052554883,-0.003847456221155291,-0.00599061367932011
0.7202339315011766,0.1882285059422646,0.22679972285738664,0.03281964913855535,0.1104435959640612,0.0817507151745583
-0.08286055054079505,-0.0024517441866276795,0.003805645629493546,-0.0061995495883195,-0.0006867939102422871,-0.004518083525768414
-0.0714992768393621,-0.0029667565746656454,-0.0004366823509365962,-0.005474859450873903,-0.000274358603296135,-0.009225300211345449
-0.049750911241645525,-0.003914249606706938,0.013845028916206148,-0.003137894876919589,0.0017168791071538365,0.002567572043534407
0.0597154835405345,0.0073759630718765,0.04938497887365839,0.029426594230462597,0.014333580834914242,0.047001990665306026
-0.085371833273008,0.002923751483379085,0.0016912733768588725,-0.005317371678341992,-0.003960007604350325,-0.0037062378604967344
-0.08999884261476233,0.009529868590910316,0.026713666166616808,0.031026620810073277,0.018157971432867705,0.030167204353363
-0.08164295251858082,-0.0030212482009338206,-0.0025151534296858147,-0.00737544425017629,-0.0012250037229604189,0.0014061722376033164
-0.06981123354010181,-0.007317213194340403,-0.00894380056688426,-0.005774780728273124,-0.0002377561673585047,-0.002267724386702534
0.03604747413385426,-0.03810938710360248,-0.008339764094032108,-0.03625943005659715,-0.024522070155172715,-0.017368654075225656
-0.10980855791562809,0.017832287427580952,0.008702648047392968,-0.001287112785456146,-0.004197409842861744,-0.004058717107351736
-0.08017302024744444,-0.0033470162495307983,0.0037392531953935543,-0.0034553515238657634,-0.0058673630165192465,-0.002605012167452292
0.5211366676373543,0.002002475969217639,-0.18140515505501545,0.29835454300442443,0.00567411055145373,0.011360820451866527
-0.06991334504676068,-0.001081324975315602,-0.0086191222412913,-0.004443120919134247,-0.005655187967191226,-0.004001741712535962
-0.08770696085046129,-0.0067201652031109475,0.004836425842141718,0.013857673132903547,-0.008225598220409927,0.007589080195272498
1.1537519980830437,-0.02334198884759142,-0.0033055091669756736,-0.027574672305100186,0.00040566420571787164,0.01323074173500014
-0.06631001326334905,-0.005086205008590191,0.002669470116117713,-0.0044750450518706375,-0.003406977359100506,-0.00531967370209863
-0.07801883997060961,0.0028365895068287123,-0.011645431321208956,-0.009170428969547154,0.0010504466695281656,0.0025089612335970506
-0.0728917072875831,-0.0010314070146052758,-0.00401885436122781,-0.010475911426826667,-0.00112808221886071,-0.004878336109270203
-0.09122334298750974,0.0028615024349106072,0.0017048894592173302,-0.005158037219046457,-0.0006812466623016535,0.0018339649227713248
-0.02847985570325167,0.001652895235543468,-0.013950193015748727,0.014702792702349643,-0.0037474663490902334,-0.017208188635440064
-0.07923698048619618,-0.00046447729346213467,-0.003282410631662936,-0.004681432711467223,-0.0037168498932956973,-0.002031112285140369
-0.07865399901743535,-0.007145277622791455,0.002882754715359057,-0.007592973253070368,-0.004160112988575269,0.0008891732491876871
-0.06830346959482322,-0.0057375014329975665,-0.0004347497954180549,-0.007807976906285585,-0.005062309561249639,-0.0049373137355543115
-0.08877112950917382,0.00956548576521078,-0.005801774539018272,-0.003857546348849436,-0.006894586455977046,0.002747808748083389
-0.08489724541192484,0.0021284903905913095,-0.0003866225283712214,-0.005263518401226089,0.003688018937883038,-0.002128471416343071
-0.11994050394682719,0.00544842119002729,-0.0006136158349205025,0.03689254558148118,0.0010458371409169287,-0.001982827793816305
-0.09355071941485478,0.002495512977500951,0.005339664054324244,-0.0025885951049684237,0.007727827737996079,0.000933090679280756
-0.08976419148552639,0.01612471822145595,-0.00378582259400503,0.002856088559983391,0.017012137621843434,0.008639060193286098
-0.07911575388443036,0.006376347256225794,-0.0015719975324379571,0.011170001497546437,0.012127936690981164,0.00026227408441481515
-0.07731952796759435,-0.0023199949412927544,-0.0001244054101205895,-0.0011870257671463586,-0.00309578655059785,0.002926566344231605
-0.07334857326683014,-0.00404850844577533,-0.008383496721865107,-0.004372783343608006,-0.0007179210495832461,0.0018533852403156035
-0.07288535312725362,-0.0046072850278398025,-0.001207206186272929,-0.005419487526488148,0.0012228695679441484,-0.007173470856728941
-0.07271733120369381,-0.005912424126330091,-0.004332608061564077,-0.006962321984955558,-0.004120184592732842,-0.0005934743590193208
-0.012881335770921291,-0.010904854805707435,0.007361385480281601,-0.011012659179856495,-0.00768501528987229,-0.029130919735505377
-0.1376798153132756,0.0007586120916664781,0.0005034808803234214,0.04623153971300948,-0.002006996595046607,-0.0011646409239900587
-0.06752170196219823,0.002701512626032616,0.006143003397656912,-0.002718881968012964,0.00102351561631505,0.001974413185591241
-0.09127827751414505,0.0008734556406114839,0.0013500343137858271,0.0065865402860859155,0.0030577241740197673,-0.0031272287315673745
-0.07545509767522901,-0.007152996686311108,0.0017181790976019682,-0.0055633538141917765,0.00033664929069315033,-0.006096691577431843
-0.07582325719748784,-0.00305913199465786,-0.001866437951730427,-0.00961968705730979,0.0012677814197757638,-0.004801573527431129
-0.06538849596816021,0.015263659959788197,-0.027401919303984043,0.010247291950591321,0.045487184213657196,0.002193600028361637
-0.0937324605216811,0.002173310482659946,0.0031645810253318686,-0.006968836339661801,-0.0016790615765167217,0.0031343558643859397
-0.08997343340360724,0.0013659612564453918,-0.0029858820892411358,0.00493894569617275,-5.792385410790135e-05,0.008777363739805538
-0.07854807395798713,-0.00012078070124076734,-0.0009330631737964198,-0.0038953714128631936,-0.0039357074182487335,-0.00690720775367446
-0.06664313253859415,-0.003704605552403451,-0.00851194905920426,-0.007004268590835721,-0.002773318922404383,-0.002372157276032748
-0.0911254095417829,0.002520876570414184,0.006244085207899811,-0.005984278433253124,-0.002233726203652193,-0.003587574743495825
-0.08047295850715314,0.004377876614393316,0.0004178331100313233,-0.006287431057187267,-0.005371390128398488,-0.005315939287941957
-0.08604867468191811,0.0049476093896004165,0.004045537044636812,-0.00642381144681954,-0.005108076948712424,-0.0025960454265624424
-0.08147857756793732,-0.006103165340357192,-0.002118930938330484,0.0059783177604638355,-0.0011228019830497773,-0.008114612571864434
-0.06828285949513827,-0.007000261986404323,-0.012611459822145323,-0.0017949623076565682,0.0028234806112379727,0.0013738653197179684
-0.09625012588513554,0.0023956436186111808,-0.0008890292754433188,0.004025233686651548,-0.00507156565148277,0.0029976177534163473
-0.07615438404968841,-0.008669641002490852,-0.0032519437066792682,-0.004843057140828838,0.0007660036354626724,-0.001997481086627909
-0.06680235260971247,-0.004833140031564812,-0.00862009971375802,-0.007521002106549363,-0.001247535591533378,-0.004866247302668815
0.3840501040977467,0.006107152793435083,-0.10422647735150285,-0.040204944328750734,-0.015344916716315934,-0.007402111160117574
-0.08082960309555537,-0.005433158480977418,0.003269445720753871,-0.0024640426894547954,-0.0072103134302524095,-0.0007276622073078941
-0.08981675136064933,0.001130557142003365,0.0004808870167084185,-0.0023823095692596594,-0.002043062459859863,-0.0017431183872215331
1.1737726673374766,-0.006126108236738288,0.033606450111402106,-0.01879695890792015,-0.0013208447998750371,0.014333425137222949
-0.06540101585503466,0.009954169620387258,-0.023625275601367565,0.01120891240155068,0.023872421047074793,0.0073190833907172325
-0.13505981600295686,-0.0021233114641147316,0.004926940683576399,0.04124662783599622,-0.0020868706056089573,-0.0015609107068869186
-0.07571023568622225,-0.008698115375131805,0.002600583637316813,-0.00783279195217057,-0.0037213386271021305,-0.0009836141299013942
-0.07989101634254518,-0.007733702059051235,0.0012423373588258352,-0.005350891075404124,0.0005766779206862007,-0.0011346038969274484
0.09833175424309747,-0.034533833954358745,-0.034692129233326964,-0.03559791656107972,-0.0013283846369511005,-0.01107327324952029
-0.030793086868479886,-0.015741777787222633,0.00796935065968193,-0.025199322363540628,-0.0005672845385129816,-0.030255007666182988
-0.07489756346046264,-0.006442889737111823,-0.0009998398437821474,-0.006229348286042726,-0.0034307999554054913,-0.0024826962594861565
-0.1018724864512221,0.003395945463125455,0.00483744463982647,-0.004563799712576689,0.0030328831035522814,0.0009727114080473226
0.20225686301182982,-0.15275097914469737,-0.006119137819914189,-0.07233417421739144,-0.029056413835615722,-0.017041308092061364
-0.08714801669379932,-0.001845639204307306,0.0016426428025155231,0.0032997642285645936,-0.0072267403499642205,-0.0025119546261881563
-0.08390451768735861,0.0016483127271099142,0.0018595921103685728,-0.006983645159191796,-0.0048205146530567585,-0.0017023350915259146
-0.0906558784740935,-0.003078752426798981,0.0026225369207741565,0.0006154112551110368,-0.0036019299481516312,-0.00040128323837557324
-0.0594113654796002,-0.006877752153471796,-0.010864625875390398,-0.005205978673405629,-0.008137633325969906,-0.002600648850569996
-0.06677289619785629,-0.004990811643730171,-0.008419806379842562,-0.007558190053447817,-0.0011044704200722183,-0.0049780046869264535
0.1727014439657779,0.03518313515770674,-0.009714924689611161,-0.0232691574568008,0.010233920964869483,0.010368623529657265
-0.05900812779068432,-0.006910029881125633,0.005748867185688636,-0.013399994614528257,-0.006734353297759789,-0.008513400551886539
-0.07137132541096758,-0.00377335210730196,-0.00038290377423131814,-0.00287466487408796,-0.006459275121091716,-0.006547956935037193
-0.08800641594731994,-0.003759506049725142,0.004340785523313803,0.0024053894894763795,-0.004753705281571563,-2.962941257676144e-05
0.06824123597010445,-0.055771673928944734,0.022633442741589876,-0.027096850804984144,-0.02769433768016226,-0.008525842326464023
-0.07374393433500698,-0.004529192264544658,0.0011342148747060824,-0.0005980972076246426,-0.006867728571728171,-0.0022466986209940154
-0.0760134717205857,-0.004418185565376858,0.005334743205177239,0.002364336803575351,0.0072549932815666315,0.002875500948733277
-0.08535912042388448,-0.004552285076193116,0.000969588536054364,0.0027393666736947923,-0.0022439364309826196,-0.006205588400368199
-0.10304188297958085,0.004924204692291284,-0.006259583072552569,0.03539370642229403,4.488099122179321e-05,-0.0023360843402022774
-0.0722224443994713,0.002376525322749606,0.00889444398862588,-0.002369773393457414,0.007333457776405419,0.0007307637473735157
-0.02431693052655164,0.0020696304745904948,-0.010133936323475728,0.01506482168850324,-0.0040667750047340984,-0.016632979452103278
-0.0631664079740137,-0.008362521992388561,-0.0005498810380180023,-0.0010910566176977104,-0.0076837847106823965,-0.0076429512617091945
-0.08668926134693691,-0.002702387694102215,0.0059341461765217655,-0.0029451684320547524,-0.0015061709001849125,-0.0031404457329936115
-0.06060660585052443,-0.0022845641331016623,-0.0047425545662478094,-0.008635533182573204,-0.009650384301883065,-0.007968595984217817
0.060661538651653794,-0.04650873906305274,-0.020777431306944084,-0.042182774462675404,-0.017121868644024377,-0.007175459288978274
-0.12140219077344916,-0.0036497298808763324,0.0013442661562567358,0.03788168230382379,-0.004626255563926879,-0.004205105370175419
-0.08197370238172778,-0.00495949304062968,-0.00307061522778565,-0.005424373067405605,-0.0015952559292430814,0.002644397472238662
-0.07218538989037374,0.0011525599874037725,-0.009907323419828242,-0.004466507118913925,-0.00262649873736669,-0.0061048580870327355
-0.07536592428797481,-0.008090993665151862,-0.002851221514291804,-0.0047519143704451115,0.0013376012419697755,-0.0015942504864920912
-0.08153009629488864,-0.0065655262765166,0.002738458204256157,-0.006620524907460588,0.001405888338095174,-0.003972672258160386
0.2679754044437381,-0.1043390644513502,0.005538167843772946,-0.0286174106929362,-0.023206636767242085,-0.004620199812901992
-0.08065198326124594,0.0014807990899715724,0.0002958571482310354,-0.005951448474615322,-0.0024486192512188924,-0.006198157381923642
-0.09517768448121199,0.008862532151433632,-0.0005609034313119329,-0.0076151299453227515,-0.0006607777831733098,0.0011677294074145567
-0.08936587400321534,-0.0015019250014683184,0.002895952939549095,0.0037804653341530934,-0.007045482569603027,-0.0025267471483587708
-0.08343361357411457,0.02911472915781227,0.0015101763239135243,0.006387701952019623,0.021341857703045454,0.008268643634666286
-0.08970144405592921,0.025041959720228955,0.03750307577327319,0.04897184252185589,0.028507658766923665,0.03540941131552767
-0.0900836527274082,0.0028142317363366795,0.004720311674347017,-0.0040159471935556435,-0.002200480952012313,-0.005495484383772121
-0.13146108724931135,0.0008869382000262782,0.0025369149944921565,0.03890435075213506,-0.0009112353613023904,-0.004393829386721364
-0.08799560938007753,0.0034033991455815205,-0.000748326293647717,-0.006476824752788567,-0.001076786112867559,-0.0008008483858749937
-0.037148304291009064,-0.005436896617334736,0.007107252751989924,-0.016976452796498325,-0.0036633387295451967,-0.03479972489312807
-0.004191140480176584,0.0023190306653382525,-0.013478183668861096,0.006740523332063904,0.0021939614850785246,-0.013859416425257884
-0.07968591305508523,0.001186211940206397,-0.00454700126153582,-0.006954510353734066,-0.004392597652799377,0.00040314482893523385
-0.0713956008476315,-0.0017103625822680476,-0.005786772207733096,-0.0036012334038574303,-0.001254115086231395,-0.00994960667833323
-0.07143587963745245,0.006915720861266141,0.004940755937503405,-0.004266279935488008,0.0011048012741652685,-0.0005541886259040497
-0.07975325780256966,0.0016856353839304577,5.372549310663573e-05,-0.006321025450479934,-0.0033663812252648,-0.006100600833500672
-0.07246480686404094,-0.0024327658108320304,-0.005433906282946762,-0.009570776842486825,-0.0006133648125401633,-0.00395340352624193
0.2215753787026582,-0.11110592602272729,0.012275798598562065,-0.05705788736673156,-0.03232910025531792,-0.017660208019047358
-0.11994050394682719,0.00544842119002729,-0.0006136158349205025,0.03689254558148118,0.0010458371409169287,-0.001982827793816305
-0.07033277386330715,-0.002614073706854511,-0.008769143608413804,-0.004819943349375829,-0.002153850027189162,-0.003251068097042715
-0.07495161970050417,-0.004404014005219577,-0.0024918853026514834,-0.009002018736224558,-0.0022789630225480352,-0.0012130513616403526
-0.09356038196259682,-0.00720021676727719,0.004765402905190051,0.008099217571897183,-0.001041602657969167,-0.004083812440813284
-0.0801693931583034,-0.004400969559808432,0.004098625298733211,-0.009035075241153146,-0.0032703115985109965,-0.0003689114420778095
-0.08718858376894874,-0.001789003407400623,0.004160566203687554,-0.002934734667407204,-3.3886533741937035e-05,0.0024058076681540423
-0.08370603093335902,0.00023380663507934057,0.0024159607971766138,-0.00341949239089767,-0.003998631455335358,-0.0018029287604300751
0.29222370062716335,-0.038298799183110015,0.04986346725588269,-0.05673809353861429,-0.04254270039035587,-0.019152544325134947
-0.07124845451415635,-0.00823496960809672,-0.001688837936013343,-0.009218837390805912,0.0008909783562292847,-0.0032448403239509556
0.05035761308082086,-0.04548561864345379,-0.0028291631153898504,-0.0498749416170788,-0.019694116040250318,-0.02143236267660146
-0.07453953677472236,0.0023405921388583765,-0.0083613117682305,-0.00441563176314868,-0.001068806837098222,0.0007455596572798921
0.4132557759329874,0.055806025696815365,-0.08753959343226866,-0.009259501432151125,-0.020698780117904384,0.009110575452907698
-0.07966817791604146,-0.006960775460470601,-0.0005238402274099697,-0.0047973401062120485,-0.005607001066384909,0.0036187002374819116
-0.10019144065578435,0.002607717637623234,0.0033945654525996227,0.002455208679146939,-0.002530756075570165,0.0025546682137671836
-0.06875937273375958,-0.0029355800773726037,-0.008199109208099005,-0.0034857956556827332,-0.004957251921370769,-0.0051972442894961685
-0.07656079392695962,-0.0068864955478818695,0.003341881299504563,-0.0036840191188697155,-0.0027897869514797555,-0.007178585493789343
-0.08808010030856035,-0.0026438535981162295,0.0034881057797035847,-0.006932432996057155,-0.001066418848448274,0.0011792632485064089
2.581992285047454,-0.027272319447012847,0.03367961446857244,-0.08410258688914536,-0.02964052904118616,-0.06823745165945479
-0.12788334926267336,-0.00415082312527825,0.006052660545533102,0.041065591380998086,-0.004875562502697042,-0.004597297166687988
-0.13269472008429609,-9.678967034854398e-06,-0.0012464751800234355,0.045003074891949754,-0.002704277085690777,-0.002929111146674142
0.24662139612294512,0.10124735160739577,0.017691325345020863,0.00908452018034336,0.00961050336508317,0.031730742384563866
-0.12047173540908197,-0.0020409880018049165,-0.0014792827147908601,0.03452942169371211,-0.0025868199750025225,-0.002539696422408823
-0.07831768495415853,0.001172543416812148,-0.006525190593666864,-0.0035251252888443088,-0.003751010299881224,-0.003413752732481731
-0.08799333453546614,0.003905712528874445,0.0011021659759280565,0.008915672885479316,-1.325400683233612e-05,0.004959670670550955
0.6945572258577568,0.11787900138691151,-0.03218791739449999,0.03354790267572194,0.060299107351005216,0.05375084988964581
-0.07456211588206328,-0.0014430062140584157,-0.0030687198252287765,-0.004212271839450036,-0.006653633516492753,-0.004204455728182947
-0.07158684542225775,0.0022279572424079193,-0.011028079298273971,-0.005733609391139265,0.00032626846127547127,-0.003735041224067821
-0.08380832168085767,0.0004928885734055271,0.009437242709722954,0.03252799059781121,-0.0009188325874160526,-0.02975029991209879
-0.07104824678365959,-0.00936346933245034,0.0018532312148886124,-0.006469130181819456,-0.0030752054483232484,-0.005292568392291578
-0.09411190470322363,0.001083458953407084,0.005116593076070139,-0.006436724939324015,-0.002841945649379476,0.005068547344708608
-0.1017843687398518,0.015646673520162167,0.004338170177303345,-0.005920400618507515,-0.0022586801708556303,-0.002626254815847074
-0.13170230338691075,-0.002379650579882362,0.0034918460580236096,0.04441419363743782,-0.003917617389347894,-0.004559049536840599
-0.07877065252575391,-0.00906516510636966,0.0015692148860763481,-0.005600083394609491,0.0009947288390574685,-0.0029753094146571747
-0.07860038143792457,0.003176483370333394,-0.001437413663021032,-0.006745642038521388,-0.0067581427084343415,-0.004222355154988486
0.34315918190975997,0.034298776419167024,-0.03393724869828005,-0.04324859751236264,-0.009798310923425174,-0.008537252947601931
-0.03456607202518497,-0.006632784792895614,0.001667367974975435,-0.022943860113220076,-0.0023488759062844536,-0.02821672287317529
-0.07609540405938969,0.007614703787258308,0.009125647161999052,-0.0018547253100237345,0.015632324179454347,-0.0013377227336637252
-0.08900466323406495,0.0009851360694750422,-0.003606905279139524,0.00403033273672382,0.0019043699660670442,-0.00542487451858523
-0.09034661406078541,0.0007750756044085084,0.0065583449424710775,-0.0012098392295755134,-0.0031694784241758055,-0.004128228393096153
-0.07470649590759643,0.012099886693875428,-0.009467337997154485,-0.004373408760163709,0.013417068433572788,0.019728539173947984
-0.06932851307788254,-0.006304440116415303,0.0003778069334595767,-0.008986858632097649,0.00030489501610054013,-0.00652273231554216
-0.08061509911585626,0.00014146061733034054,0.0031736214570580413,-0.004548805633227607,-0.003238403592622249,-0.007646336652002199
0.3103379442005255,-0.0239768982794298,-0.031710962439014966,-0.047092234606278115,0.015988959985559086,-0.026913849282731373
-0.07263011333933006,-0.0036304427417738847,0.0030603070590621024,-0.00784123103110167,-0.0070009881081361785,0.006286107089476846
-0.07390593116786444,-0.005397532224711119,-0.0025997503437277542,-0.00741698036325398,0.0034682815077619277,-0.006328058622077951
-0.06492098009904193,0.02387570999890884,0.021993068736477932,0.02743950141424757,0.047872244261410006,0.01808707458459366
-0.069664823780366,-0.006767199578737583,0.004580999788906407,-0.006701401528924631,0.0024194499199810347,-0.0009803340838562527
-0.0748123934202889,-0.007988801272195185,-0.00019164954270227226,-0.004566227842737992,-0.0002123949310027299,-0.006144410958745058
-0.07679098615243819,-0.005605499779475305,-0.0016751617826240971,-0.00736206246192166,-0.003982446024098384,0.0009736106161545168
-0.07095866746029113,-0.008188046806091724,0.00033909966065474905,-0.010607345766049452,0.00033590351510945685,-0.004919391599479173
-0.07812792399212387,-0.004969396874465608,0.0049776731162980105,-0.00607669058004544,-0.002527571070939154,-0.0008265785266188158
-0.07473395608530335,0.012909607113284895,-0.023898791340576833,0.008650433063090152,0.04223479971036439,0.001165822341625331
0.20020238834966855,-0.13043334697424896,-0.009362139961493095,-0.08209976435566202,-0.021229571790134582,-0.035872621473379114
-0.08571622723337076,0.00036661083375427565,-0.0037580191502722634,-0.007778533667052513,-0.0017873320921776132,0.004199192863684681
0.2774440702649255,0.02124710345264885,-0.09048160758285073,-0.04625508857016342,-0.006412287192841966,-0.0016283057350544058
-0.09945400273212121,0.00914740528683946,-0.0018688323676371286,0.03669360076788557,0.002129663097288713,-0.000674350261565473
-0.08198297489496148,-0.0035300041587720474,0.006708635559128535,0.010851596714252747,0.005089268149314005,0.006244518232475676
-0.09394267541907571,0.003108953458474891,0.007002358308075969,-0.0021189242977515984,0.008453943234692915,0.0015599004878554359
-0.0760214876270622,-0.006542814432046135,0.0030130976791185107,-0.0038416566203387627,-0.0027569904119723507,-0.007262894525316
-0.08279701445312013,-0.009433138641552817,0.0034315484571703692,-0.003870804162389143,0.00015509990393263224,-0.0018667662546996543
-0.06983182317137027,-0.007467291894614029,-0.0035623658291374866,-0.01068017089421308,0.0014070402910068569,-0.002948902022008686
-0.09290588442168975,-0.004198531859448889,0.0058074275854405905,-0.006136275987549101,-0.00030675184295537593,0.0032012962393768345
-0.06962863563719644,-0.007624435434964361,0.0014109843479461273,-0.010940899404918667,0.002824374445537468,-0.007066417160577735
-0.06624886599875797,0.009178519614372589,0.011232533394684373,0.005224679774896813,0.0064462692475626025,0.004815885617686648
-0.07020709980381966,0.01416673419467951,0.027213881268565502,0.0009846567918136292,0.08013123455932082,0.023228750116898372
-0.08307418802800459,0.021895010380980472,0.00709665575379801,0.01610589967004712,0.02610494210886401,0.022659059519699678
-0.06737727860261193,-0.010039457651187836,-0.0007235863074357947,-0.006498090541476651,-0.004650396120681448,-0.004982806932487846
0.4267942842371986,0.12749113047001545,-0.07430865318711467,-0.014469776774508211,0.006644953722232671,0.013954469787098868
-0.08881371879385873,0.0019856919939834896,0.004670961392260057,-0.002424799615441449,-0.0011807351225136436,0.004188832526129068
-0.07627958053168267,-0.000463587076332638,0.0015359416042428323,-0.00792279032443487,-0.00023774892612381213,-0.010293670703266611
-0.08661809006910645,-0.0013748424912783973,0.0030494016016985527,-0.0024108950548414236,-0.001206985687580807,0.0010576932971216625
-0.07604715860003897,-0.006827705119850211,0.0019409441737448252,-0.010056075658121097,0.0004323732901280046,-0.0003006428127063205
-0.07667654299769526,-0.00748409434173606,0.000989397580801686,-0.006520564823780473,-0.004770265492717352,-0.00018378800775403897
-0.08828581235166028,0.0009444147824932262,0.005735186232156388,-0.003984912142741303,-0.005625664306804827,-0.0020745762359702345
-0.05010717788164258,-0.0031120182261968844,0.009443790753715549,-0.0026402255255577453,0.001239484296522563,0.003008675059083883
-0.07606931752240008,-0.00803829937740947,0.00156202443743182,-0.0070781965002033,-0.0019359543263821172,-0.003085173801789688
-0.07392756905657831,-0.006141323440074389,0.00043695706545774634,-0.013190754366164018,0.0008125717679050456,-0.002593043725407735
-0.08320349836150591,-0.008070679758413758,0.0032498950940890873,-0.0023450351551614953,-0.003007498269730569,0.002381892211627061
-0.07874749816118079,0.00018547573544415945,-0.003957298325304305,-0.0038135558510886515,-0.003888264716924714,-0.0018862626268782892
-0.09310777535619141,0.00038856948918838496,0.0052261842140451644,-0.0027367530670514523,0.0016749050094678449,0.0013591896723841458
-0.03735389777109023,0.00017481192406338034,-0.003534843001152006,-0.014183118456088332,-0.002974091617574747,-0.02648671302623978
-0.07654512453023361,-0.005832133217855046,0.0018960299622358446,-0.011262554086951622,-0.0022892310294157702,-0.0006189813455852911
-0.09150129016417063,0.0036920887741016713,0.005978061280733085,-0.005613304053010897,8.665898040922251e-05,-0.0010204196516045779
-0.07437392412070248,-0.0058539911297217275,-0.01072487305766053,0.0023014368624611537,-0.0027685802795569085,-0.0027647716989549005
-0.0788557449017104,0.000708188790665701,-0.00810257746405434,-0.005176486747180898,7.243551362635583e-06,0.001945783808447202
-0.013424508975023708,0.008766703978837465,-0.009154102416354115,0.011003013054382848,0.006032459056807318,-0.0032167265048221906
-0.08873742096276463,-0.00252307447090503,0.0007068864200089157,0.0012251531939744783,-0.005666880332480608,0.001109130175924474
-0.09527125638280058,0.007565019162421106,-0.0030281996482574365,-0.0009184625459230494,-4.720442309851915e-05,-0.002222659048722176
-0.07817005673487108,-0.004236322207372303,0.003493465055251246,-0.007006383599452506,-0.004262870302477898,-0.003035242718237298
-0.07497594172368224,-0.002737845935176932,-0.0033035992355185664,-0.0012891485161421927,-0.0048357249330934,-0.0038151484649568313
-0.1023200658238793,0.02236693200273716,0.008452741622120296,0.0011150233505012555,0.0021201981937669155,0.008422043477176448
-0.08619452643306513,0.0023382446704837533,-0.0032494536790633015,-0.009066156095058642,-0.00021570014049455676,0.0026292696591410083
-0.087265652932944,0.0012660887788436056,-0.005178419773112157,0.004193879937581957,0.0017795610406042296,-0.00564338235937778
-0.06983654190920327,0.008400718841702645,0.004139497093197975,-0.002576513871688194,0.007405338946335338,-0.004773583762306586
0.06203070537014704,0.008878828361491682,-0.0028424661708411395,0.007895940548695305,0.01296574750337568,0.06791337826050811
-0.04231795665799128,-0.0029501796176360042,-0.001966926822749417,-0.02297027593097746,0.0004127056286279569,-0.017737890077947887
-0.10343450710232689,0.021338500722973715,0.011223694775316817,-0.002445850638096529,0.010094642783759846,0.0053272843251848485
-0.07476750291574573,-0.006933456550443182,0.0020791999066378758,-0.012328984009267147,0.0001683451307399937,-0.002852746896697886
0.3956690086283594,0.07782148442171194,0.045392396463877764,-0.011014688671964284,0.021895994068630364,-0.013832450735118922
-0.06893976999269051,-0.002567348998325111,-0.008735723423603998,-0.004853693706705225,0.004614403037627399,0.005674753190602416
-0.10116777932545264,0.010292893271715519,0.00723735856484485,-0.0055039806373770915,-0.004571099695709567,0.0015834633284283195
-0.10258745574752604,0.01610729566164205,0.0033465156935643357,-0.004925735523628438,-0.003945793206800004,-0.00037931058126684737
-0.07582083143255253,0.006529572932204726,-0.004323511362319253,0.012850535308216983,0.017085801991978705,0.0040079583270041935
0.3947264445002606,0.06997526401270075,0.0485177021249322,-0.011523340838811224,0.017220957409695897,-0.01387925602182547
-0.07162807700882141,0.003288731134033512,-0.012972037304883338,-0.0043947922000088305,-0.002580522384939561,-0.0028701614988256153
0.09753372896210999,0.019282519907831214,0.0331712152512738,0.0061972796932351125,0.007524287582061288,0.07467764181244334
-0.07663000940608582,-0.0068763590305936885,0.002744066729219248,-0.009705970645716043,-0.0027160471510594784,-0.001395403456808459
-0.06764582267321084,-0.006786446906813904,-0.011361724633658955,-0.0013576547850081533,0.0038903481400521097,0.0011171659091681846
-0.07762409650659205,-0.0034217351031867616,-0.00043722230150394325,0.007018525997406067,-0.014946928991592801,-0.0022456661312098805
-0.08391120906836509,0.0016228951522025427,-0.0031675461337950708,0.00841207528823004,0.006182120696511262,-0.0020697972916886424
0.4547748304895722,0.022634053318536372,0.07976735950844838,0.0366036550191425,0.07177531826063009,0.08774223836074493
-0.07539399679953981,0.0011912670028093048,-0.008269405842956505,-0.005480979142459917,0.004685450067814279,-0.0033395536949615643
-0.05919247238562714,-0.005234079509947274,-0.0015986849297962603,-0.009127391353545278,-0.006250993956630545,-0.007047813881875135
0.030952478375185596,-0.05369896589919247,-0.0175377546728003,-0.02852803806056652,-0.019667519680785787,-0.003500182159727891
-0.0924821864124775,0.013129994959577689,-0.0029637888018504504,-0.0023768417449800752,-0.004257399523255955,-0.0042396181199894885
-0.06923368968242864,-0.0044185704582035,0.003219011215894579,-0.009719775723720374,0.008495088753273034,-0.004523568672538063
-0.09901258821537685,0.014622142817777843,0.002477131307733586,-0.006323774484716222,-0.0016791637219782808,-0.0025240202209818033
-0.08866373173361745,-0.005321381421293855,-0.0016163567444248692,0.006112225569079889,-0.0054223275637813656,0.004379949859282949
-0.046070535861554913,-0.005419982238784476,0.011781028197897007,-0.007448593671706927,-0.006101219989218505,0.0035561206007984317
-0.10484806789660664,0.01582777672644714,0.005352253967559214,-0.0018544383954515159,-0.0031853888955557914,-0.003395917738827016
-0.08860336672141361,-0.004405872468491919,0.0034403329574790448,-0.006940848420781219,-0.00042806782556143195,0.0023928628366704364
-0.0715780579893404,-0.0015603710692861873,0.020603115227640086,0.019965620198615447,0.0017283098360580216,0.035632520101018805
0.7532915301992004,0.004253503586307766,-0.023615022469253195,0.24876007999428662,0.003796328011153034,0.01037288286616606
-0.07019910793861162,0.006792693716976178,-0.012740493367961264,0.0022988834640136173,0.00928721866359792,0.00013981681964096268
-0.06988305376373051,-0.00464110581188745,-0.00847533825195865,-0.005198213285651057,-0.004322162318063338,-0.0012854627815046642
0.4973872806431501,0.020326581880710244,0.159388806218038,0.06541240973738431,0.05554502559385746,-0.0025861760315528375
-0.07988329672958254,-0.012062823896274498,0.002363687874934084,-0.006029722434996576,0.0019037444456427648,-0.00036893105464966193
-0.13697537713351643,-0.0017469354201168988,0.003695616392448722,0.04861549203334177,-0.003806490547884534,-0.004356665010134855
-0.08358860432384241,0.0010535569834949853,0.0023659987486847034,-0.005239609468578262,-0.00388797544199753,-0.0018087881275625451
-0.02979633832390763,-0.01299943536448025,0.004963298381773506,-0.024719927467480505,-0.0012741248542496898,-0.030748653854399215
-0.07924461277672575,-0.00822677609521603,0.004783242474525418,-0.004057816291556703,-0.0019258612419343984,-0.005325760280674949
0.08120082008574739,-0.03507845347186194,-0.016117656154369688,-0.04238752175160331,-0.010825142093493239,-0.016706329824714584
-0.06654395491141359,-0.00040529588992198817,0.006510123505616451,-0.003530972139553838,0.0046679619041675065,-0.00364220490858705
-0.07188425163999031,-0.006742791651176878,-0.00019366256004107343,-0.00678895697244548,-0.003651046688708104,-0.004335399665578797
-0.07483996570348031,0.0037733862861915133,-0.000415985741162447,-0.00891813806959706,-0.005457746739786184,-0.0047057345194847925
0.21452659167614432,-0.10574073473927202,-0.03878411028583305,-0.08769889586641134,-0.009437189108080465,-0.01965270255588426
-0.07613775772587897,0.004415155351865411,0.001273611223316393,-0.0034854186584101655,-0.005938421185487141,-0.006396771668146807
-0.04794093059092255,-0.0034082925929993083,0.013869781649049801,-0.0047234121569103595,0.0020792764889269086,0.0028794194401349014
-0.06538849596816021,0.015263659959788197,-0.027401919303984043,0.010247291950591321,0.045487184213657196,0.002193600028361637
-0.1324082517741703,-0.002220498557596584,0.0034843289639593026,0.04286570541596928,-0.0020427679746372928,-0.0043317557808520485
-0.13223333882078026,-0.0024503880880834736,0.003760154652194044,0.04450819432635072,-0.0036794508592220086,-0.004560044859652107
-0.09923286648129973,0.014744107204822356,0.006358529448920637,-0.007107163924446091,-0.000866224364770997,-0.007016794578141372
-0.0751119978099428,0.0016652494255150958,-0.00891090667413962,-0.0015786134269126495,-0.0005488019224719001,-0.005796763119787714
-0.08167172407445436,0.0003778760352709258,-0.0020370108869501376,-0.005684216848742096,0.0030296216204788997,-0.0014014120287552262
-0.08388681521290678,0.0016013167227265687,0.0019648750148895514,-0.006950122582381428,-0.004833771635517794,-0.0017479777287062502
-0.0039003866741504126,0.005741798132533146,-0.021877748496867484,0.008202163777591585,0.004665224247741226,-0.0027560678440668655
-0.07591322708823613,0.011546745459759483,0.01065503667858903,0.018941170354854892,0.011756431035177397,0.0071901441658971535
-0.1031959041904186,0.00018966947390914305,-0.005517070851298528,0.033226218783819886,-0.0018103438509049395,-0.0030774775562123413
-0.1321125494900011,-0.003879864504632384,0.0077856676168724815,0.04115597255552938,-0.0010303149416103846,-0.0012262429296360658
-0.09806474604791315,0.004828351781292808,0.007423943779223684,0.01090939861750109,0.002603865639501086,-6.58533928102464e-05
-0.07396211121391827,-0.006350849477050221,0.005427235328824942,-0.005914538114311543,-0.004212156771890019,0.000497682661035544
-0.0861753110552421,0.0006871248966872397,-0.0002763850306037017,0.002536702099173792,0.00014985666721144456,-0.01048244357624717
-0.08592128101750884,0.0004092658192179333,0.0034769226645581385,-0.0028404737494263726,-0.004138863198505844,-0.0019180184941105937
-0.08052675928887698,0.0030973457609778056,-0.0045875803908652256,-0.006058624422073973,-0.0017390011683138386,-0.0035005580404993616
0.006185012531161933,-0.00024177589221552255,-0.025857947693056934,0.013363936677796208,0.000530756430876437,0.0064757479734621
-0.07453294346366197,-0.0032392905651120476,-0.0003970219844402229,-0.008156332266229367,-0.0030414095449542325,-0.004439647084124717
-0.07188179620911352,-0.0061264917544874365,-0.004679090871467549,-0.005756405053175026,-0.0032177902507196615,-0.002801529330512194
-0.07182009233069925,0.008462539549847886,0.0061699473343298054,-0.00254258229605866,0.007757571723492707,-0.004705028339236674
-0.08205388173351444,0.0012648510225246868,-0.0042737092241824605,-0.005431032032540421,5.2559887976820176e-05,-0.004049592482019693
-0.09192144267719372,0.004192011446666608,0.0008015376688768468,0.0027836634715654087,-0.0023521736396976962,-0.007547308052214597
-0.09111937677117767,0.0031821202968669283,0.002083718806002666,-0.006462833995461751,-0.003061283923400385,0.0009699556402862586
-0.06562868683625646,-0.005639958716393497,-0.007083162720330015,-0.009187962539137381,0.000836537496097892,-0.0047086029955752525
-0.09915137895583767,0.009008572225946618,0.0002521251625994009,-0.001565618433262194,-7.344003098551925e-06,-0.002059970939802455
-0.08966861580401535,0.0036487609853871807,-0.000819369309004241,-0.008427088809982738,3.4316888211881847e-05,0.002007259158980551
-0.08137919185138495,-0.0026709639306717096,0.008524363612493577,0.013968801623458121,0.004799665453650195,-0.010690352528257134
-0.07356987616462436,0.002291574091525257,0.005656439544827649,-0.01359262098287858,-0.0036459289692432804,-0.007576033611767424
-0.0896918695079565,0.003284195787142769,0.005422892740248076,-0.00570160640758132,-0.0031587026060880432,-0.004360305476047011
0.2435051331737852,-0.13008505528399072,0.018183572990347247,-0.05302359138509433,-0.029748151645313768,-0.014083505866718742
0.057570931996815816,0.006665195120540794,0.047499247565149734,0.029137072684189188,0.014307760187576199,0.047880100197289326
-0.08028701453429232,-0.002343147400708088,-0.0006138249539653014,0.00993283989066224,0.0038437738179368354,0.004899537989069079
-0.09780745804804016,0.007164342827101621,0.008442970333346136,-0.0020252490091886245,-0.003915875200201331,-0.004111654635875043
-0.06482929866653275,-0.007596312346985123,-0.0029858029016433425,-0.007813029627531092,-0.006465157856033927,-0.004065920532934944
-0.0671082800975832,-0.005500015515857436,-0.00033422541435721483,-0.008385576935503122,-0.004448997821532527,-0.005374519030417643
-0.05295511860252691,-0.0010641926196271684,0.005606638511454096,-0.012552824830313697,-0.00392943375047682,-0.028170216015293802
-0.004031599394625722,0.0011873204023244643,-0.0414917557088293,-0.01226889299233653,0.00843759770053957,0.018788768999248705
-0.06327213876923028,-0.00740525540729156,-0.0063322902106594725,1.3766640456076914e-05,-0.007372796318032454,-0.006331254826578798
-0.10398137161433785,0.0167885616363479,0.005030810292003053,-0.001962878648838268,-0.004845385175771463,-0.004447212524077838
-0.0810356820821291,-0.0070121465064867305,-0.0013049113505106368,-0.002790344632810776,-0.0037471398206303623,0.002327675984715079
-0.0920080090701053,0.004386990746110104,-0.0011634082788967118,0.005544106262656961,-0.0012732032617721403,0.0022173027908250235
-0.08556690985098728,0.004458894903850901,0.0029168169132614444,-0.01079243137529266,6.665517780434191e-06,-0.0024009607216664086
-0.08369431155715057,0.0007580458483263586,-0.0039280577556211225,-0.00681087669916596,0.0018612892074312774,-0.001466351128368097
-0.06591454714263305,-0.00579225763543628,-0.007511152883211642,-0.007067250799921338,-0.00047562354620229113,-0.0024860081987207933
-0.09297197395933912,-0.007270990324479202,0.005630329799463912,0.008603594091966786,-0.0010284849985395448,-0.004051742855709811
-0.07292462292190546,0.002063508713986361,-0.008960676386119842,-0.0069960101465838895,-0.003016744761280177,-0.004469368584238895
3.122634179924317,0.02527515751039152,0.010459350397443473,0.07094025852329289,0.03285276784546253,0.054287872663944726
-0.08762567655654072,0.002546025790116575,0.003561010811465279,-0.0036735552133620683,0.005074156056459383,-0.003325086221493646
-0.08788386279461494,0.004671293976816093,-0.001800045318195473,-0.006814960049300637,-0.004189312931125976,0.0018130109351803619
-0.07818634580449108,0.0007756467976293653,-0.0035668688929989126,0.0062217086733718395,-0.008836957318162484,-0.00026156151788860364
-0.06396867260006872,-0.009310929411142583,0.0025008444658981585,-0.005829926273528214,-0.008082695167234371,-0.0055992781080486335
0.10269663650351893,-0.0459132867270449,0.013929098744341523,-0.04979344248092771,-0.01135057791301314,-0.015900979917767923
-0.07521846829763518,-0.00848156906428966,0.004142570656292344,-0.007204024611684719,-0.002346289898757727,-0.0037908377421489842
-0.08073344296800179,0.0022749237915973605,-0.0004042341787149061,-0.0037181166809156264,-0.003993041037588857,-0.005366702462829096
-0.07122431688959405,0.001537401797249433,0.0007720448293636286,-0.012647434924943392,-0.0034145092127072655,-0.007058813997282279
-0.08380832168085767,0.0004928885734055271,0.009437242709722954,0.03252799059781121,-0.0009188325874160526,-0.02975029991209879
-0.07468588608077047,-0.004990571733829337,0.0015158486127205002,-0.008648433827365893,-0.0035005150095164155,-0.0039049708149931873
0.24073747202258738,-0.006012203844502485,-0.09441510957780559,-0.03937518321423048,-0.02477034833605069,-0.028699269013644363
-0.07561629816335592,-0.006711594582532254,0.004632550665855891,-0.006132458964211908,-0.005421531361598629,0.0007697819668103737
-0.07552277880548475,0.00010876803829071305,0.005673458717144393,0.027852925363581055,-0.000944007681085897,-0.02935354615008344
-0.08012588992327083,0.0025450929983194064,-0.00017218596361213284,-0.0050141657715403595,-0.004257904354736895,-0.0051568782388136235
0.06558600656554255,-0.0021898633635799385,-0.05909257850323031,0.04003841853223608,0.009872221599050487,0.0700679294444361
-0.07217723048218151,-0.002470008058076567,-0.0024478849522610894,-0.0034928030411714773,-0.005861120063028169,-0.006408479529987827
-0.07571892366718332,-0.003558106299461302,0.0016574981444963683,-0.01030720721894778,-0.0015649719525551275,-0.0047277758232745215
-0.08666239882161245,0.0028397741100192574,0.0017324635963453542,-0.006014623038713953,-0.0071472588793999444,0.0006446083250678563
0.45259293401145456,0.22368914426734507,0.08339394637716305,-0.002438435361278235,0.016815394532808402,0.0009537596564958713
-0.06994599258056765,-0.004646002373517681,-0.0026119653875876525,-0.007786114336909783,-0.004645474444632876,-0.004074396816232144
-0.08250019529434992,-0.0009198535055379709,0.0033920624592145743,-0.006286373046678994,-0.003932382277241686,-0.0022574358351562605
-0.07329847051137475,-0.006102986650244329,-0.005042215477303412,-0.005394075872970654,-0.0029754693871898484,0.00033102658992101655
-0.07425600614165383,0.008041807983615278,0.007176270298221362,-0.0023244158687398134,0.015927890628615327,-0.0012705961867302295
-0.07731952796759435,-0.0023199949412927544,-0.0001244054101205895,-0.0011870257671463586,-0.00309578655059785,0.002926566344231605
-0.08499422470123462,-0.008371690019288251,0.0039165131648680905,-0.002073262242353911,-0.0037130211908011287,0.002587879289949804
-0.07918467497972845,-0.005909325439853277,0.002359502854646124,-0.00632564370644993,-0.0013802343644275733,-0.003345759481613798
-0.0823469619545355,-0.0024341474680958336,0.005777470561628836,0.010959201971212532,0.005131562419245994,0.006508913635120907
-0.07431679636606879,-0.007115192013954875,0.0031863144739409433,-0.006443956401555537,-0.0013663987738665416,-0.004622188368433538
0.23164241854186254,0.013804450953314158,0.028906624294013517,0.024161085123714874,0.01168417701726042,0.08594137467401064
-0.07027803120064381,-0.004817757925714411,-0.00829634676418368,0.012210173382955627,0.005265476061833124,-0.0253144321752693
-0.08423094380807794,0.0023963244772655565,0.0043715475801420585,-0.0052215368870067,0.0026721178383705053,-0.0008401737103177642
-0.0677381993924434,-0.0006475849023223211,-0.01308853697971518,0.0003508829334952619,0.0157979241775853,-0.001323017230773254
0.20020238834966855,-0.13043334697424896,-0.009362139961493095,-0.08209976435566202,-0.021229571790134582,-0.035872621473379114
-0.07470649590759643,0.012099886693875428,-0.009467337997154485,-0.004373408760163709,0.013417068433572788,0.019728539173947984
-0.07784900840684578,-0.007517010359387516,0.0007038668633337671,-0.003158376673381614,-0.002278192535050807,-0.0025369764289869205
-0.08085003397106875,0.00509074980439338,-0.0019649721614525017,-0.004312072952496628,0.0026473548881835755,-0.004580633803904161
-0.08165437481662431,-0.005947712467515701,0.003138370981948329,-0.002497631036585156,-0.0038954427840631957,-0.002412770648603346
-0.08150990530026958,-0.0024132193142032267,0.0013028282847988661,-0.006462171636538108,-0.0005273687149629313,-0.004420954403436008
0.25553404488041226,0.013887127931930466,-0.09880154312129179,-0.04141883312760413,0.035133053959452876,0.0075866144239936815
0.23750690079760065,-0.0742117858821272,-0.00043029238983323083,-0.04983856519943573,-0.007246065258639805,-0.001590338021096402
-0.016150121645334584,0.004995142333171902,-0.0078755228943074,-0.012958261828346047,0.006462922280900787,-0.014867781131453423
-0.0694608641745309,-0.0019250059409821783,-0.008462716802885727,-0.007060102368886453,0.0005153136739183375,-0.007741706421800009
-0.07740884737550917,-0.004771971368808274,0.0016511166972184201,-0.00999637332914324,-0.0025085894178187265,-0.001106328162847568
-0.08166346663578342,-0.0011517413114588047,0.0008274259948309471,-0.006391594549357976,0.000521491178056156,-0.00561060901899433
-0.07504261537500329,0.0018942641466278484,-0.009347085294075028,-0.009909782415339238,-8.035245788655953e-05,-0.0017053182667267843
-0.09015592002619487,0.009401751434521597,0.02738632498129193,0.03054449018528351,0.018083123048833784,0.028867015973267317
-0.0813532202171221,-0.005986340908951526,0.0017461718245107619,-0.004609047325467566,0.0005359863922074828,-0.0041603876275397725
0.20211141091751023,-0.018748939287032692,-0.044891087329169556,-0.06125774518641581,-0.011305768841870217,-0.0461718702018972
-0.07891423434224917,-0.009041292488981507,0.0018630853434925194,-0.005594620791607641,0.001017984981805567,-0.0030220438574623367
-0.10216516252705958,0.01924701685727237,0.008027477320762486,-0.0028670045489035774,0.008902153745174628,0.004871740575885098
-0.10286340746579663,-0.005061424510258938,-0.006320401412651771,0.031672477677959755,-0.004122862065929309,-0.005564452807584199
-0.07997078229291464,0.000732230158441932,-7.190235682964796e-05,-0.001740702638500291,-0.0022144995351841366,-0.005842266772071554
-0.08089081541733836,0.01586881023863207,0.0026084312883014075,0.0010871361428425191,0.012941149621639727,0.008820153690690242
-0.015742243615171493,-0.006141486918342178,0.0053630945174309,0.017931314400801722,-0.004509125091472669,-0.014677975295617424
-0.07029739928481664,0.0011012894754600564,-0.006574941213922072,0.0038429451155988724,0.02209488843109515,0.001507000810461832
-0.07943211462852813,0.0026483276183155487,0.0017035146293262163,-0.006643647653552594,-0.005751987475295669,-0.005369289073679673
-0.08208153391934861,-0.004391917666175882,-0.005395512961966491,0.007220955367364833,4.443917195342877e-06,-0.0024413775798754734
0.12941080572841565,0.02357256329566048,0.06492164516489143,0.011144863041290557,0.010651228024779654,0.09070118255327762
-0.05904952436357783,0.0384562188969018,0.024621663235439403,-0.0028902124370030827,0.025738622564475497,0.04241199578120498
-0.0714741218542078,-0.007654484912688806,0.002118682766269905,-0.009629939667240696,-0.0012924897526180423,-0.00492385360384063
-0.08774074728936762,-0.0029128218914033274,0.0012589431154308777,0.0011726003771238413,-0.0040366564733007575,-0.002184199085651277
0.08499157753426735,-0.04271259488945216,0.01208778309075132,-0.07553258711953804,-0.00866778404481789,-0.05654993864452204
-0.07970699963021531,-0.00834073585053455,0.003231254129097439,-0.0015675926375113471,0.003574650922003584,-0.0007954921446305404
-0.07449170176252376,-0.006505883185830265,-0.0040507184815951214,-0.0001746751108041731,-0.003813446549538373,-0.005593031206281134
-0.08774245499576427,0.0031665843807240452,0.0017772072948908366,-0.004258753645367809,-0.00566597785844823,-0.001607328166405523
-0.10092413083216477,0.007978500030140553,-0.0011749915316403726,0.036463560981033045,0.001659698241872202,0.00211409550617255
1.377227434335047,0.07541926643016039,0.050134762741282,0.057504714218072406,0.004317841782571816,0.019203894811209283
0.2675341837375981,-0.024371087384262986,-0.015451067743727426,-0.02783730528816877,-0.022341283463271546,0.0051644620826993845
-0.06862313641544124,-0.0063590556800891505,0.0010364182517410504,-0.00921019120864337,0.0017296665207767738,-0.0014825221286705339
-0.07898464630443607,0.0010234852241419107,-0.0025713352377452156,-0.006726162251307028,-0.0020296521814668626,-0.004910077370251422
-0.08344358158245498,0.004829852778558448,-0.0015311569186019403,-0.006572676208786068,-0.005455829920552201,-0.0020765678401748026
-0.07418025589688026,-0.007458587713280645,0.001616361800793349,-0.007666186160631996,0.005635991420702438,0.004351350532404171
-0.068651228706234,-0.004939271600197473,-0.0016670151123928478,-0.007729948877211445,-0.0009305531175218939,-0.006471955125486158
-0.06688362350580612,-0.0053934225189875284,0.0031026599328944095,-0.005228395022500314,0.004892716224525097,0.00251535662869882
-0.07029692631806993,-0.004072657354022113,-0.00643012706654308,-0.007658173044578384,-0.004708335301567605,-0.0008419034102545823
-0.08539809457866562,-0.0006792197916549113,0.000996482665340282,-0.008835109503115054,-0.0029306092599312586,0.0023178267122866605
-0.08215954891839905,0.0036155275125053714,0.00280668165359657,-0.006379693424682195,-0.007305041903827102,-0.0044183265251441515
-0.08499422470123462,-0.008371690019288251,0.0039165131648680905,-0.002073262242353911,-0.0037130211908011287,0.002587879289949804
-0.08237880025676335,-0.0010251424088501564,-0.009870995585175622,-0.003723765837594748,0.004846487043169973,0.0029325306939217734
-0.06881938196244258,-0.005813347274161917,0.0007187818444049644,-0.008402417903121986,-0.004572273279118081,-0.004884194773541187
-0.06954567967545401,-0.007059346129197596,-0.0006025578448824122,-0.0044951203199872425,-0.005065876364224823,-0.0030107679217929047
-0.09053076244359488,-0.001790147588291484,0.0015233775987370836,0.0008932901796849495,-0.002532398737627858,-0.0021683942937973525
-0.07427882533142675,-0.005023522279442228,0.00033990183994233426,-0.004965827566282937,0.00127335281976804,-0.007220526365858277
-0.08311963479389316,-0.0033946179708421536,0.003151875965052926,-0.009384487814768012,-0.0023985317538094625,0.0007446000970329652
-0.09737555522042896,0.011586996628418495,0.008753698488860234,0.007057620126387944,-0.00042770185263198314,0.011679319205411128
0.0010846157147640129,0.008434007488113569,0.017391736615906442,0.002104231071410548,0.004624584594276163,0.013874128799212048
-0.0827626717580921,-0.002416223007782685,0.004526757992160801,-0.010317937329540415,0.00319047837281938,-0.0033719331669682397
-0.07540076718896313,-0.006280655921528826,-0.0035196324744121077,-0.0033051824735745978,-0.0038645994965673604,-0.002044242150648875
-0.13290515539531877,0.001322739722902584,0.006797123060383391,0.03606175492580239,-0.0010485891564792228,-0.0038688751204835124
-0.07009804758775645,-0.0044541258351875924,-0.0024104567341982105,-0.007826579156491889,-0.004729488592810234,-0.004185137280212306
-0.06909577412786515,-0.003621511235475379,-0.008876044137299215,-0.008665607188113645,-0.002310475725428707,-0.001723912530727988
-0.09170052263943025,0.0016730638195391583,0.0011688637047460352,0.0009921589370307964,-0.004301638195809603,-0.0021784260622662154
0.17077305091207137,0.004885959486635108,0.046639322203413554,0.05589028933790001,0.028308550851396774,0.1216632515851943
-0.08961891186146526,0.002422910282241895,0.0037061678891393487,-0.0053083738843141505,-0.00424701003609764,0.00020136758679797912
-0.08774074728936762,-0.0029128218914033274,0.0012589431154308777,0.0011726003771238413,-0.0040366564733007575,-0.002184199085651277
-0.03191905915717775,-0.01355328985979576,0.004596192576124046,-0.023365774053461453,-0.0009879536349254171,-0.02791221037560668
-0.09214703802812348,-0.004082695440399146,0.005261573380499949,-0.006235286548832379,-0.0003711564963284699,0.0030022825763741986
-0.07550585238336092,-0.0076883617030037345,0.0028472577948630453,-0.010049286754011327,-0.0027976700992175833,-0.000719520351108032
-0.07831719676227156,-0.002490001711761806,-0.003104845823779274,-0.0013376090836739237,-0.0008924061252543799,-0.004472716559313418
-0.08956962049199686,0.001470047273459489,-0.0030379863975243983,0.004890570291809228,-0.004979029017857844,0.0005209828810753399
-0.10037684070132231,0.004390835989535434,0.003960733590219693,0.0017872808252485742,-0.001720977940306167,-0.002356728138060372
-0.06652964100220589,-0.003159827218011413,-0.009103014949404997,-0.003483983615565775,0.0064190212109632395,-0.0010901106989722772
-0.10156218346109128,-0.0036354262999372987,-0.006451787357776995,0.028395373446327584,-0.005377406331702042,-0.005173477469925193
-0.07606636854047032,-0.003892294157703267,-0.0004749844724231515,-0.008399789399315273,-0.001413329996066769,-0.004302888814451244
-0.07860092802897695,-0.005494786510708572,0.0015154408163626306,-0.007678745396590237,-0.0025258640497667992,-0.0005595839409397336
-0.08537473360459547,0.004089242761323973,0.0015000708026806457,-0.005440469701971973,0.0016910760120714464,-0.005926107573890993
-0.08917239137839754,0.0013585854566294292,0.0008761600333740451,0.0016721495632328655,-0.0031609390829662877,-0.005990842900876806
0.003966200366564522,0.006271181023884725,-0.006291976920497572,-0.01608329632200084,-0.015229551852055597,0.021104988048833314
-0.08717425366446804,0.005631351403329317,0.0014561063089962582,-0.002699275007199719,0.006024609946294838,-0.0029633949764320947
-0.09297197395933912,-0.007270990324479202,0.005630329799463912,0.008603594091966786,-0.0010284849985395448,-0.004051742855709811
-0.09445832407596294,0.0023789653472041264,0.00010128556077811489,-0.005926776732245508,0.0021974676336737877,0.0012089033141770979
-0.09954647733251071,0.005831263341921324,0.0010262593160078979,0.035800409938903294,0.0010841972254491735,-0.00024947651849643366
-0.08489724541192484,0.0021284903905913095,-0.0003866225283712214,-0.005263518401226089,0.003688018937883038,-0.002128471416343071
-0.07525302288985929,0.009265789163692712,0.010773514558077475,0.0013734047604995064,0.015460445009030321,0.00116932808935507
-0.044594278514608156,-0.005104372465430472,0.012569105301461074,-0.007808215518260496,-0.005708705304096793,0.004049851096627911
-0.07764207050006783,-0.007415012801010792,0.0018031932290873973,-0.005752189109720197,-0.006575469353881884,0.0020391717595134302
-0.09108235227524898,0.0020485596213350144,0.001476758405494922,0.0009180548182164212,-0.0034031469611524845,-0.002269159892556247
-0.10257956920026497,0.0019156207936112514,-0.008466594089384454,0.028431508987277546,-0.004216929667058443,-0.006761401028317286
-0.09958977607275454,0.01616438324951876,0.0032231404573915836,-0.0040671785530018165,0.007568468037264711,0.003737172631843032
-0.05076952637056546,-0.001237235338091451,-0.0051860325870754466,-0.01097805900507669,-0.0018592298512562055,-0.02426565786248068
-0.07931568038388224,-0.00205636120446157,-0.008745449915219847,0.0018603268268656073,-0.0036678352174268148,-0.000247580756084182
-0.071732937635198,-0.006921027611344003,0.0010631508401785237,-0.006526698401314026,-0.0020455233304006357,-0.005818573025011925
0.17077305091207137,0.004885959486635108,0.046639322203413554,0.05589028933790001,0.028308550851396774,0.1216632515851943
-0.11911852621997733,-0.004233419601337566,0.001945159515837308,0.03623208580196773,-0.004038159053642137,-0.00393226709466009
-0.07982575265562956,0.003218853511744967,-0.0017383365807663689,-0.003234757422962483,-0.000665849593533968,0.0010257270397159514
-0.07485048549933142,-0.0021999193472537256,-0.008069774997177469,-0.003749182732251436,-0.0005562342501198822,0.0025461590667445687
0.22695333503189274,0.07803372380717635,0.0033221072760862154,-0.00695212204448426,-0.016616362589273705,0.0178856335805373
-0.07764207050006783,-0.007415012801010792,0.0018031932290873973,-0.005752189109720197,-0.006575469353881884,0.0020391717595134302
-0.037148304291009064,-0.005436896617334736,0.007107252751989924,-0.016976452796498325,-0.0036633387295451967,-0.03479972489312807
-0.08584435277960836,0.0025287219905471246,0.001525366159723072,-0.001922359050423862,-0.0008707068749908064,-0.00784824856418501
-0.0839838933295757,0.005021843317925709,0.002845446124529371,-0.005551632259780013,-0.0014530173533385746,-0.0024402615556001674
-0.0788717010957024,-0.0005896985307447903,-0.001441083274818237,-0.002321086902192273,-0.003672156417433204,-0.005887274262408945
-0.06784409599231792,-0.009794668767070696,0.003292843912468252,-0.00782049749527931,-0.004821996332502193,-0.005024945154711569
-0.07933361322926384,-0.005994946648511216,0.0018705721546335536,-0.002365195904997937,-0.00674550004606646,-0.0013598565839743732
-0.09015592002619487,0.009401751434521597,0.02738632498129193,0.03054449018528351,0.018083123048833784,0.028867015973267317
-0.10485012086006071,0.0241516717194641,0.00457421977724335,-0.004512978250239618,-0.006120991514919528,0.00741346132106761
-0.07984613049328582,-0.009604858455148304,0.005086712863055313,-0.004660881819206805,0.0028033584301708904,0.0033913085805826653
-0.08597336991812952,0.0008113533821072215,-0.0001903849968283377,0.0024434108744979272,0.00020286346311317374,-0.010612060242159653
-0.08153098316305572,0.00017602418886693237,0.0033115338767861864,-0.004314213853051703,-0.003931482292359325,-0.007663416239527591
-0.09111382221717056,0.0040470203972454806,0.005715653808073153,-0.005585670453899796,-0.0026666420887980456,-0.002644081853945142
1.1418719172174132,-0.015197453113040908,0.05761982748628026,-0.026343571533886858,-0.005808342373166569,-0.003223218632792567
-0.08426405842264517,-0.00484889509358227,0.0047609071133961015,-0.003291396232880419,-0.0029156871657500046,-0.003773245611767903
-0.07851272664110001,0.0031755597260270697,-0.0013508616275967544,-0.006863284445689695,-0.006787091350768359,-0.004185352659977662
0.5097165788866276,0.07627353303064141,0.15365137679100077,-0.002429974359516224,0.017154585773166715,0.01995202326130547
-0.091433466039118,0.004236261874807918,0.0007100258144358966,0.0024959600529747923,-0.0023866485294951104,-0.007670541030187666
-0.09380768121192727,0.0034420766001260275,0.004983099227049883,-0.002841143805647203,-0.0015756550910560319,-0.002642818306223776
-0.08933960684837759,0.004227971201206101,0.0048535508780448156,-0.005526997894927911,-0.0019448478745350333,-0.0026809972722905214
-0.08085003397106875,0.00509074980439338,-0.0019649721614525017,-0.004312072952496628,0.0026473548881835755,-0.004580633803904161
-0.09135168893802761,0.0020098745596009555,0.003555088481348859,-0.005108007260274258,0.0002805397628787405,-0.0037480285972727356
0.09910142857790188,-0.05602854743685267,0.0093364677456952,-0.0296341900218702,-0.013073835068222808,-0.00421358955243369
0.0499957345101811,-0.050077137262961556,-0.016660088748101747,-0.025928873868348124,-0.022912066085196733,-0.004827241747391934
-0.07356506327919976,-0.0028041498392645304,-0.0025919479949267103,-0.0083443378404913,-0.0030063607938181866,-0.0038155577465606586
-0.0833216720176438,0.0021381814878216206,-0.00015354358564769927,-0.00245458777473692,-0.0008218379356373921,0.003948346057627542
-0.08811785082727285,-0.00018406747564610318,0.0004969383715669953,-0.0035425397869786194,-0.0009791342103121934,-0.0009054801741284754
-0.0837297465589262,-0.0004623669387887573,0.002866128498840901,-0.005165049373152288,-0.0004473012225038916,-0.0036188421142040092
0.24302846812604387,-0.014954496098792682,-0.06292808920293755,-0.04393223559761135,-0.013336605165213525,0.002994549527564821
-0.06761408299711306,-0.0060736544934524425,-0.0002723774148158354,-0.00847345454367452,-0.0044745786397120185,-0.004993607478635979
-0.07544650408459526,0.000313783297592541,-0.009022910139442132,-0.003213072892462638,-9.154827493255113e-05,0.0026778059374255717
-0.08666160846057847,0.01680015462210852,0.02380448078506982,0.03234131272190702,0.034285874230570154,-0.00145788774580849
-0.028114157002056384,-0.010629097958505371,-0.009365462903312135,-0.020072535131752476,-0.0006736673717341484,-0.022757493493904126
-0.033597980261364846,-0.008551619115000773,-0.010998164577818034,-0.020980449102387715,-0.0013710637331842263,-0.018993465062657193
0.47890655789105774,0.08179694108858486,0.16484935533185657,0.00856052477698198,0.00621124961729311,0.02681758692218523
-0.07604715860003897,-0.006827705119850211,0.0019409441737448252,-0.010056075658121097,0.0004323732901280046,-0.0003006428127063205
-0.07920537655950549,-0.007164889727660476,0.0036043245588368786,-0.0034727863980411767,-0.0024446870465102384,-0.0038912652342308254
-0.10316049858455918,0.01678289093627284,0.005881501951632156,-0.00618022605251511,-0.002598377801208878,-0.003089811797960264
-0.09632130590095025,0.0023129603837056516,0.0042228125038024774,-0.006795442954881265,-0.0019147801633229928,0.00431674937553962
-0.0767494182986025,-0.003954712387501077,0.0015777095023726776,-0.0072894678572210676,-0.003232202342815372,-0.0016008158643668745
0.5661379685326591,0.030859103472340638,8.549392540267687e-05,0.356645969407574,0.004463184056259359,0.04024774170356
-0.07723555550681374,-0.00028563973670762857,0.0002079299381787076,-0.004945554647931683,-0.007775262681781484,-0.003477990374112111
-0.08631074106401132,0.0016108625536396734,-0.0006219781651678847,0.00036842651207603504,-0.002854925697891688,-0.005660000475845315
-0.13252079589608842,-0.0017324129098806459,0.0009626897809943443,0.045546729985207694,-0.0026311977362516266,-0.004130717438971788
0.24910806746633826,0.005714483075544934,-0.09339007960630447,-0.05363240413270474,-0.013559000507752224,-0.01351155062455038
-0.04355045845904887,-0.003749370658382517,0.0011739520805736166,0.0048554017539912935,-0.013110250013917905,-0.03418386788777588
0.03782609782185107,0.005056969412030718,-0.04639350506706741,-0.009837499881297196,-0.0028319868371777124,0.02765416191338755
-0.0969469603212995,0.00681600764562013,0.007552822946438571,-0.002028191999977516,-0.0033023638110029254,-0.003906081767742797
-0.08030931694207374,0.0003767971423756416,-0.0020779059311184264,-0.006453056848456013,-0.0023818329378897138,-0.003612693239626603
-0.07530986294326299,0.0042990655514499754,0.0008755924402263499,-0.008369763332564307,0.0004616914126629741,-0.007230412192782047
-0.06987414949958014,-0.006764344483861825,-0.002725252541209186,-0.010073606510404622,0.0004364259181225257,-0.004770419472454128
0.20161906355782386,-0.15171988014322663,-0.006637369086006004,-0.07196246069847818,-0.028951339219080562,-0.017315719577991443
-0.08759363636466899,0.0008223448194216575,0.00029928793167258356,0.0018276374409098672,-0.0011484408826577764,-0.008386237597112023
-0.07711494254991097,-0.008213640086524539,0.0041564121720778745,-0.007295676654777228,-0.0048385351670786215,0.0015886827482922497
-0.06932551847415315,-0.003752664752819581,-0.00237114108926048,-0.00323422242684397,-0.006463072002454746,-0.00647053797306134
-0.006142140214443485,0.0026780730395508045,-0.004112161796590033,0.0056728420870099895,0.0029576806051248286,-0.01883234372067486
0.22189294707634682,0.013139655732699682,0.0014390682490626335,0.02485245636518848,0.010861720563490076,0.08542730237856894
-0.08583341733259653,0.002727686839248734,0.001923479817954924,-0.005318051070862199,-0.004013819434200278,-0.003832748025142152
-0.07730174796374474,0.0014223993304905455,-0.0019661848745535326,-0.006484831375762364,-0.0035240022384566217,-0.006078835457226083
-0.0819235107267982,0.00021117398560805876,-0.009113561654292024,0.0014289819301753044,-6.785451773912463e-05,-0.004318597597084078
0.09245913389986181,-0.049520114617043594,0.013389102384326787,-0.07667488208030121,-0.010039184613141952,-0.05771185994402135
-0.0880427121102385,-0.005658578773867947,0.000407699654049634,0.008588097568973413,-0.003338436955673743,0.0061672237761463185
-0.0865651370766741,0.0034535703025062744,0.0017814563137229452,-0.005412983684186719,-0.0007385542277468902,-0.0031796615649569283
0.476561985884612,0.015134714640285603,0.1127093171889028,0.05252209167036401,0.08946263558776153,0.07579916201091692
-0.09852006585803638,0.017525639045937562,0.00435561720647125,-0.0060669396939463105,-0.006252907317925161,-0.003148852369062329
-0.08000866355678278,0.0010466179404501807,0.0006126280803511756,-0.007061241662756861,-0.003992061070267814,-0.004876273966997348
-0.08565401511799908,0.0030387289357532966,0.0003187683602340169,-0.006562316545918902,-0.0020381693582533318,-0.0022012291131325904
-0.10153854386811939,0.020374822056338938,-0.0033557877138827032,0.001933157377358247,-0.002221531905806763,0.007766909060185743
-0.09625012588513554,0.0023956436186111808,-0.0008890292754433188,0.004025233686651548,-0.00507156565148277,0.0029976177534163473
-0.07973848433951385,-0.002752701331313155,-0.00029308874624419843,-0.0036245357539266623,-0.0025029598417740497,-0.004380156397348985
-0.07933361322926384,-0.005994946648511216,0.0018705721546335536,-0.002365195904997937,-0.00674550004606646,-0.0013598565839743732
-0.07926198485714148,0.01031227431843627,0.01625575920679352,0.00873542905404047,0.020018128935363637,0.008919578424897908
-0.0892265264441767,0.004537448392123446,-0.010927977413268225,0.009251729379805918,0.007825741319922669,-0.0038311097182002294
-0.07061942252775355,-0.005290075936819685,-0.0011849155382555891,-0.00896621306221195,-0.0026519948080693232,-0.004884043993131059
-0.08546219724929274,0.0026479554459840743,-0.00902764267824396,0.002656904090887698,-0.0024447990931382724,0.002725543273361534
-0.07050506401425338,-0.009438209584363711,0.00320925208901696,-0.006666920403886669,-0.0047620697404226475,-0.005604650043969169
-0.07794766524281359,0.004844533890843895,0.00470834328451051,-0.0012827299751291708,0.005166074127154205,-0.0040140836311813016
-0.07735830175352666,-0.007830986999645524,-0.0016240182877243973,-0.005659251054771565,0.0003388638891863253,-0.00138030515810244
-0.10055289807155589,-0.0041457405745595815,-0.004095974708475122,0.03316869090092563,0.003750478882433907,-0.01533080637853741
0.2363593719987667,-0.15063671822676428,-0.0033070848902307464,-0.08197555774823062,-0.014281308967048177,-0.04136195824781158
-0.0384190600563556,-0.0026097033300665814,-0.016011159170681286,-0.019099804184106714,0.001349728171301006,-0.017364768768315622
-0.08399938322679658,0.003902079804603649,0.004465222396523988,-0.006984172573076812,0.006016609573328103,-0.0017256210000015733
-0.07983043052604462,-0.0038718008342056333,0.004557905487382952,-0.006038538512759454,-0.0031155319751340615,-0.004496668538034386
0.5371965643878913,-0.0008096219520880566,-0.16300844309016208,0.3026392907748527,0.004965963263899092,0.011104849011457776
-0.040043130983396256,-0.004392277124342553,0.000992273290676808,0.005247603418991126,-0.011947560306205326,-0.034924694054080704
-0.06485934275471902,-0.008875509467650885,-0.0029532647774680944,-0.006896765711649133,-0.005341461973027022,-0.005496611690000206
-0.07865793837425665,-0.008671896264970686,0.004577461768021251,-0.006722712078704689,-0.002348320564666768,-0.0017681077019309388
0.6384509889035522,0.16321200265411404,0.19070292466296723,0.011051200664027015,0.10606118107330287,0.05517419357398185
-0.07553226034545814,0.006750748558260611,-0.005958051072895176,0.003693954041678783,0.010511294047821269,0.00031742883565388005
-0.07903011720511725,-0.007890665514044971,0.0026667489624621074,-0.006595928311529044,-0.003599869235877163,7.690001171377337e-05
-0.07988871280902576,-0.005214002084737748,0.0006920502768975793,-0.004714181036824901,-0.0014584765031282964,-0.003967842868197534
-0.0677381993924434,-0.0006475849023223211,-0.01308853697971518,0.0003508829334952619,0.0157979241775853,-0.001323017230773254
-0.08497620071858498,0.013232919701969782,-0.00929030137208184,0.0014004912798068854,0.016582196559658896,0.008231192652751651
1.3284560310174467,0.07341800217898423,-0.005764031606381257,0.06105829039014599,0.0036957891873851097,0.0171380232398302
-0.08858918762621798,0.02550076036846843,0.03844568715383952,0.051053331307278564,0.029462951804446604,0.03617038892765864
0.23217942797193897,-0.04222232380612221,-0.016260814982590265,-0.05306366388162471,-0.03782996351778986,-0.008480601052793045
0.6366233501217937,0.11273765453012173,-0.03993745301324964,0.09389160472062123,0.03157164149750852,0.058555061322732645
-0.0795251893909984,-0.007293481391304789,0.0034926211475225745,-0.005009408702288837,0.00035954252051356223,-0.005607655258385137
-0.08571153633179383,0.0022023497849519725,0.000828269461992953,-0.006608773017421148,-0.0071896260564387245,0.002684383759103849
-0.07755572507426546,-0.00406812484993878,0.00436327174590745,-0.007420762256603185,0.0032872509879554534,-0.002138033698804967
-0.068651228706234,-0.004939271600197473,-0.0016670151123928478,-0.007729948877211445,-0.0009305531175218939,-0.006471955125486158
0.510916029419591,0.0010964703369218819,-0.04493675190440973,-0.03525488209382358,0.009000710332354398,-0.026279232117207115
-0.08340190981800118,0.00028026882269606483,0.0016399679088332953,-0.00463143010445425,-0.005752800511007794,-0.0025336623428822533
0.2877539076383403,-0.037105922510419734,-0.05387288733521479,-0.05071904500915729,-0.05379510062533485,-0.04136693261767212
-0.07937768341450965,0.0040996436192592385,0.0008204221053952026,-0.010134093996529325,0.003069659702845735,-0.004197714380576744
-0.06797232936094445,-0.0045676174647696485,-0.0012157083808309681,-0.010367502683261764,0.003064048505598282,-0.009075224035679166
-0.09108235227524898,0.0020485596213350144,0.001476758405494922,0.0009180548182164212,-0.0034031469611524845,-0.002269159892556247
0.022745240243248095,0.007754083766803868,0.013517781876272282,-0.005409697605590781,-0.002517072814025204,0.03291358225035277
0.2920418450748817,-0.06210587232938622,-0.061253377921877426,-0.07787988071997566,-0.029445213349101225,-0.042956420391668554
-0.09167058896494518,0.00856170250892922,-0.0027207771677871463,-0.0057958479340726775,-0.007342167016637914,0.00480658275122691
-0.07997680535322836,-0.004246283950219038,0.002357888316683683,-0.006901832286923201,-0.001904952445049356,-0.0036441984453482274
-0.07450764789625902,0.0025727187464735027,-0.008893487190918222,-0.007064633410491695,-0.002938050476204998,-0.003344120656719977
-0.07571892366718332,-0.003558106299461302,0.0016574981444963683,-0.01030720721894778,-0.0015649719525551275,-0.0047277758232745215
-0.07330933102516057,-0.0007782200712657689,-0.0036256113193301243,-0.006439970721617821,-0.005553199722546129,-0.004582125334513965
-0.07971970519744732,-0.007587178016767646,-4.8690132300686516e-05,-0.006966189284557396,-0.0031387748754436854,0.0029686705595552984
-0.0743376867044255,-0.006662240234206281,0.0031107595066489904,-0.007190113816581607,-0.0009665518104677224,-0.0028380477722757657
-0.016661435448561565,0.0034992364823055156,-0.026162596971512395,-0.011557848837028624,0.007098071087251981,-0.015070499938581082
-0.089332877263233,0.0024327347094420166,0.005037926067218379,-0.004699412864378144,-0.0017946046631064844,-0.005827732033088672
-0.0330912124757414,-0.009694663804504542,-0.0003391942948017061,-0.024533711585126523,-0.0017291793077984466,-0.0204383437149888
0.005587939945696746,0.00835621016481946,0.01223984795650857,-0.018245510874764333,-0.02443772955536756,0.022362182633544555
0.2724148622564734,-0.038442472432611605,-0.010095973659714088,-0.061965168523649125,-0.014067994089078752,-0.003902069386060056
-0.06708300006412385,-0.004049320405965583,-0.0002732791979699962,-0.014959959421433931,0.0002561834583473992,-0.002873266950247004
-0.07171759769160696,-0.0035278851354710273,-0.005407787763136084,-0.009954868678077343,0.0030116874201953146,-0.0004285602120777505
-0.0837487726584055,0.0017925406471377262,0.004496085345451752,-0.007352171195054346,-0.003993181544753974,-0.005408587350829367
-0.04671483013732476,-0.0024669423815347324,0.0023116314546963723,-0.01356896120301935,-0.00413272472853952,-0.029921551239248608
0.29620315406411374,-0.04742125595935984,0.027058537896157534,-0.06137082968758394,-0.03746116644645943,-0.006985698303388944
0.24671029267483577,-0.16904975424582933,0.008228720964815084,-0.07818904581197576,-0.011757526575969589,-0.04339960096169058
-0.07657755931599813,-0.007749593254630414,0.0012568661203343015,-0.005642367982039455,-0.0036427311620981623,-0.0020894675940856698
-0.08652169339737273,0.012794829675596133,-0.011360705091808783,-0.005132874133138678,-0.004976666476797447,0.0014500413536261557
-0.13986482909365267,0.001763583644163964,0.002117571213738617,0.044340515785341386,-0.002601893720952366,0.0006571735473043792
-0.06650934896241592,-0.007655328305716656,-0.001478743861996679,-0.007671035587436141,-0.006328851408261048,-0.004172742367569653
-0.0764019121259969,0.00444992778988019,0.0017668047340052375,-0.0023496429175764717,-0.0028419106431633043,-0.00429471396283205
-0.10377324377516828,0.022108555329556846,0.0031312230550744986,-0.004216162084739186,-0.005359131836817216,0.00653142505057464
-0.07854107443822375,-0.006591397455153845,0.002969219987891721,-0.0010496719125293855,-0.006119534302192482,0.004440772835983549
-0.07495640053249923,-0.0054765245890704296,0.002186237019073238,0.005786383668090956,-0.006263258678061765,-0.0032808391673271094
-0.02637073501331683,-0.01159608198534904,-0.0032274249940078487,-0.009713528417639639,-0.008850221682864843,-0.021150964182166946
-0.07374452187512118,-0.005339506341049774,0.0006072962650237083,-0.007323174902859156,-0.0032596048120522147,-0.00475070628895785
0.011155600837559414,-0.0009525733338377296,-0.021454365451173126,-0.011956262004713527,0.008032330686688413,0.023010707354445895
-0.08427516816581948,0.002493198855151983,-0.000875281780967455,-0.005517138922829773,0.0039544404142759304,-0.0020638725083518008
-0.053691469473661234,-0.004334013116305548,-0.006497055989728195,-0.0018846190184586766,-0.009480211644760327,-0.006067495878651471
-0.07438520488312814,-0.004867309214199419,0.0009299357852021154,-0.004806018078542881,0.0015050184233615402,-0.007250810004072665
-0.08767291763802024,0.000587120109522232,0.00022761048486477393,-0.006964719331855635,0.002234514089439218,-0.001637034527566669
-0.08436819210308566,0.0029145076409480717,0.00035193026720602025,-0.00554487213627902,-0.007131333903544874,-0.0007448275582982297
0.6378548901852344,0.2550530475783317,0.1663126851813493,0.022549350880911114,0.026568601553984175,0.026373074902928832
-0.10114625008513398,0.006519293078030578,0.003967795896550687,-0.004260253149594448,0.0018049959132646481,0.002760639000274504
0.24761846711641117,0.01735526087434451,-0.11143086480006024,-0.040212047916577585,0.030721107385812182,0.009333633885572765
-0.07759929375946364,-0.0031035656530210504,0.010248137507357128,0.00012586909569318045,0.011388842679285333,0.0018284000653984328
-0.08832393534196467,0.004254291752634461,0.0009221352564687948,-0.00797879399954055,0.0009612450217950087,-0.0006321282930225213
-0.08085550504891881,-0.00548845894751057,-0.002489204112907926,0.005438810592409789,-0.000996781987937628,-0.008005783050472353
-0.08589392059579048,0.013036843759361197,-0.01149513191439224,-0.006329388249075198,-0.0021460962787362013,-0.0010838540934243574
-0.08824243083793684,0.013818264609115147,-0.003254193312311982,-0.005708509145385309,-0.005829374480304993,-0.0030341455798572055
-0.06805926213963123,0.010111588959264527,0.02148939038030592,0.0012351859543471395,0.01780578836421317,0.018027997723253752
-0.07406955357796306,-0.006927865893428553,-0.003456264580133989,-0.004536419593257888,-0.004420069351814585,-0.00025490498089417716
-0.0833801071149155,0.003020967932562535,-0.0009503706865424136,-0.006251818744397406,-0.0020027713565413563,-0.003673123951218111
-0.07163664617332728,-0.005780011478615269,-0.00013022953162378535,-0.006325205979158406,-0.005338921970006428,-0.005406261997651828
-0.09290218617887161,0.018484824146144486,-0.003078813230130025,-0.0019760195184091826,-0.0004320979639124734,0.005535095732289892
-0.07620168513071915,-0.0021790293441294782,-0.0018506208357800158,-0.004404081337573898,0.005233711129933467,0.006559012805022916
-0.0878351628336247,0.0007933592979540617,0.001418961594804962,-0.007868298772515518,-0.004633497461185549,0.004383128081133301
0.6196948801439476,0.24213277695509877,0.14489129355793262,0.019600438859259935,0.02396076412352039,0.024614345660057876
-0.07985760104500167,-0.0026076096639674664,-0.00030534989154916827,-0.006506616316123294,-0.0034486916739563146,-0.0017631533863182846
-0.08168224144061247,-0.004848188451103164,7.512407588899606e-05,-0.005891683034628355,-0.004324994321276519,0.0032067088010631337
-0.08587914700679013,-0.0016142610287060858,-0.00402427063278491,0.0008818815193105029,-0.005370289291076871,0.0014923842674601253
0.2605095468097272,-0.020313904599889323,-0.09776862425702888,-0.06396228748529496,-0.0021205875514557194,-0.01926105452972925
-0.12776534787435037,-0.0040523790999890804,0.006296250568763333,0.04059731637011583,-0.0041087020875628455,-0.004112004039806356
-0.08728351778202781,0.0011036604643289167,0.004859750439951506,-0.002196950321807611,-0.003978296824732527,-0.0038986478285486744
-0.05171797840168797,0.01670145816499143,0.006521305500598816,-0.0017574020727335814,-0.011146871050804792,-0.0360069859913712
-0.12433800265448844,-0.0001351675937634157,-0.0019562643969198968,0.035830293189832906,-0.002753103218426034,-2.816132865092977e-05
-0.07193918763405793,-0.0037317353694451398,-0.008269435550845557,-0.011473683662229674,0.0029539582174312896,0.0004989597124007172
-0.05127423717548297,0.01477437618589143,0.0056992131791548705,-0.0015412742270771325,-0.011522974476430041,-0.03401073976241984
-0.08721700191865746,0.004113915684841416,0.0037215369826886593,-0.005758111171484676,-0.0017251716389980322,-0.0021615091972022496
-0.07561724204920939,-0.007056020361146092,0.003595253894836903,-0.008083078717027058,-0.0010495305243794272,-0.004674324241784197
0.5802955321384131,0.0306312354265999,0.018916744022015458,0.37828005592447883,0.004566427841377898,0.03794564864079314
-0.08587914700679013,-0.0016142610287060858,-0.00402427063278491,0.0008818815193105029,-0.005370289291076871,0.0014923842674601253
-0.07023647319375287,-0.007903396628320727,0.0009842805061325048,-0.00853406724267763,0.0013423284033431528,-0.0023529209265292727
-0.08801740508306612,0.0006376484203106738,0.0033148591836277405,-0.008743631376869804,-0.002529163026623758,0.0015824332013996906
-0.06922616579506248,-0.0066594077198196475,0.00035000033228441206,-0.008780386433776403,-0.00469566256199624,-0.0046636518712359016
-0.07736911691662184,0.0002700222220455824,0.00042073560911429453,-0.008264309299930361,-0.0031557241336529294,-0.006041097107689003
-0.07826230568174668,0.0034846955510971713,-0.006623847931293858,-0.005223150129365002,-0.0014881575568898263,-0.0024500889586005197
-0.07283087887053824,-0.004570153565303462,-0.0035874253626421685,-0.006846620785830433,-0.0016195093683217864,-0.004511425452593991
0.272216571128018,0.008146556472851264,-0.040906522818701246,-0.03574516517374939,-0.033060352536491304,-0.046441396530724585
-0.0508441636933891,-0.005495779182525368,0.009778160402092504,-0.009256447820284732,0.004695091291973811,-0.0028553005089091946
-0.06687539162400591,-0.005023554353423129,0.003529117393897739,-0.005296556754268117,0.004798293589865463,0.0026883776856778526
-0.027800519013862365,0.003671536891319808,-0.002761975773572951,-0.004115538828347096,0.010412111844718125,-0.013485786916331887
0.30814682673487453,-0.01297215974836987,-0.07198161042203952,-0.055772462348997014,-0.021018749517025835,-0.059164456355941385
0.3110097463751692,-0.10599839375541359,-0.0022950778118548862,-0.05943406761413729,-0.018093992031983294,-0.03120820993855805
-0.06762525017084653,-0.008107301779682656,-0.00366412679512925,-0.0073557698390075855,-0.0043645500948123785,-0.002237291066902041
0.2675341837375981,-0.024371087384262986,-0.015451067743727426,-0.02783730528816877,-0.022341283463271546,0.0051644620826993845
-0.06444752377358218,-0.0087590063709741,0.005899576144283906,-0.00781450383458463,-0.008721757059549532,-0.005360674460432148
-0.08580876468965228,0.012443348631999054,0.004869643397898841,0.009588447031360256,0.023651952399137723,0.004985535689636824
-0.07228140210144074,-0.007242137935413648,0.0016584336930930347,-0.005947941583858454,-0.005553897382908099,-0.005286066902995179
-0.08435773037798254,0.003036318269869784,-0.009184004611883751,0.0010972329263774195,-0.003164593647423229,-0.0009383121026962669
-0.08522753974426844,0.001142743664343937,-0.0005044689503270206,-0.005827875870194074,0.00012398936628045927,-0.004194175330638413
-0.08198297489496148,-0.0035300041587720474,0.006708635559128535,0.010851596714252747,0.005089268149314005,0.006244518232475676
-0.08523939501147633,0.003290925743921006,0.0032871488480827955,-0.007114397586473388,-0.0029303740839868664,-0.0058556034241329605
-0.08922550700145086,-0.002735825811075024,0.0010816561832805598,0.0014471319931154858,-0.005511620843385357,0.0010985196798211246
-0.0714992768393621,-0.0029667565746656454,-0.0004366823509365962,-0.005474859450873903,-0.000274358603296135,-0.009225300211345449
-0.06453376948467295,-0.004883337704160173,0.0007802237611244095,-0.004983296796683833,-0.006137085899442396,-0.00918121600750652
-0.08320349836150591,-0.008070679758413758,0.0032498950940890873,-0.0023450351551614953,-0.003007498269730569,0.002381892211627061
0.05532726526968252,-0.05108424562515546,0.014547371827596767,-0.05302425756911789,-0.01926328709901808,-0.021343617175246056
0.20548355354171946,-0.05769965184810261,-0.034469290981583994,-0.06964553255281813,-0.015291195154320144,-0.01242705839611554
-0.07825336367997307,-0.009624346874093888,0.0015047521391384356,-0.004412936435572115,0.0014868510201179667,-0.0018919747638433267
-0.08069191610911507,0.0033143852988410734,-0.006324343708158116,-0.006031217396455586,-0.00473325484471134,0.0005540818640638839
-0.08614485059249662,0.0023007536173024435,0.0015047567981064716,-0.006024962444461654,-0.0047863018208525905,9.600620602078961e-05
-0.08795072573518055,0.011874631738949412,0.008739756767157332,0.005577510901934959,0.00017573991166294528,0.004079446185822138
-0.07593956140541765,-0.003774933659819525,0.0007241400434786116,-0.00597637386137384,0.0004051101541088253,-0.008753661200804914
-0.0728826543559097,-0.009173868510880985,-0.002077664646490868,-0.002694934269900958,0.00012107867224501562,-0.004994904255848024
-0.0795788102290848,8.656997627995154e-05,0.0021460437324721635,-0.005417220722902446,-0.007841147602056956,-0.0031211711008321263
-0.012293668589713713,0.0016925168589025194,0.02727937249207669,0.061489206155151195,0.008459388456376532,-0.0008226690136031566
-0.0768340737621319,-0.003304887484852474,-0.003965317156105539,-0.002408919932578285,-0.0008724201631093048,-0.00271674762857523
-0.12221894973085622,0.0013449184965801234,0.001664780669082099,0.029491988656243865,-0.0006142551062333363,-0.004002569416901758
-0.08241240775556292,-0.011444321365533425,0.002996696795907819,-0.005965826856553781,-0.0039704142719118145,0.006352567216503444
-0.07275081313822392,-0.004776324904651968,-0.0016467487580329877,-0.007415328576937699,-0.0041793015387413335,-0.0013104818962581342
-0.08454720030531425,-0.004967199478430243,-0.00031350208087163367,0.005762751097938808,-0.0036052982422853323,-0.004154989891311474
-0.09561086396208182,0.007628327098600305,0.000808576465089373,-0.00832004650369567,0.0025984190126967736,-0.001635049009325652
-0.07671187795095175,0.0006337568280952019,-0.00949238761421449,-0.0031741262008654534,-0.00012403931594079376,0.001538825552526516
-0.09132641635983192,-0.006462099754751635,0.009900431852214897,0.026120775493779176,0.003770009327791454,-0.025378592685434156
-0.0744925976297327,-0.006034035922711212,0.002969105033165482,-0.006490103615193291,-0.0035546974954484114,-0.0045336263752631155
-0.07009804758775645,-0.0044541258351875924,-0.0024104567341982105,-0.007826579156491889,-0.004729488592810234,-0.004185137280212306
-0.07153492120373273,-0.0006702423655093329,-0.008780117139117907,-0.007558896849775057,-0.003806946039317223,-0.001414164069459881
-0.07125196695861945,-0.001185451563174578,0.0020861348480693902,-0.0095792514162739,0.0009787455945814165,-0.005306191959722459
-0.07478167656826114,-0.005112240133706034,-0.0016063447712870301,-0.007402084341025069,-0.0049523014600545865,-0.0005795191922309959
-0.08962321229060237,0.005798017190345469,0.0075788439288762685,0.0060474225290855065,0.008743350273517136,-0.0014780202254083086
-0.06822129753811146,-0.01041799754665491,0.0028928672280643906,-0.008200926374997046,-0.004353726742883002,-0.0057061270826759105
-0.08180731974966314,-0.004792843944839996,-0.002957240790044435,-0.007681217190504091,-0.0006232904348259607,0.003230075826886722
-0.08358860432384241,0.0010535569834949853,0.0023659987486847034,-0.005239609468578262,-0.00388797544199753,-0.0018087881275625451
-0.06866899687083948,-0.005987308562484733,0.0011958523943051383,-0.011789813467954434,-0.0009891119820355477,-0.005935868227663344
-0.06921591338180151,-0.006454110048180159,0.0006490502049624906,-0.008942804497824553,-0.004664889240590839,-0.004650336398904401
-0.08387728317925758,0.0005826978684995303,0.0103298718363343,0.03236059919588265,-0.0007364363642908806,-0.028305404008834176
-0.08537473360459547,0.004089242761323973,0.0015000708026806457,-0.005440469701971973,0.0016910760120714464,-0.005926107573890993
-0.0757634265615512,-0.007610073450324206,0.0020782731851433514,-0.00647721092146982,-0.0017677471733675723,-0.004275359112958444
0.07578087649954111,-0.04974208364337153,0.02497125137636308,-0.034626463973847194,-0.026448403206345287,-0.008177558941406787
-0.06581034750845878,-0.0006462489577284552,0.0037314447910811697,-0.005962617976417259,-0.003642833830927254,-0.005009617335939115
-0.0827626717580921,-0.002416223007782685,0.004526757992160801,-0.010317937329540415,0.00319047837281938,-0.0033719331669682397
-0.08539809457866562,-0.0006792197916549113,0.000996482665340282,-0.008835109503115054,-0.0029306092599312586,0.0023178267122866605
-0.08065198326124594,0.0014807990899715724,0.0002958571482310354,-0.005951448474615322,-0.0024486192512188924,-0.006198157381923642
-0.013928500752992826,0.0015363869787666678,-0.024106771786906064,0.008449464948135381,-0.00014314568218305813,-0.014354695806327422
-0.07819646171132179,0.004393887389955741,0.0016390933591597127,-0.005066695588952829,-0.006252450656388493,-0.0066891164482389435
-0.07109656016537355,-0.003975975401211734,0.0007752752713988916,-0.007568293567195666,-0.006919512847245105,0.0045877985762455935
-0.08380396658972657,-0.0043374268675908075,0.0031325274422653792,0.004048461129282537,-0.0015583132708170586,-0.001947497861545285
-0.07893745729858764,-0.004235409420508511,-0.0023791113110302213,-0.0038823710325576375,-0.0005553064416374983,0.0016318348997725245
-0.06413860705430008,0.011870755310145807,-0.007615310781916382,-0.002927830644459391,0.00129446766562774,0.00937456420490004
0.2613629693382512,-0.018633915776030987,-0.02148318906135247,0.002362470113086545,0.0032497497355525253,-0.00875499557117639
-0.1025565639436639,-0.004870407788135741,-0.006136537046668508,0.03150294427897409,-0.0040667561172954,-0.005658821652245006
-0.03222603275580965,-0.014586143000612258,0.006042319738379645,-0.024375735022200074,-0.0007200325270380414,-0.02864225297464732
-0.08032983209108241,-0.0059575985738126135,0.002590888168092683,-0.007460974930913783,-0.004199645709322475,0.0009609347262641974
-0.07784900840684578,-0.007517010359387516,0.0007038668633337671,-0.003158376673381614,-0.002278192535050807,-0.0025369764289869205
-0.10235283493563167,0.014154320678238921,0.005066799434908086,0.002138981200923872,-0.007889833504157772,-0.004965756406306699
-0.07000052403451813,-0.005801837889016731,0.000447118916938196,0.0038821899538120726,-0.007513906945021567,-0.008567075343706088
-0.07715999600555437,-0.0009673887801190106,-0.005534064471693795,-0.0061273624822527515,0.003404692721681534,-0.002310854990481513
1.1046736410206621,-0.02974784769919545,0.023940650757421647,-0.03815650663920214,-0.007268710286874226,-0.005348444983346822
0.5460125545457356,0.005296486407751718,-0.004889519630364627,-0.03098006382297496,0.022238272067899568,-0.02281603074066328
-0.082195180220621,-0.006441204986665865,0.003553995570634842,-0.0034347617045053635,-0.004678770916520012,-0.0007142002141740477
-0.022407014231164677,-0.011214067249412776,0.009248440476222138,-0.011482940603230312,-0.0012762385458815655,-0.023753385429302085
-0.02766927966739717,-0.007862435383257427,-0.011504992050535083,-0.009626412705752672,-0.002725867261771915,-0.014413046377358924
0.03104884434547107,0.00458915918271504,0.0007643874680206132,0.000369198018661417,0.03653864240215438,0.0004153543757339544
-0.07843443654505898,0.0023744531326948836,-0.0023869098071699693,-0.006145669804513748,-0.0051079463674075015,-0.004744217525834602
-0.08313092173026929,-0.004814922041843971,0.0040516792118065565,-0.0036453253641345567,-0.0031191717786246934,-0.0037585604311573327
-0.07918467497972845,-0.005909325439853277,0.002359502854646124,-0.00632564370644993,-0.0013802343644275733,-0.003345759481613798
-0.06556687298131396,-0.00893403549767232,0.006541431452167162,-0.006727211876187624,-0.009244041337673896,-0.005514582496476191
-0.03320942308507885,-0.009242488348882714,0.003952906144376771,-0.0007003230010356287,-0.025745364040292467,-0.026966188619500345
-0.06579206723533729,-0.005525654983022733,-0.0027395920136580017,-0.008175727581042045,-0.005625453468451674,-0.005690540406803765
-0.07691104730990034,-0.006642129749443244,0.003141853749894422,-0.009966161558872618,-0.002781696743594788,-0.0014995294571951375
0.32771385976390865,-0.019192429578789243,-0.15624979727188476,-0.04966440855233138,0.010400292303486628,0.01296497421141492
-0.07508956278107892,0.0010146567726114198,-0.009009937895947633,-0.004377100668253726,-0.004087019202010383,-0.001097694669034494
3.1281761351408273,0.02619880823233817,0.00462425152651031,0.0719525997937615,0.03275053688290753,0.056027248936275933
-0.10486478159451268,-0.001207758379352273,-0.006995224956256647,0.032999054797244354,-0.0026484465604489464,-0.003294740167673796
-0.09171378994375082,0.024290534425021576,-0.0027476148610631954,0.005716524123597761,0.002319523318237443,0.011460365929905675
1.030764972935955,-0.02686998959365521,-0.04075714163503668,-0.04121236871131785,-0.0105527240772048,-0.009301578216296237
-0.07910163280978937,-0.002374878487724871,-0.009575644531924032,0.001058745407944877,-0.0029139494367266972,-0.0013332756033140839
0.12067100550693652,-0.047265479142329515,-0.01816871146563601,-0.04596072980351534,-0.03284034010619185,-0.03685435603940735
-0.08795980560534433,0.0026580275036033954,0.0036706194500351085,-0.004905369907347842,-0.0022751590635024252,-0.00544145441107265
-0.09148434429422166,0.02428320898494869,-0.007004298131712281,0.007413265602860993,0.01707711327505651,0.012625260684575151
-0.08583281554809752,-0.0006869873763469725,-0.0040121595933897665,0.002780054978783328,-0.0011921494705266554,-0.002768175470461095
-0.08225984861736534,0.0014716621342565895,6.272436640895704e-06,-0.007081070046749047,-0.004665973916739845,-0.0016436400840175165
0.22624247320776725,-0.1734030672179129,0.02349114911094443,-0.08090120493423449,-0.033174053259249874,-0.045695431773421766
-0.08283845618964757,0.002534313659690069,-0.0070242342485383755,-0.008879954551505208,0.00030247660059068204,0.0024027234257457206
0.06932437010945568,0.011568415569818458,0.02011185239486643,0.008856002184801967,0.015122751566624069,0.07406313656230486
-0.07219589309852018,-0.008076492839921753,0.0027872779769016385,-0.009885956034640701,0.00039228057535070193,-0.004529562088987346
-0.08597336991812952,0.0008113533821072215,-0.0001903849968283377,0.0024434108744979272,0.00020286346311317374,-0.010612060242159653
0.3807934148316491,0.037126948316484484,-0.07986190710691454,0.0029960337719072095,0.04252861727240719,0.0199197643425217
-0.07820833265019095,-0.007705942197644187,0.0015774037243708827,-0.004370824204148497,-0.005223152147877346,0.0008234706536517125
1.2900969771387287,0.07203318262963013,-0.02930579909175898,0.06707707891986082,0.0069836433978970195,0.018437600279558663
-0.08337980099117276,0.00019999823178584627,-0.0011061237824936665,-0.010118888403074209,-0.0016048048919858247,0.001982411861753491
-0.06830440161263865,-0.0044114520754471994,-0.003849516140009342,-0.00816422735872417,-0.004736741773934173,-0.00391740639513078
-0.09340649670158155,0.001030311933086613,0.005366502917762887,-0.00209253575706932,-0.0009177086238386614,0.002907385529369895
-0.07489756346046264,-0.006442889737111823,-0.0009998398437821474,-0.006229348286042726,-0.0034307999554054913,-0.0024826962594861565
-0.024387182635943017,-0.009727061027932023,-0.004638018442241448,-0.012858169767945968,-0.0031706145483381804,-0.016356346769354303
1.1737726673374766,-0.006126108236738288,0.033606450111402106,-0.01879695890792015,-0.0013208447998750371,0.014333425137222949
-0.07068945868229301,-0.0025576466952006963,0.0017265193464782802,-0.004065397027397528,0.003023331607249162,-0.002291900275935901
-0.07854082615091978,-0.007282927448927282,0.003083457025630821,-0.006847033651635389,-0.0038320880539407273,0.0008061436214590719
-0.08396009522029939,0.004039497189007599,0.0008589481943108866,-0.007165752211517937,-0.005394115813311706,-0.0026756601970949713
-0.08819554303713888,-0.0065486907689650264,0.004169408766099122,0.013566034134173677,-0.007979234602759486,0.0074913047144225114
-0.0875387379829547,0.0005557901855919546,0.0002184973601620888,0.0002991686778275319,-0.001723969669459852,-0.005820465018556569
-0.07461900978721084,-0.00468495238438847,-0.009260945505362694,-0.008002292559765983,-0.0006498662006446234,0.0026692910748842926
-0.08508883415724922,0.0012785248168218008,0.004091654034631533,-0.0033825516409911553,0.0009080010559374537,0.0024217997660841246
-0.05538827411757447,0.017714722828840433,0.010240705456592026,-0.0012946465341445062,-0.011933718250462836,-0.03516730043098549
-0.024889844143908747,0.000862362324132991,-0.007498431748872077,-0.01523802436244632,0.00014453656476028814,-0.025090500961223287
-0.08928570275955387,0.002361065920021129,0.00021496640556375698,-0.007113487841215815,-0.002441618742353604,0.0017094112210216958
0.595863827755682,0.09502961966596721,-0.08721898402498278,0.0965965047090943,0.03898158134892645,0.057265246333936204
-0.08313384711745422,0.00035259540902356543,0.0020074020887965735,-0.010972971931386768,0.002272723582130204,-0.002537431142299461
0.22669327419501095,-0.05273736179706484,-0.022279985219548746,-0.06473113899318066,-0.006915326483735802,-0.0005434062923055963
-0.10537737889240953,0.002154178066743172,-0.0061776359223375855,0.02805169318633276,-0.0037583924716072686,-0.0058186959349194505
-0.008276621608836937,-0.007190237709794422,-0.0192815645160621,0.003566257901304496,-0.004821808505144057,-0.006442582893236735
-0.08734479191818614,-0.0013155476180662447,-0.011612395968279215,0.0035936104925998083,0.003483803275262038,0.005179178508602349
0.07578087649954111,-0.04974208364337153,0.02497125137636308,-0.034626463973847194,-0.026448403206345287,-0.008177558941406787
-0.0858093896040872,0.0027327724113481236,0.0038777491996855344,-0.0057268495353368105,-0.004844753501313947,-0.004489424678456198
-0.07061942252775355,-0.005290075936819685,-0.0011849155382555891,-0.00896621306221195,-0.0026519948080693232,-0.004884043993131059
-0.07509083839430998,-0.006517765980007517,0.002342607937081511,-0.007311788286057391,-0.00035685074935408017,-0.0017822649835836876
0.21453846746787364,-0.10501169926602996,-0.03923394909910479,-0.08630598245348002,-0.009709963355550183,-0.017985284056080134
1.1046736410206621,-0.02974784769919545,0.023940650757421647,-0.03815650663920214,-0.007268710286874226,-0.005348444983346822
-0.0777963402638383,-0.008381333530477207,-0.002519115189101605,-0.003977656737315623,0.0012380920380140872,-0.001206568344732871
-0.06895620616171555,-0.002985084081955352,-0.007571582824002343,-0.004636178978928284,-0.00436599669067603,-0.001764302975058779
-0.07175080628244025,-0.006324146049424398,-0.000954207181830396,-0.005854633763502006,-0.002286228927574871,-0.0020518903046236065
0.267746057945128,-0.02529635030038532,-0.011314859588528469,-0.00229151260906043,0.00254689257821236,-0.009899741705127548
-0.07136282089578741,-0.00679648027984717,-0.0017907740958868097,-0.007561394327831659,-0.0024052373557031433,-0.0037313919050590613
-0.024689975469226653,0.002958793870346523,-0.023679882081935263,-0.011962891411336232,0.005622312502331255,-0.016243400208697925
-0.08355540572664641,0.0011788086962160884,-0.0004481652600930717,-0.006738209240575,-0.004534919159379198,0.0003104644858152113
-0.08863043882519765,0.004199210340731456,0.003356176117173956,-0.00534794200968588,-0.002205677802170466,-0.002944257496125309
-0.055948333679636586,-0.004350971142940308,0.003430534067842417,-0.002757251574799183,-0.011238311820414232,-0.006375944782848121
0.2920418450748817,-0.06210587232938622,-0.061253377921877426,-0.07787988071997566,-0.029445213349101225,-0.042956420391668554
-0.07654998699309398,0.005319019280602442,-0.006877576382063307,0.001530646227532252,0.006147263273083107,-0.0015606497910185778
-0.08408859966203196,-0.0037865896783349554,-0.0011017656705600014,0.0009493073091528424,-0.003835969639504494,-0.0026432983713397798
-0.07692156289140847,0.002525933715672394,-0.008234716257928282,-0.006114613330855364,-0.0017132595256869334,-0.002958063323035221
-0.0874053249033226,0.0026524537376925593,0.006665134975858386,-0.004826376946717613,-0.0037704048904861295,-0.002233493038216573
-0.07675865585496468,-0.0022220807784934355,-0.004198981631927361,-0.0011014641925010137,-0.0005170632765368343,-0.004417015644227831
-0.09445832407596294,0.0023789653472041264,0.00010128556077811489,-0.005926776732245508,0.0021974676336737877,0.0012089033141770979
-0.12952262964718747,-0.0032520355612940684,0.000959345994672867,0.045789094834593425,-0.003741117533296931,-0.004744331109355874
-0.06474500246504696,0.00037967861602534027,0.006270941117771038,-0.002854990122772746,0.00509801168394513,-0.0036365646681731424
-0.07815971626064444,0.001117974867021765,-0.0006640960996958285,-0.0065013148586159876,-0.004474517157984453,-0.0055059142907628485
-0.06662066837297564,-0.00037434247983289483,0.006623941260492958,-0.0038540596673826842,0.004589733797230847,-0.003725196870591102
-0.0855327998219913,-0.0016935555731453632,0.0032283942820840513,-0.0030584606230041706,-0.0017379162020887376,-0.004294909278325595
-0.07060216569151033,-0.00518213097523637,-0.0004156917870837987,-0.007903565457708116,-0.0012342747134541092,-0.006605886725081328
-0.07171978634189874,0.008410039374218874,0.0062989659768340105,-0.002709904575804554,0.007820428034239333,-0.004677508829339446
-0.07982575265562956,0.003218853511744967,-0.0017383365807663689,-0.003234757422962483,-0.000665849593533968,0.0010257270397159514
-0.08235987043441155,-3.743842229190966e-05,0.004198049635100693,0.009418266001787572,0.005822328676335441,-0.004773530055388516
-0.07007043227864856,-0.005332818741281595,-0.00224928035361587,0.001504365284946669,0.006593638054920662,0.0021080647992906707
-0.10255598555099764,0.002616891150026042,-0.0036713540150548453,0.034571705079983986,0.0004271206768626503,0.0009544980668674843
1.3366875224736448,0.06592132466706471,0.013599777637192324,0.05584949620378863,0.005596899905107781,0.017759672299580788
-0.0953776666562721,-0.005822651388873697,0.004466320674479769,0.027921901563310994,0.003248139342683583,-0.02006522656627096
-0.08006726421210433,-0.007821039071059624,0.0018301558842655453,-0.005103847970200902,-0.004463416709680759,0.00251924341789573
0.3256849944433538,-0.019003344522324654,0.04681088059905369,-0.029342805616609468,-0.03640802615848341,0.0015699459471195545
0.32775416327713525,0.013742248974923323,-0.16385666630495688,-0.05959738990643835,0.020629155912530596,0.014983140159277975
-0.06883085612069392,-0.004621467014567853,-0.007551250877894269,-0.010195133605730065,-0.0005051221630389929,-0.0015462080138177263
-0.020424363742674027,-0.010135183316641688,0.007665872955783157,-0.013238480491346294,-0.0015450256571567225,-0.026133186867220933
-0.08235987043441155,-3.743842229190966e-05,0.004198049635100693,0.009418266001787572,0.005822328676335441,-0.004773530055388516
-0.010528835753817066,0.00255476760430036,0.027987723216584354,0.06133536418302487,0.008848618689119625,-0.00022892338079289672
-0.07322930362652996,-0.0041525026381172584,-0.00703512024131045,-0.006206987909959346,0.00043228648041138135,-0.0038338917247362305
0.5704415785140607,-0.004202757459328134,-0.14623542487713748,0.20506595229264202,-0.005676698009912254,-0.007042316161861525
-0.05900812779068432,-0.006910029881125633,0.005748867185688636,-0.013399994614528257,-0.006734353297759789,-0.008513400551886539
-0.08671040366308493,0.025111706215559103,0.013224994412485879,0.017556429770940466,0.026609753655814278,0.02317643221941662
0.8441572734889615,0.17675681065941992,0.1710449977675016,0.1838132005784732,0.06902947595895469,0.08446192638799685
-0.08626460517686425,0.0025469251555019588,0.0014697722923504625,-0.0016493794107375632,-0.0008800516158233145,-0.007837113290603019
0.22880112367462133,-0.1785758435226496,0.02644997439341328,-0.07908949124423209,-0.03346706430096506,-0.04767582609833725
-0.08385415018641243,0.001408057801875368,-0.018779023343957292,0.011508498971839056,0.006058975738180829,-0.002045103209624333
0.4938681193893433,0.16319745630376212,0.048734682465576586,-0.014443194479340542,-0.028551757029387764,0.004879840861655592
-0.07696826487973553,0.00469172739231239,-0.006380551595600541,-0.004774570716389685,-0.0014085529268451037,-0.0027812404926986153
-0.0833685659614599,-0.004911115005485762,-0.0036007915158559316,0.009219629381409779,-0.0029470561951431998,0.006352664244349236
-0.09860664595085006,0.011189291691331496,-0.00010544415492675319,-0.0013718063238056292,-0.006718787440286001,0.003933200182970779
-0.08705525779005166,0.0013310079755828974,-0.0037046489118137253,-0.007834674620797514,-0.0017098424257941704,0.004440841423230042
-0.07953793775363761,0.0024253317728257905,-0.01014923268674132,0.001868018315979373,-0.004229103566206881,-0.002026068942938428
-0.09048218261146429,-0.003057599595034453,0.0028261548928534617,0.0016495468184225077,-0.0028495814575329797,-0.0026869603442494843
0.05484609906343852,0.0016404117092570685,-0.01150329098841271,0.006981870759772216,0.0019220357984971019,0.06287309713192267
-0.07456127820999844,-0.008567909692861848,-0.0013207740934672726,-0.007360749180945157,6.80738923957269e-05,-0.0020839132628171883
-0.07210659852161994,-0.007143241482741819,-0.0025511009286350427,-0.005064247486670306,-0.0013646337175277268,-0.005527095677671068
-0.0860487377378464,0.0035488747840863857,0.0002813253487798562,-0.004361008105123939,-0.005169550520833105,-0.0012193294832109178
-0.07395991835387108,-0.007654930862185631,0.0008157459328646867,-0.007594033362604886,-0.0029378226000223583,-0.003273890912655317
0.20707242354811978,-0.07390717156095132,-0.007210498725325261,-0.05383082228570954,-0.010165788777483201,-0.02253412349041469
-0.08585524123360308,0.00638358721523917,0.0006645686608976764,-0.002189861527386097,0.006896442442646839,-0.0027995961171116126
-0.0865912415520499,-0.0003123090837330287,0.003681255333930306,0.0018869290001679833,-0.013795510891515367,0.003898299418762869
0.8106654321473971,0.15909732746593547,0.1397660312162833,0.1721004223910314,0.06634859280051864,0.08028478630534124
-0.09167377382667001,0.004021407766817298,0.00607002676789423,-0.005525002137135714,-0.0026038720541106237,-0.0026822710591861334
-0.07598205936429063,0.00039524501811480866,-0.004986422822149042,-0.0040409707667222634,-0.0030528140092755023,-0.006694053668594395
-0.10206606944416778,-0.005597564508860138,-0.008702378215470825,0.03157563620575862,-0.0036368279264219834,-0.0038233692399079664
-0.08341910314618507,0.0021727355061524054,-0.0007093660411044485,-0.005378587087962647,-0.004089139893149554,-0.002717836662783623
-0.07109656016537355,-0.003975975401211734,0.0007752752713988916,-0.007568293567195666,-0.006919512847245105,0.0045877985762455935
-0.07752669830663428,-0.005409571582675261,-0.0016474457952302946,-0.004697644140068591,-0.001246737450297613,-0.004116353607354244
-0.07512744014637465,-0.004712203282612199,-0.009261451123220707,-0.005917787369053863,-0.0015452348353413444,0.0025667146147486304
-0.08669257755382567,2.315572637962553e-05,-0.001160361690025481,0.007313943571869112,0.004317763087178435,-0.0034180581156897216
-0.061876824342122674,-0.004223056399858338,-0.003109635756876145,-0.010437077632623202,-0.006329604706142622,-0.007700381674053119
-0.06393688298139906,0.017246239740754954,-0.018164952247919173,-0.004637380549450587,0.014469749350546327,0.022407566754984468
-0.07331169964445555,-0.007007082886591373,-0.00023021576340016877,-0.005695499422916814,-0.0009659154477147094,-0.005621237809027305
0.013868181206573937,-0.005610480791265091,0.00598441330963962,-0.006605219022708034,0.001673172564106204,0.019062680813402302
-0.07740520074326498,0.001774870563274184,-0.00600449116453859,-0.005555856827775742,-0.000544260796947042,-0.0036204069414783034
0.07743031042568524,-0.032293686989431164,-0.013407414936412551,-0.07191522040253731,-0.0107781960395293,-0.03545401096061993
-0.06701061033360411,-0.0030447936357088845,-0.008622119404194425,-0.003322498066250101,0.0065103968395780094,-0.0010511035772465273
-0.07070577110702135,-0.0025923298711711834,0.0018377733302360727,-0.004096513177049382,0.003028632296672128,-0.002319449904959754
-0.08133140532667778,0.0017837146899455823,0.0002077208117172995,-0.005085056039257805,-0.004184011170347168,-0.005356577101285349
-0.08134983006418998,-0.0002487897034308409,0.00011089423151468001,-0.0036389294753768862,-0.004227969354802186,-0.002166307503013647
-0.08585524123360308,0.00638358721523917,0.0006645686608976764,-0.002189861527386097,0.006896442442646839,-0.0027995961171116126
-0.07254722704148296,-0.00652022971729947,-0.0015908429745898239,-0.006500300229150076,-0.002578014650853167,-0.004325384512375888
-0.08112803284671675,-0.0067513534465312155,-0.0004241385051021502,-0.007298592697461156,-0.002368340054208453,0.0033522935789160164
-0.0684612798832154,-0.004345646916041,0.00028239132767942244,-0.0068987669999024314,-0.005082390546627729,-0.005602445954745444
-0.024387182635943017,-0.009727061027932023,-0.004638018442241448,-0.012858169767945968,-0.0031706145483381804,-0.016356346769354303
-0.07469396955135535,-0.0031705246953366464,-0.0005238796749492687,-0.008076120852320342,-0.003178554795486563,-0.004319863068188099
-0.05994080556173857,0.003333125580426577,-0.016273432060765397,-0.003381668663593216,-0.002668368574875281,0.009754487343848747
-0.07451433853988788,-0.0006082603977159295,-0.00386031003063685,-0.004740674254356375,-0.0032857117743035095,-0.007438308465212161
-0.0844755690674888,-0.00023160062456300019,-0.0075941769369282704,-0.0040170791292363,0.004794624756105856,0.0030771201252210835
-0.10120607816703787,0.01860530840339462,0.0025031097065843274,-0.0015579716016359954,-0.0010064886066403179,0.005252117951189695
0.060047058932894005,-0.04709557202075363,-0.04266048227562261,-0.02296076207209451,-0.01860749216422671,-0.0022945716685321403
-0.11114499758475002,0.018789368932505768,0.005703526587387091,-0.0018722691580475642,-0.0062769750055247705,0.0028346845266392987
-0.07898414847381834,-0.007628625757307479,0.0012025350536394035,-0.006102291033947148,-0.005009490619621105,0.0034833600230831313
-0.07377838205199375,-0.0070725777493393935,-0.0015563754034177485,-0.00714464146270069,-0.002313786480843111,-0.0016294916374299548
-0.08110392790407354,0.0016443399622160253,-0.003325062312496922,-0.004265328681983479,-0.004845342615541765,-0.0021054376980973724
-0.042775880027173384,0.00036008212495060153,-0.01518464865176377,0.03303641625353263,0.0036072458683269405,-0.003192198093620353
-0.08131324652918677,0.0037415465610574987,-0.0033291732473094576,-0.006975882085698196,-0.004355407590292038,-0.002078577363248223
-0.08149151785314869,0.0003178342278748227,0.0033986690032843975,-0.004828153177795309,-0.007791852559114849,-0.0032305054168375764
0.43700613292181767,0.06283306307556348,0.07614214917535563,-0.025826656135113948,-0.0016782692950130557,0.011415390753394398
0.04829938044531151,-0.059475777185920384,-0.003950832622012018,-0.0386754341818422,-0.01971113025771856,-0.011663395135509253
-0.11934640885559665,-0.004056425799877288,0.0005555354917263926,0.036326173068882486,-0.003932813830733847,-0.004203745467764343
-0.0792890530800713,0.003918644789366263,0.0008435128250135984,-0.010489080794076813,0.0030460930905951956,-0.004213582540164545
0.060693402460401655,-0.04970092898330262,-0.03673387989709588,-0.023738867429400217,-0.020500849842578682,-0.0019777544432241206
0.07420646162757473,-0.039101659423777656,-0.01831106169903615,-0.06222986885465383,-0.010959517739214943,-0.028576530753876655
-0.13468241725948615,-0.00246997313477247,0.004451891885649327,0.0424761527848367,-0.0020108343303106603,-0.0024186377291680983
0.2796295517356286,-0.04836655212569473,0.005611364500385756,-0.06325093212590599,-0.024378410604992937,-0.0029083918893776334
-0.0032074150231174423,0.00651236729116313,0.000832129733472341,-0.018888446785719104,-0.023348148287326332,0.020232497211586785
-0.12237693346589427,-0.0037958197582895993,0.0019501209350896278,0.03787202419261381,-0.00409421362590461,-0.004212863670978284
0.2690338426909943,-0.06387612473187741,-0.08856895659142293,-0.06704022626710701,-0.021467412065030722,-0.039300965352721894
0.22178270114874532,-0.09221797930436533,-0.007926397628916507,-0.05048142535373738,-0.011333907907362367,-0.021194387877381978
-0.06551860899873625,-0.010012864323608983,-0.0025051312563585428,-0.006747363922627441,-0.004711002492511294,-0.004799485003052506
0.07963541883609901,-0.0032018750038114376,-0.04146996433234353,0.037941028610310304,0.009643942673068204,0.07027177994884688
-0.08057792692055271,-0.005931576629156796,-0.0004446184405069137,-0.004230357027617741,-0.0039955076837637216,0.0016920292219272195
0.8498099028931714,0.12798986304460758,0.1318055687953034,0.04852564032821005,0.11819797644565215,0.07195367288239488
-0.09407658485143754,0.021045938145731153,-0.0026477371979339655,-0.004631482994007354,-0.006186034871423582,0.007561303768166924
0.5733303565700002,0.10718479364179662,-0.12567488241888694,0.1071229587595592,0.04805946150818625,0.06911311296677737
-0.07615438404968841,-0.008669641002490852,-0.0032519437066792682,-0.004843057140828838,0.0007660036354626724,-0.001997481086627909
-0.06872100297969877,-0.0013930982939095488,-0.009223093147606224,-0.002027842020106124,-0.0016164117332401553,0.0037646652931308854
-0.09720741289559978,0.002255779972888148,0.004797445984431075,-0.006743323657261054,-0.0018343510828932063,0.00455132609468168
-0.07926608562382365,0.005043831121606575,-0.0014455293824830317,-0.005484820793768394,-0.001858088488645822,-0.002726057793174462
-0.07567190740603597,-0.00016253505817082685,-0.00930131398435983,-0.008793260026904264,-0.0017190672092895175,0.0016164705442520873
-0.08012588992327083,0.0025450929983194064,-0.00017218596361213284,-0.0050141657715403595,-0.004257904354736895,-0.0051568782388136235
-0.06735817970724473,-0.005066688160787386,-0.002636600331131197,-0.008418489202802484,0.0015543053710466428,-0.0018617852631608593
-0.06775974772258389,-0.0049228825577830385,-0.0016925922151576917,-0.007371977462653792,-0.00513448901815288,-0.0059093201095766455
-0.0862468484222509,-0.004128311143711666,0.002588093410474799,-0.0033223329809852734,-0.0008444247137607313,0.0002702562987577754
-0.09101635416355493,0.0011717159178679147,0.003507751696805536,-0.0067649536699455415,-0.0029397836830454827,0.0036714067453969376
-0.08884532112875534,-0.004502898064744913,0.0028566470633261047,-0.0047325952955461995,-0.001333641764629017,0.0022438994028001658
-0.0727992551235178,-0.004220306874115019,0.0022423450940740695,-0.007861545429859932,-0.007032508128467817,0.005749645974123402
-0.09904569467334952,0.003930516638242756,0.005593608334003822,-0.005180438146215431,-0.0008795818946588192,0.0016735687268065122
-0.07389559048395103,-0.007355946652977773,-0.0035339182407511356,-0.007590918462069373,0.00026824024775034644,-0.0021678589364050854
-0.08440605469441265,0.01272615848020751,0.002924232532802561,0.009617735314405563,0.023738378294526713,0.005057958972068984
-0.07589780221202154,-0.0019375928616674936,0.0001871987485855618,-0.0010313373771469506,-0.0025578640875820683,0.003407781773555547
-0.08012715152965616,-0.0027546983702306173,0.003486314127737978,-0.0037571035248751663,-0.005533474949094302,-0.005367407376810608
-0.09637484911089665,-0.00685898368574053,0.007354693373016268,0.0006345487369610878,0.0020242033765290454,-0.00028503031959241544
-0.0687443708499449,-0.010355721099735187,0.0035243962594539643,-0.007738103600054845,-0.004818877034529143,-0.004899383273874737
-0.035039654081867246,-0.008583194739171103,-0.0022197580543537264,-0.0192025412955117,-0.0019970973287383306,-0.026889062141541825
0.26130671262127414,-0.06943045625739847,-0.00259430060314915,-0.03843152466484384,-0.01581990472915865,-0.0006734742094730426
-0.0858726412967113,0.0011944071067803636,0.003916622295235363,-0.004413401034208578,-0.004009643420601961,-0.0018140167356076567
-0.07269775180591523,-0.00673903559311106,0.0009740486403779673,-0.0077187268803250615,0.005870547987023601,0.0036087083972853335
-0.0794984275542742,0.0013519777270209776,-0.000771989844997031,-0.00379735992168412,0.0008871805124134013,0.0025001517240139373
-0.07169903275666678,-0.007195362604705398,-0.0013581640470460106,-0.0076430472918770295,-0.002522421201156897,-0.0038948746508863856
-0.08814961048145656,-0.003590493379235256,0.005278912378770927,-0.00626504792928181,0.0010825027613591185,-0.0010947555956427049
-0.07158185812755384,-0.006627994879762416,-0.0034923088258385017,-0.006273046762357453,-0.0022764962985621653,-0.0032560911413218405
-0.08102889337073906,-0.006975223243519542,-0.0011220028983264035,-0.002727761255288334,-0.003824139512108215,0.0022378879916184705
-0.08439820893480711,-3.419445529582995e-05,0.002000368577841439,-0.002984831175399362,-0.0008739741815241428,0.0023765454619442575
-0.07609015567253263,-0.004004797703980322,-0.001890031965276843,-0.006807003680726631,-0.0018984307479613465,-0.003659413940057942
0.6986002075243879,0.12003965816538316,-0.028160441883988488,0.03470658947548867,0.06198536792375548,0.05111120873080632
0.16766289501185452,0.018617226225000262,0.014249760597227192,-0.019836851092305995,0.002674689689921482,-0.001806159803052557
-0.08207960847451491,-0.0063104606168372735,0.0016588586929044784,-0.00495437161831414,-0.0031668228334026717,0.002089899838913498
-0.06830440161263865,-0.0044114520754471994,-0.003849516140009342,-0.00816422735872417,-0.004736741773934173,-0.00391740639513078
-0.08583341733259653,0.002727686839248734,0.001923479817954924,-0.005318051070862199,-0.004013819434200278,-0.003832748025142152
-0.07921646333833203,-0.007978254973735851,0.004652282382404568,-0.004044057890086989,-0.00170479040391991,-0.005179327163301863
-0.09696934979059382,0.004740572914234322,0.0008046993291629663,-0.0036788503429245273,0.001766257134420119,0.0030720024979055734
-0.08344373061318786,-0.002175456726028902,0.0018146389463679891,-0.003454255673824547,-0.00017240642927237115,0.002935423244972787
-0.027718207812879654,0.0003182636421391023,0.006684520644660152,0.04715585730819513,0.005792568725363082,-0.0027060143149058515
-0.0763948338680536,0.0030306175046868585,-0.008978492154156316,-0.00661710807345424,-0.0020394990280035168,-0.0018709258166769466
-0.07805365358519227,0.0034644669193542497,-0.0006161635527133473,-0.005373201471385939,-0.005592446718327808,-0.00551586913713544
-0.07921503582848989,-0.0036685528609594962,-0.01005339372510468,0.008662103339067813,-0.0028257247506343823,0.01860495499904852
-0.07224987561824717,-0.006041640331647163,-0.00875870722596809,-0.004917900027468904,-0.004771269019195561,0.0031492595604705556
-0.1275971887561357,-0.004358643025629318,0.004943524553429909,0.04086241547766535,-0.003887393984106839,-0.004331511433403069
0.2674908097919254,-0.023186318177321443,-0.015384783301408066,-0.026431995839672533,-0.021418373103751394,0.0041429974385279065
-0.0911254095417829,0.002520876570414184,0.006244085207899811,-0.005984278433253124,-0.002233726203652193,-0.003587574743495825
-0.07175080628244025,-0.006324146049424398,-0.000954207181830396,-0.005854633763502006,-0.002286228927574871,-0.0020518903046236065
0.4540097135532349,0.06334685601434475,0.04298139471842411,-0.014792821278691259,0.032354991081424464,0.022195271651543013
-0.081260349321985,0.0004992505135239094,-0.0005122866132247697,-0.009606485332577137,-0.0006737374574361704,-0.0024295735779110484
-0.08672707218941457,0.001741456673404963,0.0025578765845556276,-0.008618792590228167,-0.0011170934957391249,-0.0022190459401894807
-0.08924626976340588,0.0017753994695615095,0.002450651299898569,-0.005237859042225728,-2.568160761271967e-05,-0.0037111709296219035
-0.08601402724762758,0.00212052411788079,-0.006685986686573692,0.005146832800697007,-0.004615789075980701,0.0010197127574612485
-0.09045737525564597,0.00040453124366169533,0.003368161650620641,-0.002572282290938183,-0.0007335911038551354,0.002416604209018557
-0.08977835638297074,-0.00010134408939419806,0.0030961177131386027,-0.0031795792717339154,0.0015671817862176023,0.0011469628399923733
-0.07874675380261059,0.000647145235819596,-0.0017813122232419427,-0.0061768911028035264,-0.004522863737511838,-0.003939591926294205
-0.08480293182283229,-0.002530836657890839,-0.0020819064259715806,0.0027573153400626566,-0.00388973357066417,0.00030683277938438157
-0.1347882099996363,-0.000638030225343283,-0.0003414470872720944,0.04564977070530824,-0.002380403012778201,-0.0021494880980966634
-0.07551317783960915,-0.006222460414651839,-0.0007086563429583457,-0.007309947101006837,-0.004460742036956032,-0.00043127573613066484
-0.07366295888244648,-0.007187235321281167,0.0011687535107392595,-0.007801742199058551,0.005556762463011959,0.004049990978418229
-0.08604867468191811,0.0049476093896004165,0.004045537044636812,-0.00642381144681954,-0.005108076948712424,-0.0025960454265624424
-0.07903011720511725,-0.007890665514044971,0.0026667489624621074,-0.006595928311529044,-0.003599869235877163,7.690001171377337e-05
-0.07514236616230484,-0.00718894436067625,0.0009555211215113434,-0.011504375702289056,-0.0013360040114742471,-0.0004113435102051027
-0.0824730231782582,0.0014486998302796672,0.00037805636236033617,-0.006494923627116051,-0.0021085705545971713,-0.004748034954423561
-0.08094897127418141,0.00160588850370948,0.0004058324119893577,-0.0058723749104511854,-0.002351876797459212,-0.006125393124014973
-0.08355540572664641,0.0011788086962160884,-0.0004481652600930717,-0.006738209240575,-0.004534919159379198,0.0003104644858152113
-0.08692412628942983,0.003460057262090527,0.0019123399124828459,-0.005788428182948878,-0.004989353851622839,-0.0013653581486347145
0.4224042354074713,0.0002472568549544785,-0.08411322173794597,-0.03404448415437975,0.005395158220230862,-0.013565579497800915
-0.07426494116679878,-0.0030565191957760713,-0.007148888847489219,-0.007164380750971205,5.097736530143499e-05,-0.0027533507271654467
0.1914844530407989,0.011933217328491737,-0.02857971631710178,0.02086442192303825,0.00946258911957386,0.07639228564974025
-0.07775027895519789,0.003666553598594384,0.002238467759824728,-0.008495426565470955,-0.00012128704375317233,-0.0072522682828383735
-0.06628686123280417,-0.0041975344120460355,-0.0023425830122664666,-0.009977326471525707,0.001823076667272134,-0.008886958217093201
1.0951244558543782,-0.026280352386759295,0.0056751915543373525,-0.0344993274084583,-0.006138445846285576,-0.002861407833333754
0.031012242430723504,0.004546849304163641,0.0007110968739891735,0.0004267041969700145,0.03657039609757923,0.00045829688933096794
-0.0759534867227757,-0.003882683013401089,-0.010579639246657845,0.00017652656900503857,-0.0015635095188094327,-0.0027451043733453476
-0.067068112477293,-0.008957280530975869,-0.0008182865505173817,-0.006676072711643319,-0.005341432252663917,-0.005543172633791657
-0.08061509911585626,0.00014146061733034054,0.0031736214570580413,-0.004548805633227607,-0.003238403592622249,-0.007646336652002199
-0.08384820648058197,0.002854294461049895,0.00020281630667236773,-0.006544921675466082,-0.0019191845861318477,-0.003519919783992336
0.07420646162757473,-0.039101659423777656,-0.01831106169903615,-0.06222986885465383,-0.010959517739214943,-0.028576530753876655
-0.06584905676255469,-0.006943294280874631,0.0016742746062583143,-0.0061969086417488824,-0.0033211316597481274,-0.0021539037076827856
-0.08367885244102984,0.0030588372302617945,-0.002104785767681713,-0.005805881553502846,-0.00155541083729783,-0.003266860898369147
-0.07431799626085664,0.0015424735952584284,-0.0021688212786513525,-0.003784701334105637,-0.00469349801780152,-0.007102123457695263
-0.08165726918665386,-0.003228907164128789,-0.004964160838229288,0.0009828597079701775,-0.00367646921623946,-0.001961713595953174
-0.07675509404464449,-0.00020841760242276396,-0.00465697048038927,0.007282530248050436,0.004525961762087108,-0.0043626785922929795
-0.031038559740100283,-0.009327153203795235,0.005539771385104051,-0.0006211756793780699,-0.026588704744242152,-0.029586604446134764
-0.07390744354883035,0.01034769956160251,-0.013125988355420434,0.012175867016682952,0.009188684731602169,0.0037830512823442864
0.04997105517484927,-0.05692830829453311,0.011957323438741544,-0.04498470805961937,-0.02673404377933113,-0.02029067545458478
-0.08200678469217126,-0.009295233168389901,0.003925534558137517,-0.003772566479960006,0.00032719938651930806,-0.001644187106955796
-0.06997729950392535,-0.008230297091880046,-0.001696951176600913,-0.007032975559900784,-0.0043846182175263405,-0.002189073635679023
0.032420849315518536,0.004514276377708313,-0.0017110117580365271,0.000515283133052459,0.03647749464292363,0.000721435228602879
-0.04842589464501457,-0.0017067356331769523,-0.00017454331744661176,-0.012758251676017643,-0.00253664573583273,-0.0279075530134901
-0.015050596495793508,-0.007331104160464762,0.006942524708218498,0.01888010970816307,-0.004183843953942317,-0.014820623981342495
-0.08076622972634184,0.0026234129161120403,-0.0005676023207673206,-0.005557388838927787,-0.005124571144546023,-0.004762312559163967
0.2796295517356286,-0.04836655212569473,0.005611364500385756,-0.06325093212590599,-0.024378410604992937,-0.0029083918893776334
-0.0867555520456822,-0.000157522939396917,0.0007822629590354106,-0.005001081034978702,-0.008102584485283502,0.009177329912119862
-0.07674084386696968,0.005158968618455129,0.008104936816771135,0.0023421006522867695,-0.002120769065820286,0.014068710291852762
-0.07083295777662944,-0.006986515082450749,-0.008894410173595196,-0.005670089157517772,0.001030242023795821,-0.0010384730903845755
-0.0862856079025713,0.0009284916842287833,0.004227970292664811,-0.007556294118403843,-0.0013308256076358215,-0.004246178616878151
-0.08806318799473527,-0.002020431002039573,0.00012428550025184596,0.0007990599875096595,-0.0056541625720031,0.0009439784108802504
-0.08492935256983329,-0.0004860048547832492,0.0031481400418266812,-0.005234602623871938,-0.003765260851431749,-0.001648317494628993
-0.08208871624330324,0.002006562819024067,0.0005404013963260293,-0.006963872058805884,-0.0026897657053231794,-0.005175825845203638
-0.07908073221550704,-0.0031897782658472404,0.004826626554069328,-2.720427357769587e-05,0.004110316336034877,-0.003971545293169544
-0.1018724864512221,0.003395945463125455,0.00483744463982647,-0.004563799712576689,0.0030328831035522814,0.0009727114080473226
-0.07279308281904903,-0.008060792273666715,0.0014663111723444806,-0.006388641246532193,-0.003834673819404847,-0.004214387296766304
-0.08382825152022165,-0.001444644548782568,0.0011234086556433003,-0.0024307688534162143,-0.0006422540818201564,0.001566772341210115
0.3089175037192648,-0.011622109042024853,-0.07121906581550085,-0.0553122020570096,-0.020697187997169558,-0.05866440977096761
-0.08019792886901816,-0.004724526753870529,4.487554364639305e-05,-0.011457180839873852,0.001300771549163721,0.0013398310870002578
0.520761852323947,6.296498318961853e-05,-0.05027155279297877,-0.04835441950558006,0.015669860006850316,-0.030939809047862605
-0.08592128101750884,0.0004092658192179333,0.0034769226645581385,-0.0028404737494263726,-0.004138863198505844,-0.0019180184941105937
0.2448969229987723,0.009680138520132737,-0.09526553873385615,-0.043781874347959535,-0.031164469511811562,-0.0705983957243064
-0.01652786328277522,-0.010630545578391763,0.008033044405212662,-0.011565435901996164,-0.008969571997681869,-0.031237215190662693
0.26655649053622377,-0.012992011954596042,-0.12134530469382002,0.007732666414455594,0.031034605200226346,0.028446325942917638
-0.0722116441461674,-0.0003334773437436382,-0.008838511352538953,-0.006937320948124292,-0.002506517666388718,-0.0034868452408140537
-0.07870018307694945,0.000816795853025888,-0.008352687133052792,-0.005326723467143722,6.04898462431488e-05,0.002045656500659899
0.26655649053622377,-0.012992011954596042,-0.12134530469382002,0.007732666414455594,0.031034605200226346,0.028446325942917638
-0.08608557978044089,-0.0027632757392809107,0.005019375414107942,-0.0032490344114454316,-0.001774825569552021,-0.0032315843233725623
0.20793918192883384,-0.07123383560515897,-0.006880599948239375,-0.06837949432649168,-0.02440098059734466,-0.015970929291531565
-0.07974129525878597,-0.0039032584572614667,0.005070379652676568,-0.005782538291392862,-0.003021966722141205,-0.004333451415205273
-0.08559739247677876,0.011179805564724919,-0.011028467932225623,-0.0067821057325762645,0.00038522739164422977,-0.00244652474835131
-0.07770749562430956,-0.0017073750014333598,0.0008660614519765804,-0.0039528389696064335,-0.007148196181359663,-0.004442139238292199
-0.08824417650051401,0.004852644025780807,0.00431215426176858,-0.006424149104245568,-0.005567298348210364,-0.002698040104871288
-0.06829630640599575,-0.0006042131800838491,-0.0002577954829648415,-0.005918494082348148,-0.010079646677894996,-0.007450052449991114
0.10225005787138187,-0.03062510103903579,0.0012200569840887154,-0.030883715288227448,-0.01587230420731222,-0.014408496550530342
-0.08736148621436278,-0.0018310767390097285,0.004540402451255128,-0.0029519170345623374,6.574268666295666e-05,0.0024727024593895713
-0.13133736557226025,-0.0031019350300974927,0.004984554853334237,0.04142596539220014,-0.002088608694291997,-0.004536905060275595
-0.09129624677738458,0.009011190272052319,0.025605457506009458,0.029099915867812246,0.017485225347105195,0.028469856518826657
-0.08674642575287285,0.00040107180735758733,-0.00013291078638876593,-0.005386449775038037,-0.0015290609561581837,0.0013089249640772284
-0.07304877218375799,0.0007494722817189298,-0.0017359351370005423,-0.007520346665163506,-0.006332196327775126,-0.006027242271165922
0.45012824614308855,0.16424156349077865,0.00016999182459776372,-0.026354598148298145,-0.019660416630372487,0.010253209243989045
0.2380252598136612,-0.07009445585982935,0.0006319142941438931,-0.049491617207463305,-0.007278832121783732,-0.0014534026751856894
-0.08431062505397956,0.004248245792563672,-0.0034661497689413064,-0.00567073940822583,-0.005274345500267723,0.00049421807018873
-0.07690892592509924,0.004373627576667904,0.006110140276532026,0.0015062082419375646,-0.002283357570802327,0.012961191468747451
0.08699751220731101,-0.03129286075148106,-0.01883429245942044,-0.0514168082527067,-0.00907895016288226,-0.015243024040832153
0.28461554395635325,-0.026132337079481607,0.051658104594181305,-0.07329741482829658,-0.03665348080213242,-0.05991012680205194
-0.08401492765021824,-0.0061600932231359465,0.00175181049374451,-0.004129690795975437,-0.009159288740888116,0.008147706004174323
-0.07041941988819428,0.0006079215734364125,-0.009122703748231943,-0.00545023475189507,-0.0057602113200968955,-0.003800736423832577
-0.07070577110702135,-0.0025923298711711834,0.0018377733302360727,-0.004096513177049382,0.003028632296672128,-0.002319449904959754
-0.07464135486723329,-0.0008204190317615846,-0.0018818523186946844,-0.0065712356502924665,0.008852731398618892,0.015067470360957676
-0.07825734546866511,-0.0035097126185001134,0.0033424802553498226,-0.005883286164475916,-0.0004023856116461364,-0.0075058497454217575
-0.08828805105170645,0.003905383289418299,0.000765201997848333,-0.0039027425496859316,-0.0029723774122957145,-0.0025293379280909387
-0.07911407341401303,-0.004015690072715094,-0.0005250840266855653,-0.007339864460262046,-0.0034280567416815036,0.0006677687461434286
-0.07988329672958254,-0.012062823896274498,0.002363687874934084,-0.006029722434996576,0.0019037444456427648,-0.00036893105464966193
-0.066579452670415,-0.0057105070531828644,-0.006945768197248165,-0.00706213533246377,-0.0005131475536343364,-0.002020380268695802
-0.07438541876842296,-0.0005096247876710381,-0.009754434770220172,-0.0032103466673167867,-0.0028692858401579745,0.008771658602657611
-0.08069191610911507,0.0033143852988410734,-0.006324343708158116,-0.006031217396455586,-0.00473325484471134,0.0005540818640638839
0.47123438868104084,0.11173714986168952,0.011300969019478338,0.002234320714506129,0.04665744032479517,0.02321820610800434
-0.02942413460828142,-0.005128445401052922,-0.01422002192896785,0.015990822473409817,-0.005055022417927041,-0.0236894165539884
-0.06703384074140382,-0.0018764667453822772,-0.010169398074609412,-0.009789340971323382,3.873015576650169e-05,-0.003899784767823971
-0.08249095670623063,0.004116105689179039,7.863633839699725e-06,-0.00286664612277582,-0.004309272802304835,-0.0082447480768479
0.010332043611617298,-0.0021164525047930203,0.01862119851193482,0.022483943375441972,0.0004165320159274333,0.00019430474421498853
-0.0811361254688366,0.0022878280487969214,-0.0020267067276926926,-0.007907502515945575,9.032580889007056e-06,-0.0003214488717362414
-0.08247588960502847,0.005953852195738794,0.008862930127888215,0.011299385767205353,-0.011037287871823162,0.003958974643308985
-0.06759556131715937,0.01534941986545225,-0.02723098284068386,0.04110978593921683,0.07590848250261371,0.009794548486366524
-0.09283308464127082,0.010930175310497278,-0.001931680630508075,-0.0036453687936709796,-0.007893095577929988,0.003168198269371063
-0.08101609796575221,-0.006768190015929012,-0.00017916570086323096,-0.007364833512517585,-0.0023826150722700886,0.003416521051260504
-0.0861150640611269,0.000461287523201728,0.004637043665619676,-0.0077611857740376424,-0.001319653160717508,-0.004212910376480203
-0.08454262567725968,0.0018858471980332983,-0.007648142810226819,-7.386226232611326e-05,-0.0012839607558988511,-0.0026417486382070464
-0.10724680187303072,0.025124660882474226,-0.0019232277530279362,0.006571980678773632,0.013667922520044024,0.009369220928323513
-0.08376644287194106,0.010367518557242269,-0.012010117038517482,-0.007290036856471452,-0.005279783398174178,0.0037682777404234227
-0.08278512851267215,0.0028945602269491635,-0.010299619842619043,-0.006515203066695499,0.00048466564712422536,0.0017116184207051056
-0.07192309391662445,-0.007409744194610579,-0.001349497902596464,-0.007417796154741699,-0.007485428154773402,0.0009789215562651333
-0.08249978860604577,0.0029362322402159474,-0.010316790970694774,-0.0066705783065138195,0.0002478988381957676,0.0018469673181591012
-0.08475941489438588,-0.0029082753859669256,0.0036594805942599183,-0.0058196363324213695,0.002250470656112228,-0.002354969129838525
-0.07585331477117498,-0.004560063563739412,-0.0015688720113529746,-0.009883867850881783,-0.0019500600948797143,-0.0007518904564423999
-0.0850176882227527,-0.0012595555306963442,0.0028791443218477855,-0.001975087331778567,-0.0018317695340321107,0.007870225244232427
-0.07937768341450965,0.0040996436192592385,0.0008204221053952026,-0.010134093996529325,0.003069659702845735,-0.004197714380576744
-0.08190070656050646,-0.0038458860906295735,-0.003040274460624049,-0.006808980060181512,-0.001404254275857177,0.002433311134317387
-0.06717212624539114,-0.005432746151360712,-0.00025182306219361726,-0.008552890734601906,-0.0007222018885058658,-0.005000048700208344
-0.07716581829915654,0.0022603914537020803,-0.000446216843489051,-0.0061299143883287825,-0.0035274650051350847,-0.009110162251889884
-0.07560544065950642,0.013190697340556367,-0.023437923004400944,0.008850210981559269,0.042145712330778295,0.0012012572888537034
-0.0846466350521298,0.0015209889521498974,-0.00015635719000600115,-0.00542534550242081,0.0034999483917565757,-0.00216166640498458
-0.08662128723021181,-0.0016157233818232335,0.004459994099020065,-0.0015624424219922303,-0.0020153552867980045,0.008409657802067845
-0.07721661336427875,-0.0009749888818759307,0.00014289590090801454,-0.004496643526389867,-0.003621657836971187,-0.007925336050575122
0.4934742142374868,0.07337459475192672,0.13614429727934088,-0.007641955853875139,0.01087438465173687,0.017981808467063345
-0.08480293182283229,-0.002530836657890839,-0.0020819064259715806,0.0027573153400626566,-0.00388973357066417,0.00030683277938438157
-0.07469396955135535,-0.0031705246953366464,-0.0005238796749492687,-0.008076120852320342,-0.003178554795486563,-0.004319863068188099
-0.11015144521102668,0.01653269744324725,0.007436124979339272,-0.005560298128264189,-0.0057277132320314094,0.003762275909856517
-0.07661138453073237,0.023755959327545116,0.029734936449533414,0.036360798993338335,0.021731716753943857,0.019515358185062042
-0.09020061961858768,-0.0004157354747670196,0.0038906295304093987,0.0006778709811136354,-0.0037166088915092667,-0.004797473650850029
-0.08693145972949458,-0.0008750443425215869,0.004527247502197975,-0.005473276956231966,0.00016744948549413745,-0.005477217325631595
0.061391113478847216,-0.050017716262110275,-0.005368471909552655,-0.03830604565344945,-0.02168742141270396,-0.011155071983853983
-0.09057602511298572,0.018265148629927258,-0.0024367140594228776,-0.0007214855256076985,0.0012835194619959095,0.007539039624293598
-0.09011423162983062,-0.0038944196329202987,0.006321412998238782,-0.006221130583184172,0.0016492856686655848,-0.0010916438294669211
0.005587939945696746,0.00835621016481946,0.01223984795650857,-0.018245510874764333,-0.02443772955536756,0.022362182633544555
-0.08664717679315663,-0.0012124279752798919,0.004193957765686063,-0.0015330229276663708,-0.001817230122062338,0.008289357055396525
-0.07963465285294313,-0.004131581573010729,0.004920724807574693,-0.006188308308553274,-0.004242970010214972,-0.0031535682095594824
-0.08313092173026929,-0.004814922041843971,0.0040516792118065565,-0.0036453253641345567,-0.0031191717786246934,-0.0037585604311573327
-0.06808836394797431,-0.007604146270959863,0.0013285051971930761,-0.009330740332148377,-0.0010679850561590627,-0.005841737653241711
-0.08695789583332274,-0.00440207551308298,0.002659641388053663,0.0026207577125248105,-0.002356845701708438,-0.00621009524385202
-0.08258695320240683,-0.005626719539111034,0.0029336832847130876,-0.0004618978617978935,-0.002378843927829509,0.0034776039413670704
-0.07821772822859581,-0.006377059480989227,0.0020220018351697444,-0.00017935695715866007,-0.003425315862491099,-0.00598826709096806
-0.0463580572026056,-0.002273741648394366,-0.003160789533307259,-0.012867081309084021,-0.003428386539892568,-0.02627928647292205
-0.08292972302959811,0.002915012317036557,0.0021498766405777655,-0.0031292021576805953,-0.0005902752335787521,0.0009094151448752428
-0.08348159390991651,-0.0004862146586981689,-0.012794895445200577,0.012789206583287076,0.0037449579703631017,-0.005784933605978563
-0.12237693346589427,-0.0037958197582895993,0.0019501209350896278,0.03787202419261381,-0.00409421362590461,-0.004212863670978284
-0.07603878550791086,0.0002479534555320705,-0.0017931394585015625,-0.004339185048834456,-0.006601893454287975,-0.00598799702959422
-0.09088063586263456,0.005761822084941852,-0.002686924124236646,-0.007939409146077686,0.00267275759124936,-0.001424081918486149
-0.1023200658238793,0.02236693200273716,0.008452741622120296,0.0011150233505012555,0.0021201981937669155,0.008422043477176448
0.18613930800139203,-0.1116310476596811,-0.031199207608130147,-0.08094198366591283,-0.01792483925772928,-0.022257951431299237
-0.07692407332295338,-0.006789817298257382,-0.0010849250215406935,-0.0054742930865375435,-0.0030412401979543428,8.314524299423882e-05
-0.06351869030415007,-0.0080024072171557,-0.006582260919766974,-0.00820980938138991,-0.004243054926934061,-0.0035311197560241258
0.33406467377785315,0.02046739043428161,-0.156388510369054,-0.06174329501336595,0.02779788837039001,0.015543272156457639
-0.0779154854354819,0.00013817963097232232,-0.00979408049556476,-0.008370572157025533,-0.0025078688102403994,0.004523687568979911
-0.07444829069383879,0.0028657616307073653,-0.0026262009070203885,-0.007406803119694877,-0.007555062026307449,-0.005304978241928601
-0.07473395608530335,0.012909607113284895,-0.023898791340576833,0.008650433063090152,0.04223479971036439,0.001165822341625331
-0.0788405069456683,-0.007767195590510272,0.001652954484959138,-0.0028515510010019905,-0.0031716349010821212,-0.0029728733684184164
-0.05115892616640006,0.03055138576754899,0.039909129963135045,0.07258976429841237,0.12301546693981945,0.016623692261691345
-0.07890564247884475,0.005658372555949559,0.001714886706367179,0.015268556810989943,0.017750182801764852,0.003359313753919073
-0.07585548635379587,-0.006996586237023149,0.0008727789696620687,-0.0068736833315281905,-0.005231100472146044,6.428447079629733e-05
0.17619130282979598,0.004463437762842815,0.05233580323013263,0.053810577275217056,0.027999730602350715,0.12137548068753978
-0.06808865148248877,0.000205208223513915,-0.011105476944404488,0.02326759944369202,-0.002624659121234618,-0.025859031136256226
0.0499957345101811,-0.050077137262961556,-0.016660088748101747,-0.025928873868348124,-0.022912066085196733,-0.004827241747391934
-0.08845688029760135,-0.003998717588977111,0.004388469275210206,-0.003586955550295,-0.0007897759099110642,-0.0015051053343375343
-0.10301448537356929,0.02461691545083948,0.011879716366797119,0.001547993114903316,0.0031098949974936543,0.00848176308856596
-0.09015984438004364,-0.002819076401169731,0.0022842225955432196,0.00039132798101683885,-0.003381512215205698,-0.0005119393548838076
-0.08229323415692473,0.0016080555556913481,-0.0006301392140147003,-0.0047411772674626025,-0.003037632068759392,-0.000805803141053301
-0.05010717788164258,-0.0031120182261968844,0.009443790753715549,-0.0026402255255577453,0.001239484296522563,0.003008675059083883
-0.08074677058184136,-0.006237142171010594,0.0008556819304744397,-0.004795620653579177,-0.002892148267614739,0.00020077658653271465
-0.03389457329238952,-0.009485967882617128,0.0028126505433328486,-0.02014022192746408,-0.002032051227283841,-0.031151191270725048
-0.040657863574076566,-0.003468769284613507,-0.00015111004740443946,-0.02472200652147881,0.00023189623107638675,-0.017579313259726687
-0.07195468663749789,-0.00550951353440994,-0.008644618428744925,-0.0037377148007775563,-0.0031776341336105613,-0.0014839930172318942
0.22880112367462133,-0.1785758435226496,0.02644997439341328,-0.07908949124423209,-0.03346706430096506,-0.04767582609833725
-0.07325772347560879,-0.00011704865688554479,-0.008617144943280594,-0.00665275018679265,-0.000879472514564613,-0.00492273946368697
-0.08833321061653858,-0.0025721602911011393,-0.0005853373379696202,0.0011181992059470839,-0.005466582641370523,0.0013474936939568065
-0.07122431688959405,0.001537401797249433,0.0007720448293636286,-0.012647434924943392,-0.0034145092127072655,-0.007058813997282279
-0.017907948889141576,0.007476673721169024,0.011313093195530605,0.02392490219443818,-0.005090012220377637,-0.004170749777766917
-0.0857344546800896,-0.004535151030850855,0.0011211281282127925,0.002573215316324557,-0.0015001450634834657,-0.006256414977566197
-0.08833321061653858,-0.0025721602911011393,-0.0005853373379696202,0.0011181992059470839,-0.005466582641370523,0.0013474936939568065
-0.09170090421761265,0.0015393396354078913,0.0013332734712247624,0.0010267553398776086,-0.0044392798996685644,-0.0020630913861771753
-0.0844755690674888,-0.00023160062456300019,-0.0075941769369282704,-0.0040170791292363,0.004794624756105856,0.0030771201252210835
-0.08370916238865349,-0.00448934161906621,0.004434280755444274,0.0010565443112695015,0.0007964732924988185,0.0027640249662736352
-0.05251312510019982,-0.003196322816613961,-0.0027328028127360615,-0.007578524270103821,0.0025523812688364655,-0.0011694620846111653
-0.060086703801428706,-0.005818112751971849,-0.01167812924765569,-0.0016157837993204956,-0.0052188757378541515,-0.005377741557271209
-0.10349297053426108,-0.004709705023374217,-0.006934658539664333,0.03233873914053794,-0.004616543495682994,-0.0059228814327108355
-0.0847104364382922,0.0030983372048373407,0.003265234546017521,-0.007098067868417017,-0.0031856390608861955,-0.005907084390405888
0.22624247320776725,-0.1734030672179129,0.02349114911094443,-0.08090120493423449,-0.033174053259249874,-0.045695431773421766
-0.07550266092911376,-0.006164745125789775,0.0017452548364470678,-0.004112322817472309,-0.0023042852893850143,-0.0068771168504020335
-0.0512148373479135,-0.0032732404019370684,-0.001519133814100442,-0.0018254335116797671,-0.0008808810540635961,0.001264573844958486
-0.06932851307788254,-0.006304440116415303,0.0003778069334595767,-0.008986858632097649,0.00030489501610054013,-0.00652273231554216
-0.08774245499576427,0.0031665843807240452,0.0017772072948908366,-0.004258753645367809,-0.00566597785844823,-0.001607328166405523
-0.06034072469903884,-0.0076463897586300685,0.004195943074443043,-0.013500622178898958,-0.006768319408356164,-0.008372722710466827
-0.0713956008476315,-0.0017103625822680476,-0.005786772207733096,-0.0036012334038574303,-0.001254115086231395,-0.00994960667833323
-0.08287661411189785,-0.004710394392465741,0.0013242873260328684,-0.0034671627885436915,-0.001958575377393477,-0.0016458359876998037
-0.08154285802821912,-0.004731736125911381,0.00219600323726687,-0.001711882942978073,-0.006903202685495146,-0.0009555937740756634
-0.09289815589628743,0.0032083914013704036,0.0031896903127558588,-0.006297499191853465,-0.0028446814692297023,0.0013118350648920391
-0.057697021857441896,0.018826843452496456,0.01706643669451223,-0.0019056563949140053,0.0031414936887017818,0.01412860885529042
-0.07228951172464516,-0.0006292443890228721,-0.0021659862767950304,-0.0007779575688524067,-0.001588058315026503,0.004556685928429061
-0.07894368127865584,0.020449561818492227,-0.016135586984479713,0.0026273174015018913,0.016290600363335243,0.006748975530740243
-0.07604044842143441,-0.00639584313810227,-0.002356032866246831,-0.0017724180451175664,-0.0053968283222188464,0.004200030755213501
-0.07398231363731249,0.009480246343249416,-0.02452174985062952,0.007287310374174926,0.018741625579953052,0.002211913591782433
-0.07911407341401303,-0.004015690072715094,-0.0005250840266855653,-0.007339864460262046,-0.0034280567416815036,0.0006677687461434286
-0.08887008310652514,0.025149659794053134,0.03892188268490754,0.050082139592319636,0.028891664735072285,0.03576671186361569
-0.06205198978569307,0.010623024830183658,0.05575751268361283,0.07755616450393792,0.06895137821910866,0.026701399496982834
-0.08234262204033592,0.002617086935082269,-0.0011941353511719555,-0.004244760120379894,-0.006036545306036834,-0.0018769726047357478
0.4770756687608601,0.14871174409592058,0.028727145727677452,-0.018042572159926152,-0.025093514656902433,0.002074833281135428
-0.1131488862082192,0.019061828123258028,0.008116604652708439,-0.0032860761719338567,-0.005360883254968446,0.0011600032644072163
-0.07896187231774168,-0.0005778138796168214,-0.0012145083841762713,-0.0022703620874190995,-0.0036121265025589504,-0.00591744610318122
-0.07303748450280198,-0.005479514289094222,0.005109169490943894,-0.0056949230665816,-0.0015767905973209896,-0.003207191859073593
-0.07364570929837123,0.0069457072640176825,0.00624771927921287,-0.004036710804782319,0.0006578890309905138,-0.0010212227112213065
-0.08421561987218365,0.0006545065688332981,0.0020447476496090475,-5.540284836306166e-05,-0.0005495318280750995,-0.006598073981664923
-0.08553578195135858,0.004218148325121352,0.001202274859481849,-0.005714658488806828,0.0017468937512604196,-0.005866630372382926
-0.09143799256617041,0.005113062848540525,0.0013035863548333088,0.005663211140928965,0.005985224606425454,-0.0051095813527456445
-0.08445278029477674,-0.005851618861180064,0.003777734968789558,-0.005664372662854955,-0.005108683661509132,0.0036238521690588645
-0.07431270353577524,0.0012724562086345317,-0.00851613778965371,-0.005290824195901698,-0.001426381041043272,-0.005692497095067104
0.06643768663131436,0.010804476922480587,0.019803277774421,0.008641645044958485,0.01429740727314931,0.07610181201903839
-0.09246999766030735,0.003298119466153189,0.005720040598860312,-0.005718560493611127,-0.00016052006493096207,-0.0013301997200637222
-0.0010458945171658122,0.0045797364424769,0.00676448948879005,0.008974037868579022,0.003911014621573533,-0.01912977256347336
-0.08604140550357653,0.006696045028702773,-0.006798449428728165,-0.00619772158784927,-0.0064769725665942334,0.00461145229607425
-0.0727391857762062,-0.0060670852489245605,-0.002173511586594045,-0.005822018287229953,-0.0017134394234838435,-0.0017965683889731533
-0.08311655125574519,-0.00011815174241258646,0.0012317895783263387,-0.0022440951038241092,-0.00360400094422937,-0.005183367315323504
-0.09185034698294893,0.0051059004211302895,0.0012592331838489153,0.005901522994520354,0.005983442588784336,-0.005205106225283089
-0.07742747541788689,-0.005097224986877444,0.0031759614623973077,-0.00630968880985871,-0.0018252249771519614,-0.004764789720870422
-0.13726933351871556,-0.002676204646421132,0.0030165289829247963,0.04771045192914568,-0.002192266123497207,-0.002536982224126409
-0.0750088465526816,-0.003602874784353504,0.0002765026701917971,-0.010340207872813327,-0.0012846957450729844,-0.0046479773391947974
-0.07898806323268787,0.0021027486584058812,0.0015095157416128843,-0.0059819657253114954,-0.003688538998802855,-0.009089309124369416
-0.07785473064119557,-0.004098034807248814,0.003462927583365466,-0.006685541032613134,-0.003039188587352279,-0.004468006729763779
-0.06516708842288509,-0.010240088315398785,-0.00020980494423544112,-0.0079463258665514,-0.006717590307838971,-0.003826373106576649
-0.08819554303713888,-0.0065486907689650264,0.004169408766099122,0.013566034134173677,-0.007979234602759486,0.0074913047144225114
-0.027672744217866883,-0.012622313349650279,0.003519366641434292,-0.020249765746003984,-0.000387492494190557,-0.03437412403197464
-0.07358617188877904,-0.00580181647464421,-0.0006570522908672673,-0.006426886321463196,-0.0020248077141631023,-0.005917019729559144
-0.0715991717060829,0.003893271739032454,-0.025572445509640596,-0.0019274245682327613,0.043920137483738804,0.014542946554883507
-0.07674407400672514,-0.008466523793120285,0.0004642362248455265,-0.005891364896631171,-0.0007326944691377752,-0.002823785060586228
0.43911150460317266,0.07700667389259773,0.12408736331051715,-0.0021556418143155636,0.005796976051321224,0.02978297687949427
-0.08426405842264517,-0.00484889509358227,0.0047609071133961015,-0.003291396232880419,-0.0029156871657500046,-0.003773245611767903
-0.07609625751440044,-0.007619933507868594,-0.0006721731729537155,-0.0046273793571204695,-0.005112690115229954,0.0009974565662459857
0.11011981878458289,-0.041388498237131026,0.017681445129636163,-0.05558618337313736,-0.009136236445744439,-0.01684600586111094
-0.07220766389235578,0.0023698024740469214,0.007782282574143197,-0.0026100376751232333,0.006356409073596391,0.000634185195531564
-0.08663295344470276,0.004081222352620454,0.0003217382699139394,-0.00414609024847539,-0.002766317500827399,-0.002408816616661912
-0.09612882760879751,0.0019199384397859721,0.0015579319307283078,0.0028938263397177825,-0.0022753440074682343,0.003182842453932963
0.09653079954886752,-0.033781865208059716,-0.01845281123319513,-0.03181111699469859,-0.00872051715464752,-0.014676585180708763
-0.07547633120340964,-0.007248970384651504,0.0022810843352982957,-0.0062991059231527705,-0.0017741844998603433,-0.003998039647424379
-0.0670428905698486,0.0245423791884842,0.023741470321971766,0.02616588150431665,0.04842659135739181,0.01755443675558304
-0.08749297524108478,-0.0028792670556880696,0.004745636019246563,0.002719599737480982,-0.0038934057783027733,0.0001700260990474736
-0.07538508821140688,-0.005820111317455109,0.003526284401321479,-0.003903513844442983,-0.0019124239970219343,-0.007092299799469881
0.2579935646214867,0.007317954032445237,-0.059785922410065716,-0.03926442577697075,-0.03229051724801481,-0.055313893952149126
-0.046070535861554913,-0.005419982238784476,0.011781028197897007,-0.007448593671706927,-0.006101219989218505,0.0035561206007984317
-0.039903974492732176,0.011757671242944648,0.0016995814567646332,-0.002923811831944147,-0.0071677715419704805,-0.03253828105980828
-0.08504829036104092,3.302199513301146e-06,0.0040703947542294555,-0.0053874888864602994,-0.0007746667902579762,-0.004790970612809754
-0.07354420833993917,-0.00297023172348941,-0.003343142083087086,-0.0062860396338300425,0.00039880014748988314,-0.008134664995982869
-0.08581009672712922,0.0009931919613479882,0.0029289387126478143,-0.008548162342570135,-0.0011578048156956067,-0.0027794291648450395
-0.08837913076061137,0.0009862170194958786,0.0014459835412469848,-0.0077189400925388625,-0.004599019425854771,0.004389429335863461
-0.07412482944546354,0.006253929369854509,-0.009214297718968062,0.0021704678616640467,0.0015108566615106064,0.0025001518141195746
-0.07462037564828046,-0.00654096142436512,0.003467546794684187,-0.00862092510189948,-0.0008916143173974521,-0.004435868929561842
-0.07562328748132381,-0.005459436413221929,-0.0005673362465768406,-0.007212717356623837,0.0035334810952101755,-0.006344106819302012
-0.08190362121067107,-0.0006340522165272169,-0.0020111614016683514,-0.007769039151446327,-0.006531626716567089,0.005960672473321493
-0.07360272273263856,0.000998171786785346,-0.0031995342125110703,-0.008651129033188404,-0.004069459529499312,-0.005173204996639369
1.0928686121318085,-0.008825841428783156,-0.03962825282143165,-0.024684122492114553,-8.560466002081269e-05,0.014948066499822405
-0.0769245213699667,0.001297659944419043,-0.003334046929747755,-0.006808017666917473,-0.003989346985445907,-0.004598969080337977
-0.07371159745637404,-0.002691429999869403,-0.009530718241415949,-0.005296858141077351,-0.0008118123618782089,-0.0011658006461325956
0.267766599914935,-0.028110089553913857,-0.011974941602935099,-0.00208596258434445,0.0024903843712146246,-0.010017881488479867
-0.08444398123289859,-0.00016711631141833554,-0.007379873215450105,-0.0040710931834423425,0.004743975931814601,0.0029027746438054975
-0.0722264457095159,-0.010407566208153947,0.004094845453295198,-0.005683252151133641,-0.003461685872784851,-0.005334289917379012
0.45509638171889083,0.009498056970464049,0.08926140011394366,0.04514705750899007,0.08188766868381178,0.07085514029857491
-0.0684635977588382,-0.003669582351114139,-0.006346244444883122,-0.007428556189224092,-0.003939711475742087,-0.0015646639057538966
-0.08108834208885955,-0.00622263863445148,0.002828778160569377,-0.0019167750444441163,-0.006137614393783332,-0.0014113194564645448
-0.07592346226686288,-0.007980274557004719,-0.0002464588777448069,-0.0031992401690373504,-0.00277304509409219,-0.003363774306729957
0.5704415785140607,-0.004202757459328134,-0.14623542487713748,0.20506595229264202,-0.005676698009912254,-0.007042316161861525
-0.08116432192823254,-0.006224749872111329,-0.0029404707789468976,0.0058966111468688335,-0.0008409606871654161,-0.007964374553396013
-0.08076622972634184,0.0026234129161120403,-0.0005676023207673206,-0.005557388838927787,-0.005124571144546023,-0.004762312559163967
-0.08073682133530335,0.003345307268236227,-0.003525861928898873,0.0011273023600287565,0.004019475809224379,-0.0012371282824800772
-0.07843952015162303,-0.00850018952370863,0.00020077226674242437,-0.00517850313896292,-0.004934971364825502,0.002919180237008104
-0.08082625155562455,0.0014553889295039746,-0.0014498510773619082,0.00623299518628267,-0.007572288835438107,-0.0002609132179685817
-0.09311115905063691,0.0048139334482569605,0.0077188916607848134,0.013386536734222352,-0.019337339753627093,0.007093421581047952
-0.08578595219424871,0.001526496918175704,-0.007077204333241539,-0.0013540259513449267,-0.0017624438836553451,0.00011153780752597079
-0.08580303157486997,0.004031845579718904,0.004055337878944206,0.005971056019669119,0.008181754666740131,-0.0018636302685543853
-0.06830346959482322,-0.0057375014329975665,-0.0004347497954180549,-0.007807976906285585,-0.005062309561249639,-0.0049373137355543115
-0.05426765398355524,0.030178651572553415,0.04033404888757895,0.030034823231522585,0.09644933619166593,0.007979847232576684
-0.07480093303775769,-0.00734466296512678,-0.01019024599023798,-0.0019300041731445561,-0.001462482820801699,0.0025565402603038427
-0.0813353668910493,0.00011369145500444561,0.0007133257610105729,0.0007684564382977925,1.5089830644231431e-05,-0.006936265941367821
-0.07593956140541765,-0.003774933659819525,0.0007241400434786116,-0.00597637386137384,0.0004051101541088253,-0.008753661200804914
-0.06942697608576157,-0.0016966485661505726,-0.00843577655747723,-0.007454958833687591,0.000564158512068333,-0.007705016309271618
-0.07081905352078197,0.0033837009813758962,-0.010801362055400854,-0.005177754291077476,0.007519176085406441,-0.0023071145113441167
-0.03713091381753479,-0.008935021961412687,-0.01816045848537085,0.0010884315276566275,-0.014873319059120071,-0.016055613422521472
-0.09101504037143177,0.0022284731643035225,0.00018710335251869724,0.005856594943453761,0.00261435133903671,-0.0033128085955352994
0.529945846746113,0.11580696782834896,0.07633719095480733,-0.004761616898612467,0.07820335575838418,0.03566274207560218
-0.06838504793579485,0.007555715023321379,0.010602936592263395,0.004661911840134196,0.005502201040773037,0.0037293775815239235
-0.07638495242473915,-0.004115525826611905,0.00010807831245603829,-0.004538289132255245,-0.005818162772647434,-0.0022292161522182484
-0.09495028323957064,0.0023866571561331614,-0.0009956163905027295,0.004465167290731104,-0.005103528919538099,-0.00011667075948318514
-0.028698947095147347,-0.01190959776215671,-0.002620383083566347,-0.019015879707112156,-0.0008550642038027538,-0.028423819652540195
-0.10013237237151736,0.0046078098882166236,0.00268651238379971,0.002266453803071276,-0.0015945285684847129,-0.002266157066022489
-0.07194196450857353,-0.009463274673679073,0.0021413917001864126,-0.009854062729310917,-8.031023137005027e-05,-0.004848648238250939
-0.08671040366308493,0.025111706215559103,0.013224994412485879,0.017556429770940466,0.026609753655814278,0.02317643221941662
0.4438408938893729,0.001717787966004441,0.12696205226004148,-0.00870099085558723,0.05965330470512985,-0.011259058348415793
0.2568632747021063,-0.00942521894728374,-0.07377831820452471,-0.03757194327437448,-0.025552920734914584,-0.025883185934842737
-0.07005963838993019,-0.0027775745058656693,-0.009482508069029779,-0.00900847938008366,-0.0008857884696444845,-3.0241102300565626e-05
-0.06521830624181744,-0.002906229273000937,0.008617722957895254,-0.001842679674783812,0.011902768164692807,-0.0006955857611255405
-0.07824645668881085,0.0026317341890088543,0.004267818591445801,-0.004658532894729041,0.004798478290359272,-0.007634205032097854
-0.08068192460293071,-0.0026041250444006838,0.0009733333915133118,-0.00856877579108126,0.0008494890679572729,-0.004151594033189686
-0.08075163236163907,-0.00606863514477581,0.0032481187743198126,-0.004541392522219338,-0.006729585397957296,0.0008782629256551028
0.11011981878458289,-0.041388498237131026,0.017681445129636163,-0.05558618337313736,-0.009136236445744439,-0.01684600586111094
-0.08483732514645127,-0.005046879784095359,-0.0003831405039722084,0.005977004114718541,-0.0035812248648323065,-0.0040705813700296686
-0.07103100638681328,-0.003854404518458554,-0.008047536535517342,-0.002681336830705607,-0.005917437670295502,-0.0016350200457507435
-0.09413152115779526,0.009787632247858984,-0.007668480710300149,0.0028698388726679062,-0.005041476230851642,0.006516416149936253
-0.06987414949958014,-0.006764344483861825,-0.002725252541209186,-0.010073606510404622,0.0004364259181225257,-0.004770419472454128
-0.06242476086523023,0.004484430765197407,-0.010929392630418628,-0.002422686281548585,-0.001940461391503018,0.009998476518829182
-0.0795788102290848,8.656997627995154e-05,0.0021460437324721635,-0.005417220722902446,-0.007841147602056956,-0.0031211711008321263
-0.07438520488312814,-0.004867309214199419,0.0009299357852021154,-0.004806018078542881,0.0015050184233615402,-0.007250810004072665
-0.08542254145866052,-0.001951337524161352,0.0032941365771540186,-0.0030399120455754593,-0.0019145938937586038,-0.004454391159638157
-0.08072475887008584,0.005719878363503763,0.006816157865586551,0.011187926563718685,-0.010445732328541221,0.00447429391418384
-0.09167377382667001,0.004021407766817298,0.00607002676789423,-0.005525002137135714,-0.0026038720541106237,-0.0026822710591861334
-0.08689902448984232,-0.001963401318632579,0.006378227147258455,0.003231939847905946,-0.0022579647754168023,0.0009424746770870405
-0.08953598858796903,0.0030633927936346106,0.005730257761048709,-0.005071673993157441,-0.003944406468583297,-0.0045224101158977265
-0.07426957992458776,-0.004421765357649085,-0.014061513419072573,0.017600710541359643,0.005271720491634435,-0.021000420142972896
-0.07870018307694945,0.000816795853025888,-0.008352687133052792,-0.005326723467143722,6.04898462431488e-05,0.002045656500659899
-0.07111632669113782,-0.0031470624056542584,-0.001925873586906313,-0.008416674802346834,-0.0029478420057159776,-0.006657280164948058
-0.05875430845157151,-0.00561203878563134,-0.009529332853767059,-0.004565419401267783,-0.010226627272991598,-0.003016189668052187
0.8106654321473971,0.15909732746593547,0.1397660312162833,0.1721004223910314,0.06634859280051864,0.08028478630534124
0.39931342190785113,0.05861676061420489,0.10264261575224568,-0.03206634948767503,-0.019355996282431173,-0.0037483032764308137
-0.06654395491141359,-0.00040529588992198817,0.006510123505616451,-0.003530972139553838,0.0046679619041675065,-0.00364220490858705
-0.06090548291632941,-0.005481220253779655,0.0008858296643382323,-0.01258576739527059,-0.006931193657338534,-0.008511128391118629
-0.08208153391934861,-0.004391917666175882,-0.005395512961966491,0.007220955367364833,4.443917195342877e-06,-0.0024413775798754734
-0.08243583627763587,0.002270147233490483,-0.007275356575516968,-0.0007735282343438129,-0.0022703396160366237,0.0007344060295619705
-0.13017676425892494,-0.00327134331773827,0.005948164743873322,0.041940681887685495,-0.004904765553001063,-0.0038604560612404758
-0.036929231357648404,-0.0002878431459368061,-0.0021203327407908873,-0.014496749491034964,-0.0036662759060757137,-0.02696960260582853
0.6196948801439476,0.24213277695509877,0.14489129355793262,0.019600438859259935,0.02396076412352039,0.024614345660057876
-0.07933695033921719,0.0018835863770608795,0.001375970729921351,-0.005715931586005865,0.0037050109865636744,-0.0005214178388090311
-0.08049438877672624,-0.0027577036479847525,0.0025254801314008144,0.007350892667029146,-0.014928667723754218,-0.0022491819832657104
0.6825231901906055,0.013133931471113464,-0.11523376286292182,0.1985170080693921,0.013473078581573632,0.00682074977447086
0.07963541883609901,-0.0032018750038114376,-0.04146996433234353,0.037941028610310304,0.009643942673068204,0.07027177994884688
-0.07672532546438979,0.0007304300444064979,-0.0054317422216098275,-0.004153139407373032,0.0005479540300533817,2.7826668258885705e-05
-0.029251607030636416,-0.010194448813250519,-0.010575685161011334,-0.00976564434521771,-0.007835513991188921,-0.01610673715349331
-0.07517987977785412,-0.007615790223608888,0.003814767461688727,-0.005967857757855687,-0.002973066211870359,-0.0041308398910645285
-0.06296202592476505,-9.381894611733637e-05,-0.0003365236023130785,0.0049509249018759955,-0.007648417710989849,-0.026796086864214596
-0.07866986245361271,-0.0013915863967653716,-0.008240381447417386,0.002906199881652849,-0.0022822266421520516,-0.0023630372445041254
-0.0813532202171221,-0.005986340908951526,0.0017461718245107619,-0.004609047325467566,0.0005359863922074828,-0.0041603876275397725
-0.08619849514344657,0.0003339691016013435,0.004414824934757592,-0.002790710262156586,-0.004872721926711189,-0.0031380830585684165
-0.06920363894728962,-0.0027073721777695525,-0.010142134525723618,-0.008272649747754946,-0.000791240643692897,-0.0005167239053870578
-0.07405799818901301,-0.007090232878662102,0.0005713040216725365,-0.008268008453512787,-0.003615246363482274,-0.001184494150585338
-0.0853855631086293,0.001384720285603265,0.0027730540065120227,-0.006754110687741113,0.003145922390097973,0.003092716320846867
-0.06880046319339377,-0.0076712727576792455,-0.0013408592451115123,-0.006340496869815513,-0.004720458652468871,-0.005403230690565587
-0.08645047753249162,0.0014562324299998255,0.0034798981628779545,-0.003055328923087175,0.0012971587980720074,0.001058089095771488
-0.07916515082430303,0.002232022681751249,-0.009648075236180748,-0.007489080803274815,-0.0026739818865301073,0.002135494206320961
-0.07274728883164967,-0.0049852345300909024,-0.0022850503810017773,-0.008238204771483659,-0.004083177690054271,-0.0022228486677190163
-0.08619849514344657,0.0003339691016013435,0.004414824934757592,-0.002790710262156586,-0.004872721926711189,-0.0031380830585684165
-0.07297330631800533,-0.004965126815988662,-0.002224666064495544,-0.008024750996125181,-0.0011575485585343652,-0.004763327926797333
-0.06876436929612266,-0.00799361147686236,-0.008306928309991177,-0.003743584885943832,-0.00015538627533754067,-0.004567576314592469
-0.07173251692494231,-0.0022891893749247675,-0.008363727714000879,-0.006610571490789647,-0.001006526330186986,-0.004028211303664124
-0.0697601758982837,-0.004444062039184609,-0.0007342499322268322,-0.007702944969814836,-0.0030035579481851554,-0.006621315855305085
-0.0815073963225013,-0.005807758376905216,0.0014502140897393193,-0.006572823452340833,0.002006953073870473,-0.0040708429115789875
0.632121271901386,0.1117827937761539,-0.04433253883677515,0.09371203973112362,0.03412239249388703,0.05766583855498996
-0.08661809006910645,-0.0013748424912783973,0.0030494016016985527,-0.0024108950548414236,-0.001206985687580807,0.0010576932971216625
-0.09114166909520202,-0.003164021420855376,0.004829677163199157,-0.005737869440020978,-0.0011760569889317962,0.0021094400184346962
-0.08277014579990978,-0.00290784736941459,0.00392715327388694,-0.01010609049628809,0.002920028526222853,-0.003862504629813679
-0.0741282939990735,-0.00016051484708482346,-0.0008995045266572864,-0.00817598203008185,-0.00039031667238756683,-0.010455868569198397
-0.06602415230712712,0.0010298854515269507,0.005526960162524233,-0.003253001058638838,0.0077489584295791095,-0.00251037049994573
0.5045117786607864,0.1490129315199425,0.05547355651033321,0.008850409064762258,0.04659686967328724,0.02309469642655121
-0.07200097522230557,-0.0004550403310684778,0.004177851670551848,0.026730300037214112,-0.0010641749535813612,-0.030762982985191225
-0.0926762369863236,0.0019250238865469048,0.0027808286246857766,-0.0022064949195384404,-0.0019733090290877968,-0.001556814506939628
-0.08293874032139395,0.004558856613031685,0.005411719367052346,-0.006401403169480319,0.007553033813629546,-0.001305722034379365
-0.03354233525892131,-0.009540124091289131,0.002021391639819795,-0.0010398038384217087,-0.024714159945257552,-0.02509584945634329
-0.05426765398355524,0.030178651572553415,0.04033404888757895,0.030034823231522585,0.09644933619166593,0.007979847232576684
-0.09233069277945861,0.0020652999390469405,0.0060322768642324725,-0.005040802295228621,-0.0018014894742052544,-0.0023047242362957106
0.6240272355809908,0.11311160093627871,-0.053484075233088076,0.1006179146498819,0.04141992420966237,0.05824273361726933
-0.08183751730971803,-0.002475440504165633,0.00786557598163647,0.013690846469293992,0.004707691031901844,-0.010627158787177708
0.10674134320493463,-0.04694880481197181,0.0181069681560968,-0.05343661576919046,-0.009669759860744104,-0.016109586862579604
1.1052826110472114,-0.006488062879534439,-0.02558577052158672,-0.02130218309890168,-0.00039148866666756106,0.015170003566292684
-0.07989942164051066,-0.00851184975741532,-7.780001142932485e-05,-0.0038563412993544125,0.0012884235812583964,-0.0013309905228281258
0.3313415985925948,0.038049574603008236,0.0033034091634552174,-0.03485575155150929,-0.008005376154433532,0.00041865827677100117
-0.05630023748815976,0.017617787875199818,-0.017651014319005277,0.04760820217081713,0.09280642848581418,0.011331106862790201
-0.0748123934202889,-0.007988801272195185,-0.00019164954270227226,-0.004566227842737992,-0.0002123949310027299,-0.006144410958745058
-0.07633410354744581,-0.007665263577451047,0.002901886463101571,-0.006893831798893285,-0.005714895577223026,-0.0005697865121356621
0.20805330968298907,0.07133550651900603,-0.032581317273620326,0.004560984714179402,0.008199730636111869,0.02522599958947749
-0.06829673437498808,-0.004598159823019735,0.00020382395333128954,-0.006737815480264106,-0.005039035752852069,-0.005428165454634786
-0.07924389412417908,-0.007557992407466916,0.0014267395508122407,-0.002975817539744476,-0.002914219287209567,-0.0025846566418550303
-0.09791114678742305,0.004075139387754816,0.004877038088871272,-0.005370947524753997,-0.000999749296676167,0.0014622166376475063
-0.08367080618162102,-0.0025320537558671963,-0.002214134631073305,0.004804604906904344,-0.0026347502921161845,-0.006755541392317628
-0.09363620598112503,0.010920514677416497,0.005939926822613161,0.006779215146262306,-0.0005732927431621398,0.011347795585137068
-0.05413576620888241,0.03007896685431539,0.04036675990386909,0.02975867669735927,0.09661021402108723,0.008030201864593623
-0.09637484911089665,-0.00685898368574053,0.007354693373016268,0.0006345487369610878,0.0020242033765290454,-0.00028503031959241544
-0.08172418342953151,0.0009279986408658347,-0.020466629517026696,0.012211814071690138,0.006057163312191336,-0.0022368442130004705
-0.06635994370463413,-0.004942553586432385,-0.009163430920268839,-0.004854055237105151,-0.0011503796833353037,-0.0026433959218379105
-0.08782509750855773,0.0017949753126583867,0.0053271397780461065,-0.006203658669156685,-0.0027842137794589724,-0.004248590203747186
-0.06858623952809817,0.0036998200772983283,-0.010561433749814213,-0.0067754777564801765,0.0042235602235450856,-0.00483970078868974
-0.07211728175327688,0.0004382983088933347,-0.035524580992651475,0.030554707422612164,0.025761435794273427,0.0059613900182476
0.15996662938961412,0.04381287802355573,-0.0018174046087911604,-0.0016412031932496105,0.006406136064665792,0.02124343359045313
-0.07508004530945063,0.0023314794657786535,-0.0003104958529930278,-0.0069558476772531444,-0.007505536098487289,-0.0058936041366812915
-0.07018429892533429,-0.0011120169562510356,-0.008510957964780687,-0.004633186753498794,-0.005597502053743552,-0.00400871056368612
-0.06695310226802832,0.014850683994327929,0.023122699185658565,0.00030764862686830867,0.07706553366870623,0.022180453933270016
-0.09987138370788018,0.0030497656535512733,0.002028680410671873,0.0033681090353662223,-0.002285183040575384,0.001851199129384239
-0.009987934593074652,0.002807887585694723,0.027402853998684033,0.059767609864118845,0.008689747986114642,-0.00023689060969189494
-0.08847318027999143,0.004687586846894026,-0.011599349137711667,0.008745914142722001,0.008075120702772684,-0.003761791531482908
0.02176786128569131,0.0037329411581574564,0.005595305273967572,0.0012951170928375885,0.032173100911818,0.0012735678953940041
-0.08004456696306345,-0.0022117626417661462,-0.002148678953642111,-0.0033105005246136248,-0.00012335761172760308,0.002818180872324895
-0.07560411278353481,0.009304709267996465,-0.02242664914147744,0.007311852234744506,0.01869763117813933,0.002421130652964732
0.003966200366564522,0.006271181023884725,-0.006291976920497572,-0.01608329632200084,-0.015229551852055597,0.021104988048833314
0.2937126269408997,-0.05221906413374381,0.023036179007120485,-0.001611078544415803,-0.013836448287026073,-0.00013278115649276574
0.258020194918386,-0.025430430491531358,-0.03298476361530058,-0.022862274536888865,-0.02221431661231349,0.00557158521494081
-0.03097484340853334,-0.005195467691819044,-0.010917860850457681,-0.01717581632190606,-0.0032273367759067953,-0.023411124144670347
-0.077341989792231,-0.008728650887489916,0.002907400834410703,-0.0009106621045795157,0.004867606350225209,-0.0008714562913123245
-0.0751595525864533,-0.0027173852579526242,0.00567962297389994,-0.0009984208540186304,0.010641871323812306,0.0006188309939955007
-0.08131324652918677,0.0037415465610574987,-0.0033291732473094576,-0.006975882085698196,-0.004355407590292038,-0.002078577363248223
-0.06754357138117158,-0.004316058445957585,0.0002118620170412255,-0.007609466556475565,-0.005856899520037943,-0.008070275560731664
-0.04311865671860751,-0.003964093273030611,0.003227858137796722,0.005754361061968512,-0.013951756712677153,-0.03514147175204323
0.8142523929970051,0.01205314466066875,0.16208793200131608,0.5997126655224478,0.003368825183761183,0.021799958135610118
-0.07877065252575391,-0.00906516510636966,0.0015692148860763481,-0.005600083394609491,0.0009947288390574685,-0.0029753094146571747
-0.08860905907254991,0.0033074012366055942,0.004276821192106035,-0.0031534783189355303,-0.001615995339067384,-0.000295155805728232
0.12889571197654776,-0.048015332835240614,0.04696817342116228,-0.011895114621456367,-0.011651566191456098,0.0016278809186355883
-0.08817142487442015,0.0030801349975732644,-0.00331079414531431,-0.00656694575681322,-0.000993158496253551,0.0020261681184768716
-0.08945925648816151,0.0034959429437220304,0.005232292483331575,-0.002707442320676683,-0.0010116970402642685,-2.23261923145313e-08
-0.0650312436278668,-0.009858011954404057,-0.0002453625125103542,-0.008210143561928047,-0.007070118669816589,-0.004143257091328862
-0.0678479822332657,-0.008445624181431908,-0.001277314723213366,-0.007733720302006906,-0.004082807104362458,-0.00466347378897676
-0.06421896942776915,0.012890980170395153,0.00827815273732145,-3.397345467935667e-05,0.0699112346566858,0.019930246399746585
-0.06705320702713666,-0.003761283617564642,-0.008537542100735403,-0.007602697786230031,-0.002848516648033914,-0.0040430444127389255
-0.07329082667031955,-0.007056749398650297,-0.0007772608541257833,-0.00607396456446895,-0.003790788329664632,-0.0029210760105364535
-0.08635093678045343,0.0008721448294870153,-0.0027381227294236633,-0.007504655197224035,-0.0025358937670572944,0.00476808857295035
-0.09151606801505237,0.002209568261809842,-0.003018686078952469,0.0027696046816089942,-0.0020788774929149205,0.002835061770007094
-0.09040587436448234,0.003286598292819144,-0.00034733140827689904,-0.008180788389417729,-0.0007129885496027569,0.002162666309355763
0.2537754281402846,-0.12468093447674677,0.02955234409269536,-0.04888546953383028,-0.02758474039525948,-0.011474087930433278
-0.08097777399644096,0.002914142308405338,-0.003501158022118917,-0.006393933958649836,-0.0017167171460142914,-0.003354421229907746
-0.0748292670689243,-0.004771561789338823,-0.009169088056817877,-0.0060182957793672815,-0.001511437349270812,0.002695444550231576
-0.10270759279363983,0.02212942910662603,-0.007869399041853457,0.0057273058454980035,0.011784845414030451,0.008463294171733674
-0.07983043052604462,-0.0038718008342056333,0.004557905487382952,-0.006038538512759454,-0.0031155319751340615,-0.004496668538034386
-0.09102522575028923,-0.0017671833751698486,0.0014699838658841094,-7.024997390745151e-05,-0.0033196257055066055,0.00015167762486288061
-0.07789276532643456,0.006380771238785481,-0.011545957445611994,-0.0009966877094508683,0.002796668632661303,-0.002202468636405635
-0.07265463829150039,0.0011457377856811638,-0.009112182011414399,-0.00753623940703011,-0.002025872934872,-0.004184523049568494
0.6290480203357746,0.1570474665327402,0.18628068632667627,0.015083912772859058,0.10408977876866865,0.049476740093064416
0.10060286102871427,-0.03346331979741049,-0.030735883004024106,-0.03626465577731574,-0.0015566584794419356,-0.011423855041314674
-0.0809604257856248,-0.005727803884423596,0.0033975845898752697,-0.0021218525873052336,-0.007286236078132565,-0.0014519830428581368
-0.07800182869852995,0.0014078924257473595,0.0016842693712244088,-0.010257815357865512,-0.002191000005703111,-0.006220682863409905
-0.08727870304350832,-0.004991238804742439,0.001618347645085576,-0.004996302652833049,-0.0015395313193070515,0.0028755325523311523
-0.07406955357796306,-0.006927865893428553,-0.003456264580133989,-0.004536419593257888,-0.004420069351814585,-0.00025490498089417716
-0.07665397144594754,-0.0006384796938835674,-0.003578094038115566,-0.0028122421492452064,-0.0037650318732530934,-0.006056321182612418
-0.08527889512021085,-0.002320810726418289,0.004613942831290155,-0.005648797045380896,-0.0007140927962417027,-0.004483670004744337
-0.06858069632687326,-0.005008990546516564,-0.004555546332938016,-0.009030266774900266,0.0015456267247658778,-0.0025960525237709825
-0.07860793924551701,0.0044849417649440995,0.0016657775802384922,-0.004914724193457385,-0.006312708968512559,-0.00663971850889276
0.23217942797193897,-0.04222232380612221,-0.016260814982590265,-0.05306366388162471,-0.03782996351778986,-0.008480601052793045
-0.07887036749261041,0.002839243429386155,-0.009673466372924376,-0.0024108136955374978,-0.002171590316710645,0.003172063828187832
-0.07602025959138438,-0.004015733983597927,0.0018865720178797743,-0.009807971709991542,-0.0018391884355871983,-0.00482861679941978
-0.09233069277945861,0.0020652999390469405,0.0060322768642324725,-0.005040802295228621,-0.0018014894742052544,-0.0023047242362957106
-0.08010418174161991,-0.0029514774796231373,0.0016539008964824042,0.007043387960358103,-0.01499367845572665,-0.0023679765439222375
-0.08754760650314625,0.0009976258265612368,0.005044264584864228,-0.0041632897264942716,-0.005339243444340721,-0.0021971587908942254
-0.07784799632479766,-0.0019343971446828337,-0.00985094546028785,0.001977549716307321,-0.0035370146732935466,-0.0011268115825618546
-0.09728941659503833,0.004273149396779789,0.0006832836244252607,0.006501021963156639,-0.004843004982057108,0.0033368362611573403
-0.07610847495998509,-0.008801550645837302,0.004428683236618075,-0.007119626606301289,-0.0026765619001020576,-0.004074218130055645
-0.02508890891799265,-0.01157339837262438,-0.0013728978757045803,-0.009268875022106885,-0.008606318243209406,-0.022609604977332266
-0.06683451618350192,-0.0034615334139612257,-0.007542680534897837,-0.007392378165296133,-0.00386486732710504,-0.002347271744335333
-0.06805926213963123,0.010111588959264527,0.02148939038030592,0.0012351859543471395,0.01780578836421317,0.018027997723253752
-0.08101700292026358,-0.0031350914932827953,0.004248249946922851,-0.0028893557228947524,-0.005751377943886009,-0.005585317316209798
-0.08688745969449672,0.015308727383887371,-0.010125759774218973,0.0035638498231939965,0.0006589490988380885,0.007917408353780166
-0.07924389412417908,-0.007557992407466916,0.0014267395508122407,-0.002975817539744476,-0.002914219287209567,-0.0025846566418550303
-0.07356093139607428,-0.00578382050870747,0.00036702377364694535,-0.0076355523987745,-0.0010469359245652305,-0.005649984146479803
-0.07454350117868938,0.0026646418526317995,-0.009425561272170983,-0.006528291690550582,-0.0005955174629062115,-0.0023027253077019393
-0.07788396576118364,0.0005626908018057887,-0.004168916360573804,-0.005530342595728048,-0.004081634296939178,-0.0018247110509970554
-0.09396107246412183,0.004248690579159768,0.001139541415141351,0.006417607304726414,-0.0010196327162657844,0.0027362901659529777
-0.08373953282072275,0.0017169375936409359,-0.0009351313130793327,0.002115052519737261,8.638094816333143e-05,-0.010553949661749034
0.6240272355809908,0.11311160093627871,-0.053484075233088076,0.1006179146498819,0.04141992420966237,0.05824273361726933
-0.07894610753955066,-0.006879960221439302,0.0012059872264505896,-0.007201705272048935,-0.0031137876484068692,0.0004951411453590379
-0.07915403779398739,-0.001660945815591229,-0.0033933563323891203,0.003361563584127954,-0.008845318730673603,-0.0031524913967127723
-0.0766729532778523,-0.006989088878796708,-0.00025028227022084906,-0.00028730052815879463,-0.003970990827358277,-0.006219855493530328
-0.07987271358969311,-0.00486600119545019,0.0031643116997792952,-0.0032898409385862617,-0.007303386344290403,-0.0009773807146165327
-0.06966070380359096,-0.001022361531194795,-0.01073671343149484,0.0007235886658371331,0.01604888854971994,-0.0014805671913896666
-0.08497620071858498,0.013232919701969782,-0.00929030137208184,0.0014004912798068854,0.016582196559658896,0.008231192652751651
-0.080395384805703,0.004496425959134089,-0.0028235207102766747,-0.0033507578164558532,-0.007772494401447536,-0.0031929078705270567
-0.061957659278777895,0.011534224068692377,0.010310032944254317,-0.006452804761774188,0.013990839097184436,0.023561047072433627
-0.07256533091321964,-0.0003542275196876352,-0.008485902785988828,-0.006831974346200798,-0.002514742363276577,-0.0035707216239162813
-0.0809604257856248,-0.005727803884423596,0.0033975845898752697,-0.0021218525873052336,-0.007286236078132565,-0.0014519830428581368
-0.07777775615764114,-0.0048840067145222215,-0.003722189672153741,-0.004661063138219539,-0.0016009082908706308,-0.0017167117378676195
-0.06512988176443918,-0.004880415926337288,-0.0038721410624328583,-0.007863256757074426,-0.005921290012885654,-0.00367723474218285
-0.08033350647879456,-0.006441606664226903,0.0011891750977252198,-0.004922304271960923,-0.0031372032622982047,4.702791488488325e-05
-0.07158185812755384,-0.006627994879762416,-0.0034923088258385017,-0.006273046762357453,-0.0022764962985621653,-0.0032560911413218405
-0.09557693810418745,0.0021639026424469564,0.004078173486677522,-0.001469991206168895,-0.0019499786032358929,-0.0014903028907604769
-0.07208565281901834,-0.009883952741783317,0.004310423958188823,-0.005951935994521809,-0.004484136277102323,-0.005284796542862509
-0.07888576630989383,-0.010231864999757553,0.0009668069189821458,-0.0044851472862980305,0.0008661674206909418,-0.0023218977611417437
-0.1004197225782951,0.00284903862405075,0.0026579028149960075,0.0035014452254546746,-0.0022223636300637496,0.0020285074954914904
-0.08336293758191515,-0.006295375114024637,0.0029278175663947385,-0.004955018174562604,-0.004021422475089668,0.0017057730985420745
-0.07613071376033698,0.0010297564946676835,-0.0021037575602557996,-0.007096657104909695,-0.004923546406190164,-0.005273690234147816
-0.07572376934979651,-0.008644273352189652,0.004038633583534354,-0.0071778745851612214,-0.0028355672936255377,-0.004018804415384719
-0.0842907936092994,-0.002093190987644343,-0.0058109648032572785,-0.001216342281939171,0.0004618702316504637,0.0051877359880465835
1.1722253954253217,-0.0030930408388468687,0.03461097831784727,-0.013815979966881244,-0.0015440595677679708,0.012487955425027196
0.23171114367337672,-0.10788977416475255,0.02263603080532293,-0.05614149406811897,-0.030388555779298075,-0.016332410990526066
-0.04015859099760086,-0.0037509057387133658,-0.013055377025101286,0.0033686283204627685,-0.010207648475177938,-0.026050960880410336
-0.06527590013780328,-0.0027576765378115983,0.00530831245867532,-0.011146903979394414,-0.010946868170123972,-0.008788121183364934
-0.07635031449706464,0.0014159858084827196,0.00017511107561251339,-0.004132880251508469,-0.0015252668469547756,-0.0028090728869835514
-0.04934286606310653,0.0003530366983260649,-0.026408295051141843,0.02919255215523633,0.0017077130165618368,-0.002502911059316521
-0.10002786304768735,0.009291283351669875,0.00031917973791769695,-0.0013892884754170022,3.404962511810026e-05,-0.002220285053065932
0.22746344069159638,0.08709381812220679,0.006980866720255444,-0.008700102935711402,-0.021534582336488174,0.016165802060703588
-0.0626226612063824,-0.007957308287740253,-0.0035295930800994077,-0.0048883412446635655,-0.007591509808122579,-0.004791877179761752
-0.06521830624181744,-0.002906229273000937,0.008617722957895254,-0.001842679674783812,0.011902768164692807,-0.0006955857611255405
0.6863011953746176,-0.013039544217901744,0.01628606196851896,0.4115888485545299,0.008012535863894554,0.01668796462309795
-0.0951880947773976,-0.001787341131756594,0.00336085579415299,0.001672928155594527,0.0006963967522033414,-0.00306858833591517
-0.09503637716434611,0.007282790700477508,0.0008408046896954966,-0.008393469247744166,0.00245027312252543,-0.001610418192050108
-0.06302924158820096,-0.0025937349862565962,0.007462225478094754,-0.0017442384507576163,0.012158430917232066,-0.0008456657597468256
-0.08385870138422993,0.001249814912322087,0.0005767853309622317,-0.00407696352990997,-0.005399846781533097,-0.002482078145649591
-0.06929898067583658,-0.002826457279203239,-0.0080356525551402,-0.0037422989795770686,-0.00489306821926206,-0.005166532267139532
-0.06930791579617594,-0.008216118040476061,-0.001940036350361629,-0.0076812762733741435,-0.004657272822459824,-0.0019719673168599305
-0.08702746556049294,-0.0031547987627373333,0.0021263414218441906,-0.007156667075706997,-0.0011097681871137918,0.0018708691624925032
-0.08281356185054327,-0.0035693650651717913,0.00242901409710543,-0.0038467578215493803,-0.0028463301539209166,-0.0038430077511027783
-0.07375615000417125,-0.006529458852491448,0.002895932026092461,-0.009422094666246873,0.001713387025822048,-0.004785566430179932
-0.07601299030849806,0.0006894300750924376,-0.003932609635104419,-0.006457577799110675,-0.004730006647970852,-0.0040830017818908595
0.13811442502236862,-0.04011162872102299,0.051474938350607985,-0.01728191661506103,-0.00825369346541068,0.0028439464301488085
-0.037077473665638565,-0.0054341270641339555,0.005410889978525417,-0.01817364385506189,-0.003129495517009016,-0.03254517388913235
-0.08970654729445927,0.005605449432165066,0.007497720807441338,-0.001545475416841315,0.004653835289722818,0.0038778604747348195
-0.07105309789120011,-0.005453492885290816,-0.003388594263797426,-0.0073669606876370156,-0.0011300640723485144,-0.005337994884311529
0.3908038729055986,0.03603776128350503,0.020990036276145606,-0.038166577228620636,-0.0011442622151436894,-0.0040744421455402285
-0.071446206140033,-0.005924371762626076,-0.008427063256131403,-0.002863621019880633,-0.004958565123645092,0.0038376731122318443
-0.08340190981800118,0.00028026882269606483,0.0016399679088332953,-0.00463143010445425,-0.005752800511007794,-0.0025336623428822533
-0.05723956415727864,0.03948563034764252,0.023707795989651538,-0.002668302717170211,0.026327747695698477,0.041627581691646424
0.219366475750366,0.0781847464130253,-0.017988472000510007,-0.007093624432616702,-0.010253015697536755,0.01496324778709292
-0.07278446551011328,-0.005155402092695973,-0.008245464334879776,-0.007393124955720786,-0.0030146197488085448,0.0025942675383132515
-0.08884532112875534,-0.004502898064744913,0.0028566470633261047,-0.0047325952955461995,-0.001333641764629017,0.0022438994028001658
-0.07969678773453193,-0.008533499444277587,0.0016266975338659658,-0.0067912698402599146,-0.003287791377747041,0.0025560694132451475
-0.004191140480176584,0.0023190306653382525,-0.013478183668861096,0.006740523332063904,0.0021939614850785246,-0.013859416425257884
-0.0015338895296655487,0.005423139870842239,-0.029318934850006674,-0.01173965835717432,-0.0031073585160103154,0.019982944102752517
-0.06997319925224983,0.007117936495482599,0.008059622033126698,0.008430881678872262,-0.00024979109639895427,0.0036712141752415117
0.10032626578667041,-0.04597008889425461,-0.006524916059107442,0.0008480336078195515,-0.0002711865601795849,-0.009177031888944854
0.824713848443513,0.011785046483099908,0.1526716595612045,0.38335258012005186,0.0001631534170088885,-0.0002527026300049128
-0.03647039127629222,-0.00272327470829636,-0.0008770645681709239,-0.014264839283027431,-0.0050128591895769814,-0.029180415827736766
-0.0763395766266434,0.009094005611045895,0.004643628701324025,0.002894015893915248,-0.00033465143994829437,0.00039447377118009526
-0.073692142184338,-0.005774647418666806,-0.00016629772537090753,-0.006337963380833529,-0.0019003569248550666,-0.005886606388336865
-0.08734479191818614,-0.0013155476180662447,-0.011612395968279215,0.0035936104925998083,0.003483803275262038,0.005179178508602349
0.022745240243248095,0.007754083766803868,0.013517781876272282,-0.005409697605590781,-0.002517072814025204,0.03291358225035277
-0.0860487377378464,0.0035488747840863857,0.0002813253487798562,-0.004361008105123939,-0.005169550520833105,-0.0012193294832109178
-0.06590303863629626,-0.0063502199222086626,-0.0083367423650205,-0.008255463350344846,-0.003867344411985821,-0.0012785030842656403
-0.05909878271645456,0.03830411760880314,0.024247754989738066,-0.0027691119563191535,0.02577765494599265,0.04225581651647394
-0.07244035466378093,0.007625958374280009,0.006996320765397342,0.0059320110726347524,-0.0011635858475715982,0.002477361876483131
-0.0838994065508043,0.002526110745970787,7.456401361953554e-06,0.0011000412513684863,0.003207391090789079,-0.0014990118637951842
-0.0872106293487989,-0.0035179073034844717,0.002503612149966617,0.002558068606113282,-0.0042716878822275485,0.0006449960378542039
-0.028070194005064244,-0.014079343793180208,0.005692620560879072,-0.020553761197239954,-1.2726262890720342e-05,-0.03541760677352267
-0.09848789174847192,0.002855436791676142,0.0024325197286701066,0.0018843397654248327,-0.0027264307318450795,0.002226586001319226
-0.08927515531247597,0.004194868090914004,0.0038717037578869947,-0.005233290493285772,-0.0020402416940535403,-0.00289598286260822
-0.08093699707555474,-0.005704387301852917,0.0012431521212349673,-0.010045538451074481,0.0005178097593795943,0.0007743759130160245
-0.08360390050621289,0.002741082393519013,-0.003376102685139766,-0.0038062479121057755,-0.002354131656092444,-0.00285806915568639
-0.0761906278147111,0.0010452999288698076,-0.0021829702311423047,-0.006972132163067663,-0.0049007350095409815,-0.0053040679972381315
-0.08312302695509152,0.00035317542653759437,0.0016196123613153232,-0.01098268804882178,0.002033913414021032,-0.0026150655019829957
-0.13146108724931135,0.0008869382000262782,0.0025369149944921565,0.03890435075213506,-0.0009112353613023904,-0.004393829386721364
-0.07000470037386887,-0.007638820708823106,-0.009042070283460046,-0.003896463126044751,-0.0012034323502301708,-0.0022905003034805636
-0.09958977607275454,0.01616438324951876,0.0032231404573915836,-0.0040671785530018165,0.007568468037264711,0.003737172631843032
-0.08601804781390665,0.0002238600208009402,0.003713641957004995,-0.002666999919243107,-0.004372220759733218,-0.0019992195698625686
-0.07943211462852813,0.0026483276183155487,0.0017035146293262163,-0.006643647653552594,-0.005751987475295669,-0.005369289073679673
-0.08323638589498239,0.004623593802770182,-0.0005128841878460394,-0.0031334479356998975,-0.007795639111813697,-0.003082370342950963
-0.026137785531683746,-0.0010966971681547948,-0.0023815071227495546,-0.017363187418979322,-0.0025763570565667613,-0.028368335610654296
-0.07597754444556835,0.003450112299481674,-0.009588002401784236,-0.007190158889821556,-0.003080144119582069,-0.0018204138816886857
-0.09518389068799757,0.004039742986741035,0.0033517258097500754,-0.006008878139316556,-0.00124894868567707,0.0012551666199368584
0.2679754044437381,-0.1043390644513502,0.005538167843772946,-0.0286174106929362,-0.023206636767242085,-0.004620199812901992
0.3653206215984959,0.02214125523956051,-0.1314106293359872,-0.03768629120408165,-0.008585115693638923,-0.002421400984782277
0.08120082008574739,-0.03507845347186194,-0.016117656154369688,-0.04238752175160331,-0.010825142093493239,-0.016706329824714584
-0.061876824342122674,-0.004223056399858338,-0.003109635756876145,-0.010437077632623202,-0.006329604706142622,-0.007700381674053119
-0.06924549783540661,-0.005336329970159004,-0.0001916754057670149,-0.007256152877544393,-0.005099856738697103,-0.006084866340061613
-0.10572056702882478,0.0021694307411438524,-0.006259426502983011,0.028178981052554883,-0.003847456221155291,-0.00599061367932011
-0.06704615375066782,0.025156546511009747,0.028305365223696453,0.028548167981527334,0.05062748055707435,0.01929532774032876
-0.07497371099744664,-0.007343026833240043,0.002457360837914649,-0.008104474442292248,-0.004555701865140333,-0.0019898550531802627
0.2428103584587038,-0.0319105925717592,0.003760090340702781,-0.06260290474522363,-0.03311309668744998,-0.054799601863267086
-0.0677457539675948,-0.004452448936195185,-0.00714392313176787,-0.0074750692271512665,-0.0015037273174291722,-0.004889579939517903
-0.09655353898774918,0.007380039744051784,0.0004432737890608032,-0.0017671848781322967,0.00176269225771059,-0.005092802353187319
-0.07818420556314111,-0.003494850000958871,0.0028527442238923803,0.0005951980661209058,-0.0018912123459486586,0.005594045407540193
-0.08441419770876422,0.002650395731748918,0.000732114072182194,-0.006839571856753732,-0.002746441693382141,-0.003548426377510722
-0.08907626345814139,-5.0202721834577935e-05,0.003915593502213824,-0.007855447894377554,-0.0033410764534617075,0.0020057985611054607
-0.08772757370219797,0.0032296957327617067,0.0016580351840128978,-0.004303517814350761,-0.005625800424830957,-0.001559335998039928
-0.08709182982189674,0.011231538785454694,-0.004370803458989919,-0.007916239229967802,-0.000543031996857327,-0.005077690011402186
-0.07306783902599222,-0.005009776428242859,-0.0026814426618518156,-0.009440075811279553,0.0011186108287991406,-0.0046502261369416025
-0.08401492765021824,-0.0061600932231359465,0.00175181049374451,-0.004129690795975437,-0.009159288740888116,0.008147706004174323
-0.07969458046127459,-0.004082679623927763,0.004516407722429298,-0.006420653920535122,-0.004258945641083201,-0.0032160769749292246
-0.09257865073328511,-0.006069609530704226,0.009294419903793988,0.026074365709896328,0.004376376771201379,-0.02508696017545269
-0.07043727118546064,-0.008884479985979375,-0.0017408770033100938,-0.009874596994499113,0.0010129183140394741,-0.0032056512688628793
-0.08368694459416189,-0.0006632878782192845,-0.016767370514153782,0.003431592271613112,0.003013945679443427,0.005775742386954077
-0.07417406376798646,0.00013776392393175703,-0.00940081148384408,-0.005572600466773703,0.004007754205083688,-0.00195767475556691
0.09288290775015924,-0.052064497028937576,0.015386242510142152,-0.07599383743275667,-0.008947400056371796,-0.058632405309363006
-0.08208871624330324,0.002006562819024067,0.0005404013963260293,-0.006963872058805884,-0.0026897657053231794,-0.005175825845203638
-0.08171236389707581,-0.00039933256132990776,0.0036126280346428933,-0.007743178179900632,-0.001730954149579783,-0.0061108856278474935
-0.06959900364110858,-0.0070861546457466505,-0.0007772903894000499,-0.006299963619627736,-0.0019765293470995057,-0.005698483703532036
0.30430397264019166,0.13842034709640394,-0.09733370524270743,-0.007400338135613699,0.004465546976541815,0.003174416283594397
-0.07245977814123945,-0.0070921615753525855,0.001642480276444286,-0.005980691816189138,-0.005469148357906847,-0.005225852363538726
-0.08481928428499494,-0.0007720685384292873,-0.011953076088773244,0.011268424019386332,0.003065172606854372,-0.006037712779574172
-0.07415220218413732,-0.004031687773553849,-5.48072452029984e-05,-0.008751036607648142,-0.003086488940317869,-0.004025483535904013
-0.08463959592720416,-0.0013442205684232437,0.002624240524961693,0.004949923172436229,-0.0009762467171292968,-0.01104469600618418
-0.08918541791199244,-8.151986530205698e-05,0.0020293484224004088,-0.00368469759910912,-0.0014127764706641352,-0.001232817714521275
-0.08628467084528513,0.001704926673999268,-0.0010380932838288761,-0.007917067444419095,-0.005491491920106213,0.004370703028114006
-0.09114737852997244,0.0028440650103822,0.0018501437080460073,-0.005188879387960724,-0.0007254455275452326,0.0017648034332727572
-0.013928500752992826,0.0015363869787666678,-0.024106771786906064,0.008449464948135381,-0.00014314568218305813,-0.014354695806327422
0.2291247631311353,0.011981266665142305,0.02068351406980811,0.026979883278420796,0.011395592126847926,0.08830456722639295
-0.07127274294441506,0.00832781541196692,-0.004937153242138775,0.014000675191924905,0.00867380580475052,0.0027976198748264898
0.5678796645432991,-0.006599298811308903,0.022742317851341867,-0.05952222804767553,0.012712119908014451,-0.055165872931848124
0.4426546948240651,0.14465258351896965,-0.010844347626942554,-0.0282120008160851,-0.018467270017064337,0.0021932096221364966
-0.07957760102698037,0.00015852498860553376,-0.0030670241071583666,-0.0024177957860980308,-0.003478927409207235,-0.005048483477137266
3.0339559978595227,0.020121682169326062,-0.07069584246459376,0.0626606744288633,0.029729246862780067,0.048837809092695784
-0.10108924662852074,-0.003474802771849825,-0.00604747319353746,0.031421172218511685,-0.004622628717243094,-0.007392393551031875
-0.0858093896040872,0.0027327724113481236,0.0038777491996855344,-0.0057268495353368105,-0.004844753501313947,-0.004489424678456198
-0.0755596699825716,0.0014530497361078267,-0.00976118924479972,-0.0071127600967236995,-0.003973660217847057,0.0012100751586391642
-0.07067895199626027,0.003456060525755556,-0.011037357394796735,-0.005076202709886996,0.0075405338180007855,-0.002461717163212372
-0.0835760259000922,-0.004320073059721247,0.0021366314186469777,-0.0034441076191498456,-0.0006192193870732328,0.001493261392241093
-0.08388681521290678,0.0016013167227265687,0.0019648750148895514,-0.006950122582381428,-0.004833771635517794,-0.0017479777287062502
0.4481316978672385,0.07602302333704965,0.1360695764102405,-0.014533985376619683,-0.003294668652200729,0.021576538257082518
-0.07893745729858764,-0.004235409420508511,-0.0023791113110302213,-0.0038823710325576375,-0.0005553064416374983,0.0016318348997725245
-0.09827252219296796,0.0224801839909509,0.011603027834910172,-0.0032580654255775264,0.012746719725376051,0.0067439517369396315
-0.08398435566234035,0.0017607307562511896,0.0013091325737729718,-0.005949744528757989,-0.0010460412342018952,-0.006450774611382555
-0.071895702662098,-0.003084631011093952,-0.006790818427062615,-0.0074215699287733545,-0.0026322243189401805,-0.0011736762368228077
-0.08059352929611348,0.003371960643086543,-0.0001988065150623208,-0.005217830531404707,-0.004958756126871424,-0.006449728744645956
-0.08203150119525972,-0.006294142708841918,0.0033988520032912227,-0.0016554904125154455,-0.005805460243567522,-0.001490228934212198
0.576255349843447,0.012163056466318031,0.018712468871329588,-0.042870280064604076,0.023792837652782926,-0.037656953316099626
-0.09012697029704439,0.003914696986104303,-0.01730134427189246,0.012178839075292136,0.004168680378195287,0.0027093975720268813
-0.03187489179656492,-0.00541400270416588,-0.016877278628117522,0.015005266069495503,-0.004798050127018151,-0.023706524585231526
-0.07068945868229301,-0.0025576466952006963,0.0017265193464782802,-0.004065397027397528,0.003023331607249162,-0.002291900275935901
-0.07822662993756194,-0.0076561475293302666,0.0013295415857273677,-0.0044466920140294975,-0.005165921948829402,0.0008333085186238546
0.27937199824011894,0.005117949919133193,-0.058576124294882445,-0.040738546885670385,-0.01994498319526895,-0.02648752946839484
-0.0953776666562721,-0.005822651388873697,0.004466320674479769,0.027921901563310994,0.003248139342683583,-0.02006522656627096
-0.10092413083216477,0.007978500030140553,-0.0011749915316403726,0.036463560981033045,0.001659698241872202,0.00211409550617255
0.41384607764046066,0.02221759665148851,-0.17759387258367115,0.2684555693199835,0.00041978550382629047,0.017918709197475367
-0.0728826543559097,-0.009173868510880985,-0.002077664646490868,-0.002694934269900958,0.00012107867224501562,-0.004994904255848024
-0.06755553608179428,-0.0050705134185874395,-0.0015102740401035145,-0.007398327289057654,-0.005216291036735128,-0.005994544922542822
-0.038544768789622416,-0.002753598344115936,-0.006857632364310246,-0.013410918513316127,-0.004409834038763352,-0.025660266585340593
-0.0861150640611269,0.000461287523201728,0.004637043665619676,-0.0077611857740376424,-0.001319653160717508,-0.004212910376480203
-0.06624280434198977,-0.008595369269177706,0.0007963295771196779,-0.008998089176609648,-0.0022884660076031315,-0.006569559926920148
-0.13201066064729397,-0.0030201836079754934,0.006082075916723598,0.041171709411591026,-0.0025746734732026346,-0.004261388105319282
-0.07203546133851838,-0.0038493634824095326,-0.00920862590512724,-0.007402659000361536,7.058270456560572e-05,-0.0018579895548133645
-0.08493023740222497,-0.001225121481646468,0.002246077547419735,0.004989632289781077,-0.0008202925412750887,-0.011014101440464984
-0.06704839107372203,-0.007537694745371438,0.00029642118991639186,-0.007250517721159672,-0.004718838466142606,-0.005271657570652548
-0.08377567470986624,-0.0042361375542427915,0.0027328139811918367,0.0054447342176983365,-0.0031981669625719598,-0.0021093089370508977
0.15587691380146843,0.013511980060050627,-0.024816109756103898,0.010047317697606152,0.0034857280777900643,0.06709197893904308
0.07310999350664192,-0.05214150929552359,0.02611497473226541,-0.02856286775684506,-0.029075326652911546,-0.008027197676244314
0.3787367432992068,0.13488149258110355,-0.09802129188971508,-0.026120399703615394,0.011502418323796016,0.014291147950154431
-0.03774538242412451,-0.005372786688626222,0.006496787457956914,-0.017503148897724575,-0.0033678514584898006,-0.03367864959507473
-0.08449980711043073,0.002632519217836663,-0.0002785897802857723,-0.0012870358924796323,-0.0010038442966915557,-0.008166588843407393
-0.12047294719702699,-0.004500399893490108,0.0009175745666206315,0.03572825725019191,-0.0015130715615036872,-0.002054440785256402
-0.08627637896724911,0.0019038001702959566,0.004687114461263169,-0.007007034939257348,-0.002758219430340653,-0.004175378047860646
0.007539116018548676,-0.0051323040209139146,0.028821169838680556,0.025230720007304377,-0.00010435736727761197,-0.003704024305709305
-0.06587902092936374,0.010081316120320292,0.01992021385907641,0.0012012735958105017,0.018568526007655992,0.017697123229249552
-0.07375144714702567,-0.004977661997071501,-0.002736106984789138,-0.006823461955703292,-0.0031159902758859407,-0.002790746478654213
0.13497545479911616,-0.06443874053868331,-0.009317086577475238,-0.05598541063823553,-0.028265060772259407,-0.020982142362737842
-0.08508883415724922,0.0012785248168218008,0.004091654034631533,-0.0033825516409911553,0.0009080010559374537,0.0024217997660841246
-0.08420687782245714,-0.0038662762571177746,-0.00035843559622068116,0.00027062146092253644,-0.0030439953470697695,-0.0024668480389882295
0.24761846711641117,0.01735526087434451,-0.11143086480006024,-0.040212047916577585,0.030721107385812182,0.009333633885572765
0.3406018743201866,-0.013545180580272475,-0.13702469196208475,-0.05735863329295097,0.008606736036242011,0.015595029054403393
0.23146363389666513,0.011371359135820821,-0.09472428608978656,-0.0571610747427677,-0.02044042743815994,-0.026758423154097093
-0.10443461424389876,0.02303594265404451,0.009086299285147268,-0.00023981064522941885,0.0003787709499411068,0.005443117815446551
-0.07052392177422893,-0.004896601002848532,-0.0027254092844160296,-0.006047672792007117,-0.005042347605616851,-0.005367555592351986
0.0768525809210127,-0.041465578634213796,-0.012080050730593078,-0.06585432434487412,-0.011361153746205617,-0.0292384725125532
-0.09167225901331012,0.0035889942330803474,0.0019899029975144014,-0.0064146836616143,-0.0003879980536170347,-0.000539807009728408
-0.09095093844436573,-8.054974244336161e-05,-0.0022329652052749927,0.0018808073816547087,0.0006022148522229661,-0.0030670157911889544
-0.08664717679315663,-0.0012124279752798919,0.004193957765686063,-0.0015330229276663708,-0.001817230122062338,0.008289357055396525
-0.07339055010193633,-0.007227273497976259,-0.002437138765656835,-0.0022422389626789614,-0.01122480635757285,0.0047947112304374175
-0.06544155361152156,0.0019329101896346595,-0.01077194592406746,-0.010197599076891613,-0.0037127757240130693,-0.004506592282575154
-0.09050772678429862,0.0024974616015594284,0.005839609274586491,-0.006082283320397643,-0.0022525015726889207,-0.0035528625674255522
-0.08560294751569517,-0.003150648064639536,-0.002021083976788778,0.0036709932035522723,-0.002214547348767359,-0.004934712396857859
-0.07821772822859581,-0.006377059480989227,0.0020220018351697444,-0.00017935695715866007,-0.003425315862491099,-0.00598826709096806
-0.089332877263233,0.0024327347094420166,0.005037926067218379,-0.004699412864378144,-0.0017946046631064844,-0.005827732033088672
0.4438408938893729,0.001717787966004441,0.12696205226004148,-0.00870099085558723,0.05965330470512985,-0.011259058348415793
-0.08894520707824118,0.00045797481234610487,-0.0024614543110279825,0.00030285579051976097,-0.001376015009158575,-0.0023609426605666665
-0.07560411278353481,0.009304709267996465,-0.02242664914147744,0.007311852234744506,0.01869763117813933,0.002421130652964732
-0.07983466455372039,-0.0026655494967112365,5.8262893381563916e-05,-0.0035939521314702467,-0.0024975271562278924,-0.004497254488161427
-0.09981751006489639,0.01818592623804576,0.004662546287571207,-0.006288454942137238,-0.0036392052853145094,-0.004953800436556684
-0.09613931296507479,0.0020215602929146053,0.0046388723723505615,-0.0012156983419787347,-0.001917539541943229,-0.0015554726421918791
-0.07247400625361008,-0.0036009077272401886,-0.007989689496219709,-0.0021313801128964374,-0.0050932028990206026,-0.002082263879404514
0.3956690086283594,0.07782148442171194,0.045392396463877764,-0.011014688671964284,0.021895994068630364,-0.013832450735118922
-0.07789435974619752,0.003014693966252452,-0.00035242911375659705,-0.0069791757820844395,-0.007131906381478521,-0.005110482371699109
-0.07810589952451243,0.0025869529791732212,-0.005199772573182297,-0.00893022870692717,0.0040065946919586514,-0.0019878388962821835
-0.0026662494887652083,0.0075697455094120136,0.006664497854835206,-0.017987865187832356,-0.024509716184073136,0.020949392673202644
-0.06717212624539114,-0.005432746151360712,-0.00025182306219361726,-0.008552890734601906,-0.0007222018885058658,-0.005000048700208344
-0.08022180638713036,-0.005646678618732568,0.0007064377511734538,-0.005335193728574174,0.0008047623961747101,-0.0039079719310799845
0.7202339315011766,0.1882285059422646,0.22679972285738664,0.03281964913855535,0.1104435959640612,0.0817507151745583
-0.07123166781998014,0.0017934115538124557,-0.007119776013619581,-0.004743367586454905,0.0005802866899785923,-0.001941182891108608
-0.07451640339899893,-0.008223844036333514,0.0017033437959998367,-0.00792120035602482,-0.004313864499731768,-0.0009922532707829805
-0.06866899687083948,-0.005987308562484733,0.0011958523943051383,-0.011789813467954434,-0.0009891119820355477,-0.005935868227663344
-0.06529395074514581,-0.0026789913462601043,0.005188566456884401,-0.01124348519729394,-0.010995000947288346,-0.009076035880737863
0.5685875968862262,-0.0017625283037898708,0.024514330662457007,-0.0550005293049081,0.014641424183345556,-0.05338403553731742
-0.08817142487442015,0.0030801349975732644,-0.00331079414531431,-0.00656694575681322,-0.000993158496253551,0.0020261681184768716
-0.07740520074326498,0.001774870563274184,-0.00600449116453859,-0.005555856827775742,-0.000544260796947042,-0.0036204069414783034
-0.06905437951767886,-0.004164974427182481,-0.008066678372078565,-0.007083121550187768,-0.002324155502229363,-0.003553766463908445
-0.07919106846050186,-0.004067246759172939,-0.000778318903332571,-0.007299780502103487,-0.0034297316670631158,0.0007495440652248803
-0.012881335770921291,-0.010904854805707435,0.007361385480281601,-0.011012659179856495,-0.00768501528987229,-0.029130919735505377
-0.08377567470986624,-0.0042361375542427915,0.0027328139811918367,0.0054447342176983365,-0.0031981669625719598,-0.0021093089370508977
0.5181044169937351,0.021157290412123067,0.17714004486181428,0.07697103014681632,0.060251493573905496,0.001414931900086697
-0.10002786304768735,0.009291283351669875,0.00031917973791769695,-0.0013892884754170022,3.404962511810026e-05,-0.002220285053065932
-0.07592139127195315,-0.007848012751733,0.0012260524149215117,-0.010284016796599184,0.00021498488411470813,-0.0004527733821118436
-0.07898464630443607,0.0010234852241419107,-0.0025713352377452156,-0.006726162251307028,-0.0020296521814668626,-0.004910077370251422
-0.08417118684766911,0.004929973487921527,0.0010770014413871705,-0.011096301096672383,-5.13478188409043e-06,-0.0022581462042335584
-0.07383014381008733,-0.008576663421142808,0.00236828685113078,-0.00760959451539184,-0.003375079242562645,-0.0032939812512481894
0.35015203152732066,0.032392367783526,0.028383308124460164,-0.03304734723652335,-0.01419785281322728,0.0016689284321870085
-0.0873603901534289,-8.826919536787776e-05,0.004624483764818078,-0.0055131787730718345,-0.0007367614438778902,-0.005023256470207014
-0.08474586181296308,-0.0028261138332230946,0.004242808401282019,-0.005711432381231383,0.0025847296837976323,-0.002286326080958786
-0.07184986455848855,-0.006820015395074559,0.0015337334769682557,-0.006380623491698814,-0.005411529182838673,-0.005055421493040646
0.41145848931275664,0.040424003688862446,-0.04328080409428726,0.010030480660739985,0.05473417421002133,0.019312955774478537
-0.07315457204548063,-0.0022743643804043374,-0.008665904170317838,-0.007210705349539551,-0.0014013429986459377,-0.0014579837693321582
-0.08705525779005166,0.0013310079755828974,-0.0037046489118137253,-0.007834674620797514,-0.0017098424257941704,0.004440841423230042
-0.0875387379829547,0.0005557901855919546,0.0002184973601620888,0.0002991686778275319,-0.001723969669459852,-0.005820465018556569
-0.07489939492891995,-0.006919325584560968,0.0024254474165402453,-0.008063616442479809,-0.00468838907311745,-0.0019034056458428416
0.7159967658158024,0.040006243258912534,0.17431219558515032,0.5560289493109445,0.011187268417680418,0.044249971971371
-0.07321151581884128,-0.0026962564598420804,-0.005486309990097343,-0.009272763116154163,0.0013249062421311123,-0.0044006967745844755
-0.0760214876270622,-0.006542814432046135,0.0030130976791185107,-0.0038416566203387627,-0.0027569904119723507,-0.007262894525316
-0.07330205654659454,8.422307388039288e-05,-0.008694854229519648,-0.006726588460336756,-0.0009203306167504764,-0.004844017362106562
-0.08808010030856035,-0.0026438535981162295,0.0034881057797035847,-0.006932432996057155,-0.001066418848448274,0.0011792632485064089
-0.09053076244359488,-0.001790147588291484,0.0015233775987370836,0.0008932901796849495,-0.002532398737627858,-0.0021683942937973525
-0.08272235366594453,-0.0039024593445374568,0.002122713859129892,-0.004258420327480687,-0.0019988975454519687,-0.002319305393720368
-0.07214944028524911,0.0011246119346254438,-0.009811266173668091,-0.004580188730514918,-0.002541901883695657,-0.006177283819492226
-0.07191244143801298,-0.004177628173682525,-0.0030746291453285853,-0.007044508891526661,-0.003142788998709362,-0.00450144535777303
-0.0858028422898998,-0.004141190472500513,0.0029429043647748667,-0.004090130068829412,-0.0012726952622811945,-0.0013722097096693397
-0.004675299629950158,0.0003642634480095961,-0.029300800964014516,-0.005427279000566,0.0015710495849403298,0.009887918079457884
-0.07875628196929736,-0.009202265516990034,0.004370350858319456,-0.0020928205550450277,-0.000958505815936384,-0.005316980490970639
-0.10227021786472863,0.01582520405233384,0.004707949440082333,-0.0064292718613601346,-0.0023317232716883163,-0.003240661593073098
-0.09192144267719372,0.004192011446666608,0.0008015376688768468,0.0027836634715654087,-0.0023521736396976962,-0.007547308052214597
0.05967979811179217,-0.04894642878272136,-0.03719702581151746,-0.023064942443112448,-0.020426508226882887,-0.0019391993075707186
-0.10779127995781802,0.02285257601695777,0.005351614096005305,-0.003701531975828575,-0.005362759159925952,0.006545299817411121
-0.08778285616862512,0.015525132488713024,-0.012486601796458432,-0.0013291139509878575,-0.00022868225510695828,0.005226217282196042
-0.07155796671222765,-0.0038864430835708627,-0.0030527926207099916,-0.004860206933096529,-0.003580289029951264,-0.005872304030899467
-0.03548337430791937,-0.0028826972861610138,-0.013929165644433627,-0.021584252208698453,0.001051633060658067,-0.019786342735069545
-0.07962322984600494,0.011036130247704634,-0.01475444858897945,-0.006233834390584384,0.006464737151581049,0.0040124376760336455
-0.08744914443213397,0.0006207277144008277,0.0035966715279290374,-0.0028424622084953725,-0.0014070792007402943,0.0020307894503475395
-0.07483996570348031,0.0037733862861915133,-0.000415985741162447,-0.00891813806959706,-0.005457746739786184,-0.0047057345194847925
-0.07833641556832184,-0.005777516980543679,-0.00248740067178754,-0.004373647461740585,-0.0039426942649649814,0.0020370216309602437
-0.07060185204591592,-0.009935997434972425,0.002881078581070676,-0.006415486938487428,-0.0038770188231710104,-0.005491884821951113
-0.07848563628400711,0.0005612629133529182,0.00024278003495963344,-0.0043564819489333865,-0.006723676542318769,-0.0056938728237672384
-0.09003996169475786,-0.0024934244366256156,0.0024523731517586624,0.001311493700334249,-0.0026174414864490354,-0.002925975025272006
-0.07601299030849806,0.0006894300750924376,-0.003932609635104419,-0.006457577799110675,-0.004730006647970852,-0.0040830017818908595
-0.08183411774590081,0.0010137291862540477,0.002534575947712034,0.008009578813350864,0.0058258004078818384,-0.00448951703284067
-0.06822129753811146,-0.01041799754665491,0.0028928672280643906,-0.008200926374997046,-0.004353726742883002,-0.0057061270826759105
-0.06825812336326278,-0.006839114896239829,-0.0012388293357614912,-0.004441575200692538,-0.008959285411162607,-0.0027268193101330565
-0.06842031977504973,-0.006106484870945557,0.000816648842178331,-0.011730952826986893,-0.001032753103359559,-0.005888558632088016
-0.0794636620701154,-0.003863787364646811,-0.0046113773453633706,-0.004466074466922255,-0.0013606972079049963,0.0018218507472689783
-0.07625688302258404,0.0030991942502602665,-0.003372946631617221,-0.006698828807676194,-0.007003747093174574,-0.004343574124239971
-0.07426529707321043,-0.004670273725437432,-0.0011404393175195476,-0.004467323099089793,-0.005067050232718954,-0.002031061116813449
-0.087265652932944,0.0012660887788436056,-0.005178419773112157,0.004193879937581957,0.0017795610406042296,-0.00564338235937778
-0.09597671102913312,-0.0018493388543570622,0.003979572079291632,0.0019056198741026352,0.0007676317816346914,-0.0030470592081447917
-0.06650973379982827,-0.00600308562156364,-0.0021392493497814215,-0.008076024552895326,-0.005261550804183226,-0.004788017212179028
-0.08475224705700217,0.0010615388384193293,-0.001425333388201429,-0.0054510884043944855,-0.0011848319523887559,0.0012468838910089546
-0.08798522585347023,-0.003268607567220483,0.0032710028080801317,-0.006043422507035044,-0.0010069684768334926,0.0013242875632238622
-0.08117089430607047,-0.008151155369129052,0.004171185600282866,-0.0009660128646526752,0.0034698197176257126,-0.0008634309065881949
-0.07382984593167527,-0.006046377465710887,0.0011783091839673238,-0.007857149436616626,-0.00463144954577274,-0.0011221624148364414
-0.09190534255328814,0.003690543452584214,0.0018696732830618015,-0.006247456099685379,-0.0003347705008408918,-0.0006829108489592603
-0.08579839050051645,0.0006813791217295925,0.0007022766510836249,0.005368951341802986,0.001493496633695607,-0.010257612926874845
-0.08058374301699628,-0.0005048567093214309,0.0032226035217982002,-0.00996061605888753,-0.0018456801055476346,-0.004601320704297969
-0.08224066079555006,-0.00027805622393745896,-0.0030468239869880483,-0.008426211831413826,-0.002370629204147159,0.0020539046164609683
-0.059273162226371245,-0.0004999714344197522,0.005479730630678565,0.0043297848201854,-0.010255316636546528,-0.030231151878984303
-0.0878628128834626,0.025338592625187017,0.012046735302953322,0.017387427726293456,0.02664726601356309,0.02250030506022754
-0.0007074914851480796,0.010088565076098805,0.014803695779881793,-0.009856746103496178,0.011496592737944141,-0.023232272175509317
-0.08870329437909444,0.011765375871921393,-0.0023919452748593323,-0.004607912472628343,-0.006208975870118988,-0.0018560754122984354
-0.06053400083868835,-0.005752518553404388,-0.011215728571231313,-0.0013685538783717477,-0.00514122016744963,-0.0055556037505417296
0.42878613803351184,0.05985269168490512,-0.041923449601636784,-0.028227496196677998,0.05516539718278988,0.02404248050593778
-0.0689631350628248,-0.004792155435670109,0.0013499566162219008,-0.014733424695453218,0.000422668267848552,-0.0028862916805023177
-0.07498629408542909,-0.004750876628545977,-0.00400376923836545,-0.005212385277442755,0.002130946820592857,-0.0031230179028345867
-0.07991872303856264,0.0068375161467476,-0.0213568390822389,0.018695500082757385,0.005760588622881881,0.007328404794780857
-0.010012868908339391,-0.007896572390066553,0.014741177407798161,0.02209238934000635,-0.0028235937236279138,-0.012345704354037833
-0.07759929375946364,-0.0031035656530210504,0.010248137507357128,0.00012586909569318045,0.011388842679285333,0.0018284000653984328
-0.0713383691487377,-0.004858203366735001,-0.008950737594176724,0.013667640821169766,0.005354420930593483,-0.025105670263136357
0.6968972653444031,0.1789321174240107,0.21717561055685863,0.03438329763965525,0.05006595407752125,0.05547086964369256
-0.07445331236412805,-0.007689570789476259,0.0003973777300604109,-0.012091510073804568,-0.0004559933380438495,-0.0003176737117254814
-0.06962491271759445,0.006321393029311169,0.015660388294615395,0.012061902978894676,0.03629541596638371,0.008085896480398513
0.01072228628461827,0.003315201208241633,0.012761561058835639,0.013537751586665132,0.0034368169646476626,0.008488729389591141
-0.0840813315952597,0.00317945041243733,-0.0031612466115252167,0.004168214478219531,0.0054707276178603955,-0.0026202966460076153
-0.039903974492732176,0.011757671242944648,0.0016995814567646332,-0.002923811831944147,-0.0071677715419704805,-0.03253828105980828
-0.08046510182199845,-0.0006736412297502561,0.0036008001041823155,-0.010360698493368613,-0.0019312626725741075,-0.004456195705093343
-0.07105309789120011,-0.005453492885290816,-0.003388594263797426,-0.0073669606876370156,-0.0011300640723485144,-0.005337994884311529
-0.08264288071496016,-0.00044403255555211263,-0.003823916618191784,0.0005757911189793331,-0.002653169116879676,-0.005395149070440028
-0.05119288101285529,-0.0038892138945610965,0.005746751254800979,-0.00859031302149701,0.004039019061713573,-0.0014608866468215226
0.7261224213448876,0.1966817122841316,0.2262406752825276,0.028019769947366595,0.10145415847917488,0.0807517035256314
-0.07567820665139349,-0.0026027947616888425,-0.00795768282131112,0.00874699415195982,0.0027666868956167843,0.0033944882761619863
-0.08010562235630508,0.005443993521150831,0.001348493562090142,-0.0011359969702326826,0.006519240541011128,0.004454227436804246
0.45509638171889083,0.009498056970464049,0.08926140011394366,0.04514705750899007,0.08188766868381178,0.07085514029857491
0.4684327458965599,0.037329007282873736,0.0639682465499065,-0.04273535987167687,0.006511353430569611,-0.00033874394025023826
-0.07605754821856772,0.0018100954897031073,-0.00975040534956789,-0.005390959274828878,-0.0009540677484613168,-0.004075945123259066
-0.07366368713544025,0.0011555172734998087,0.0038718290564661597,-0.0025757357796583292,0.003244322361691016,0.0048890435505430565
0.3232849975121735,-0.021260857771111006,0.04550595280599134,-0.02721512517191496,-0.038660575688979196,0.0028923738515048607
-0.06317959350108572,-0.00562042041256329,0.0052164137429810175,0.0020525659023731143,-0.0015117841376813168,0.0023894756012169936
0.6833590115562279,0.012148683127525263,-0.11415746662983732,0.20086699650110137,0.013193532797623652,0.0063678786146488505
-0.07533987016031271,-0.0064675035315379815,0.0030963508183808755,-0.006463287244921625,-0.0033097190195715233,-0.004683152771733764
-0.0646078701802658,-0.004978621645813632,0.0033959154533155533,0.0008721765019907634,-0.0039949011241079595,-0.0017160839027410679
-0.07126498585078633,0.0012025045757443403,0.0012855543101217208,-0.00300597728453524,0.0029632179808821166,0.004498499285954905
-0.0668895145416909,-0.004654470905756126,-0.007722037454703274,-0.007832689987160054,-0.003112102802933131,-0.004264563099201199
-0.13260915549979954,-0.0009812008066942865,0.0029370851091669306,0.040038204046979754,-0.0018072942228620087,-0.0009621964320736639
0.4104415739104052,0.00917189615978588,-0.07235326744190534,-0.0351966707521166,-0.018430760535806372,-0.014222525820821716
-0.06720512836303268,-0.00718436140312069,0.0005161618983115494,-0.007328835878307168,-0.004755433109792333,-0.0053754864493866334
-0.10420700883316353,0.01817770326760029,0.008240570903199691,-0.00515896961843604,-0.0052329192239904555,-0.0029466825565201984
0.22653539457617328,-0.12213878616423114,-0.019597559820653254,-0.0831675015522124,-0.01156869272544668,-0.03007726829092497
-0.09340649670158155,0.001030311933086613,0.005366502917762887,-0.00209253575706932,-0.0009177086238386614,0.002907385529369895
-0.06720512836303268,-0.00718436140312069,0.0005161618983115494,-0.007328835878307168,-0.004755433109792333,-0.0053754864493866334
-0.06808347350935821,-0.007364995437216281,-0.009506634884584567,-0.00534617290501924,0.001132551900523773,-0.003939141911707271
0.08808768067960694,-0.04047999156315162,0.0018231231456953152,-0.0757363784959374,-0.00603869939297606,-0.05208411624530895
-0.11911852621997733,-0.004233419601337566,0.001945159515837308,0.03623208580196773,-0.004038159053642137,-0.00393226709466009
-0.09075348163644746,-9.591720355330486e-05,-0.012725131891667232,0.003793345831368842,0.0025922216825362116,0.003912385187652792
-0.07476523443556264,0.0037904033876622533,-0.00025204038992681385,-0.009032859277184531,-0.005451345983759257,-0.004596356795229668
-0.08926269425114992,-0.00020887471930683041,-0.0014151090684051404,0.003321461833792886,-0.0012675528876002577,-0.0027915033111113414
0.23261657205078565,0.006337901734562052,-0.11794790495242846,-0.05742883655474162,-0.02100701751568291,-0.03379770245621169
0.25553404488041226,0.013887127931930466,-0.09880154312129179,-0.04141883312760413,0.035133053959452876,0.0075866144239936815
-0.02828830551451869,0.00046961432464706626,-0.03707924088613353,0.010174679603543806,-0.004068075267435067,-0.013039450516966684
-0.07613071376033698,0.0010297564946676835,-0.0021037575602557996,-0.007096657104909695,-0.004923546406190164,-0.005273690234147816
-0.07502168246941415,-0.004354833593919724,0.0008788190903687673,-0.006994403580557866,-0.0032206765017898965,-0.0047646393200725615
-0.07175404497038466,0.0012830503607938549,-0.03325369558539797,0.030065685174969645,0.0282132850703313,0.00545246032851735
-0.08064228533231697,0.004767813110443381,-0.002236438127402415,-0.0035406692392568662,-0.007061910401731041,-0.003849519883540968
0.24960279019984632,0.007441088594138691,-0.08679353691406341,-0.044669743374221846,-0.033295392234067585,-0.06523123741115378
-0.0837972544266085,0.0003996745635732814,-0.000686496187930264,0.006216911630120544,0.0014391841518810971,-0.01104304445105677
0.24662139612294512,0.10124735160739577,0.017691325345020863,0.00908452018034336,0.00961050336508317,0.031730742384563866
-0.06737727860261193,-0.010039457651187836,-0.0007235863074357947,-0.006498090541476651,-0.004650396120681448,-0.004982806932487846
0.012646814539485369,-0.005463916228661755,0.004294029680756821,-0.007152344463229641,0.001594447304742259,0.019917564301698467
-0.0840813315952597,0.00317945041243733,-0.0031612466115252167,0.004168214478219531,0.0054707276178603955,-0.0026202966460076153
-0.07886336919934137,-0.0038645369950049647,0.0036389004984782648,-0.005125425145321363,-0.0003674392031277238,-0.00776308084361779
-0.07900009156736848,-0.0005423680581031819,0.0014728210927926364,0.009172117502952387,0.00600782934020629,-0.004789346965083766
-0.1044234024561226,0.02598301240990457,0.005232589779283705,0.004496258350168416,-0.0008099282695683694,0.0080855080273851
-0.0824360845665602,0.0049130388755963955,0.0009758723921408257,-0.006083318405217583,-0.0023693901837532733,-0.002516182465871064
-0.07598205936429063,0.00039524501811480866,-0.004986422822149042,-0.0040409707667222634,-0.0030528140092755023,-0.006694053668594395
-0.0837297465589262,-0.0004623669387887573,0.002866128498840901,-0.005165049373152288,-0.0004473012225038916,-0.0036188421142040092
-0.06850524806701586,-0.0004467859271988173,-0.008913573351391894,-0.009555635030892993,-0.0010374097747780115,-0.005801655931386841
-0.07550301632264105,-0.0068123011438139544,-0.0011752287003536541,-0.007452254061170148,-0.0040945028890267635,0.0008242640470494904
-0.07307019730687056,-0.007135248458668913,-0.01035045744155285,-0.003959860340783432,-0.005262574401966995,0.005379303697342875
-0.07532956469546298,-0.006533787171137883,0.002161081569018833,-0.012427761072531414,0.0002790648785336404,-0.0027825255278264233
-0.0907896294680488,0.002704872169222299,0.004825229239542788,-0.0036631084065801445,-0.002978245322510437,-0.004550601439741547
-0.0728917072875831,-0.0010314070146052758,-0.00401885436122781,-0.010475911426826667,-0.00112808221886071,-0.004878336109270203
-0.06625638163029274,-0.003393252339694015,-0.008740083859919808,-0.009004044608932506,-0.0004534044808017562,-0.004953292053947551
0.7481764023426203,0.009523563591571785,0.07186235882856333,0.359255500255052,-0.006472763677125573,-0.006513403191218105
-0.08034641851331048,-0.005760859672663891,0.0015004108273838472,-0.006634402348385051,-0.0007625947660682632,-0.0025515826219759665
-0.08247588960502847,0.005953852195738794,0.008862930127888215,0.011299385767205353,-0.011037287871823162,0.003958974643308985
0.7410095524517383,-0.0009687454254893009,0.054674611985049866,0.3070274439307549,-0.00355612153357788,-0.0009752243679031271
2.5565220467422805,-0.029185178890146962,0.0015281450624808938,-0.07917083180074,-0.028204998650872743,-0.0621760919926333
-0.07819171999108276,-0.007709454620743586,-0.0011372593998506492,-0.005325825510927187,0.00043092749639503483,-0.0012019961972730825
-0.07607689172668194,-0.0033679380759989116,-0.002860872192239266,-0.0007799401618517808,-0.005002925922063464,-0.004111629917621603
-0.069168300289052,-0.006509090548691772,0.00010969496326876689,-0.00892075495665996,0.00035717584457703856,-0.006484703504162597
-0.07460501762693851,-0.008968870813474783,0.0018504501951205942,-0.011171963905858702,-0.0010949068138902311,-0.0005735570659900597
-0.0743376867044255,-0.006662240234206281,0.0031107595066489904,-0.007190113816581607,-0.0009665518104677224,-0.0028380477722757657
-0.07105683734787756,-0.006139230849890287,-0.0028823178730079486,-0.006428769479309459,-0.002032325926832204,-0.006047012299418095
-0.08387728317925758,0.0005826978684995303,0.0103298718363343,0.03236059919588265,-0.0007364363642908806,-0.028305404008834176
-0.07786658033164348,0.0047998992058631,0.004738149212064573,-0.0016134481531288975,0.0051390872729461645,-0.004033209377295272
0.23452198959254586,0.0141232257418934,-0.09055167753802425,-0.058477996430000234,-0.019772430707130726,-0.026314914948266436
0.400309121898129,0.04229348938481173,-0.1269716015384863,-0.031991856357033575,0.05811143755911039,0.013621269603963716
-0.0743424624602944,0.0022355568972138077,0.005742631479619963,-0.013683475012941057,-0.003603077065725725,-0.007500095526394234
-0.07921646333833203,-0.007978254973735851,0.004652282382404568,-0.004044057890086989,-0.00170479040391991,-0.005179327163301863
-0.09395025157406664,0.003981260244591438,0.00506431985439242,-0.0023327151038012623,-0.003190385311122742,-0.001978227219062032
-0.06866107897541186,-0.006905959750717104,0.0012860355224540419,-0.00881314057798421,0.0003459290904538135,-0.006851571822895258
-0.08534903853958731,-0.0005071403510165163,0.002063548844019474,-0.002526468101920105,-0.00040044255988611917,0.0010362754048292792
-0.10670361390127614,0.018668844806786867,0.003878100357654,-0.002344434369334879,-0.006553492534400282,0.0035545999730381608
-0.09290588442168975,-0.004198531859448889,0.0058074275854405905,-0.006136275987549101,-0.00030675184295537593,0.0032012962393768345
-0.0960316395807049,0.009289679924211454,-0.0004220354399447315,-0.007536365844554819,-0.0003453754013928516,0.0011627011607766313
-0.08706781294483723,0.005606697532089786,0.0011299879895570314,-0.0026398081159650045,0.00600610744700139,-0.0029691207773464615
-0.08549222780493698,0.00020609509018186924,0.0027991194040921027,0.0020409138443433592,-0.014110553653551313,0.0028898652666939427
-0.0660383824002735,-0.003324968326500048,-0.00972047312220373,-0.006136686995068499,-0.0011038847426949046,-0.001246989424822577
-0.07963465285294313,-0.004131581573010729,0.004920724807574693,-0.006188308308553274,-0.004242970010214972,-0.0031535682095594824
-0.06798084198022761,-0.005080540648765545,-0.007563801061599957,-0.004864038213920828,-0.0009580035550752543,-0.002646301321418513
-0.09190900527150521,0.0038762193238170194,0.00131747807237968,-0.002419488397196976,-0.00414236630848696,-0.0008530916117805527
-0.06751324359780997,-0.009957135445939144,0.00301835657957402,-0.008159937339627235,-0.004231330594343698,-0.006145330177375282
-0.051427477246879134,-0.0044943097426598366,-0.011929844033474938,-0.0025887942376454165,-0.009834856166808367,-0.005154851213234229
-0.079397537509151,-0.007273588122406008,0.0040817345803349815,-0.0051813743150694635,3.2279773397528054e-05,-0.005866133661157017
-0.08166099991851426,0.008024167755089419,-0.005995108363319241,0.005686903878378978,-0.015194146546024903,-0.005283399161708701
-0.08043472088175607,-0.002154233851353643,0.0010221655574577141,-0.008789947218442458,0.0005569895523576336,-0.003984966377278467
-0.0810356820821291,-0.0070121465064867305,-0.0013049113505106368,-0.002790344632810776,-0.0037471398206303623,0.002327675984715079
-0.10037684070132231,0.004390835989535434,0.003960733590219693,0.0017872808252485742,-0.001720977940306167,-0.002356728138060372
-0.07615312922564237,0.0006863748669259128,-0.008761544627160106,-0.002737521948937913,0.00042664868641741337,0.0013504404277650173
0.2770785802345046,-0.04216298120522297,-0.07024462257085617,-0.0455367311743622,-0.05394649641366692,-0.03786280876308169
-0.09114166909520202,-0.003164021420855376,0.004829677163199157,-0.005737869440020978,-0.0011760569889317962,0.0021094400184346962
-0.07546525908155235,-0.007127872503658148,0.0010986031875662547,-0.006071134072022218,-0.004120215597096038,-0.0017204006751478848
-0.062216708525195556,0.016811149803145593,-0.015096570442796161,0.04550573004215346,0.09052481086314547,0.011012496787087184
-0.08945925648816151,0.0034959429437220304,0.005232292483331575,-0.002707442320676683,-0.0010116970402642685,-2.23261923145313e-08
-0.07794462446859635,0.006424577664279494,-0.011445816205180431,-0.000893207315930695,0.0029667895432935595,-0.0021306984642977087
-0.07270125739385457,-0.006975530913440469,0.0029435535731313894,-0.006852618307566992,-0.005594717209609424,-0.005211086691081456
-0.06629727617193618,-0.004362694494272585,-0.0029595791091340134,-0.0072991323848038215,-0.005298086885946949,-0.0057404161062157896
-0.07029739928481664,0.0011012894754600564,-0.006574941213922072,0.0038429451155988724,0.02209488843109515,0.001507000810461832
-0.08420415696908104,0.001502468186252348,0.0008141339805029434,-0.004441763990493824,-0.0018352521223946787,-0.005763019653588494
0.11732393945391205,-0.0452432943537718,-0.025629554127226523,-0.046308606145860055,-0.031246477101587736,-0.03541249078203462
-0.08207960847451491,-0.0063104606168372735,0.0016588586929044784,-0.00495437161831414,-0.0031668228334026717,0.002089899838913498
-0.08561399987023975,-0.0045833503450989155,0.003792120343042346,0.005933767008086384,-0.00271047405094668,-0.0022645899974492382
-0.09458790718812665,0.014414776119252128,0.0032605190815837236,-0.008252830648011905,-0.0007526586773052327,-0.007254408721056287
-0.06710786944465058,-0.0036936939783820282,-0.009690187254183073,-0.006521647015555879,-0.003249522118803943,-0.002947473764429445
-0.08166022299715915,0.0019241303870210396,-0.001945074161249144,-0.006837348167895677,-0.001635875674632205,-0.00428550500569298
-0.0824730231782582,0.0014486998302796672,0.00037805636236033617,-0.006494923627116051,-0.0021085705545971713,-0.004748034954423561
-0.01226364904707526,0.0025136712262744765,-0.023754289585689963,0.007965603764037644,0.0016717101292935766,-0.004862580744363093
-0.07894641354329605,-0.008413001732601108,0.004397242251084261,-0.006917628298187104,-0.0044815883106962065,0.0009186787987460353
-0.08449980711043073,0.002632519217836663,-0.0002785897802857723,-0.0012870358924796323,-0.0010038442966915557,-0.008166588843407393
-0.09035989437202711,0.0008786373050186422,0.0015752885210448555,-0.007616865836069631,-0.0027633987143398557,0.005455247959468308
-0.06428508480736754,0.0012934212768375018,0.004149049653141815,-0.002890939618766383,0.007781435604896211,-0.002613218303883233
-0.08876799958320743,0.0008984649766236274,-0.001253144527876136,0.0009014954114795774,-0.003977990993131251,-0.002060506602258217
-0.13381725886415496,4.793024235119357e-05,0.001225132492846926,0.04163898635451034,-0.001566512122727026,-0.0009255328297946694
-0.10019144065578435,0.002607717637623234,0.0033945654525996227,0.002455208679146939,-0.002530756075570165,0.0025546682137671836
-0.07611861382292343,0.0014768306766939647,-0.009575031080889066,-0.0069561677502561784,-0.0039001188982960796,0.0010458366883291542
-0.07467024300794359,-0.0077645317943911074,0.003229882571121554,-0.006950248469986979,-0.004820047018074616,-0.0010724677983482958
-0.07312466616701378,-0.002759396298277297,-0.002147849199285684,-0.002680942729163368,0.007234298907447676,-0.000803362806134018
-0.0727592618062739,0.004942130704324658,-0.006800076329994749,-0.0018212141897832655,0.005335108837425873,0.0033463066845692163
-0.04654500033490041,-0.0014397032682061859,-0.00949765808839528,-0.01834400822686714,0.0010669195511432503,-0.016873262776334986
-0.07603878550791086,0.0002479534555320705,-0.0017931394585015625,-0.004339185048834456,-0.006601893454287975,-0.00598799702959422
-0.08062845973706113,-0.005818806508206727,-0.0006657898747300184,-0.004228699083030444,-0.003957730473855079,0.0016896310126977118
-0.06844179049770951,-0.005221132369290784,-0.011281490527215002,-0.007493933224657567,0.0009641206703868734,-0.0025834271974343927
-0.08099985430363571,-0.0029647371961455007,-0.00042308019282663665,-0.003474283396167681,-0.0039511031465542315,-4.365712011368233e-05
-0.0724525578835866,-0.0030030509414401903,-0.007843946581622605,-0.004504188442205563,-0.0027323982628779577,-0.004001629895085933
0.010330589039813702,0.011942959691029514,0.01879561214438498,0.017626663758947853,0.01009617725783159,0.0020959981337551185
-0.08976419148552639,0.01612471822145595,-0.00378582259400503,0.002856088559983391,0.017012137621843434,0.008639060193286098
-0.08115492408740439,0.0018633175214794937,-0.0017189623963425394,-0.006416134642364914,0.0032927948361178125,0.0025766891435738226
-0.06474500246504696,0.00037967861602534027,0.006270941117771038,-0.002854990122772746,0.00509801168394513,-0.0036365646681731424
-0.08142447121894154,-0.006285582763888983,0.003151382226502033,-0.0025347676905657433,-0.004203153045752828,-0.002627518172784062
-0.07508004530945063,0.0023314794657786535,-0.0003104958529930278,-0.0069558476772531444,-0.007505536098487289,-0.0058936041366812915
-0.07118596744013923,0.0006478876765818925,-0.014358263397096772,-0.005573049609751836,0.000649593069810862,0.0028151385354516886
-0.08110388949337577,0.0017773386167627477,0.000521838574357917,-0.004877278097536001,-0.004286378497692729,-0.005453137712299665
-0.08082879922450877,0.005514254448140913,-0.027357889527274578,0.013041435290200928,0.004931361975889903,0.005141446711032889
-0.08211435196557842,-0.005913674675569911,0.0038458549077646067,-0.001401282740443444,-0.0070207089196646175,-0.0009965936458660508
-0.08535572081044467,-0.0005773916201183862,-0.012341737931589753,0.011337862350212873,0.0030923535666304053,-0.005991451392584852
-0.053317054235212775,0.03012944767147256,0.04217804056355726,0.07303955699292308,0.12278709747072644,0.016713424600740937
-0.08502758932666205,-0.0028585039396139627,-0.0009705082172746541,0.004799459775609219,-0.002540009692788557,-0.006752495596237068
-0.07769278066324468,0.004538787056466772,-0.0006038118844791473,-0.010144228396753602,0.0029426838982382396,-0.004059683297775845
-0.08020780296729091,0.009505360652911373,-0.011477855561022042,0.0023316800353786068,-0.00967747725602929,-0.004598872484920564
0.2616397221162052,-0.03351155446765828,-0.021099156350249504,-0.050470231188789585,-0.009568826923679804,0.0008990732104357049
-0.07652930578571854,0.0007070055928454403,-0.009533762231247902,-0.0042249025877365955,-0.00039660834881668274,0.0017596013382357998
-0.07382275789872525,-0.00823244691985983,0.002339932772265279,-0.007648547462991699,-0.0035009196650232647,-0.0032289894700226977
-0.07637489765216075,0.0011879493707374694,-0.00339436636497524,-0.006689005150623929,-0.0039813628049088275,-0.0050160446957411686
-0.06983654190920327,0.008400718841702645,0.004139497093197975,-0.002576513871688194,0.007405338946335338,-0.004773583762306586
0.2770785802345046,-0.04216298120522297,-0.07024462257085617,-0.0455367311743622,-0.05394649641366692,-0.03786280876308169
0.7765395146844111,0.0015620360902951745,0.1209395684650071,0.5281435280022508,0.005688198531547605,0.022158902892698992
-0.08661199797655024,0.014737422410163367,-0.010327384128779909,0.004149396016004137,0.0003456641954895444,0.007761489264488858
-0.09463312240099551,0.0008620023044172165,0.003972285318342043,-0.006590631289931575,-0.0018812366278421777,0.004290949903987734
-0.08300211866627974,-0.0066296005217016596,0.005191978102175707,0.02052713518193704,0.00475598970401095,-0.026337037003095972
-0.09230955445874246,-0.004255281552363288,0.004609130614987688,-0.004039207517589472,-0.0011876779538273117,0.0027441452794788185
-0.08060091530295811,-0.0009907665398073376,0.0023531861335074475,-0.00694600195204449,-0.003889679383090452,-0.002237825214791232
-0.09310777535619141,0.00038856948918838496,0.0052261842140451644,-0.0027367530670514523,0.0016749050094678449,0.0013591896723841458
-0.08572419711398675,0.0020617078231496733,0.0032153328514072594,-0.0020723844952858493,-0.004846262935301355,-0.004717288096785697
-0.06970743197460268,-0.0065465967054054355,-0.001284458334257929,-0.009780071467861457,0.001459736240197239,-0.0023037567544774095
-0.06232858324278391,0.020596435978411456,0.019109898663143013,-0.0025402393313329543,0.003299600026885478,0.014497374647716348
-0.00881090101106308,0.008248640132846836,0.02562392439333684,0.030232471778637734,-0.0005648951742271653,-0.0005554713362252871
-0.06223625146710435,-0.004126210925642414,0.005757934696977236,0.0037344552204231327,-0.0023741499280392135,0.0004064084829856935
-0.07366851570167897,-0.004136946033114272,-0.0015641000966148907,-0.003976986265989347,-0.0037142110907214835,-0.006096737084120631
-0.07186286986357017,-0.0073686663440944745,-0.0012935190334734065,-0.007548395383309686,-0.007469199307109714,0.0009360111644759456
-0.09088809247810165,0.0019596425442882956,0.004464810132195297,-0.006476317792474017,0.0010871854310245206,0.0018651597158921764
-0.07879455926476975,0.0006680533954982667,-0.001871324687075798,-0.006092338127980939,-0.004504801626340111,-0.0039509753564472535
-0.08640613607846702,0.006093590352388382,-0.004589828319495487,-0.007381788529404561,0.0070383265981982775,0.005632605310513886
-0.07041089345436954,-0.004697733216380271,-0.007917623929441397,-0.006593009973005337,-0.0037653165096043495,-0.0008033195666117836
-0.07256046027863199,-0.00620393884873783,-0.006629169696271348,-0.007285805150326958,0.0008921196522054729,-0.002458495473463539
-0.0855405412329272,0.005157337694255102,0.00044372526037640876,-0.0067043865642340845,-0.00539494069644107,-0.0021301912025315653
-0.07556210142479045,-0.000894851572842191,-0.0017239016159807052,-0.0063138430041819165,-0.005325453321627157,-0.004472521704618326
-0.0653555818271497,-0.002736567912558414,0.009094040648430187,-0.0020447541468934702,0.012052490655387296,-0.0005876279167937339
-0.08420687782245714,-0.0038662762571177746,-0.00035843559622068116,0.00027062146092253644,-0.0030439953470697695,-0.0024668480389882295
-0.08284824795677416,0.0001220395906124964,0.002194307534702425,-0.003759846805889272,-0.005272796320089197,-0.0032063362661010355
-0.08218803681637232,0.0018183931471969905,-0.005339531550464196,-0.0022937652299867416,0.006973439561386817,0.0064559864663202415
-0.09860664595085006,0.011189291691331496,-0.00010544415492675319,-0.0013718063238056292,-0.006718787440286001,0.003933200182970779
-0.07391608328700536,-0.00247576599683221,-0.009431062208237894,-0.0032713332407869416,-0.000705711628560951,-0.002173767399809881
0.060693402460401655,-0.04970092898330262,-0.03673387989709588,-0.023738867429400217,-0.020500849842578682,-0.0019777544432241206
-0.08756979513648493,0.00013931468476471114,0.003737819321046642,-0.0028632641231223837,-0.0016996930470778457,0.0019527729227616654
0.41255256357311937,0.06452190129583868,0.11674546689445293,-0.02773637007094514,-0.019662689304925866,0.00039065961692464414
-0.06870057320856571,-0.005893875253269718,-0.006870753907149799,-0.009806161336074091,0.0015934265939545425,-0.0031266780742531335
-0.05295511860252691,-0.0010641926196271684,0.005606638511454096,-0.012552824830313697,-0.00392943375047682,-0.028170216015293802
-0.08047791037971437,-0.004748499444470316,0.0027413610949260842,-0.004430440568898021,-0.005233996965004075,-0.001417251995099436
-0.08563430550109537,0.0012607090395350155,0.003519624583626189,-0.0046619368637371315,-0.0039328704648927525,-0.0018163760081585847
-0.0659524172546386,0.001089025411574698,-0.013531528232997447,0.002244078396507165,0.02082406439990283,0.0015152345017019522
0.27122866979785354,0.009172717720763475,-0.04163889239160856,-0.035315835521700346,-0.033207317354111414,-0.044715674632735465
-0.06524395054460842,-0.0037264636117149506,-0.0093816294020612,-0.009266410551915525,0.0018385661817196114,-0.0027472363267004585
-0.0053358942491296,0.0036902223804358017,-0.012506908640977641,-0.004745427424307199,-9.786858558859082e-05,0.007563408051884819
0.47890655789105774,0.08179694108858486,0.16484935533185657,0.00856052477698198,0.00621124961729311,0.02681758692218523
-0.06786842263992732,-0.007433078764502846,0.0006400209340671214,-0.010169021068545012,0.0017569964218462357,-0.006660241021470165
-0.07047056504513553,0.0006875375797275507,-0.009338657532953187,-0.005251744450109669,-0.005585769193193727,-0.003931040447136554
-0.06604353645739025,-0.0036623747546524316,-0.009882394724371553,-0.006183641480361274,-0.0011800537172743184,-0.001289080123980522
-0.0786312661684434,0.0008441236072717597,-0.0030761048920625216,0.00039894358624365325,0.00029507654726137355,-0.006079760983476625
-0.08649568005237147,0.0031574003097062627,-0.019494295719863816,0.012244828951027256,0.004199841105325381,0.0030275605889799337
-0.13468241725948615,-0.00246997313477247,0.004451891885649327,0.0424761527848367,-0.0020108343303106603,-0.0024186377291680983
-0.06587902092936374,0.010081316120320292,0.01992021385907641,0.0012012735958105017,0.018568526007655992,0.017697123229249552
-0.09655353898774918,0.007380039744051784,0.0004432737890608032,-0.0017671848781322967,0.00176269225771059,-0.005092802353187319
-0.08052675928887698,0.0030973457609778056,-0.0045875803908652256,-0.006058624422073973,-0.0017390011683138386,-0.0035005580404993616
0.8180808700349752,0.014174645894457032,0.05904840342380442,0.31445955664665487,0.006893810434216852,0.006981345568232325
-0.05076952637056546,-0.001237235338091451,-0.0051860325870754466,-0.01097805900507669,-0.0018592298512562055,-0.02426565786248068
0.20793918192883384,-0.07123383560515897,-0.006880599948239375,-0.06837949432649168,-0.02440098059734466,-0.015970929291531565
-0.0764294732831919,-0.004303659133381995,-0.0027545983547974384,-0.0023711349884402775,-0.006362624919076939,-0.0015270370512782206
-0.07561724204920939,-0.007056020361146092,0.003595253894836903,-0.008083078717027058,-0.0010495305243794272,-0.004674324241784197
-0.08399550399391129,-0.00075180248602032,0.0036102074477357966,-0.005804291071878177,7.942246161921446e-05,-0.0051152577333870314
0.03782609782185107,0.005056969412030718,-0.04639350506706741,-0.009837499881297196,-0.0028319868371777124,0.02765416191338755
-0.06573503711760387,-0.008342578633869934,-0.0031944375610633347,-0.008157913436253059,-0.0040920760064588994,-0.004707738724980613
-0.08316813054388995,0.001983667360291128,0.004163655026655072,-0.008139896015288521,-0.003595864211481645,-0.005449578511052047
-0.07776544436577643,-0.004214845283017182,-0.003530753007313988,-0.010656006235204712,0.0017660100429310408,0.001177257526839103
-0.07030269307842171,0.0030466645645808644,0.006361332934468507,0.008549240160294675,0.030232092502930956,0.004735838800538852
-0.09025616439675223,0.004357052005455867,-0.0005723042010074937,-0.006381902674274867,-0.005161430463496594,0.003384003203389422
-0.07590596921481647,-0.006451405068915554,0.00015255339522290945,-0.011244121695397489,0.001051632776623583,2.17892736205039e-06
0.3899366642261022,0.021588930982268568,-0.13020306611847818,-0.04074581553468478,0.031768559453413024,0.0036435910250445526
-0.0744970724230452,0.006608314583103735,-0.008706308123699038,0.002182386422769434,0.0014153216272510204,0.002468175933391992
-0.08709182982189674,0.011231538785454694,-0.004370803458989919,-0.007916239229967802,-0.000543031996857327,-0.005077690011402186
-0.07469551841082518,0.016115925402575712,-0.03053805003437356,0.03748934897662707,0.0704609833032943,0.009360975556054245
0.49551723731176905,0.1436231188435694,0.04614885293735338,0.009394948023424518,0.045579116643667754,0.021080457835649626
-0.10345902141897649,7.732359755054461e-05,-0.00542522787800176,0.033567762362530326,-0.001773050935585484,-0.00282933060945866
-0.08793984318240712,0.0033529342748649183,0.0026144190908614557,0.001338401325537328,0.0024580802544582826,-0.00172379050160964
-0.08329941398547189,-0.008348165675964222,-0.00042003894914551307,-0.002162924293695914,-0.000268408425564173,0.0013276855991496948
-0.06828602954359438,-0.009562980242646535,0.0012936667467070356,-0.008377779483149389,-0.00464133899718115,-0.004722082233971996
-0.08111766930025573,-0.0034631878794398508,-0.0020380980427246445,0.0055829704943244785,-0.002675512457547645,-0.003324614204216397
-0.08123616413968865,-0.0021977432169795106,0.011849369552426443,-0.001019856511271373,0.009912619466704225,0.011388411744383209
-0.07382984593167527,-0.006046377465710887,0.0011783091839673238,-0.007857149436616626,-0.00463144954577274,-0.0011221624148364414
-0.06413860705430008,0.011870755310145807,-0.007615310781916382,-0.002927830644459391,0.00129446766562774,0.00937456420490004
-0.0933590477074157,0.002868129858577171,0.0015137203939693529,-0.006269917148331793,-0.0008562352478618127,0.0022735682063693935
-0.08561033003804865,0.0001676655181530854,0.003792230931788692,-0.005055228479782845,-0.00042232655288540174,-0.003036212200218442
-0.07972158085195172,0.0016339409500401227,-0.009496166583809614,-0.0007065551722156124,-0.002159273857629904,0.000706072375556472
-0.07698047002108692,-0.003158747929499207,-0.002654335020475251,-0.006489655860128993,-0.003429775297528387,-0.0017703204550178378
-0.12221894973085622,0.0013449184965801234,0.001664780669082099,0.029491988656243865,-0.0006142551062333363,-0.004002569416901758
-0.1231346799207157,0.005712620758471889,0.0008807746701366615,0.03856111184221834,0.0009416614499132623,-0.0019495536460154715
-0.08716376798911876,-0.00328808899664891,0.001413405882343345,0.0012422893235824277,-0.004129943969266893,-0.002561724605895185
0.1416174152134124,-0.0006623092925208926,0.0041895954007067715,0.0434251846429599,0.022792525642435137,0.10082646399921057
-0.0988318470669282,0.012097518091452831,0.0018256418252653793,0.009997511375750986,-0.0015853358310433101,0.012759838800013822
-0.08398435566234035,0.0017607307562511896,0.0013091325737729718,-0.005949744528757989,-0.0010460412342018952,-0.006450774611382555
-0.08188431325514475,-0.006880794174876597,-0.001502451138969161,0.006475687971770459,-0.0010570039589735609,-0.008433525044857313
-0.08590777196843763,0.0014216089046795294,-0.003768748269733099,-0.002754087923385537,-0.001841896321135819,-0.0015365716193548608
-0.0769245213699667,0.001297659944419043,-0.003334046929747755,-0.006808017666917473,-0.003989346985445907,-0.004598969080337977
-0.07199321980665062,-0.010193612674909187,0.0037849846922117514,-0.005844552849219931,-0.003559048836208407,-0.005398311767486185
-0.08821590850310124,0.00525821365366049,0.006117076907518018,-0.002630592965203223,0.0038983610415701795,0.0038151136691247467
-0.08986144790779796,0.004584668327630907,0.00019640805330227158,-0.006684357195273899,-0.0042349370784285955,0.0016083463002025632
-0.07624534483516708,-0.0074194769898283325,0.0012291220011197814,-0.010008573930947569,0.0002956277016769612,-0.0005969697089094441
0.2889159241452253,-0.04919318479817137,0.01979624315435007,-0.06070375310914928,-0.042500431198526055,-0.0065556901853350905
-0.031649188764564656,-0.010231826004678195,-0.005545620197323433,0.0008637510422412639,-0.020582993527436526,-0.021648124532245263
0.6300917260525181,0.030734430628188782,0.08137206353337154,0.435148286233092,0.0008785617864888719,0.037964383109292475
-0.08672707218941457,0.001741456673404963,0.0025578765845556276,-0.008618792590228167,-0.0011170934957391249,-0.0022190459401894807
-0.07103456497374272,0.013663770453052846,-0.015444430801981664,-0.004522155922040432,0.013424736012589417,0.020311235191342543
-0.08823017045897959,0.00055528273040892,-0.006049316898791162,0.005723595729087505,-0.00056488021573164,0.008118200154814167
0.2300722010446191,-0.024973478032803823,-0.01502899711388563,-0.06266415655819382,-0.02567931230234191,-0.04906713930539483
-0.08963267376388752,0.0014187022095564828,0.0009615692652019435,0.0017687401558130322,-0.003109656304026945,-0.005914886783251691
-0.05178528465005102,-0.009761526316987552,-0.0029434796654326176,0.005721682576103996,-0.015066650904218945,-0.010681142772435042
-0.11015144521102668,0.01653269744324725,0.007436124979339272,-0.005560298128264189,-0.0057277132320314094,0.003762275909856517
-0.06074282372279984,0.019272730680265596,0.01803965944098964,-0.002231472891525983,0.003281712404459714,0.014686374232061324
-0.0833216720176438,0.0021381814878216206,-0.00015354358564769927,-0.00245458777473692,-0.0008218379356373921,0.003948346057627542
0.47520302679019505,0.0643919962017378,0.023714036913808495,-0.014595145338344762,0.08256016141163199,0.022400090984448767
-0.07033286208345836,-0.005658518364440307,-0.002214263302715423,-0.007021126101521051,-0.004706824143639835,-0.004568371976450952
-0.07530982037214456,0.0024192316812638856,-0.00914524201600489,-0.010046053166964433,-4.913422843692041e-05,-0.0019747492026115105
-0.0823469619545355,-0.0024341474680958336,0.005777470561628836,0.010959201971212532,0.005131562419245994,0.006508913635120907
0.4548867442344158,0.030701140254745487,0.05255935729123171,-0.03308076944588251,0.01486901958690362,-0.005263836006057762
0.39461389870354624,0.13511983764566432,-0.06926879946061683,-0.025486979436979897,-0.006240176249059627,0.01018235774219101
-0.08901744725225985,-0.0018696346492212102,0.00512679868593971,-0.005946821538642172,-0.0006763315244550909,-0.0016163320405388076
0.2579935646214867,0.007317954032445237,-0.059785922410065716,-0.03926442577697075,-0.03229051724801481,-0.055313893952149126
-0.08344373061318786,-0.002175456726028902,0.0018146389463679891,-0.003454255673824547,-0.00017240642927237115,0.002935423244972787
-0.08076467778952799,-0.006274408168368898,0.00356035616753642,-0.004466037352421351,-0.006849262540818686,0.0008565461657738901
-0.08862577731217326,0.0010113155276345019,-0.003646073431939745,0.0037670820496540397,0.0017696909732310164,-0.00541885845536958
-0.0765536220371814,-0.004072827658446585,0.0004092688923394969,-0.004468603378666146,-0.005872149818534567,-0.002351384533050489
0.08579860628517683,-0.051370147807873696,0.014287130768705062,-0.06987579717450039,-0.0113759132459708,-0.0569459038286131
-0.08341910314618507,0.0021727355061524054,-0.0007093660411044485,-0.005378587087962647,-0.004089139893149554,-0.002717836662783623
-0.07924726662259718,-0.004471369752535375,-0.006477266170640914,0.005121543508497732,-0.0007278511918102983,-0.006701145920253726
-0.03735389777109023,0.00017481192406338034,-0.003534843001152006,-0.014183118456088332,-0.002974091617574747,-0.02648671302623978
-0.08793984318240712,0.0033529342748649183,0.0026144190908614557,0.001338401325537328,0.0024580802544582826,-0.00172379050160964
-0.09065518142827321,0.0016636846960222645,-0.0027703540332901593,0.00544830489453662,-0.00015666297816765642,0.009024326993650385
-0.06687539162400591,-0.005023554353423129,0.003529117393897739,-0.005296556754268117,0.004798293589865463,0.0026883776856778526
0.6968972653444031,0.1789321174240107,0.21717561055685863,0.03438329763965525,0.05006595407752125,0.05547086964369256
-0.07868727899446207,-0.0019859786997306846,0.005407014273970428,-0.0030253978167258315,0.0075841388713275655,0.008832073657956718
0.24414958309419865,-0.10196892458138701,0.0072732234002894,-0.066130551112343,-0.015198624232342861,-0.0033100572319261015
-0.06991486451560495,-0.00382670616781714,-0.009070106223142659,-0.011688973022346196,0.003362207799353754,-0.00030597983911060105
-0.07168805913760558,-0.002866570530606925,0.00010922772618720134,-0.005395736976998854,-9.833678165055799e-05,-0.009332003785307436
0.17619130282979598,0.004463437762842815,0.05233580323013263,0.053810577275217056,0.027999730602350715,0.12137548068753978
0.579880763853089,0.012300227894393898,0.028642409636041147,-0.04553782941216485,0.024736797723736464,-0.038839224849146606
-0.0727875605793553,-0.004929929385691764,-0.008345673383732781,-0.0015244528381385685,-0.002344210022067832,0.002588465728530767
-0.10400366601449484,-0.005983357081490837,-0.007891647733830004,0.03200549589519059,-0.0030672661554232193,-0.003993563309393934
-0.08376304793713849,0.0021983353582745997,0.0017293576467071832,-0.0036295755542701583,-0.004350159780711701,-0.005320351689615633
0.6678534529435121,0.06371485583052237,-0.07253542164751121,0.005547763446708556,0.0718497225077741,0.04362797439129847
-0.07551317783960915,-0.006222460414651839,-0.0007086563429583457,-0.007309947101006837,-0.004460742036956032,-0.00043127573613066484
-0.07311513460163382,-0.005225480789845562,-0.0037926338471459347,-0.007181978364428569,-0.0017941433136340816,-0.003542382506361964
-0.06893559520650487,-0.0030883610428548364,-0.007839238689266314,-0.004838596835413383,-0.004468771116054023,-0.0021343178455268917
-0.06786842263992732,-0.007433078764502846,0.0006400209340671214,-0.010169021068545012,0.0017569964218462357,-0.006660241021470165
-0.014143078727567584,-0.010788928021942609,0.010781095704255155,-0.011027516434071146,-0.009457505987335578,-0.03506922610652659
-0.03339378261337988,-0.004116349487015793,-0.013512546550849137,-0.013818573531964105,-0.0035425445886580736,-0.02205644327761775
-0.08173211111370089,-0.0064984002750338166,0.00515767368521065,-0.006487614521335775,-0.004298950648619234,0.00037796830702208783
0.3899366642261022,0.021588930982268568,-0.13020306611847818,-0.04074581553468478,0.031768559453413024,0.0036435910250445526
-0.10345902141897649,7.732359755054461e-05,-0.00542522787800176,0.033567762362530326,-0.001773050935585484,-0.00282933060945866
-0.07546525908155235,-0.007127872503658148,0.0010986031875662547,-0.006071134072022218,-0.004120215597096038,-0.0017204006751478848
-0.07270721646687721,0.002175775649654878,-0.011046931976776218,-0.009285013032684324,0.0038212855404712487,-0.0023688439106934766
-0.07602302994493532,0.00027826405943443564,-0.005447522939063031,-0.006350187746788293,-0.00034612420151194245,-0.006466149465374916
-0.07427939940606332,0.0012403940650778753,-0.009040780405217868,-0.005965657725942565,-0.004162646773184273,-0.0009591155680149456
-0.08507190575409876,0.0025640076776372424,0.0002319451727371936,-0.005451738822586054,-0.002452312914409696,-0.0033516070338958396
-0.07731133356279367,-0.006596751884489015,-0.0033777453475501,-0.006887048431348454,-0.0030745769499210553,0.0027904423684323846
-0.07257406107817835,-0.0042406347118398025,-0.007449643420882806,-0.006253559841428236,0.000326327172678948,-0.0039024123465189477
0.27801441911123254,-0.015253666087090029,-0.015549463555595144,-0.03568345616119947,-0.01762152064029614,0.0015695822016536718
-0.07956014247546908,-0.007846372286690153,0.0007631038451959262,-0.005391864331599804,0.000556247542904092,-0.0012614998702498096
-0.07825734546866511,-0.0035097126185001134,0.0033424802553498226,-0.005883286164475916,-0.0004023856116461364,-0.0075058497454217575
-0.0735871056461809,-0.006482971953246977,0.003205613226579149,-0.006837733138347038,-0.005445190117900917,-0.005055287589975645
-0.0862468484222509,-0.004128311143711666,0.002588093410474799,-0.0033223329809852734,-0.0008444247137607313,0.0002702562987577754
-0.05875430845157151,-0.00561203878563134,-0.009529332853767059,-0.004565419401267783,-0.010226627272991598,-0.003016189668052187
-0.09150129016417063,0.0036920887741016713,0.005978061280733085,-0.005613304053010897,8.665898040922251e-05,-0.0010204196516045779
-0.09806474604791315,0.004828351781292808,0.007423943779223684,0.01090939861750109,0.002603865639501086,-6.58533928102464e-05
-0.08814961048145656,-0.003590493379235256,0.005278912378770927,-0.00626504792928181,0.0010825027613591185,-0.0010947555956427049
-0.06444752377358218,-0.0087590063709741,0.005899576144283906,-0.00781450383458463,-0.008721757059549532,-0.005360674460432148
1.1468256620816655,-0.019831707292580793,-0.01087667654628097,-0.021861533537850475,-0.002044860195482712,0.011359051688238083
-0.08397207686510359,0.003661414536386141,0.0037014235969835573,-0.006185089160558378,-0.006890989073634252,-0.004617068638741753
-0.09033460835296173,0.0012693245796122398,0.002659030154409205,-0.006182154528942321,0.0021982873195706943,-0.0019485674818528977
-0.009987934593074652,0.002807887585694723,0.027402853998684033,0.059767609864118845,0.008689747986114642,-0.00023689060969189494
0.4973872806431501,0.020326581880710244,0.159388806218038,0.06541240973738431,0.05554502559385746,-0.0025861760315528375
-0.08243258533745847,-0.0001690709300530427,0.0018659707805254455,-0.005876969972606507,-0.0007877472994367983,-0.004603222429908628
-0.07211873495740657,0.0023416993583067385,0.007035959791261148,-0.0032250823714326726,0.005877757543554239,0.0004599060941736569
-0.08248748348856155,-0.008616672531675657,0.0034624934459213655,-0.005303655376319942,-0.0015292755017249431,0.004120201688909759
1.3571915768837755,0.08276014695871102,0.018835364478803435,0.06102633732551582,0.004853431358008645,0.017810269140886136
-0.010012868908339391,-0.007896572390066553,0.014741177407798161,0.02209238934000635,-0.0028235937236279138,-0.012345704354037833
-0.005182907283209635,0.004690909663592494,-0.02321633745745297,0.005744131155361912,0.0034611189054757838,-0.006917882979511666
-0.07877831623795205,0.004395670333199796,-0.0020571238480852675,-0.007012070738494705,-0.0048370789421642675,-0.0038998877367616364
0.267766599914935,-0.028110089553913857,-0.011974941602935099,-0.00208596258434445,0.0024903843712146246,-0.010017881488479867
-0.08304182553281024,-0.005363380099103545,0.004994787211583424,-0.0056594029754325585,0.0019677794275197755,-0.004086434559954578
-0.08507063687185984,0.0026629500414566292,-0.009028091642201409,0.002868660578464783,-0.0022764271806896834,0.0026901158317894466
-0.08832393534196467,0.004254291752634461,0.0009221352564687948,-0.00797879399954055,0.0009612450217950087,-0.0006321282930225213
-0.08250019529434992,-0.0009198535055379709,0.0033920624592145743,-0.006286373046678994,-0.003932382277241686,-0.0022574358351562605
-0.07101388375312244,0.0014600604472787717,-0.010782481422245607,0.007320362732783427,-0.011368374355779247,0.0010494093003544733
-0.06862356142916137,-0.004079581741358026,-0.007417052946481485,-0.007555256622446537,-0.004727659400724247,-0.001624532805246537
0.34072929024600307,-0.015205277164813106,-0.13756688620351448,-0.05802909444650764,0.00932877283397228,0.012381940964413269
-0.07931579427623506,-0.0069722448898486165,0.003808099240816934,-0.00688969701491535,-0.002465348169520342,-0.0005528741725502755
-0.09527125638280058,0.007565019162421106,-0.0030281996482574365,-0.0009184625459230494,-4.720442309851915e-05,-0.002222659048722176
-0.08085550504891881,-0.00548845894751057,-0.002489204112907926,0.005438810592409789,-0.000996781987937628,-0.008005783050472353
-0.061577132171483105,-0.00807557739383436,0.0036136591946477506,-0.0023942877626322912,-0.007794790739162701,-0.007417207775446824
-0.0855327998219913,-0.0016935555731453632,0.0032283942820840513,-0.0030584606230041706,-0.0017379162020887376,-0.004294909278325595
-0.04059424240186038,-0.0038712555388854654,-0.006274971541982064,0.003766643710502689,-0.010648720766440916,-0.03017787419575571
-0.07195096437057086,0.000409555201348124,-0.00930744053236311,-0.0042012278661682535,-0.0042111631734241955,-0.0035495425973915092
-0.0765536220371814,-0.004072827658446585,0.0004092688923394969,-0.004468603378666146,-0.005872149818534567,-0.002351384533050489
-0.08928570275955387,0.002361065920021129,0.00021496640556375698,-0.007113487841215815,-0.002441618742353604,0.0017094112210216958
-0.08040043830842879,-0.0028426122993649343,0.0063262980006537056,0.013521493225186119,0.004181764096199289,-0.010761870450599318
0.3239176352639768,-0.17724030285059056,0.01963986482582727,-0.07680073327388809,-0.022831559789083786,-0.04185012477880248
-0.0719480748014746,0.0021777699070002388,0.005588616972514507,-0.01342514574614921,-0.0036035728766164515,-0.007540520748820754
-0.0780320017024704,-0.00948407930737359,0.0032028675572533245,-0.00501727946533926,0.0031780420731651548,0.003713938164208166
-0.06339962270559782,-0.0022673081750118136,0.008090517973550765,0.0016747995111751114,0.0007227122829316452,0.002212427593328284
-0.08163380650902978,-0.0036972276644065103,0.0010689220836863909,-0.004885228849324234,-0.0016447621006808603,-0.0021196389390090897
-0.07977133366472747,0.0015224705428599319,-0.009835771334823844,-0.008577795652967008,-0.0018915663928912943,0.004002660481572867
0.2428103584587038,-0.0319105925717592,0.003760090340702781,-0.06260290474522363,-0.03311309668744998,-0.054799601863267086
-0.09115963942751737,0.0027544579409174165,0.005553397976007474,-0.002986787349654638,0.005951430106706397,-0.0033035008422354815
-0.07023706824393343,-0.0049957360054403805,-0.005296930001816961,-0.005798159622988328,-0.0014342925930228851,-0.0016535235049813548
-0.06492098009904193,0.02387570999890884,0.021993068736477932,0.02743950141424757,0.047872244261410006,0.01808707458459366
-0.0644577942158122,-0.008137979753491202,3.768598815779067e-05,-0.008347594427407552,-0.0037155405874423676,-0.006397320501012132
0.7765395146844111,0.0015620360902951745,0.1209395684650071,0.5281435280022508,0.005688198531547605,0.022158902892698992
0.5415855676679554,0.0046169419690224615,-0.009633710863194865,-0.03237931556501698,0.020996722905188597,-0.023079526543533527
1.1281306449475943,-0.0105560542074101,-0.01317129915681163,-0.0201231147516849,-0.001338175866045669,0.01200619009204093
-0.06842977271236515,-0.004610698951585826,-0.00016736798114654674,-0.00749501002811642,-0.004193265980125213,-0.007601975814285119
-0.0865912415520499,-0.0003123090837330287,0.003681255333930306,0.0018869290001679833,-0.013795510891515367,0.003898299418762869
-0.07919207784649301,-0.004029254961397417,0.00398017243302143,-0.004859047561967964,-0.0005272069165316279,-0.007886311992211644
-0.07536364361390852,0.0006762101704771981,-0.0030397083380407056,-0.008066659230970778,-0.0025263037073438212,-0.005760114642939922
2.581992285047454,-0.027272319447012847,0.03367961446857244,-0.08410258688914536,-0.02964052904118616,-0.06823745165945479
0.6300917260525181,0.030734430628188782,0.08137206353337154,0.435148286233092,0.0008785617864888719,0.037964383109292475
-0.10301448537356929,0.02461691545083948,0.011879716366797119,0.001547993114903316,0.0031098949974936543,0.00848176308856596
3.185081785515071,0.024753627743368204,0.0700203043187212,0.07644230006219817,0.033528287622185356,0.0556507872292483
-0.07970950399324364,-0.007665709645108147,0.002411590670599249,-0.005351104292745976,-0.0011805362554253224,-0.002511111133467674
-0.06329010596654888,-0.0026184131903601174,-0.0192171735605182,0.03023449922289012,-0.00020753741166072974,-0.005869011100919536
-0.08024192038230442,-0.007632191887801313,0.0013135961953562685,-0.005022540387014845,0.0007167561717422467,-0.001132671825222354
-0.08152740422602106,-0.004898653707825251,-0.00078335390984126,-0.003920974560264721,-0.002156814781837247,-0.0012114771605090786
-0.07890511585406645,0.0030479181164932787,0.0029511171616685775,-0.0020893148872069686,-0.0016086955351067446,-0.009349539995433212
-0.08624101531290577,0.006827210847890073,0.007414226074509673,-0.012799026370741552,0.005446185189259367,0.005314347988592217
-0.08182833985206928,-0.001176715901502895,0.004205010094967333,-0.0035924871840928405,-0.00711758982938623,-0.0038520586390107365
-0.07868022746940441,0.000599243408751216,-0.009885607753931783,-0.008173697411329077,-0.0019412164086059786,0.0036634943351903553
-0.053096323211339794,-0.0015251234581547199,0.005801763884866235,-0.012324783917791817,-0.00442804986164671,-0.028799171248894063
-0.0791340043511357,-0.006714188200610329,0.002109523340442426,-0.00011337069476446663,-0.0043839009144765444,-0.00611239319657075
-0.08918541791199244,-8.151986530205698e-05,0.0020293484224004088,-0.00368469759910912,-0.0014127764706641352,-0.001232817714521275
-0.13333288128792373,0.00651164118079093,0.00226865844778364,0.04489346155682982,0.0009110264898161184,-0.002442866407090826
-0.009650028568433161,0.01188661453009383,0.03186257331666945,0.03131661040013106,-0.0014858386046192784,0.0006189825672946861
-0.08440605469441265,0.01272615848020751,0.002924232532802561,0.009617735314405563,0.023738378294526713,0.005057958972068984
-0.07918601447575938,-0.006520980010152424,0.001888038119744774,-0.0001933936906225407,-0.004243366537063734,-0.006055252201563918
-0.07718737726100953,0.00300160587408249,-0.00012541712868402788,-0.003450100012330288,-0.0017526299139093932,-0.009370864123712339
-0.07312082276325996,-0.0020415925028036295,-0.004247116992923988,-0.0033534953716411863,-0.0010477184163519841,-0.010066257721014904
-0.06828322045526013,-0.005451116700567362,0.0024754342563814307,-0.00444576344528023,-0.000504532646689506,-0.0032711909823633914
0.27918862360852587,-0.03967598712310919,0.04112456842035231,-0.05249290197730047,-0.04721302254641624,-0.014829677585632806
-0.08323411469385988,-0.00639618308395263,0.0013681486604336893,0.0028604551660823844,-0.0027201212341175372,-0.0056919129708122036
-0.1195783105080398,-0.004366878788550908,0.0020393083724076274,0.03652825203544348,-0.004554520702514736,-0.0045879549863933776
0.20959251000079432,-0.08556786539430844,-0.02380315203467773,-0.052928929854466594,-0.010105860795232856,-0.022948118928216982
-0.07824437521069796,0.00327529959185996,-0.002143486398974416,-0.005688776020791756,-0.004910732541542434,-0.006456923053524715
0.823396471746838,0.025574071805250665,0.06015881643026612,0.347135309759814,0.010080428941441271,0.005711495544504105
-0.09052988369297502,-0.006250840619520425,0.00038291213673185556,0.006711669670080748,-0.0047953659575499285,0.004807379465371212
0.3066764139057025,-0.13571649796818408,-0.006259920006350802,-0.08169822207123313,-0.020659978731345587,-0.03522176246140134
0.39327203873073063,0.0004778611441572923,-0.12087561204040266,-0.045973235463201145,0.014946414489275526,-0.005299743877230666
-0.07129236737686118,-0.0046522870883897345,-0.0011242473278989492,-0.0006068977273876695,-0.007264235062911602,-0.0023997913221994256
-0.020491997491878324,-0.012396075694180133,0.01112957322830839,-0.01160764540932488,-0.0012661224338053867,-0.0250389608095424
-0.08721700191865746,0.004113915684841416,0.0037215369826886593,-0.005758111171484676,-0.0017251716389980322,-0.0021615091972022496
-0.08096477662407094,-0.005267429003892225,0.003970408600439429,-0.0060326989930265095,0.0014363447503108469,-0.004356471244847403
-0.07312082276325996,-0.0020415925028036295,-0.004247116992923988,-0.0033534953716411863,-0.0010477184163519841,-0.010066257721014904
-0.08474382400400805,0.005403323762310269,0.000866452343346049,-0.0037712598618768233,0.003299259720541117,-0.004643676137278776
-0.13248513041947776,-0.004116726662332483,0.005358038054842961,0.04159472183788548,-0.0020638052385175245,-0.002202758788248663
-0.07176436165554215,0.0018627581917780181,-0.01452573929314146,0.02562172690876904,-0.002302730338850827,-0.021608124973297976
0.054098418063752325,-0.06847262340204094,0.015656901945610816,-0.029959579803856166,-0.027245780741196823,-0.012812807361592488
-0.08265142187852989,-0.005688614086610474,-0.0003808822011961866,0.0021189617595587344,-0.002594528792253183,-0.004540969743440665
-0.06881938196244258,-0.005813347274161917,0.0007187818444049644,-0.008402417903121986,-0.004572273279118081,-0.004884194773541187
-0.07467024300794359,-0.0077645317943911074,0.003229882571121554,-0.006950248469986979,-0.004820047018074616,-0.0010724677983482958
-0.08176329342503648,-0.004338975137301796,-0.005450465259892491,0.007053555608703215,-4.3288863465280155e-05,-0.0025238273811997594
-0.09337674639732982,0.0026806278007750458,0.0012822768564334287,-0.003239410922201361,-0.0031981890585892066,0.001911862138457104
-0.05480601298282939,-0.0037675837396048593,-0.007306291664261669,-0.006307832208662392,0.00048452144360707606,-0.00417819890999194
-0.062400311705284886,-0.0021531241569516424,-0.020586466878244808,0.03148916256544591,0.0007942350872415261,-0.0060571567522277655
-0.08188431325514475,-0.006880794174876597,-0.001502451138969161,0.006475687971770459,-0.0010570039589735609,-0.008433525044857313
-0.08073455402406184,-0.002825435932582214,0.0012689590817684978,-0.008305300098570934,0.0007780964767277619,-0.004167486209162821
-0.0748706189763631,-0.005051633750659352,0.0017234334319029454,-0.008308746651630821,-0.0034081509947147056,-0.0038924511562459787
0.18958961492865117,-0.010998271480380978,-0.024148537445306893,-0.04647677340104759,-0.015252876778108907,-0.0743322550835797
-0.0792920805666553,-0.0070769036978423116,0.004172712793992451,0.01902468588455265,0.004631067182343719,-0.027555556420445094
-0.07581524198756763,-0.009674673388672065,0.0021906223093843998,-0.002341458262516458,-3.3240242738919446e-05,-0.005485340764900625
-0.08413381713161204,0.0024047345029043613,0.0002461288518285481,-0.0042593278457530226,-0.0064172926518674695,-0.0022365807611960694
0.3477126247643007,-0.02972828472676765,0.017898048440964626,-0.03853524407266715,0.03139244299712649,-0.022166850096390134
3.033852307548616,0.019856804135273375,-0.07032562111944872,0.06280596456968696,0.029645804113371737,0.04877430870111369
-0.06883782983489276,-2.2251563177023202e-05,0.00045669237266618765,-0.010280172938146483,-0.0010574130429794628,-0.005412877466398725
-0.08370603829048966,-0.004200980013481407,-0.0003374572530628245,0.0003440554201686981,-0.0033153369386115443,-0.002957339164750658
-0.074976857765133,-0.0015702385423048656,-0.00015034583859621363,-0.009414500046851165,-0.0011102794493466279,-0.006868346414054295
-0.04318968158547059,-0.002046102609579934,-0.0129971510796132,-0.012267141728462721,-0.002660389723569129,-0.02110856980255983
-0.07439441406591872,-0.0023536335711546383,-0.0026373977356482113,-0.00998484691025084,-0.0009399211152145494,-0.00430275833003871
-0.0861753110552421,0.0006871248966872397,-0.0002763850306037017,0.002536702099173792,0.00014985666721144456,-0.01048244357624717
-0.08904396206930383,-0.0008935898061028355,0.004172020917760446,-0.004110201159072055,7.208626849511553e-05,-0.00021231631343678593
-0.06598262536795589,0.0010104734439818541,0.005786628941226623,-0.00327979992568141,0.007917955913005701,-0.002487354327843321
-0.09045737525564597,0.00040453124366169533,0.003368161650620641,-0.002572282290938183,-0.0007335911038551354,0.002416604209018557
-0.07663000940608582,-0.0068763590305936885,0.002744066729219248,-0.009705970645716043,-0.0027160471510594784,-0.001395403456808459
-0.0869230818116295,0.003717170538930232,0.002908386598540211,0.00014679110529308137,-0.002372985655913986,0.005139419401482563
-0.07700721176083415,-0.0003899452020838291,-0.0038025882763864306,-0.007374089424114742,-0.0005748375750836818,-0.005065547915191926
0.2568632747021063,-0.00942521894728374,-0.07377831820452471,-0.03757194327437448,-0.025552920734914584,-0.025883185934842737
-0.06598348937977434,0.0010542489640054818,-0.014254265836299757,0.0019922349552054215,0.020110808929680694,0.0014173108190585143
-0.08965626751130802,-0.0027237816482978527,-0.001349749944221246,-0.0008495412905881977,0.0002211379381785071,0.005302831712115543
0.6825231901906055,0.013133931471113464,-0.11523376286292182,0.1985170080693921,0.013473078581573632,0.00682074977447086
-0.08447867251132755,0.0035591182761734656,-0.008103056853393235,0.005688055643433936,-0.0014594074359703204,0.0029330637882027727
-0.08328740777773194,0.004935938735901771,0.00017723124577117226,-0.0032324355059835308,-0.007018251283201814,-0.003695382240858516
-0.07671924029934207,0.004103453188579601,-0.00377649545570575,-0.007222980535296035,-0.004882459665910598,-0.0036546692993199336
-0.005298119889283174,0.0044910921482414845,-0.02073716782281278,-0.010683473344308622,-0.002622266053628548,0.022296260912435688
-0.0802904631934288,0.012241797351709206,0.01210927338534025,0.004192514149154643,0.011686051089639108,0.005619574519540961
-0.1039702632310937,0.02246896881775979,-0.0001581872908544667,0.002576674671036164,-0.001987210273350746,0.008258062580650654
-0.0645019145085014,-0.005527288032621477,0.001166934088164388,-0.004296825616598494,-0.003911826607262858,-0.005567902730400758
-0.09283308464127082,0.010930175310497278,-0.001931680630508075,-0.0036453687936709796,-0.007893095577929988,0.003168198269371063
-0.08033470151179538,-0.002424902648169621,-0.00509633752180391,-0.0024731041391838414,-0.003351562789562676,0.001846386396574803
-0.06461685991690948,-0.004068598794237504,0.0017725492264541885,-0.006452186151320265,0.004851966890787817,-0.002564093219087511
0.42496842598744083,0.0763655240492908,0.09107399596296993,-0.027519933835908138,0.07008674099604778,0.047048570287175885
-0.08677403798652507,-0.0003381930658786617,-0.003081824295982922,-0.0039011528476161406,0.0028165651570395103,0.00013694155782748157
-0.07314082528216147,0.0049221254706942035,-0.00628821694793146,-0.0019145162481485677,0.005340963131728355,0.00347595940118536
-0.07608838020802369,-0.007581373287941139,0.0009209008904722017,-0.00575368242229513,-0.0037993079223232608,-0.002154953747160958
0.2214502034184532,-0.07498210638973035,-0.010999525790229555,-0.06482181146760231,-0.023207322704972864,-0.01417220391447228
-0.08631521866345948,0.009701387442301057,-0.0024124195010353264,0.0058804665187259944,-0.01581159848224985,-0.005452015133683011
-0.09290691614931178,-0.00445401139147852,0.005181864167467179,-0.0038869046909027582,-0.0010714729125629431,0.0027960039645801293
-0.03820857292741402,-0.005026324572488179,0.00731654161545778,-0.024799095044708785,0.0006668306439992583,-0.03220466901867459
0.06619837830858039,0.011349908853657227,0.02408634525691574,0.008955630696809833,0.014275069434476527,0.07468430907517504
-0.044594278514608156,-0.005104372465430472,0.012569105301461074,-0.007808215518260496,-0.005708705304096793,0.004049851096627911
-0.08420466177676479,-0.003766527603090066,0.0019477487608900975,0.005712298545691366,-0.0028307147945165114,-0.003241252054923275
-0.07602302994493532,0.00027826405943443564,-0.005447522939063031,-0.006350187746788293,-0.00034612420151194245,-0.006466149465374916
-0.10416685766598122,0.0042097883029107485,-0.004751801304929136,0.03541952802482492,-0.00020604860484924734,0.001033514685280705
-0.08785967085612116,0.008820227933615907,-0.006415869206343019,-0.002830567427353119,-0.003918061697449951,-0.0020951196994726546
3.185163214532927,0.025265680932477618,0.06862348886619593,0.07699139661031568,0.03378018449552897,0.0556531270533595
-0.07923698048619618,-0.00046447729346213467,-0.003282410631662936,-0.004681432711467223,-0.0037168498932956973,-0.002031112285140369
0.1647636606053487,-0.08125103936670093,0.034222698683045616,-0.053553300282620675,-0.032180645925373084,-0.02654213534267517
-0.07437964366122028,0.0037935486730678344,-0.003072508092876097,-0.008540878139679934,-0.005655697027885391,-0.004806208762225851
-0.07168753572581531,-0.00435485663897496,-0.0016543272688106824,-0.003650509966587954,-0.0029292522489488583,-0.0035661512278805595
-0.08192793969401065,0.0015062356940171398,8.391158051943845e-05,0.007004088730151267,-0.007750483210191786,-0.0001011325121149788
-0.08702746556049294,-0.0031547987627373333,0.0021263414218441906,-0.007156667075706997,-0.0011097681871137918,0.0018708691624925032
-0.07644300525484801,-0.004251748641809355,0.0036230793901348554,-0.007661207117970811,0.0032992655035973986,-0.0018720556943329792
0.8601217077960374,0.12497675621674648,0.1410061784206634,0.04519732780204761,0.11554721036266222,0.070740760230964
-0.06898471305965485,-0.004334609953238504,-0.008294848457271877,-0.0073975042080157115,-0.001896098454778131,-0.0036302793890245627
0.632121271901386,0.1117827937761539,-0.04433253883677515,0.09371203973112362,0.03412239249388703,0.05766583855498996
-0.06922616579506248,-0.0066594077198196475,0.00035000033228441206,-0.008780386433776403,-0.00469566256199624,-0.0046636518712359016
-0.07751348166559362,-0.002949802527203765,0.0013218668485983566,-0.003345584990565993,-0.005742086909977544,-0.0058806247584254736
0.5685875968862262,-0.0017625283037898708,0.024514330662457007,-0.0550005293049081,0.014641424183345556,-0.05338403553731742
-0.08575962398125055,0.0011854238840338515,0.001390899349483965,-0.006030637301925772,-0.0016868422528539624,-0.0030766041921900414
-0.12047294719702699,-0.004500399893490108,0.0009175745666206315,0.03572825725019191,-0.0015130715615036872,-0.002054440785256402
-0.07504119264783965,0.001980266881896877,-0.008831532985232074,-0.004684266322113341,-0.0029315784317523927,-0.0046754267971470765
-0.0785071101417764,-0.004075633844358993,-0.00609664160831585,8.667616869507461e-05,-0.002853479762370906,-0.003082046360677496
-0.0872106293487989,-0.0035179073034844717,0.002503612149966617,0.002558068606113282,-0.0042716878822275485,0.0006449960378542039
-0.07451433853988788,-0.0006082603977159295,-0.00386031003063685,-0.004740674254356375,-0.0032857117743035095,-0.007438308465212161
-0.07261188998593132,-0.00299342822240626,-0.002521709698752883,-0.008394907215905915,-0.003214754546453355,-0.004305429683658299
-0.07536053867601002,-0.008557129040691988,0.002287708316916208,-0.007833492328137556,-0.003832431357292415,-0.0009735808321355998
-0.08953701621451403,0.011616724139218727,-0.0036076086156575796,0.0026250033973689445,-0.01022496666473988,-0.0053252713661436635
-0.07587259772763395,-0.003959734166579396,-0.0004939062398689536,-0.00015149908343890895,-0.0025408431722551803,0.00482841305392022
-0.07946038086181192,0.00048370312803005936,-0.0032805921820140797,-0.004730322774367554,-0.004481043688025709,-0.003003087508581299
-0.07056617669269923,-0.007170335827671173,-0.00894066880242254,-0.0031192583839145076,0.0030074522325544144,-0.0006186114323224938
-0.0770216147245823,-0.007621509976263148,0.0013321426583544408,-0.006497316465351633,-0.004683577936602925,-0.00015438302686750167
-0.08922550700145086,-0.002735825811075024,0.0010816561832805598,0.0014471319931154858,-0.005511620843385357,0.0010985196798211246
-0.08230355579674101,0.003629905714442569,0.0005981448381041564,-0.005314668917413285,-0.005350182449496564,-0.004433106059390303
-0.0698292989626147,0.0018250801466752485,-0.00438853027184503,-0.010551581909943514,-0.003270551392140905,-0.006108108556607112
-0.06662066837297564,-0.00037434247983289483,0.006623941260492958,-0.0038540596673826842,0.004589733797230847,-0.003725196870591102
-0.07950941329896244,-0.002994788822275606,-0.0011260130287123783,-0.0026537323735406314,-0.006434307926291075,-0.0011162513383503592
-0.07431679636606879,-0.007115192013954875,0.0031863144739409433,-0.006443956401555537,-0.0013663987738665416,-0.004622188368433538
-0.10980855791562809,0.017832287427580952,0.008702648047392968,-0.001287112785456146,-0.004197409842861744,-0.004058717107351736
0.016174251078505147,0.013394961578332809,0.025338669938221068,0.019235181661867464,0.01024545138125403,0.0039676778941064705
-0.08365342629923601,0.002202777716590669,0.001460896561554218,-0.003663264850900459,-0.004350665644753962,-0.005311748382714789
-0.08673592170530571,-2.8488895131598743e-05,0.00434146364226222,-0.005563773129177192,-0.0007540000417628909,-0.004990278220363591
-0.04331748268545716,-0.010776113365853006,0.008300890048614283,0.005565644695161356,-0.017232590770619678,-0.014915784244562443
-0.07630584806183188,-0.006318712677988644,0.003154531429333535,-0.009974892029025685,-0.003321447988954841,-0.0011188097478003103
-0.08900467403489522,0.0005448423645152351,0.005779537632465261,-0.005461536305631374,-0.002572673015155569,-0.0032725279312078906
-0.07364570929837123,0.0069457072640176825,0.00624771927921287,-0.004036710804782319,0.0006578890309905138,-0.0010212227112213065
-0.08145846972565844,-0.01195187958307597,0.004092458751880909,-0.005910535485600459,0.0018227725243372944,-0.0007711858652274326
-0.08064228533231697,0.004767813110443381,-0.002236438127402415,-0.0035406692392568662,-0.007061910401731041,-0.003849519883540968
0.7676401154090616,-0.008199884005118153,0.11233622092641526,0.5118122298625498,0.006601811577643428,0.020641727439594363
-0.1231346799207157,0.005712620758471889,0.0008807746701366615,0.03856111184221834,0.0009416614499132623,-0.0019495536460154715
-0.08542254145866052,-0.001951337524161352,0.0032941365771540186,-0.0030399120455754593,-0.0019145938937586038,-0.004454391159638157
3.122634179924317,0.02527515751039152,0.010459350397443473,0.07094025852329289,0.03285276784546253,0.054287872663944726
-0.0886527097105911,0.013519151850188727,-0.010853325934251127,-0.0027550009403326807,-0.005474211214647197,0.003498292266752082
-0.07283699421717763,-0.006037573021506298,-0.008661917056129615,-0.004927061755343922,-0.004682305473502981,0.0030864343903907855
-0.08789645331656121,0.003453491496496996,0.005302037306978126,-0.005335780409358514,-0.0030898355009162416,-0.0038336994914581553
0.45259293401145456,0.22368914426734507,0.08339394637716305,-0.002438435361278235,0.016815394532808402,0.0009537596564958713
0.34315918190975997,0.034298776419167024,-0.03393724869828005,-0.04324859751236264,-0.009798310923425174,-0.008537252947601931
-0.09712357535179178,-0.006811062807703198,0.007294017649060039,0.0008699786406345704,0.0020117429300748066,-0.00038037279013107105
-0.09587655075108265,0.01522004585403414,-0.0028597366172624576,-0.004898941574583373,-0.006212117986646934,0.0013982336603391172
-0.08332007384922092,0.0021686390091059525,-0.000629549821598388,-0.005468169356023031,-0.004144290359444503,-0.0027291771088933476
-0.07183263099027035,-0.005746254543910615,-0.0027749475731785145,-0.006706685732356747,-0.0036603490388882926,-0.0031731412626385892
-0.07574286466166354,0.0017380419471270266,-0.008982493555402487,-0.004740577887055591,-0.004696722115693783,-0.0014445122906958175
-0.07580400039327542,-0.0003406159125496572,-0.001548765749857085,-0.006555371257225041,-0.0033667307837000923,-0.004861736364888553
-0.03222603275580965,-0.014586143000612258,0.006042319738379645,-0.024375735022200074,-0.0007200325270380414,-0.02864225297464732
0.3619647718334984,0.037134520069522683,-0.14641955989558916,-0.03879722802059847,-0.0003958837159593038,0.0005459448814307497
-0.07546606591819004,-0.0012523155887093078,-0.003872488336379724,-0.007237192576829518,-0.003951763790518672,-0.0021729310763225203
-0.036470994642743663,-0.005959477220191505,0.009067930507658485,-0.02501706476536789,0.00013326198699331352,-0.0340387116939428
-0.0699850021395697,-0.004048961088515381,-0.0027774191255171155,-0.007309195274136016,-0.005462567717138953,-0.004027991621522643
-0.07588537306090044,0.008552231519724807,0.005577873745963263,0.017191052688943775,0.009314457355428645,0.005796255718570301
-0.07023647319375287,-0.007903396628320727,0.0009842805061325048,-0.00853406724267763,0.0013423284033431528,-0.0023529209265292727
-0.08677527246843515,-0.0008420500067716067,0.002745906006385158,-0.002375374250559675,-0.0009331173217596996,0.0012302422661540527
-0.08921379056707902,-0.0038862566236332195,0.006017854175387177,-0.006085076064149264,0.001592033402424106,-0.0010576898869391073
-0.13104163625405177,-0.003432973657920693,0.006366950093221449,0.04201788334112311,-0.004529241760835749,-0.003941239705151782
-0.06658115647330828,-0.004671135461183574,-0.007668900876135127,-0.0063897386848484495,-0.0035909662626663554,-0.004134497698205777
-0.06550343591257592,-0.001541952810913628,0.0006231558320447609,-0.005537081626664127,0.0002512798918647987,-0.005185020904737998
-0.07750404694063208,-0.004688613383539985,-0.0018083554920091422,-0.006462020665108841,0.0015233818425147393,-0.0036100164170023196
0.42496842598744083,0.0763655240492908,0.09107399596296993,-0.027519933835908138,0.07008674099604778,0.047048570287175885
-0.07976128148063338,-0.009416352784376674,0.005940076908688744,-0.004429076745314895,0.0027162701977522896,0.0034965710076933594
0.06957168675700144,-0.04043539391863263,-0.010911438693540736,-0.06354946319224582,-0.011389468309827646,-0.02856265230344181
-0.07219589309852018,-0.008076492839921753,0.0027872779769016385,-0.009885956034640701,0.00039228057535070193,-0.004529562088987346
-0.07978462928662784,0.006257211942330227,-0.006030208039299008,0.00855789728929654,0.008236369044530992,-0.0015425918137053924
-0.08580303157486997,0.004031845579718904,0.004055337878944206,0.005971056019669119,0.008181754666740131,-0.0018636302685543853
-0.10145126407671323,0.015068793565813242,0.0019559228016452746,-0.0045989761364316735,-0.003619762028304627,0.0002479303799849351
-0.07182699948383416,0.0013456061836719137,-0.009482754004958327,-0.0068243360473177195,0.0010482859035295532,-0.006186189196494143
-0.07957760102698037,0.00015852498860553376,-0.0030670241071583666,-0.0024177957860980308,-0.003478927409207235,-0.005048483477137266
-0.08094191420251154,-0.007457259289297501,0.003153670767026772,-0.005033830236229543,-0.001489545851305948,-0.002687550728899781
-0.07394459627298279,-0.0034462652621008263,-0.013482747313313349,0.009188482596940429,-0.003413142639481591,0.019018225825625536
-0.08000076002309815,0.007008109121950034,0.004014986913571276,0.0018095941723526344,0.008689468954454877,0.00446436276457658
-0.07205050583474296,0.00039212261060669337,-0.03140556961331146,0.031340428067760516,0.028619630290216063,0.006085346686019489
-0.09087861791582796,0.008430465489490847,-0.002544854292930938,-0.005725503247162506,-0.0073466567310048175,0.0050164506185407225
-0.09557693810418745,0.0021639026424469564,0.004078173486677522,-0.001469991206168895,-0.0019499786032358929,-0.0014903028907604769
-0.1195783105080398,-0.004366878788550908,0.0020393083724076274,0.03652825203544348,-0.004554520702514736,-0.0045879549863933776
-0.07184986455848855,-0.006820015395074559,0.0015337334769682557,-0.006380623491698814,-0.005411529182838673,-0.005055421493040646
0.05981509450004848,-0.06358639044624198,0.021108050535648234,-0.03058235088647618,-0.02774988318678695,-0.01067952712245054
-0.07652666306639334,0.002131731989990962,0.0015986091093742186,-0.006129009487203671,-0.0030511346594112566,-0.005066135431112358
-0.0908312001791148,0.015112161546859772,-0.0032774302092660147,-0.007027333794606727,-0.003291916297320256,-0.002854118731256778
-0.07851731224959548,-0.0037644457226139595,0.004297503253705888,-0.008719493237105533,-0.0008243515007549867,-0.00432895103127341
0.41586276652547505,0.04112525402167876,-0.03872259347781363,0.011092927718769637,0.055452918159445454,0.019732946141151418
-0.08447088019161426,0.0034419804239821743,0.0029857041102419307,-0.007813706455372467,-0.002544927608500676,-0.0058781087688348395
-0.07026161253631051,0.0015129046031527925,-0.009788685726032746,-0.006684730951659472,-0.0041984095574918645,-0.004714053285203086
-0.06650067313961451,-0.005589946100500563,-0.006477545895624074,-0.009244933939726968,0.0009075400498035278,-0.004501585233943943
-0.07985658586063095,-0.011555603027997671,0.0004094576665191224,-0.006080164567591427,-0.003580867137119752,0.006078403603732864
-0.08246331297305526,-0.009825279839208506,0.0036392814994126712,-0.0037327443205486116,1.658528923089532e-05,-0.0020624619150565993
-0.08096822134132141,0.009317536273987794,0.00777514630830994,0.0031611926097568415,0.009987651772661402,0.005089682913865997
-0.08756979513648493,0.00013931468476471114,0.003737819321046642,-0.0028632641231223837,-0.0016996930470778457,0.0019527729227616654
-0.08981675136064933,0.001130557142003365,0.0004808870167084185,-0.0023823095692596594,-0.002043062459859863,-0.0017431183872215331
-0.06892981991943392,-0.004909880154759338,-0.0027721764446616507,-0.009390681137430159,-0.002721810262979358,-0.004911546539902622
-0.07634287450381946,-0.0063660580093183195,-0.0040296938791437595,-0.005432345646140262,-0.004120621499093407,0.0020866820891998995
-0.009859613764161184,-0.012421720790097585,0.0008361714258321045,-0.009285362665621348,-0.00820239612787171,-0.026432403582136946
-0.07103456497374272,0.013663770453052846,-0.015444430801981664,-0.004522155922040432,0.013424736012589417,0.020311235191342543
-0.0697601758982837,-0.004444062039184609,-0.0007342499322268322,-0.007702944969814836,-0.0030035579481851554,-0.006621315855305085
-0.07639136528097427,0.0021290457053487087,0.0017798165590658616,-0.006183710771647878,-0.0030319953826635822,-0.0050093942313513985
-0.1434459984853129,0.002479990922002348,0.0015749182575316954,0.04879387959037838,-0.0028793999171664014,0.0005325355268435262
-0.12776534787435037,-0.0040523790999890804,0.006296250568763333,0.04059731637011583,-0.0041087020875628455,-0.004112004039806356
0.664465084681711,0.017479172163423318,-0.13344850122612273,0.19507916523866292,0.012628023499780932,0.0064685502142074434
-0.07445331236412805,-0.007689570789476259,0.0003973777300604109,-0.012091510073804568,-0.0004559933380438495,-0.0003176737117254814
-0.08243747079441241,-0.0032875507823891446,-0.001448271196936104,-0.006939803816604053,0.0013823486756341862,-0.0016039467189849818
-0.07555413822319729,-0.00029847309978525477,0.0015276789182169061,-0.009623978226224756,-0.002410628698321297,-0.007582559941514723
-0.08565401511799908,0.0030387289357532966,0.0003187683602340169,-0.006562316545918902,-0.0020381693582533318,-0.0022012291131325904
-0.08909484738308365,0.0032875571986708675,0.005041090653949815,-0.005749433069165943,-0.0032419147716522376,-0.00433632230455857
-0.06878411373722065,-0.007621167659162592,-0.0012347221044524423,-0.006382537547838072,-0.004758005698976304,-0.0054880687169000806
-0.08826372087625178,0.0016511410064227905,0.0010029920613541876,-0.008052632509608299,-0.005331280385964253,0.00445787049630651
0.0261208249574331,0.0032426668675532063,-0.008675172210725644,0.0003502435279240861,0.031865531341380704,0.0009364557503868265
-0.08386506942755216,0.0040980604365906574,-0.024245037529654692,0.011746882079432367,0.0035975172714072684,0.00446608847537296
-0.13224771473374075,-0.0016313197957930792,0.004222234485659944,0.040534710103267674,-0.0031282255508876906,-0.0023114977520993364
-0.07624715454802941,-0.003407923717235543,0.008729652359929166,-0.0037320713101506864,-4.416450440450071e-05,0.0019563378827095468
-0.024853925570951035,0.0012453109052066806,-0.017856073733841252,-0.011898097963137823,0.0017357982384507767,-0.01709928877293804
-0.07359628377468647,0.0014732556501347578,-0.009883877262930094,-0.007704074885618826,0.0019595889274299566,0.0009248120074294865
-0.06760132406803793,-0.003880988481139682,-0.008584243306680502,-0.006836960797400993,-0.0014079958621286157,-0.004671089904239624
-0.07935114832567233,0.0001373281180494723,-0.0019926136170948044,-0.005870955461392582,-0.0009470823150939008,-0.004333013565003824
0.40187884880348723,0.014388745668479662,0.061041868986921495,-0.02570838521207789,-0.00011848674775372509,-0.011615623627880333
-0.07398231363731249,0.009480246343249416,-0.02452174985062952,0.007287310374174926,0.018741625579953052,0.002211913591782433
-0.06747789980732344,-0.0005579985787108906,-0.00266487728241602,-0.005741302478898232,-0.009512942976587474,-0.007488606963810816
-0.07422325135587952,-0.006506862794411757,0.0020216620241248714,-0.008304925695202336,-0.00509741963682567,-0.0019277191753731457
-0.08288942006047145,-0.0022475036572090577,0.0003942919369197738,0.001118293976501249,0.000529556516250832,0.0021521555002594153
-0.073692142184338,-0.005774647418666806,-0.00016629772537090753,-0.006337963380833529,-0.0019003569248550666,-0.005886606388336865
-0.09111937677117767,0.0031821202968669283,0.002083718806002666,-0.006462833995461751,-0.003061283923400385,0.0009699556402862586
-0.08605803686286527,-0.002295967861192132,0.005051284952739168,-0.005564058802524618,-0.000566129449261579,-0.004452554281663662
0.1624685596821851,-0.0841970456240721,0.03249143095675276,-0.051373015776876994,-0.03233849288495304,-0.025510357940916467
2.5146688949378477,-0.024546272035844703,-0.028340149059947764,-0.070943300559743,-0.025849609392310468,-0.05560532018978636
-0.07353981166240342,-0.004344726514399584,-0.0006882951910420045,-0.003103872125561383,-0.0034058219938356933,-0.003615909868530186
-0.07383057689626728,-0.003964419985559321,-0.001351512415664773,-0.003923002898832506,-0.0037962001479077707,-0.006309622534659491
-0.07628785102357524,-0.006097111616101834,-0.0032548620720179197,-0.006333860374121669,-0.004586883784486026,0.0032241907351193
-0.07376101054319469,0.0011511534414117995,0.0037307620141927645,-0.0025454177089586946,0.0032125414596076087,0.0049220921934816945
0.19439908586380966,-0.06973341536368503,-0.023305049096750116,-0.055199766089832014,-0.009926184453513889,-0.024111072131461818
-0.10145126407671323,0.015068793565813242,0.0019559228016452746,-0.0045989761364316735,-0.003619762028304627,0.0002479303799849351
-0.08005624632647622,-0.003466450877413688,0.003948967667971085,-0.003500425565427305,-0.005993450058757429,-0.002743892362421648
-0.06988161222532942,-0.0023381712578945304,0.012904644355393291,0.019307105412425352,0.00036305616950530416,0.03094762374898091
-0.08549222780493698,0.00020609509018186924,0.0027991194040921027,0.0020409138443433592,-0.014110553653551313,0.0028898652666939427
-0.07839578495374837,0.002870315739382091,-0.011689220221382168,-0.009149658050742993,0.0010389923273901895,0.002240496137110643
-0.08833048441912404,-0.0003498400153166582,0.0028263857182500907,-0.00017118704354894394,-0.0029882602604746297,-0.004628458639042667
-0.06807114868788333,0.009943381264484932,0.021465750752690718,0.001127168581803765,0.017739702708658926,0.017971264061908614
3.185130498375847,0.024629314601869318,0.06998598262192586,0.07651743877324599,0.03354831058630827,0.055665547531600246
-0.07324497210212565,-0.0064308495607699676,-4.7650743427676366e-05,-0.005192669743980873,-0.002017728332951254,-0.001833445604658838
-0.08475941489438588,-0.0029082753859669256,0.0036594805942599183,-0.0058196363324213695,0.002250470656112228,-0.002354969129838525
-0.08277353222965111,-0.0046774909494657416,0.005274066660319724,-0.006078047622262944,-0.002404304472271102,-0.0032274948462669073
-0.027800519013862365,0.003671536891319808,-0.002761975773572951,-0.004115538828347096,0.010412111844718125,-0.013485786916331887
-0.07819182004105306,-0.0008582183645000436,-0.0031621501152324255,-0.006352925946688049,0.00024494076939637405,-0.005315343645505999
-0.07477845068642372,0.01576047695145925,-0.030219583079855405,0.037928146103161385,0.0701979189606891,0.00930515654432184
-0.07638931973291355,0.004404007259102037,0.0015511880657134917,-0.0027502749325213675,-0.002989456266174399,-0.004240443967690398
0.3937428133073298,0.05105753700685342,0.081260765513006,-0.015924935890528426,-0.018981939435322195,0.010576285835283729
-0.04654500033490041,-0.0014397032682061859,-0.00949765808839528,-0.01834400822686714,0.0010669195511432503,-0.016873262776334986
-0.08479808827261386,-0.0045172250190858385,0.0033550437038286237,0.005809519788347133,-0.002849381716449094,-0.002172785193316315
1.0913854347360958,-0.04291766641356551,-0.0075466445989998375,-0.04573742534077912,-0.006637544971740178,-0.003186241034298933
-0.07888477086013723,0.0045278470156758085,-0.0002391681128336643,-0.002818961659751749,0.0012806468794664685,-0.006833432574122582
-0.08307753837454536,-0.0019701384669123766,-0.0026932521142768047,-0.0022502337901110533,-0.0038692233866167037,0.0018166159381114491
-0.07561629816335592,-0.006711594582532254,0.004632550665855891,-0.006132458964211908,-0.005421531361598629,0.0007697819668103737
0.2654896150497825,-0.025967997759567884,-0.0014275539559783716,-0.0013936797192540824,0.0012007148742314722,0.004589875639686974
-0.08211435196557842,-0.005913674675569911,0.0038458549077646067,-0.001401282740443444,-0.0070207089196646175,-0.0009965936458660508
-0.07549380473421935,-0.004438418590444055,0.0018444711423986617,-0.009650444359783766,-0.0019791586340950455,-0.004912012466533851
-0.1359607762170801,-1.137236272632292e-05,0.004671219894200692,0.04153161088604383,-0.002272943825307132,0.0008821146529823998
-0.08344358158245498,0.004829852778558448,-0.0015311569186019403,-0.006572676208786068,-0.005455829920552201,-0.0020765678401748026
-0.07471521075037862,-0.001076919023972731,-0.0074235332178272245,-0.00741890516390676,0.007422683414661414,0.013152335925205188
-0.06640164859411143,-0.002884145043155857,-0.014233004780109984,0.010092835714584957,-0.004555597152001728,0.02284125775418804
0.15605739703487886,0.012868769252701267,-0.02926191683007587,0.01081020108100986,0.0021694855180919327,0.06626634780825073
-0.08403516878693244,0.009913561653518302,-0.0059219435575551685,-0.004929654112634948,-0.005694278907820512,-0.0016892891425051325
-0.07591322708823613,0.011546745459759483,0.01065503667858903,0.018941170354854892,0.011756431035177397,0.0071901441658971535
0.002798488593158142,-0.0017186177957648433,0.010841237808762737,0.013750285782562545,0.002675980757349916,-0.004453566028769999
-0.07624534483516708,-0.0074194769898283325,0.0012291220011197814,-0.010008573930947569,0.0002956277016769612,-0.0005969697089094441
-0.06786765732089939,-0.00963388425596905,0.0011901496971123496,-0.008637491552606822,-0.003831632313727402,-0.005271781882552941
-0.09047567769743761,0.0027611880362569297,0.004924948774868899,-0.004926632102422261,-0.0017853051152383413,-0.003989203402255917
-0.08264974738857192,-0.007288967347346346,0.003447899834714267,-0.0063215682303870415,0.002227292393050557,-0.004002392380178414
-0.0846466350521298,0.0015209889521498974,-0.00015635719000600115,-0.00542534550242081,0.0034999483917565757,-0.00216166640498458
-0.07481295322080556,-0.006907562040284073,-0.00011721196868251426,-0.002187161839933615,-0.011186748784423762,0.005001120390926279
0.15961296347246254,-0.08022825656312615,0.02711360146317475,-0.06195061450176056,-0.029143900426433306,-0.020816836947832224
-0.07800240528128065,0.001393386951268163,0.0018601254883587328,-0.010425693322391245,-0.0021775514667421417,-0.006258312088872143
-0.07228951172464516,-0.0006292443890228721,-0.0021659862767950304,-0.0007779575688524067,-0.001588058315026503,0.004556685928429061
-0.07395511663183642,0.004430010753613835,0.0013453906950223378,-0.0009589499407039995,-0.0022725933605703937,-0.0046741011751740245
-0.07558398572760125,0.0033505574744875782,-0.0018961011519735291,-0.004754366586889326,-0.005311094353374641,-0.00601703952359428
-0.10282633562125089,0.002442701708334691,-0.0035702374123451324,0.034840758030540944,0.0004867718112524135,0.0011210883254227934
0.2889159241452253,-0.04919318479817137,0.01979624315435007,-0.06070375310914928,-0.042500431198526055,-0.0065556901853350905
0.26024699704591975,-0.05208913677020791,-0.1039868739109873,-0.053286662572882455,-0.015508543108304717,-0.033805249613268515
-0.10426729522353555,-0.004950712760510083,-0.007758175075618565,0.03146613721727615,-0.0036465734009542734,-0.004467733972693527
-0.07333127982452445,-0.0019485309025695538,-0.004043587275848922,-0.0034466904269373957,-0.001143455642718985,-0.010134780348316084
-0.08442475832095622,-0.008783730500064901,0.0008770521464411952,-0.0020762377359673555,-0.0005966314418997191,0.0014393409755241106
-0.07219303001159287,-0.005464030479426657,-0.008739147436287537,-7.219697738939831e-05,-0.0033617673531961168,-0.004801942745711727
-0.07817422095619568,-0.008530876734803837,0.004269184467847796,-0.0068883744492685825,-0.0024189055402865267,-0.0018232876543213068
-0.0721646375077485,-0.006223634687390455,-0.001648552474653582,-0.006759938791904633,-0.00033904031677642376,-0.0019519208784242433
0.13811442502236862,-0.04011162872102299,0.051474938350607985,-0.01728191661506103,-0.00825369346541068,0.0028439464301488085
0.5417385295166595,0.07776215035347468,0.09560121622700468,-0.0013956018182269957,0.08427733437204023,0.019140600040908635
-0.02766927966739717,-0.007862435383257427,-0.011504992050535083,-0.009626412705752672,-0.002725867261771915,-0.014413046377358924
-0.10013237237151736,0.0046078098882166236,0.00268651238379971,0.002266453803071276,-0.0015945285684847129,-0.002266157066022489
-0.09012697029704439,0.003914696986104303,-0.01730134427189246,0.012178839075292136,0.004168680378195287,0.0027093975720268813
0.24414958309419865,-0.10196892458138701,0.0072732234002894,-0.066130551112343,-0.015198624232342861,-0.0033100572319261015
-0.08713998373161186,0.011145360759971749,-0.011790345558036897,-0.0047469960476738465,-0.0019748454977982907,0.0006746304487053665
-0.06205198978569307,0.010623024830183658,0.05575751268361283,0.07755616450393792,0.06895137821910866,0.026701399496982834
-0.08645047753249162,0.0014562324299998255,0.0034798981628779545,-0.003055328923087175,0.0012971587980720074,0.001058089095771488
-0.09791114678742305,0.004075139387754816,0.004877038088871272,-0.005370947524753997,-0.000999749296676167,0.0014622166376475063
-0.06633207209497605,-0.009101067266914967,-0.0020221821499268613,-0.008203100483238962,-0.0035846178462036133,-0.004765091065734963
0.30071039526353327,-0.11466212990354314,-0.022034482279136444,-0.08126238033280982,-0.017566702277277645,-0.03437431791337479
0.26005734264781444,-0.20538986271201426,0.017025816889881244,-0.08871336148470897,-0.011320331807107474,-0.012989084119008197
-0.0721016892808956,-0.00030828576771663543,-0.008529224624868458,-0.006271921758380382,-0.0012726672689208208,-0.004005624500082719
0.08271364746720467,-0.045471816864105535,-0.031245266840425532,-0.03845177354228783,-0.013419781680918818,-0.00464503993140653
-0.08590777196843763,0.0014216089046795294,-0.003768748269733099,-0.002754087923385537,-0.001841896321135819,-0.0015365716193548608
-0.05105110021960086,-0.0038165529736971784,0.0006304801100545212,-0.0047586150537737145,-0.006176172371903299,0.0036113752901562133
-0.07329847051137475,-0.006102986650244329,-0.005042215477303412,-0.005394075872970654,-0.0029754693871898484,0.00033102658992101655
-0.0855703928121218,0.002390508807423432,-0.003706837485724159,-0.007027705154345797,-0.0022723341526642003,0.0015871693907180426
-0.023102078474521146,-0.010146264812327424,0.007112090845132202,-0.012425944563321587,-0.0010966688892949975,-0.023435409946249475
-0.08492522027485924,0.0025726614502738694,0.003348812196333515,-0.0020862960872172153,-0.004000649344221905,-0.004625792651387174
-0.06599906700591983,-0.006873562793266629,-0.004395435189050885,-0.004556913819896143,-0.008784594273181387,-0.0027242035989671087
0.2654896150497825,-0.025967997759567884,-0.0014275539559783716,-0.0013936797192540824,0.0012007148742314722,0.004589875639686974
-0.0698012072208222,0.0030954647821417516,-0.01091927037223807,-0.004630135997071344,0.007709273855424595,-0.001015660433697236
-0.07076203911990625,0.0015123185330603328,-0.009018219206755471,-0.0066397863154688316,-0.00439809566553328,-0.0047866628280426905
-0.06595596570079916,-0.0027062769289490788,0.006568669755912548,-0.00040598128542819874,-0.0003481140368294261,0.00038007296195112213
-0.08459767319817169,0.0028860597072155082,-0.013085466502884082,0.009350388828002817,0.00865473980142695,-0.004140478360113355
-0.08321409156471508,-0.00636123879914411,0.004230712288012917,0.0006213017984547372,-0.0004494564724904326,0.0014263444549289658
0.22250075356438365,0.07702363745050815,-0.0322029243675368,-0.009174014209197756,0.003182394387295831,0.020880442797269826
0.06203070537014704,0.008878828361491682,-0.0028424661708411395,0.007895940548695305,0.01296574750337568,0.06791337826050811
-0.1056829164672652,0.015240981882012845,0.006891150211859252,0.0025783795508447817,-0.008369880952346247,-0.0051935156407971386
-0.07098053729192165,0.0003316669212079515,-0.008658839835482804,-0.005241764548728445,-0.00286002090664874,-0.0070570936250641
-0.09190534255328814,0.003690543452584214,0.0018696732830618015,-0.006247456099685379,-0.0003347705008408918,-0.0006829108489592603
0.057570931996815816,0.006665195120540794,0.047499247565149734,0.029137072684189188,0.014307760187576199,0.047880100197289326
0.47075878631579193,0.05733829640664606,0.0651394201346207,-0.021016109443311344,0.03356771704758652,0.01851309258063327
-0.0626226612063824,-0.007957308287740253,-0.0035295930800994077,-0.0048883412446635655,-0.007591509808122579,-0.004791877179761752
-0.08192097512021039,-0.003233624596686402,-0.001310169503718696,-0.004268647894089424,-0.001388267759707231,0.002148622570887753
0.476561985884612,0.015134714640285603,0.1127093171889028,0.05252209167036401,0.08946263558776153,0.07579916201091692
0.6986002075243879,0.12003965816538316,-0.028160441883988488,0.03470658947548867,0.06198536792375548,0.05111120873080632
-0.06791450295753705,-0.0036611484424512904,-0.00691143252624169,-0.007317338528668543,-0.002397425393458836,-0.004138265858394204
-0.07200097522230557,-0.0004550403310684778,0.004177851670551848,0.026730300037214112,-0.0010641749535813612,-0.030762982985191225
-0.07133511176904479,-0.00734907193923926,-0.009524141403712265,-0.0058339497646955245,-0.004205544790830858,0.0038961367926910705
-0.08961891186146526,0.002422910282241895,0.0037061678891393487,-0.0053083738843141505,-0.00424701003609764,0.00020136758679797912
-0.07104824678365959,-0.00936346933245034,0.0018532312148886124,-0.006469130181819456,-0.0030752054483232484,-0.005292568392291578
0.003287017691514331,0.012774198302299814,0.02499028049218443,-0.010565422801259624,0.01289710731928667,-0.024323400103885343
-0.07489939492891995,-0.006919325584560968,0.0024254474165402453,-0.008063616442479809,-0.00468838907311745,-0.0019034056458428416
-0.1092053335148119,0.0178999152825196,0.0044647398872653225,-0.0018822651561034073,-0.005790060103379615,0.0030361779474807073
-0.047670888565758705,-0.0017620770455931778,0.0005748850116081552,-0.01358908387453922,-0.0027808946843653824,-0.028219774312002333
-0.08509334705168939,0.005472442512903672,0.0008929715533645371,-0.0036672731367114048,0.0033290888191921273,-0.004611358200373377
-0.07104503934053664,0.0016136965117460773,-0.012135504628002242,0.006115252092096678,-0.009659561576296702,0.0005933258182695464
0.27663750981894164,-0.06374891490851681,-0.07841940265393119,-0.07118249422641434,-0.023322906527300794,-0.04257974607136636
-0.09394267541907571,0.003108953458474891,0.007002358308075969,-0.0021189242977515984,0.008453943234692915,0.0015599004878554359
-0.08749297524108478,-0.0028792670556880696,0.004745636019246563,0.002719599737480982,-0.0038934057783027733,0.0001700260990474736
0.2448969229987723,0.009680138520132737,-0.09526553873385615,-0.043781874347959535,-0.031164469511811562,-0.0705983957243064
0.23171114367337672,-0.10788977416475255,0.02263603080532293,-0.05614149406811897,-0.030388555779298075,-0.016332410990526066
-0.09030966941917613,0.005678042821951309,0.008161560550806093,-0.0013725626023040158,0.005062077360246444,0.003916615858787693
-0.08218803681637232,0.0018183931471969905,-0.005339531550464196,-0.0022937652299867416,0.006973439561386817,0.0064559864663202415
-0.07983466455372039,-0.0026655494967112365,5.8262893381563916e-05,-0.0035939521314702467,-0.0024975271562278924,-0.004497254488161427
-0.07266527366219964,-0.0003548686555895076,-0.003319599964565711,-0.0067474702255906505,0.00847077689472671,0.013553519621315704
-0.01204351915627871,0.005618851606516962,0.017039988875048248,-0.0032119228222308224,0.010820185322645977,-0.010108248799712458
-0.08789645331656121,0.003453491496496996,0.005302037306978126,-0.005335780409358514,-0.0030898355009162416,-0.0038336994914581553
-0.06635994370463413,-0.004942553586432385,-0.009163430920268839,-0.004854055237105151,-0.0011503796833353037,-0.0026433959218379105
-0.06242476086523023,0.004484430765197407,-0.010929392630418628,-0.002422686281548585,-0.001940461391503018,0.009998476518829182
0.14701066244643898,-0.07285642517788606,0.009067957910631756,-0.05586751574955717,-0.02925937952665855,-0.022034846957093176
-0.07696826487973553,0.00469172739231239,-0.006380551595600541,-0.004774570716389685,-0.0014085529268451037,-0.0027812404926986153
-0.07931579427623506,-0.0069722448898486165,0.003808099240816934,-0.00688969701491535,-0.002465348169520342,-0.0005528741725502755
-0.08403516878693244,0.009913561653518302,-0.0059219435575551685,-0.004929654112634948,-0.005694278907820512,-0.0016892891425051325
0.6945572258577568,0.11787900138691151,-0.03218791739449999,0.03354790267572194,0.060299107351005216,0.05375084988964581
-0.08030931694207374,0.0003767971423756416,-0.0020779059311184264,-0.006453056848456013,-0.0023818329378897138,-0.003612693239626603
-0.07160004676298136,-0.004049498282687119,-0.002400449742140363,-0.007036538113212989,-0.004169523159755458,-0.002801150309465576
0.31460424035791945,-0.010503883446319019,-0.03697802127222304,-0.044875739460832016,-0.012511908406629569,-0.00887973913254906
-0.08151701755583633,-0.004328629034345336,0.0044516165248775965,-0.008532276355263251,-0.003211030865562934,-0.0009968862977017866
-0.08178980417682295,-0.00020428853321574863,-0.001716088266284175,-0.00567685116644011,0.0030084604718217177,-0.0015547091440611266
-0.07854107443822375,-0.006591397455153845,0.002969219987891721,-0.0010496719125293855,-0.006119534302192482,0.004440772835983549
-0.07391696018501508,-0.007669526455938515,0.0024462209654482086,-0.00754500441791884,-0.003219672722275986,-0.003535544302783522
0.2215753787026582,-0.11110592602272729,0.012275798598562065,-0.05705788736673156,-0.03232910025531792,-0.017660208019047358
-0.0797152158260351,-0.0030126838237484015,0.003319597117242949,-0.00576032835558007,-0.00037181664149085427,-0.008460576534426537
-0.07497232604181933,0.002836122210622892,-0.009996261766791322,-0.004539227680420778,0.003878943194528902,-0.0031874481088615017
-0.0659275627856663,-0.006270128914581745,-0.0068930965220150645,-0.0077170914123359064,-0.002434636883579799,-0.003633938725312669
-0.09954647733251071,0.005831263341921324,0.0010262593160078979,0.035800409938903294,0.0010841972254491735,-0.00024947651849643366
-0.10112143633644115,0.015578336434452188,0.004523316350886837,0.0025040144690040246,-0.01034087970223703,-0.005678017091972998
-0.07863268560161253,0.0010753602668342834,-0.004285457276767096,-0.009493162457051518,-0.0005136838929416384,-0.0021100203759396976
-0.08200572077690302,-0.006632199209452884,0.0038517765613281865,-0.003252066674605974,-0.004849291909097305,-0.0008114388679323318
-0.06327000340967244,0.011235421440460596,0.0156294187588442,-0.006497262090385151,0.014602314487340114,0.02764629036426037
-0.07287157011779238,-0.0076907533861225565,-0.004528538638638259,-0.003476724060968278,-0.0024310520425198214,-0.002980082840019604
-0.07360272273263856,0.000998171786785346,-0.0031995342125110703,-0.008651129033188404,-0.004069459529499312,-0.005173204996639369
-0.03406315670382874,-0.01023931831155635,0.0038687314357734003,-0.020094950595990813,-0.0021821458098178286,-0.029862318799343035
0.791169956793222,0.011315169988326362,0.018888444139452773,0.2711048968282633,0.002333223432387572,0.011968893992756323
-0.08332122617613656,-0.0006237630541231629,0.0018147761204844524,0.0052394142182072435,-0.002001291395715716,-0.01108740730004532
-0.08073455402406184,-0.002825435932582214,0.0012689590817684978,-0.008305300098570934,0.0007780964767277619,-0.004167486209162821
-0.07007043227864856,-0.005332818741281595,-0.00224928035361587,0.001504365284946669,0.006593638054920662,0.0021080647992906707
-0.08915283339274384,0.014320728932487634,-0.005443594912270239,-0.004414224073930656,-0.007987183132734098,0.007093851240926397
-0.05178528465005102,-0.009761526316987552,-0.0029434796654326176,0.005721682576103996,-0.015066650904218945,-0.010681142772435042
-0.07486857480509458,-0.007476324354696199,0.002442991700600541,-0.007643638850188067,-0.0025322971032585074,-0.004095891195010176
-0.025644445729252535,-0.007032246110610368,-0.014438660929237436,-0.010426879228821278,-0.0020058667586484733,-0.013392430001234726
-0.07820118373813995,-0.005389498724837354,-0.002021225796249198,-0.0009292887094205413,-0.002425619022430035,0.0030486521619170846
-0.06538335466464272,-0.005799282309207338,0.0032968342973837207,-0.0007967365710405706,-0.0023567354978962195,0.0003026737388001543
-0.08598025329671372,0.004195419643019901,0.004998270042761516,-0.0021837161752265664,0.008452717030703242,0.002488434581423046
0.2580712770680682,-0.009990565399227635,-0.1336736675773871,0.00983015260244116,0.027874209108668575,0.028918648309042765
-0.07629109229883686,0.0028866062862905055,-0.0009730090287942532,-0.007137986231057988,-0.007417528855012774,-0.005403115124770604
-0.06502176480264583,-0.007506745493461922,-0.005014769483136384,-0.008085428382071618,-0.004356419963998583,-0.003849219273303704
-0.0778574026115159,0.0015220785033476035,-0.0010376624686260993,-0.008139742290051467,-0.0024537695992911464,-0.0065113865692326784
-0.09167058896494518,0.00856170250892922,-0.0027207771677871463,-0.0057958479340726775,-0.007342167016637914,0.00480658275122691
-0.09130328554802032,0.0032750729797871,0.003438418680547092,-0.003605233247075166,-0.0020277904232587273,-0.0026597656782989176
-0.07715999600555437,-0.0009673887801190106,-0.005534064471693795,-0.0061273624822527515,0.003404692721681534,-0.002310854990481513
2.5139483887088234,-0.024662842537165337,-0.027477857461603316,-0.07056012145392163,-0.026231781551592517,-0.05563154200432217
-0.0902739464630973,0.00155888478595163,0.004410587898444359,0.0012669804346189188,-0.0036403397884615177,0.0009254535885964898
0.167780452621907,0.03346107215849704,-0.015037536475174891,-0.021103150120336117,0.009447311464393466,0.012530333245108292
-0.07172291937432466,-0.006577629789009987,0.0020278777878071264,-0.009895726403612278,-0.0009874074529404716,-0.004861157974377673
-0.06527590013780328,-0.0027576765378115983,0.00530831245867532,-0.011146903979394414,-0.010946868170123972,-0.008788121183364934
-0.08212378164908109,-0.0035302691537590254,-0.0021601686903554487,-0.0044611682205738116,-0.0016148872850481038,0.0016919163316014448
0.16922336006459285,0.0045423485498802575,0.04254010019633389,0.057022103162949075,0.028862915191063074,0.12129695648300315
-0.0794072789092453,-0.00652793203343315,0.002212836866559847,-0.005994976085711343,-0.001370246345453234,-0.0035258388155821174
-0.10484806789660664,0.01582777672644714,0.005352253967559214,-0.0018544383954515159,-0.0031853888955557914,-0.003395917738827016
-0.03361157645406633,-0.0037140884000684215,-0.0010067869121146086,-0.02341491616159559,0.00014838931183904134,-0.030130334473545014
-0.0777963402638383,-0.008381333530477207,-0.002519115189101605,-0.003977656737315623,0.0012380920380140872,-0.001206568344732871
-0.06775974772258389,-0.0049228825577830385,-0.0016925922151576917,-0.007371977462653792,-0.00513448901815288,-0.0059093201095766455
-0.0777949844646175,0.003669702794643712,0.002110137321093538,-0.008393923900240316,-0.00017071664957143617,-0.0072550613327543555
-0.07022711223907581,-0.003901017687461066,-0.0031544040018307655,-0.008933085290846726,-7.53729049768749e-05,-0.005087804040516084
0.5022964693339469,0.019345389956021187,0.1646225655667866,0.0686220863121885,0.05680539724191786,-0.0012363765618748433
-0.07357841468918323,-0.007246309069018456,0.0025920343133489813,-0.008038231799336075,-0.0031331593880465805,-0.003395359641063135
-0.08779316939395666,0.006021608406639819,0.007684560774943218,-0.013348583634847314,0.004833176949842969,0.004686817209332225
-0.06803613621559525,-0.002626464316987854,-0.006866252566734721,-0.006293238414263967,-0.0034740013198563415,-0.004618896044945338
-0.09015984438004364,-0.002819076401169731,0.0022842225955432196,0.00039132798101683885,-0.003381512215205698,-0.0005119393548838076
-0.13321539631543433,-0.003039683682984154,0.0031426284589216973,0.04637112476523734,-0.0036498435675938043,-0.003948842651387727
0.05109657274105128,-0.0664297301613736,0.007749098645545366,-0.03707245893206599,-0.021677648725842286,-0.011970886219102606
0.5460125545457356,0.005296486407751718,-0.004889519630364627,-0.03098006382297496,0.022238272067899568,-0.02281603074066328
-0.1331709841541078,-0.00044480680414787466,0.0016797020186755606,0.04238593855314665,-0.002570918251889757,-0.00247769348348647
-0.06461685991690948,-0.004068598794237504,0.0017725492264541885,-0.006452186151320265,0.004851966890787817,-0.002564093219087511
-0.0838407004719623,0.0028731487001911107,-0.009238831246732353,0.0010916174745333519,-0.0032665479795313634,-0.0012877305747036971
-0.08024192038230442,-0.007632191887801313,0.0013135961953562685,-0.005022540387014845,0.0007167561717422467,-0.001132671825222354
-0.09564666608492918,0.00712549833366816,0.0003364434208928647,-0.0019524151446213079,0.001809779400928268,-0.0050932054958435745
-0.06579393034201304,0.0018060130741086296,-0.01564141161293682,-0.005124203099181563,0.002455539719460278,0.005859897098338247
-0.042875518890543605,-0.0024927235561897497,-0.015115763366543727,0.001705123260048855,-0.008072529419370278,-0.023862122725531586
-0.067035962605434,-0.003453548352739906,-0.0016514992599473528,-0.008319322531991769,-0.0023393056034371825,-0.006089677816067839
-0.08924626976340588,0.0017753994695615095,0.002450651299898569,-0.005237859042225728,-2.568160761271967e-05,-0.0037111709296219035
-0.057728096685022066,-0.001491103619961554,-0.010223530853479398,-0.008176805431760569,-0.009902651172690945,-0.006458588115233397
-0.08307418802800459,0.021895010380980472,0.00709665575379801,0.01610589967004712,0.02610494210886401,0.022659059519699678
-0.10301142641332944,0.016869022209150156,0.00631006477920919,-0.00762281504641046,-0.0021711372411742937,-0.003911333513953352
-0.07149872572311837,0.004556853081464865,-0.012470537162950894,-0.004938026130306522,-0.0006678334709433152,-0.0023864850228545306
-0.07391903144099662,0.0021779303757365797,5.5196611546297866e-05,-0.006647983163926844,-0.0026816817378014007,-0.004698440754528386
-0.07297330631800533,-0.004965126815988662,-0.002224666064495544,-0.008024750996125181,-0.0011575485585343652,-0.004763327926797333
-0.08240109413753502,0.0037031295684218832,0.0005734228540429798,-0.005071781210387185,-0.005380983928284835,-0.00461756830543693
-0.0645019145085014,-0.005527288032621477,0.001166934088164388,-0.004296825616598494,-0.003911826607262858,-0.005567902730400758
0.23772209832755314,-0.14126183772331755,-0.003102512110711708,-0.08581489378458597,-0.011149458541752642,-0.03673541236352455
-0.07665397144594754,-0.0006384796938835674,-0.003578094038115566,-0.0028122421492452064,-0.0037650318732530934,-0.006056321182612418
-0.06866107897541186,-0.006905959750717104,0.0012860355224540419,-0.00881314057798421,0.0003459290904538135,-0.006851571822895258
-0.07742747541788689,-0.005097224986877444,0.0031759614623973077,-0.00630968880985871,-0.0018252249771519614,-0.004764789720870422
-0.035039654081867246,-0.008583194739171103,-0.0022197580543537264,-0.0192025412955117,-0.0019970973287383306,-0.026889062141541825
0.2884007592010139,-0.033631239041818285,0.015462075000739397,-0.011477760051318347,-0.010328166696273526,6.191955004863934e-05
1.1270594996696646,-0.03604919685551219,0.038780379622122683,-0.040202963595576076,-0.007636256748962988,-0.003301467593624077
-0.07529854518743996,-0.0069362797947853,0.0030876224343563906,-0.006530250655301826,-0.003192977291528493,-0.0046924981549543495
0.22653539457617328,-0.12213878616423114,-0.019597559820653254,-0.0831675015522124,-0.01156869272544668,-0.03007726829092497
-0.07243555388664409,-0.0016739901301264962,-0.009008944008671136,-0.002710665817766394,0.0010743926676358353,-0.005447474974996061
0.13497545479911616,-0.06443874053868331,-0.009317086577475238,-0.05598541063823553,-0.028265060772259407,-0.020982142362737842
-0.06664587731264723,-0.009060879223133858,-0.002021638604185636,-0.008196337629445253,-0.004336166843777842,-0.0040416834004668245
-0.0747241648853806,-0.008735095238075693,0.0015695109691839777,-0.010803221196722557,-0.0010526994249994788,-0.0007752611158394135
-0.06598262536795589,0.0010104734439818541,0.005786628941226623,-0.00327979992568141,0.007917955913005701,-0.002487354327843321
-0.015118234034635254,0.004828401286719205,0.013907927929226838,-0.002745339751950731,0.010734071531764445,-0.01039401112461077
0.2486514328061682,-0.17545261582829247,0.010671404946523359,-0.07661800578000731,-0.010382899907007297,-0.04428853060050461
-0.08397207686510359,0.003661414536386141,0.0037014235969835573,-0.006185089160558378,-0.006890989073634252,-0.004617068638741753
-0.1331709841541078,-0.00044480680414787466,0.0016797020186755606,0.04238593855314665,-0.002570918251889757,-0.00247769348348647
-0.10157497091672235,0.012752384698721779,-0.002013992961755605,0.00017463060938884893,0.000845361343932854,0.006407420283627248
-0.10216516252705958,0.01924701685727237,0.008027477320762486,-0.0028670045489035774,0.008902153745174628,0.004871740575885098
0.1768474603892047,0.0031392119203840457,0.04872533771153551,0.05283263297632835,0.02713500770193506,0.12201491784260338
-0.07295353802767156,-0.005497397258170087,0.001149170659522297,-0.007310671841120134,-0.002076627581426186,-0.0042395557054297275
-0.078612536501186,-0.002979209420290292,-0.0018114063541789713,-0.003208572541385348,-0.003931645567376754,-0.0004431784393226277
-0.0797296068315646,0.009985360061553407,-0.016268961944335723,-0.006357169985503671,0.0054757148806647,0.003631463072908227
0.4521345838209418,0.22561280863976205,0.08792928253933398,0.004490895590397208,0.014981770347152062,0.002626315740697404
-0.08368625656408155,0.011045933776930951,-0.010632078179290497,-0.0027042515654555543,-0.0028063207622969133,-0.003122796904708185
-0.06695310226802832,0.014850683994327929,0.023122699185658565,0.00030764862686830867,0.07706553366870623,0.022180453933270016
-0.07382764827475666,0.0007174768561570333,-0.002456003226964442,-0.0041625839208781525,-0.0017048587330501324,-0.0029032525876097844
-0.07469153236246234,-0.0018796807033444078,-0.006323427744636116,-0.0033187032706956253,-0.005694995914347271,-0.0017506037713140772
-0.08010418174161991,-0.0029514774796231373,0.0016539008964824042,0.007043387960358103,-0.01499367845572665,-0.0023679765439222375
-0.0750088465526816,-0.003602874784353504,0.0002765026701917971,-0.010340207872813327,-0.0012846957450729844,-0.0046479773391947974
-0.08155526951498639,0.0027407191626782007,-0.0028981525276016522,-0.006593181506828999,-0.002597965949771398,-0.003403265133459768
-0.06678133222465084,-0.004459033115932347,0.003130418938797189,-0.006263043581499998,0.004974039913973695,-0.0024717974313662305
-0.07495161970050417,-0.004404014005219577,-0.0024918853026514834,-0.009002018736224558,-0.0022789630225480352,-0.0012130513616403526
-0.0806437194907034,0.0017699325192028787,-0.0032278619253990294,-0.004581739840386118,-0.0018195155953171927,-0.00546782985441463
0.10177713434728088,-0.04564654370282189,-0.008763897110154423,0.01006974796728239,0.0005955509566509919,-0.009101998449746986
-0.07172800897684806,-0.005610766682025335,-0.002646913342043836,-0.00762103559932799,-0.0028974842354121937,-0.0039853940820204735
-0.09518389068799757,0.004039742986741035,0.0033517258097500754,-0.006008878139316556,-0.00124894868567707,0.0012551666199368584
0.26130671262127414,-0.06943045625739847,-0.00259430060314915,-0.03843152466484384,-0.01581990472915865,-0.0006734742094730426
-0.08348159390991651,-0.0004862146586981689,-0.012794895445200577,0.012789206583287076,0.0037449579703631017,-0.005784933605978563
-0.07191244143801298,-0.004177628173682525,-0.0030746291453285853,-0.007044508891526661,-0.003142788998709362,-0.00450144535777303
-0.07588537306090044,0.008552231519724807,0.005577873745963263,0.017191052688943775,0.009314457355428645,0.005796255718570301
-0.07208565281901834,-0.009883952741783317,0.004310423958188823,-0.005951935994521809,-0.004484136277102323,-0.005284796542862509
-0.09923951900013864,-0.0032572061368701215,-0.007498962354127747,0.028281395835839763,-0.0052699908156624365,-0.005393039703950611
0.10391485354402703,-0.04681785422053308,0.015433262493851673,-0.05247347355587804,-0.010332243443828892,-0.016283036985704477
-0.07276654773366806,-0.006709629805657746,-0.001965212985506113,-0.007234683330787789,-0.0026724348691186243,-0.0032471383991260804
-0.07624122137355803,-0.00711698525343248,0.0032385745281127824,-0.010487591704020912,-0.002727325274253179,-0.0013278208535510414
-0.07977841531801597,-0.0019781922017727584,0.0017886149669428812,-0.000540520931593446,-0.002811136040540957,0.0032186850032137233
0.29475360292881414,-0.10513634555306788,-0.02240425341957126,-0.058563987227391846,-0.016492071353171656,-0.03445549333870566
-0.07542818680345498,-0.0036703324393851005,-0.008787570594354465,-0.007031518477231235,-0.0014804298201142021,0.0025588252318658453
-0.08630999674200586,-0.00328743772773665,0.002657434881545054,-0.007140600116524803,0.0014957045962800156,-0.0016379156324552967
-0.09984940576330745,0.0062519255768428384,0.004597880355055899,-0.004571202525091259,0.001791389037006603,0.0036472207298312498
-0.06313931602667272,0.004396605836732047,-0.012018389188000148,-0.00275514360507763,-0.0022277194490395386,0.009692640781956108
-0.06677492250476695,-0.004928221319370845,-0.0024651813447831316,-0.00733613893200732,-0.005897731717529537,-0.004084177464236131
-0.07382275789872525,-0.00823244691985983,0.002339932772265279,-0.007648547462991699,-0.0035009196650232647,-0.0032289894700226977
-0.07381047434222612,-0.007445386928168548,0.0017959554966513437,-0.009593504370689582,0.0006929639816532706,-0.0050590039945162075
-0.0795251893909984,-0.007293481391304789,0.0034926211475225745,-0.005009408702288837,0.00035954252051356223,-0.005607655258385137
-0.07612710796786626,0.001739024910181795,-0.008814824123901659,-0.004768854553853707,-0.004611687742679274,-0.0015464748990545417
-0.08961835235157208,0.005156623721296906,-0.01865369834904719,0.011037432318435238,0.004496201366272253,0.002566456173297655
-0.07933702350522624,-0.00828579191215556,0.0028868103652954138,-0.006492459683449352,-0.0034606662648485986,0.0002499125429960835
0.8180808700349752,0.014174645894457032,0.05904840342380442,0.31445955664665487,0.006893810434216852,0.006981345568232325
-0.10114625008513398,0.006519293078030578,0.003967795896550687,-0.004260253149594448,0.0018049959132646481,0.002760639000274504
-0.08517932510143306,0.0017923168880371997,0.0017898039912140392,-0.009261855976146028,-0.0007486831607354862,-0.0020428512003224696
0.011155600837559414,-0.0009525733338377296,-0.021454365451173126,-0.011956262004713527,0.008032330686688413,0.023010707354445895
-0.07554842336933487,-0.0030621550008876216,-0.003055989522998722,-0.00451084799671832,-0.0022567360580712,-0.003802249082924008
0.20847756578594503,-0.06001943102997329,-0.03274558858642471,-0.06912985295820998,-0.01498783451578667,-0.013349079478128145
-0.0806890264783848,0.0003080219312985995,-0.0001770705764793127,-0.0054479266228634375,-0.004273674078076801,-0.002098356552078521
-0.054444007626371284,0.016599856406841924,0.008141784733220817,-0.0013436205297732585,-0.011790526481026145,-0.03442711300579848
-0.08233842814845588,-0.01151317586064484,0.0026769818574081043,-0.0059589112981422295,-0.003783995653979314,0.006312704436747459
-0.10585920197300697,0.016872694388737938,0.0024215308483477582,-0.0023021801072352155,-0.0055062264459897646,0.003012311908542687
-0.08553578195135858,0.004218148325121352,0.001202274859481849,-0.005714658488806828,0.0017468937512604196,-0.005866630372382926
-0.13316712169152398,-0.0033400629621460048,0.003492370489724983,0.04318635980359618,-0.0019116103677255928,-0.002299525160794661
-0.07090145282568465,-0.007151369443462486,-0.0013273937965013036,-0.009188939119788693,0.000612836618218977,-0.0030890773810016013
-0.06330256665521852,0.011015447366940923,0.015265646104808824,-0.006425866414233623,0.014644223339371397,0.02757798151997191
-0.12581723495625574,-0.0024862257508551397,0.0011187991478551246,0.0363811374271465,-0.002231864101829919,-0.0016287009638379063
0.14679700360983022,0.006519714236655961,-0.013071703252368902,-0.024402998214784585,-0.002025785337658124,0.000752464567961977
-0.07819182004105306,-0.0008582183645000436,-0.0031621501152324255,-0.006352925946688049,0.00024494076939637405,-0.005315343645505999
-0.08441419770876422,0.002650395731748918,0.000732114072182194,-0.006839571856753732,-0.002746441693382141,-0.003548426377510722
-0.03320942308507885,-0.009242488348882714,0.003952906144376771,-0.0007003230010356287,-0.025745364040292467,-0.026966188619500345
1.1052826110472114,-0.006488062879534439,-0.02558577052158672,-0.02130218309890168,-0.00039148866666756106,0.015170003566292684
-0.07485028352513347,-0.006272660352050751,-0.009376587276610435,0.0040469705056077054,-0.0031338148034399578,-0.00245670383407654
-0.08757743414586995,0.0023724260382828803,0.0007820157839177127,-0.003559493272785997,-0.002022406509107116,-0.0029700316660033494
-0.08591327232686745,-0.0057770392082374545,0.001859302422689836,0.003408269578170802,-0.001722837497232901,-0.006375673565233952
-0.08165726918665386,-0.003228907164128789,-0.004964160838229288,0.0009828597079701775,-0.00367646921623946,-0.001961713595953174
-0.09122334298750974,0.0028615024349106072,0.0017048894592173302,-0.005158037219046457,-0.0006812466623016535,0.0018339649227713248
-0.0721646375077485,-0.006223634687390455,-0.001648552474653582,-0.006759938791904633,-0.00033904031677642376,-0.0019519208784242433
0.0025253268140573272,-0.004967210141084893,-0.011915118967891403,-0.007443257743181301,0.0003081993777092163,0.017769545955313916
-0.09363620598112503,0.010920514677416497,0.005939926822613161,0.006779215146262306,-0.0005732927431621398,0.011347795585137068
-0.08904396206930383,-0.0008935898061028355,0.004172020917760446,-0.004110201159072055,7.208626849511553e-05,-0.00021231631343678593
-0.06565540880755281,-0.004185697823978114,-0.010496937528091617,-0.01072762745043831,0.0024786915658918753,-0.00261778489196667
0.0935129928250403,-0.002715335194225279,-0.056015265028834756,0.03945145345961211,0.013784555689249587,0.07215915950060546
-0.09372377829049021,0.011201014697669941,-0.002171145802186025,-0.0037932591175511734,-0.007938190893275698,0.002960253507570271
-0.06789428725414168,-0.0026735479717499323,-0.009493806639121501,-0.00481017398222802,0.004652736529998324,0.005226848476717949
-0.07655812998890399,-0.00790241623682317,0.004362011912617688,-0.005548265165368516,-0.0028432571075302088,-0.004189860070864924
-0.08784683203994169,0.00048660531748438224,2.9038985267950545e-05,0.0005548292757219922,-0.001837287475441355,-0.005757446992655382
-0.10133098154411813,-0.0035666106322691394,-0.006392622520622691,0.03152919146807652,-0.0048307186485483785,-0.00743419183948883
-0.034893564165793485,-0.0023216139767988867,0.0006000867418558866,-0.014749198224124157,-0.005135950213727962,-0.029321783331687994
-0.0886470761959071,0.002438642444162478,0.0047868964819180165,-0.004649514912335116,-0.0018309441160705175,-0.005803653964241846
0.09753372896210999,0.019282519907831214,0.0331712152512738,0.0061972796932351125,0.007524287582061288,0.07467764181244334
-0.015742243615171493,-0.006141486918342178,0.0053630945174309,0.017931314400801722,-0.004509125091472669,-0.014677975295617424
-0.07539399679953981,0.0011912670028093048,-0.008269405842956505,-0.005480979142459917,0.004685450067814279,-0.0033395536949615643
-0.07533987016031271,-0.0064675035315379815,0.0030963508183808755,-0.006463287244921625,-0.0033097190195715233,-0.004683152771733764
-0.08439820893480711,-3.419445529582995e-05,0.002000368577841439,-0.002984831175399362,-0.0008739741815241428,0.0023765454619442575
-0.08860905907254991,0.0033074012366055942,0.004276821192106035,-0.0031534783189355303,-0.001615995339067384,-0.000295155805728232
-0.07422605945129675,0.0026935255930709786,-0.006834268162422028,-0.006751990852286706,0.0026932682897511133,-0.005923541601600462
-0.11600336866834439,-0.0045414948315750416,0.0004221872461105465,0.03473825427080158,-0.003958589306415072,-0.004010473371563072
0.16515467685013957,0.015763914528128174,0.013659947939112209,-0.0137914231828174,-0.0027570082140684874,-0.002399909555161705
-0.09503637716434611,0.007282790700477508,0.0008408046896954966,-0.008393469247744166,0.00245027312252543,-0.001610418192050108
0.7245777079706127,0.0776485089521269,-0.006083247014209232,0.01575324970199636,0.08903323814914457,0.05270253500764522
-0.07162505941985069,-0.006933351089448525,0.0013132448358003808,-0.006547128945251271,-0.0018762212935894067,-0.005841376107911945
-0.06738732247257886,-0.0035329654914445746,-0.007922109788049277,-0.006979164756288548,-0.0027866589343795455,-0.0021277900254431164
-0.08340700143481113,0.0018621685662754239,7.706144799527999e-05,-0.00771854308156742,0.00035985045047467036,-0.00042590621116183523
0.2827061602671958,0.026953944149748554,-0.02866090498662144,-0.04865373150061803,-0.015068005391163168,-0.016121541958780492
-0.08920048032150316,-6.080593869653328e-05,0.0018690524228434414,-0.003645619808219283,-0.0013352083075068065,-0.0011834240225615004
-0.07312466616701378,-0.002759396298277297,-0.002147849199285684,-0.002680942729163368,0.007234298907447676,-0.000803362806134018
-0.08044697741648738,0.004525422629349271,-0.00825978679592297,0.008669953737605936,-0.0005096637066920551,0.005169400827755502
-0.0915574730279039,0.0021230458731053598,0.00571487501401324,-0.005063927483574322,-0.0018321712828946008,-0.0022313075288243906
-0.08704926335354199,0.000791268717444768,0.004901562797290324,-0.005838219609300772,-0.002693309933019123,-0.0035403251600251893
-0.08224066079555006,-0.00027805622393745896,-0.0030468239869880483,-0.008426211831413826,-0.002370629204147159,0.0020539046164609683
0.33254358938195505,-0.0013534995019191351,-0.06105877652757743,0.001524711867167787,0.03405396517939571,0.054754061474901396
0.09245913389986181,-0.049520114617043594,0.013389102384326787,-0.07667488208030121,-0.010039184613141952,-0.05771185994402135
-0.07547894332081971,-0.008552429764923174,0.002626560823738601,-0.010483877564692485,-0.0018417354644534372,-0.0008955452339172153
-0.06732930268546804,-0.006018243838057433,-0.0008273540017528718,-0.008785143782778776,0.0007033424792323419,-0.006456928604969352
-0.07322518184488375,0.003180762035533647,-0.007612030000098148,-0.0011585564595548163,0.00013607079217021635,-0.004912068867114286
-0.08536728206810378,0.0013192502000767728,0.0026020750755139472,-0.009070147012367353,-0.0007211229920769861,-0.00271407127029858
0.051750483972593984,-0.05177633158958146,0.006228858001789726,-0.04982106356570729,-0.02208233257686292,-0.021758567222422375
-0.08599410532325696,0.0011249813519826485,-0.0010214767617470627,-0.00789245231531288,-0.004794930646540955,0.004045165883509664
-0.07969826362054315,-0.0032562732382452686,0.0036216090146353676,-0.00551120852594908,-0.0005312160221402323,-0.0085459868456021
-0.07308889499506027,-0.009777741886323778,0.0012128468660557118,-0.002806944820545955,0.0030640026839545737,-0.00403523124669579
0.356340389283442,0.054843415600267245,0.058382424683136064,-0.042628862155348224,-0.017352059441934495,-0.00801082980239406
0.4481316978672385,0.07602302333704965,0.1360695764102405,-0.014533985376619683,-0.003294668652200729,0.021576538257082518
-0.08844406721940025,0.0020315829085354466,0.004732251077537185,-0.005362599617359426,-0.002108330088437948,-0.004282512139243033
-0.07188179620911352,-0.0061264917544874365,-0.004679090871467549,-0.005756405053175026,-0.0032177902507196615,-0.002801529330512194
-0.0741689006272989,4.0047898068866084e-05,-0.004169170469544565,-0.005029797814551878,-0.006696436021773705,-0.0038198713082911004
-0.07990373133414408,0.0019387982115197148,-0.0041882347488051315,-0.004293069674597679,0.0048066048628682325,-0.0035050723087955353
-0.07804468327800623,-0.001228800604073819,-0.008896895121333797,0.003056751245726272,-0.00231437604613228,-0.0028913976259873604
0.05462184912425478,0.002365973987839681,0.027195674959386587,-0.001575677701464893,0.015588842533030644,0.055245179708720886
-0.03196814851451278,-0.005935557598999216,0.006393164170299596,-0.02602769199448162,3.723417962137772e-05,-0.03456494124385219
-0.08522753974426844,0.001142743664343937,-0.0005044689503270206,-0.005827875870194074,0.00012398936628045927,-0.004194175330638413
0.3840501040977467,0.006107152793435083,-0.10422647735150285,-0.040204944328750734,-0.015344916716315934,-0.007402111160117574
-0.07843952015162303,-0.00850018952370863,0.00020077226674242437,-0.00517850313896292,-0.004934971364825502,0.002919180237008104
-0.06835216143242194,-0.010635781406236047,0.0031031379562409256,-0.008142401202485631,-0.004270219382104743,-0.00572675134401388
0.39445752123661726,0.0020864876250830068,-0.11637330041892556,-0.048944335543466576,0.004937690442208144,-0.011292199555680602
-0.004735909301280636,0.0033168000921616103,0.0016880501599778775,0.007734951398593335,0.003738852301660281,-0.019053558459591186
-0.016150121645334584,0.004995142333171902,-0.0078755228943074,-0.012958261828346047,0.006462922280900787,-0.014867781131453423
-0.13316712169152398,-0.0033400629621460048,0.003492370489724983,0.04318635980359618,-0.0019116103677255928,-0.002299525160794661
-0.08358217534503826,-0.0019783536075062644,0.00047623838536966313,0.0033644935505460004,-0.008109599179448883,-0.00311811434160547
-0.10277030529468917,0.005068281551281376,-0.006352032065631398,0.03508513914958746,-5.6613830060870876e-05,-0.0024755412065517422
-0.0788405069456683,-0.007767195590510272,0.001652954484959138,-0.0028515510010019905,-0.0031716349010821212,-0.0029728733684184164
-0.022955094269506066,-0.01024255012819556,-0.002940652159277256,-0.013954733801155106,-0.0033843161859694296,-0.016373826660433192
-0.08385870138422993,0.001249814912322087,0.0005767853309622317,-0.00407696352990997,-0.005399846781533097,-0.002482078145649591
-0.10072588581409882,0.0024074883790656918,0.0040014517286774826,0.0025152948549139738,-0.0024451424490619512,0.0026882393341930407
-0.09916855430191512,0.01642460840850913,0.0037593361765623683,-0.007325272013885582,-0.002398502312511376,-0.0035402516964993416
0.6867924850753641,0.03595530296625333,0.14138384775944723,0.4805208904308434,0.006712363865845916,0.0553672270331676
-0.07751348166559362,-0.002949802527203765,0.0013218668485983566,-0.003345584990565993,-0.005742086909977544,-0.0058806247584254736
-0.09208938319407206,0.010512181740476256,-0.0033055565153087014,-0.002982717350093746,-0.004148356008284867,-0.0022818068918136545
-0.08833048441912404,-0.0003498400153166582,0.0028263857182500907,-0.00017118704354894394,-0.0029882602604746297,-0.004628458639042667
-0.08230611098354058,-0.001059654717603601,0.0037686463709085223,-0.005986689074283388,-0.0038951103499378042,-0.0021832585543039326
-0.07179262307302148,-0.009690178912294668,0.004002344934993643,-0.00607723356975536,-0.004579286367717401,-0.005345109243346185
-0.07077616116770542,-0.006524025524720808,0.0005944168726566935,-0.01041141033319193,-0.0007106664446464209,-0.004438492083142761
-0.06853179410617198,-0.004476240673474885,5.771044737804699e-06,-0.007600133326532275,-0.004218375057020995,-0.007743083245763003
-0.09355603880249311,0.000523696647078551,0.006124151327159738,-0.0027043177412477836,0.001616059432048474,0.0012607630916466298
-0.07343101030958388,0.008654978149724714,0.005422214692545982,0.005420612837674114,0.0006080415119916936,0.0013091667176210987
-0.0878351628336247,0.0007933592979540617,0.001418961594804962,-0.007868298772515518,-0.004633497461185549,0.004383128081133301
-0.07831768495415853,0.001172543416812148,-0.006525190593666864,-0.0035251252888443088,-0.003751010299881224,-0.003413752732481731
0.24735421519577172,0.0024671748059969458,-0.09616143677493498,-0.05317859194867578,-0.014492473519019227,-0.015781587388441758
0.09303619011732431,-0.044370991207405855,0.012155820874196364,-0.0802824556115628,-0.005941730284802106,-0.05913592136108278
-0.09561625067885449,0.005545607201059017,0.0036161406712807093,0.010327314185023116,-0.010044771567446724,0.005332732535454863
-0.06710444244518875,0.0030657649171207165,-0.007567011035543289,-0.004353319117173068,0.0020982065367519172,-0.0015570446845443277
-0.08457899593546077,-0.002807942425961563,-0.0045357053011672675,0.009706669546249968,-0.0007533408874935567,0.020331933611720154
-0.09315607798683763,0.0011346198919157911,0.004541862544162628,-0.006523022717254161,-0.0028820679065359226,0.0048855918914842
-0.08873742096276463,-0.00252307447090503,0.0007068864200089157,0.0012251531939744783,-0.005666880332480608,0.001109130175924474
-0.039629845819627495,0.0003138243602749658,-0.02816672897200463,0.013728889732138122,-0.00309889752752079,-0.015917821596750304
-0.07826602443501655,-0.003171898495902203,0.010356765934453897,0.00026217951719726654,0.011341579469821162,0.0016532168494745435
-0.10258745574752604,0.01610729566164205,0.0033465156935643357,-0.004925735523628438,-0.003945793206800004,-0.00037931058126684737
0.03884816653277373,0.00371814067745501,-0.007325148781297828,0.00025042933437531355,0.03470964579968498,0.001379941463333615
-0.07908632724681522,0.0013376038572579573,0.0004256530787926344,-0.007676615973926013,0.00045422735576918443,-0.00792635716687494
-0.09844475789526938,0.005186241760495698,0.009831009368926669,0.011507668390001164,0.003515826099966278,0.0001955146152303535
-0.08093020922541877,0.0037442151947487553,3.333144098858351e-05,-0.0034831997054347425,-2.5517981559507834e-05,-0.007227992134094363
-0.08545779130858189,0.0124229367219302,0.004544203302451723,0.009690415582268947,0.023749736773949908,0.004909489939525974
-0.07416137791970384,-0.004347083819977158,0.0025481208561073574,-0.007868770011510774,0.004369690177992167,-0.002574896898533479
-0.07730633310693631,-0.005935369550770351,-0.005797575293279941,0.0019223412990203436,-0.0031410153427476216,-0.0037195819682537797
-0.08151701755583633,-0.004328629034345336,0.0044516165248775965,-0.008532276355263251,-0.003211030865562934,-0.0009968862977017866
0.34952792767216534,0.1583696292962142,-0.060860415650653484,-0.01955393978948963,0.008047708393410524,0.00016611114180007874
-0.0733100154283286,-0.006299171714253635,1.0932008290923474e-05,-0.010281145337294389,0.001072368104652625,-0.004957753041168336
-0.0638029579401091,-0.010082410957557566,-0.0016539165088140348,-0.007951062544539342,-0.0069198904014357385,-0.003690394239519898
-0.09007114612442162,0.01305163718719823,-0.004580732509350588,-0.0071649028181940315,-0.0026031252905930656,-0.0026228850532572087
-0.07581524198756763,-0.009674673388672065,0.0021906223093843998,-0.002341458262516458,-3.3240242738919446e-05,-0.005485340764900625
-0.08588095096382634,0.021266403372949227,-0.01102499894226465,0.007066287152569054,0.002039592158635453,0.011952986653564514
-0.08307761030497186,-0.003684719035452742,-0.0010138698000735607,0.00010103538638844043,-0.00251634452038887,-0.0025184870776864716
-0.07499974791062045,-0.0002801540573834725,-0.01076069977287778,-0.0014706974052744095,0.0003508812005768056,0.007316933445825236
-0.07514236616230484,-0.00718894436067625,0.0009555211215113434,-0.011504375702289056,-0.0013360040114742471,-0.0004113435102051027
-0.08149151785314869,0.0003178342278748227,0.0033986690032843975,-0.004828153177795309,-0.007791852559114849,-0.0032305054168375764
-0.07924726662259718,-0.004471369752535375,-0.006477266170640914,0.005121543508497732,-0.0007278511918102983,-0.006701145920253726
-0.0285304537540361,-0.013839928874572168,0.0047747917016373286,-0.02069263573524962,-0.00014630541339878575,-0.03416676452874187
0.10275772546133559,-0.027892959696205175,-0.001116746487939447,-0.049308298255244354,-0.006568488639906303,-0.012116243542615274
-0.06642312915032694,-0.0038269837698812936,-0.0071700692740092045,-0.006359828372003068,-0.005055344452926071,-0.005551076056201586
-0.08485526895154301,-0.00843716745423575,0.0036583201595932844,-0.0022825584909803446,-0.004525002447256654,0.0026274411227233153
0.2767396466321955,0.0061847635632158735,-0.11462048390393959,-0.06525300925270094,-0.007168890584318863,-0.023764791677743438
-0.07919207784649301,-0.004029254961397417,0.00398017243302143,-0.004859047561967964,-0.0005272069165316279,-0.007886311992211644
-0.06520857759258815,-0.004272064558444297,-0.011199929189458948,-0.009719612390993532,0.0022550007560047216,-0.0029020194808734353
-0.0653775598307813,0.0034346065923949757,0.004936438137145681,-0.0029991140997397475,0.001317591763661095,0.0023607519513860085
-0.0811361254688366,0.0022878280487969214,-0.0020267067276926926,-0.007907502515945575,9.032580889007056e-06,-0.0003214488717362414
-0.07400954937763093,0.0004967310720196818,-0.009171861796124392,-0.010018774990783227,0.0006746567178023986,-0.0018757347270125944
-0.079212242561677,0.0026025566613800274,0.0019066027163375944,-0.006507766642212618,-0.005944808099302755,-0.0053896224805510765
-0.10894362336580916,0.020363369923768616,0.005663694540436728,0.004497860616327918,0.0008752805558490666,0.007186279244975522
-0.0764294732831919,-0.004303659133381995,-0.0027545983547974384,-0.0023711349884402775,-0.006362624919076939,-0.0015270370512782206
-0.07782228385974292,-0.00284259680543968,0.005026879238160612,0.0017337518062120788,-0.0012237392242109664,0.0065261416618824265
-0.036929231357648404,-0.0002878431459368061,-0.0021203327407908873,-0.014496749491034964,-0.0036662759060757137,-0.02696960260582853
-0.008077367503034956,-0.00756678626239583,-0.018073648181025526,0.004346473568416628,-0.004524463612267778,-0.006380809997614262
0.6730022748226011,0.16138426539549552,0.1969239489225786,0.030563800930304096,0.05095597938120568,0.05164231920537903
-0.06880564898073496,-0.005409318358545898,-0.006833626956133988,-0.007574976319175964,-0.00289980012834758,-0.0029905984776938677
-0.07614894366381056,-0.0004066901240892352,0.0011923411359306755,-0.007969978212083745,-0.00031931708099201497,-0.010306563917244141
-0.08246331297305526,-0.009825279839208506,0.0036392814994126712,-0.0037327443205486116,1.658528923089532e-05,-0.0020624619150565993
-0.08720071640892933,0.0041861297307007415,0.002144828102348836,0.001194611028515388,0.002898696744413199,-0.0015338655062064274
-0.0837487726584055,0.0017925406471377262,0.004496085345451752,-0.007352171195054346,-0.003993181544753974,-0.005408587350829367
-0.068649769857259,-0.008205391302545191,-0.0018173661437706722,-0.006846627102748513,-0.003963069475978474,-0.004785911813001606
-0.12283056945055364,-0.002767510291296637,-0.00020376361417625852,0.034801171742233065,-0.0021213154065015793,-0.0015401850070818485
-0.08731688413634184,0.0032276171627368326,0.0020259291574248337,-0.004919756425355537,-0.0014534336242508173,-0.003141933264799813
-0.08019792886901816,-0.004724526753870529,4.487554364639305e-05,-0.011457180839873852,0.001300771549163721,0.0013398310870002578
-0.05115892616640006,0.03055138576754899,0.039909129963135045,0.07258976429841237,0.12301546693981945,0.016623692261691345
-0.09290691614931178,-0.00445401139147852,0.005181864167467179,-0.0038869046909027582,-0.0010714729125629431,0.0027960039645801293
0.19304554346493577,-0.05256455157004577,-0.029810048625357157,-0.07381707748638004,-0.01411016333780946,-0.013953764119932018
-0.0703311672903811,-0.005396057552073677,-0.0019452413738634973,-0.005740165432886827,-0.0021905269403733156,-0.008276992200126936
-0.13190607905964996,0.000807370280997744,0.005042417367173968,0.036917550016145446,-0.0008074860974036903,-0.004547579866529808
-0.07382383964519436,-0.0007217746578393311,-0.002618238480569514,-0.006669190088221203,0.008554105405711793,0.014679030780938783
-0.07826230568174668,0.0034846955510971713,-0.006623847931293858,-0.005223150129365002,-0.0014881575568898263,-0.0024500889586005197
-0.09088063586263456,0.005761822084941852,-0.002686924124236646,-0.007939409146077686,0.00267275759124936,-0.001424081918486149
-0.08520696853399556,-0.00023471131541665668,0.0009415753437206049,-0.00979102511770898,-0.0016939209153796736,0.002013664469540893
-0.06512988176443918,-0.004880415926337288,-0.0038721410624328583,-0.007863256757074426,-0.005921290012885654,-0.00367723474218285
-0.08977771030929427,0.0053297574828764915,0.007549822391682253,0.006356100504922127,0.00847904454803254,-0.0012714397463088737
0.27743801918388483,-0.016235873244394537,-0.0016816400030987715,-0.015659669746110768,-0.009575778936072577,0.0009371052983562578
-0.08381009176246068,0.005232245641215086,0.005971885792450996,-0.0011713686545195734,0.006804433005209218,0.004684087952525781
-0.07422325135587952,-0.006506862794411757,0.0020216620241248714,-0.008304925695202336,-0.00509741963682567,-0.0019277191753731457
-0.06313931602667272,0.004396605836732047,-0.012018389188000148,-0.00275514360507763,-0.0022277194490395386,0.009692640781956108
-0.07547894332081971,-0.008552429764923174,0.002626560823738601,-0.010483877564692485,-0.0018417354644534372,-0.0008955452339172153
-0.10894362336580916,0.020363369923768616,0.005663694540436728,0.004497860616327918,0.0008752805558490666,0.007186279244975522
-0.07866816206956055,-0.005379608512131749,0.003716322522742457,-0.006203902894905151,-0.0017319629173995741,-0.0051468958811827555
-0.02942413460828142,-0.005128445401052922,-0.01422002192896785,0.015990822473409817,-0.005055022417927041,-0.0236894165539884
-0.07899362884969843,-0.00039947462990248405,-0.003063968645709127,-0.00636146940965294,-0.00046570312978144144,-0.00518637560021676
-0.08927515531247597,0.004194868090914004,0.0038717037578869947,-0.005233290493285772,-0.0020402416940535403,-0.00289598286260822
-0.07579773528238405,-0.007332336702302788,0.003768598734621127,-0.00800883447247411,-0.0008538320913508166,-0.004731364424528963
0.25402655522245876,-0.03277100496100834,-0.041772864958136535,-0.05989790785494594,-0.002946733394899137,0.0004187056402517945
-0.08153009629488864,-0.0065655262765166,0.002738458204256157,-0.006620524907460588,0.001405888338095174,-0.003972672258160386
-0.1131488862082192,0.019061828123258028,0.008116604652708439,-0.0032860761719338567,-0.005360883254968446,0.0011600032644072163
-0.08299711286727056,-0.0027116395072870067,0.0028394268180638453,-0.0014875973865543567,-0.0009296140545806691,-0.0031133012625316142
-0.08272235366594453,-0.0039024593445374568,0.002122713859129892,-0.004258420327480687,-0.0019988975454519687,-0.002319305393720368
-0.0842907936092994,-0.002093190987644343,-0.0058109648032572785,-0.001216342281939171,0.0004618702316504637,0.0051877359880465835
-0.02068698367526496,-0.009422277847339192,-0.01904347225164998,-0.01053076531081425,-0.0067881289642893255,-0.01798706097627782
-0.05904952436357783,0.0384562188969018,0.024621663235439403,-0.0028902124370030827,0.025738622564475497,0.04241199578120498
-0.08976717416172615,1.8491209732595155e-05,-0.002160803781718781,-0.0006762895613807345,-0.002093841264072398,0.0003882506947301404
-0.07741158702237266,-0.004571847178756055,0.005098804178612013,-0.005764281732398736,-0.0022816480132047115,-0.0006265902819876278
-0.07172291937432466,-0.006577629789009987,0.0020278777878071264,-0.009895726403612278,-0.0009874074529404716,-0.004861157974377673
0.27937199824011894,0.005117949919133193,-0.058576124294882445,-0.040738546885670385,-0.01994498319526895,-0.02648752946839484
-0.07234782187199211,-0.0037432333058817005,-0.0006426574180007948,-0.007217791462236592,-0.005605195568911173,-0.004010557730327508
-0.08279701445312013,-0.009433138641552817,0.0034315484571703692,-0.003870804162389143,0.00015509990393263224,-0.0018667662546996543
-0.06626946070609704,-0.003940204626806777,-0.006606990774491944,-0.010932362980945803,7.537208897438351e-05,-0.003832170773185361
0.2602864413070578,-0.2048965856783573,0.016874755470818462,-0.0892705666537293,-0.01131698597430022,-0.013006539056633496
-0.09881438276346241,0.004176266576327826,0.0018042055822375007,0.005961314935333598,-0.004859267556375065,0.00306557502053159
-0.09114005122898765,0.0011579259446753394,0.003364971278000659,0.0009707214925431506,-0.005119019434560248,0.0001654532347734072
-0.0806234792370747,0.009982557103357149,0.0021872573492313263,0.00481041071047639,0.001831028743771105,0.004007538330046175
-0.08568653048937035,0.009347529725169505,-0.002327483325382986,0.006027620916599746,-0.016035921752859388,-0.005481018494847674
-0.1383311050524119,-0.001767151794814498,0.0036610548018563226,0.04707218441836301,-0.002529833980865858,-0.0026313251942919813
-0.08881371879385873,0.0019856919939834896,0.004670961392260057,-0.002424799615441449,-0.0011807351225136436,0.004188832526129068
-0.08764674250316712,-0.0005076572841136676,0.00047941478128369605,0.0013900763636059347,-0.005205909585766541,-0.00011309814668843422
-0.08574373671002032,-0.005176443409828404,0.004981962560842007,-0.0003922649974268591,-0.0022685370990600993,0.0029798337945622705
-0.02797579052876101,-0.013231738594536807,0.0040347037590895765,-0.020369124140023693,-0.00046814311450458834,-0.033253416662660455
-0.08664633197890344,0.017804922408946405,0.0003116617115478252,-0.004117482265277563,0.010559931247768222,0.006163022548623485
-0.08147857756793732,-0.006103165340357192,-0.002118930938330484,0.0059783177604638355,-0.0011228019830497773,-0.008114612571864434
-0.06671567399239786,-0.0033482332434907535,-0.00777481771986377,-0.007301267955562269,-0.004007216213691412,-0.0024018478183051102
-0.13376271691733785,-0.0019645495658636753,0.0011792723326702276,0.04534460391907375,-0.002513828865216015,-0.0028734890037740565
-0.07782228385974292,-0.00284259680543968,0.005026879238160612,0.0017337518062120788,-0.0012237392242109664,0.0065261416618824265
0.6867924850753641,0.03595530296625333,0.14138384775944723,0.4805208904308434,0.006712363865845916,0.0553672270331676
-0.07416627963462594,-0.007806728521045198,0.005201192699735729,-0.006532480082732211,-0.0014533014032716747,-0.002931996076232554
-0.0815797227169117,-0.006019902447091764,0.0021568913816824875,-0.006412462560627962,-0.0050131702343134375,0.003185331687303173
-0.08471291606827028,0.004148234134753725,-0.002612260303260147,0.00914822677019989,0.0004191230936035225,0.005183689441185251
-0.0673404206072722,0.01675008341696411,0.00774942488660036,-0.0027852453827384395,0.003173928621178261,0.011631821062636665
-0.09194662650163843,-0.0002443657228898839,-0.011533653799606641,0.004024948063933063,0.0024688334556702426,0.004181790574223765
-0.0638029579401091,-0.010082410957557566,-0.0016539165088140348,-0.007951062544539342,-0.0069198904014357385,-0.003690394239519898
-0.09415440890087406,0.0013827829093450861,0.004483713297617663,-0.005842802497310179,0.0027835404635834058,-0.0018956842931155608
-0.06512543300302709,-0.01017868456889242,-0.00010920472702123594,-0.00803245414553728,-0.006727638444207665,-0.003953890085310356
0.3584342916477121,0.15825279269498804,-0.05094441117340201,-0.019831408088961444,0.008197944454095388,0.00032716351043774844
-0.07481295322080556,-0.006907562040284073,-0.00011721196868251426,-0.002187161839933615,-0.011186748784423762,0.005001120390926279
-0.0858726412967113,0.0011944071067803636,0.003916622295235363,-0.004413401034208578,-0.004009643420601961,-0.0018140167356076567
0.5211366676373543,0.002002475969217639,-0.18140515505501545,0.29835454300442443,0.00567411055145373,0.011360820451866527
-0.08372432958688386,-0.0046254506781894696,0.0014241731464236663,-0.004087960950888993,-0.0023624146350698957,-0.0010919496297787418
0.39991569829091556,-0.00864419598764368,0.07437495804028398,-0.029085806403485657,0.039943158208249285,-0.019973606637562886
-0.08077229944537696,-0.003106876515227505,-0.00036177865727408373,-0.003693004939223055,-0.003988218457052225,5.696374898204829e-05
-0.08469172902303335,-0.0027666209449432283,-0.0009922140795459726,0.004476201288857359,-0.0026501643375010406,-0.006811413400746373
-0.07972158085195172,0.0016339409500401227,-0.009496166583809614,-0.0007065551722156124,-0.002159273857629904,0.000706072375556472
-0.08763962201183924,0.0028610224030679206,0.0011765085464926891,-0.0028506415308706453,-0.003012163828565402,-0.0021398366074295012
0.20166143728869645,-0.0126947384445009,-0.00678124016552646,-0.048485206728531856,-0.016094549047845318,-0.0719451035974799
-0.07251835547607931,-0.006670842461714549,-0.0013001809583314955,-0.00652973935379791,-0.004221337435153279,-0.00298355760935902
-0.07321151581884128,-0.0026962564598420804,-0.005486309990097343,-0.009272763116154163,0.0013249062421311123,-0.0044006967745844755
-0.0683343353425755,-0.0041987657490678626,-0.007466861565874463,-0.013186079835422786,0.0010804184125013758,-0.002007850481864905
-0.10030905195368989,0.012948284874376938,0.0018310481289187093,0.009655113448122388,-0.0015794589272878862,0.013015038581814636
0.6384509889035522,0.16321200265411404,0.19070292466296723,0.011051200664027015,0.10606118107330287,0.05517419357398185
-0.08455782886528011,0.00369925637650056,0.0013637292591426246,0.0003551203686895609,-0.0024926485595604194,0.005333920647310432
-0.07411148418607783,-0.008004616473051063,0.0025326965406313865,-0.0074621896783597964,-0.0031321778336063756,-0.0035955905192426247
0.3656754381136434,0.016770358088064066,-0.04784771857304433,-0.023746958884045273,-0.004352613657701623,0.017936695447094787
-0.07672532546438979,0.0007304300444064979,-0.0054317422216098275,-0.004153139407373032,0.0005479540300533817,2.7826668258885705e-05
-0.08682513508306407,-0.00011089672415010509,0.0006115283012037567,-0.004967271407253303,-0.008134991822811405,0.009389730750893296
0.02492574467550693,0.0034320873841383126,-0.0011379269532930144,0.0002787084157067631,0.03216163195409475,0.0009653503568480339
-0.10381942323358939,-0.005743869525826424,-0.007850072551426104,0.0317841360553782,-0.003108624190051145,-0.004141790780869864
-0.07434578848128595,0.009473518699443052,0.0028963904568734804,0.0032339697656381663,0.010577349216471613,0.006458412879843303
-0.08550135583819123,0.0007781231632637968,0.003866022538394498,-0.004644631460920357,-0.005386860132622169,-0.0020498780928977283
0.031056390626908764,-0.004737012912476999,-0.012023166242206937,-0.006360658884752253,0.009301237005493615,0.036735152823920904
-0.07426957992458776,-0.004421765357649085,-0.014061513419072573,0.017600710541359643,0.005271720491634435,-0.021000420142972896
-0.085486402358814,0.0004948001933296177,0.0031116205943971403,0.0004514957547101515,-0.000620908251994554,-0.006770789797668804
0.06268773336461876,-0.04591651971179017,-0.018197738493694514,-0.044376790104761914,-0.01803502005022474,-0.007972771610756477
0.012646814539485369,-0.005463916228661755,0.004294029680756821,-0.007152344463229641,0.001594447304742259,0.019917564301698467
-0.08181132516060412,-0.005892257254091626,0.00042263774937428123,-0.004955067321419935,-0.003488714925328469,0.003332026121942068
-0.08699251439292878,0.0006676816042203434,0.005305893571295574,-0.00532203773997668,-0.0012480828415247095,-0.004127328508009406
-0.0861504553593652,-0.006874421938334276,0.003152793617229057,0.01465386018309088,-0.008002177194719582,0.007525996066360585
-0.06041254050655009,0.010673492666702212,0.05493592419784804,0.07814762170463743,0.06924901682422477,0.02733824553837758
-0.09315607798683763,0.0011346198919157911,0.004541862544162628,-0.006523022717254161,-0.0028820679065359226,0.0048855918914842
0.06133464188217465,-0.061650476346345046,0.01961831829408245,-0.03540925883778679,-0.025039495159650912,-0.010723412981913805
-0.08069640813277813,-0.0030526414957766715,0.003960727164202156,-0.0031488013473211876,-0.005612935544419074,-0.005498569734802432
-0.08689319095380413,0.003514610012446519,0.0018045840841987878,-0.005816697120357785,-0.00490925619495008,-0.0013034982438245941
-0.08561033003804865,0.0001676655181530854,0.003792230931788692,-0.005055228479782845,-0.00042232655288540174,-0.003036212200218442
-0.12047173540908197,-0.0020409880018049165,-0.0014792827147908601,0.03452942169371211,-0.0025868199750025225,-0.002539696422408823
-0.12140219077344916,-0.0036497298808763324,0.0013442661562567358,0.03788168230382379,-0.004626255563926879,-0.004205105370175419
-0.06916134880298669,-0.004623552013432156,0.0018518590917978577,-0.014698844451944915,0.0005138407572835048,-0.0028639476777920837
-0.11114499758475002,0.018789368932505768,0.005703526587387091,-0.0018722691580475642,-0.0062769750055247705,0.0028346845266392987
-0.07795889310620321,-0.005919750868636814,0.0004894076213080611,-0.0042727509132789296,-0.0052909836554595165,-0.001596101597461012
-0.08411814028916485,0.0016054739212732405,0.001180576381039008,-0.005185858165870145,-0.0011686057596848268,-0.006415735971118737
-0.08909484738308365,0.0032875571986708675,0.005041090653949815,-0.005749433069165943,-0.0032419147716522376,-0.00433632230455857
-0.0730690092855727,-0.0017806374845601523,-0.009245095497986801,0.0030308227770617564,-0.009427140507024005,-0.002651848711093929
-0.07430758333538735,0.0027678334535189445,-0.009177849203376184,-0.006691362976930258,-0.001873399967442322,-0.00321798963625296
0.20889690098063068,-0.07175108618608943,-0.004805836015949911,-0.05208756339002065,-0.010092796651076362,-0.022535853239314448
-0.1238371404400555,-0.0018096493826840253,2.6089190628990668e-05,0.036258802093784404,-0.00266718646578491,-0.00256687031740955
-0.07098683123533238,-0.0013704597477696423,0.0015362015793629025,-0.009694237298011233,0.0007747899949943025,-0.0053355453306576555
-0.0830574507618142,0.004625977252202712,-0.0006985986999250404,-0.003109442341300911,-0.0077337545234958515,-0.003094376547473311
-0.06034072469903884,-0.0076463897586300685,0.004195943074443043,-0.013500622178898958,-0.006768319408356164,-0.008372722710466827
-0.07023706824393343,-0.0049957360054403805,-0.005296930001816961,-0.005798159622988328,-0.0014342925930228851,-0.0016535235049813548
0.08425517871870655,-0.03447880964515059,-0.014230518009314965,-0.07516862265406668,-0.009293393433182211,-0.03626403986717563
-0.08186621656249106,0.0008061461076647554,0.00016234778162904122,-0.011415936947876335,0.0022300649194927067,-0.0023387310371461843
-0.08319740805442685,-0.0027968271566723405,0.0015471406457155793,-0.005939660532674162,0.0020947446890807572,-0.0022044132283964664
0.39991569829091556,-0.00864419598764368,0.07437495804028398,-0.029085806403485657,0.039943158208249285,-0.019973606637562886
-0.07125196695861945,-0.001185451563174578,0.0020861348480693902,-0.0095792514162739,0.0009787455945814165,-0.005306191959722459
0.04395346954634336,0.008813474481624188,-0.055710896088391526,-0.008733281022168882,-0.0007722781012705912,0.03347087715651045
-0.0681844856223391,-0.002424640447914359,-0.006697018579788844,-0.00632710028602775,-0.0035391535537629176,-0.004738466261500553
-0.08609653422843853,0.003323948238357116,0.0028955871056659107,-0.0038999795401773517,-0.0022697241566072006,-0.0005097241206434786
-0.08717425366446804,0.005631351403329317,0.0014561063089962582,-0.002699275007199719,0.006024609946294838,-0.0029633949764320947
-0.08079588868271985,-0.008469796962210572,0.004543935132892418,-0.0007798517093290822,0.0034128662529419526,-0.0009018983457457934
-0.07857130702186925,-0.007798155890797455,0.0008835792561138895,-0.006983215899954824,-0.0034232903088578788,0.0018716733542436155
0.3947264445002606,0.06997526401270075,0.0485177021249322,-0.011523340838811224,0.017220957409695897,-0.01387925602182547
-0.07891423434224917,-0.009041292488981507,0.0018630853434925194,-0.005594620791607641,0.001017984981805567,-0.0030220438574623367
0.663817329038311,-0.014761878257161555,-0.010764628513468601,0.38871164171164474,0.009173379162535357,0.01646631600389111
-0.08032983209108241,-0.0059575985738126135,0.002590888168092683,-0.007460974930913783,-0.004199645709322475,0.0009609347262641974
-0.07357094447285584,-0.002933697267889685,-0.00913302937172171,-0.008039252856545689,-0.001396963917995884,0.0008801654045790618
-0.08009439665755695,-0.006777078115306286,0.0005599894529865897,-0.00548813813058151,-0.00413545931185069,0.0018797930052468787
-0.08399550399391129,-0.00075180248602032,0.0036102074477357966,-0.005804291071878177,7.942246161921446e-05,-0.0051152577333870314
-0.09428980524557015,0.016544808288456878,-0.0012826793943537039,-0.003920644832090527,-0.00833136393308509,0.007274468655452115
-0.08408337286206091,-0.0017143523676123188,0.0023396576985783585,-0.003578170972200952,-0.0017044895522072211,-0.004279889486925669
-0.07366368713544025,0.0011555172734998087,0.0038718290564661597,-0.0025757357796583292,0.003244322361691016,0.0048890435505430565
-0.08244782252679263,-0.0069817943861854494,0.003234685405171685,-0.006308443439970707,0.0019251693836439604,-0.004009277554585797
-0.07462037564828046,-0.00654096142436512,0.003467546794684187,-0.00862092510189948,-0.0008916143173974521,-0.004435868929561842
-0.07118596744013923,0.0006478876765818925,-0.014358263397096772,-0.005573049609751836,0.000649593069810862,0.0028151385354516886
-0.08759319470556944,0.002001659815960064,0.0027601582991078474,-0.006471816263805473,-0.007247507658653921,0.002676208041083308
-0.09057602511298572,0.018265148629927258,-0.0024367140594228776,-0.0007214855256076985,0.0012835194619959095,0.007539039624293598
-0.0908586404695465,-0.003011955419539591,0.00449558061606022,-0.005756568747699263,-0.0011501369932702336,0.0021380989579448096
0.03104884434547107,0.00458915918271504,0.0007643874680206132,0.000369198018661417,0.03653864240215438,0.0004153543757339544
-0.0615399595324992,0.010548174699167613,0.056383901850852354,0.0775227997456033,0.06909720713789863,0.026989438779313486
-0.07714242515655716,0.00266334068320016,0.00016666745677597063,-0.0071156893994846595,-0.005286608579830201,-0.005241018006766064
0.27918862360852587,-0.03967598712310919,0.04112456842035231,-0.05249290197730047,-0.04721302254641624,-0.014829677585632806
-0.07662542072439203,-0.006031687954977188,0.003364456468438698,-0.010353586015853762,-0.002749056041547366,-0.0013004821788828445
-0.1092053335148119,0.0178999152825196,0.0044647398872653225,-0.0018822651561034073,-0.005790060103379615,0.0030361779474807073
0.27743801918388483,-0.016235873244394537,-0.0016816400030987715,-0.015659669746110768,-0.009575778936072577,0.0009371052983562578
-0.08382365362174589,0.004061961009601553,0.004776993061053191,-0.0066667512937325915,0.006597447802545292,-0.0015211987799999985
-0.06747789980732344,-0.0005579985787108906,-0.00266487728241602,-0.005741302478898232,-0.009512942976587474,-0.007488606963810816
-0.07155796671222765,-0.0038864430835708627,-0.0030527926207099916,-0.004860206933096529,-0.003580289029951264,-0.005872304030899467
-0.0661007690377264,-0.008713491769278556,0.006393737866268576,-0.00721915297607265,-0.00900580356803337,-0.00547623457927047
-0.09705078512725343,0.011018277253996744,0.000529950641705627,-0.0017832983930793351,-0.0067279477727372645,0.004801078412447591
-0.06930835411544164,-0.008167037729990835,-0.0018074657526096658,-0.007704279405692207,-0.004626972327332273,-0.0020843099600526814
-0.08293874032139395,0.004558856613031685,0.005411719367052346,-0.006401403169480319,0.007553033813629546,-0.001305722034379365
0.06558600656554255,-0.0021898633635799385,-0.05909257850323031,0.04003841853223608,0.009872221599050487,0.0700679294444361
0.29571202063531543,-0.05934251416441101,0.021800360339618494,-0.017218381304927095,-0.01926254585769932,0.0007173988004177651
-0.08000496025402963,-0.0006857416558318273,-0.0032865505192195142,-0.002452632948445348,-0.00019221549123920052,0.0017115384089202899
-0.0721975661480551,-0.00457502163046795,-0.006871000396127061,-0.006671844625874859,-0.003712883820704078,-5.368360884041553e-05
-0.07583397002843292,0.003454244616898515,-0.009313441525448855,-0.0071307692412519285,-0.0033180561706342756,-0.001864819062312677
-0.07530986294326299,0.0042990655514499754,0.0008755924402263499,-0.008369763332564307,0.0004616914126629741,-0.007230412192782047
-0.08549162877143193,0.0008121825914193027,0.0046023638607059925,-0.00621367718212943,-0.0013196490927765224,-0.004168181055454036
-0.09075348163644746,-9.591720355330486e-05,-0.012725131891667232,0.003793345831368842,0.0025922216825362116,0.003912385187652792
-0.06812018786860133,-0.00221295723226892,0.001795786844579845,-0.004674140072380486,-0.0003301501112321608,-0.005600176077978854
-0.07283087887053824,-0.004570153565303462,-0.0035874253626421685,-0.006846620785830433,-0.0016195093683217864,-0.004511425452593991
-0.0830737024563749,-0.003092332426735409,0.003208964842146632,-0.003939875586042273,-0.002288279849784561,-0.003166478679599714
-0.08547412027331014,0.00011263458169397659,-0.0020275216917979818,-0.004706649145654151,-0.006468227830532355,0.008501052958547922
-0.08160094235290058,2.5202103929156897e-05,0.003480501139212436,-0.004206235041334076,-0.004167974179841504,-0.007591262266316325
-0.07064760561310159,0.0022528463139110666,-0.00963820833264316,-0.008139588124849896,-0.0013980557480457747,-0.005741488413985343
-0.09783638653074177,0.0023520871088452875,0.00044636703808351863,0.0037993441239677996,-0.004959178554707987,0.002770738877126883
-0.09835968696739657,0.0042112326313437825,0.0019781032288810146,0.005912936003893221,-0.0047185028468277514,0.0031312667227789107
-0.0793660467645927,-0.006179164896901953,0.0038993163062781802,-0.006774376840214841,-0.0044911418049746,-0.000263914314778627
-0.061577132171483105,-0.00807557739383436,0.0036136591946477506,-0.0023942877626322912,-0.007794790739162701,-0.007417207775446824
-0.08631124362074902,-0.0007938643489723587,0.004170363817914625,-0.005562921157652573,1.9580321084851197e-05,-0.005458349510106528
0.3653206215984959,0.02214125523956051,-0.1314106293359872,-0.03768629120408165,-0.008585115693638923,-0.002421400984782277
-0.08338642991229427,-0.0016909618091788298,0.0025729283932362738,-0.0018291456776959307,-0.00047729546147578963,0.00903390907591749
-0.006014926943010806,-0.0025001708954059867,-0.009466087538789306,0.01563386067709489,-0.0035383485698576994,-0.002131986740524193
0.0597154835405345,0.0073759630718765,0.04938497887365839,0.029426594230462597,0.014333580834914242,0.047001990665306026
-0.08329941398547189,-0.008348165675964222,-0.00042003894914551307,-0.002162924293695914,-0.000268408425564173,0.0013276855991496948
-0.07793715554028843,-0.008063229537567131,0.0038254121223278707,-0.004496063855724188,-0.0015849708307614637,-0.005005977743637249
-0.10206606944416778,-0.005597564508860138,-0.008702378215470825,0.03157563620575862,-0.0036368279264219834,-0.0038233692399079664
0.24278931467005896,-0.11596537641961267,0.03314884900170444,-0.0630498383064334,-0.023809665544537964,-0.0157871152408231
-0.0704889484766631,-0.004635932516387617,-0.0055861197551510325,-0.006344124491084333,-0.003273105837691946,-0.0031896515286694515
-0.13167522503256676,0.005838053962702042,0.004939296538238386,0.04284928321482453,0.0005597723266638562,-0.0018976752809903676
0.2884007592010139,-0.033631239041818285,0.015462075000739397,-0.011477760051318347,-0.010328166696273526,6.191955004863934e-05
-0.07541268106294814,-0.0045321244640177845,0.005880269596367221,0.002556160079212275,0.007357849846464747,0.002539789006966043
-0.079212242561677,0.0026025566613800274,0.0019066027163375944,-0.006507766642212618,-0.005944808099302755,-0.0053896224805510765
-0.08240109413753502,0.0037031295684218832,0.0005734228540429798,-0.005071781210387185,-0.005380983928284835,-0.00461756830543693
-0.09559554201109291,0.009441785436638005,0.004204499264166844,0.005865751943870994,6.489434896209913e-05,0.010368396440439924
-0.10349297053426108,-0.004709705023374217,-0.006934658539664333,0.03233873914053794,-0.004616543495682994,-0.0059228814327108355
-0.07906587886318879,-0.006504233095883147,0.0024139047364566037,-0.0010755954055637934,-0.0054228835046933165,0.004744222025180964
-0.0795507540341031,0.0014447624847348964,-0.0035272168031866297,-0.0062962904930933235,-0.002045989771241932,-0.004237170825895608
-0.0715780579893404,-0.0015603710692861873,0.020603115227640086,0.019965620198615447,0.0017283098360580216,0.035632520101018805
-0.06739860766898462,-0.010011339086142854,-0.0005816674277066486,-0.006555512570438301,-0.004701797624886562,-0.005059734816535336
-0.07898148651794176,-0.004449108633512147,-0.00072019555804481,-0.005061593830347706,-0.001227928736184571,-0.0021964724839280444
2.5146688949378477,-0.024546272035844703,-0.028340149059947764,-0.070943300559743,-0.025849609392310468,-0.05560532018978636
-0.08991707472789665,0.004167208945018596,0.0052368098391539575,-0.005438556495695265,-0.0018251252077245738,-0.0027001931821960625
-0.07257469924236479,-0.00828534243520469,0.001427826268173172,-0.006358337087450713,-0.003962984671017855,-0.004264125732849542
-0.08009280543406651,0.0009832226840800781,-0.01173887955643781,0.003436136016869489,-0.0004819017441975264,-0.0009242220592403614
-0.020424363742674027,-0.010135183316641688,0.007665872955783157,-0.013238480491346294,-0.0015450256571567225,-0.026133186867220933
-0.07827441449837615,-0.007813436594862678,0.0023911993172841192,-0.005151408287854088,0.0008012466410563338,-0.005214346404447777
-0.08523111925891648,0.0008404417734872396,-0.003783010571543385,0.0018653635906877026,-0.004831982368635035,-0.00046157770659332716
-0.08171659283212275,-0.009451124313056307,0.001099119629981532,-0.002773738603403174,-0.0034404925239198167,0.0022637281686328802
-0.07551995843859806,-0.005028807199833508,-0.0025993713057569107,-0.010315343739404152,0.0013187143243398192,-0.00015992996432648092
-0.08535572081044467,-0.0005773916201183862,-0.012341737931589753,0.011337862350212873,0.0030923535666304053,-0.005991451392584852
0.40137728046998344,0.024119860490253067,-0.19274412616229772,0.25951816478024214,0.000364702700045581,0.01805657258629262
-0.07803963436812782,-0.00518746903031732,0.007717135863641579,-0.004753021779806489,-1.6545753210810832e-05,0.002224624004343962
0.23801454588096335,0.09275039606170943,0.024038685166906302,-0.0028069690354872254,-0.02111359898814262,0.02065292531770403
-0.08774875580171478,0.003996531251808295,0.0003491760109649098,-0.003993957984020561,-0.003111130211528764,-0.0025057756452472775
0.00560868948655888,-0.0007450285235015579,-0.05160139888246933,-0.01318740841753976,0.00790608849140314,0.018539160350645057
-0.08107319074605887,0.003731477056658036,0.00013590155703877403,-0.0035497493470675336,-0.00013283027398817415,-0.0073084037036105064
-0.08072475887008584,0.005719878363503763,0.006816157865586551,0.011187926563718685,-0.010445732328541221,0.00447429391418384
-0.06949926425202199,-0.0009600441961171957,-0.011011486180829463,0.0007176854278307642,0.016052351928213356,-0.0013222782597145388
-0.07644300525484801,-0.004251748641809355,0.0036230793901348554,-0.007661207117970811,0.0032992655035973986,-0.0018720556943329792
-0.06744547598958556,-0.005594742921347467,-0.0013054506100874034,-0.007954234236408819,-0.00536658749190408,-0.005649968320994085
-0.08475196231604046,0.0016697149476797067,0.0018543728665258495,-0.00547015035091922,-0.0013158523529910868,-0.006434063019387559
-0.07634287450381946,-0.0063660580093183195,-0.0040296938791437595,-0.005432345646140262,-0.004120621499093407,0.0020866820891998995
-0.07037528754926801,-0.0058439306712085555,-0.009210815716840353,-0.006884186654240116,-0.004211217459936755,0.002860234329975001
-0.09823986837960086,0.005260866438054465,0.009973084242925286,0.011296393787351828,0.003424309232825642,0.0002652793161604774
-0.08517932510143306,0.0017923168880371997,0.0017898039912140392,-0.009261855976146028,-0.0007486831607354862,-0.0020428512003224696
-0.10006210846845974,0.010675414140797633,-0.003907307934518244,0.00017390699687100248,-6.195999535809702e-05,0.00751931369280477
0.15962337685866532,0.014772853427973414,-0.018535003989605225,0.009464698560867594,0.003961526685859636,0.0669941102799067
-0.08631785273139919,0.018238125114025047,-0.01104978409868698,-0.004964136774133031,-0.005698855544072611,0.006953475742141981
0.39281673253338995,0.0698527984080418,0.04675651311614787,-0.011120117982390387,0.01732313459588449,-0.01202109010875452
0.4426546948240651,0.14465258351896965,-0.010844347626942554,-0.0282120008160851,-0.018467270017064337,0.0021932096221364966
-0.08549162877143193,0.0008121825914193027,0.0046023638607059925,-0.00621367718212943,-0.0013196490927765224,-0.004168181055454036
-0.07227698902306667,0.0006032615638002182,-0.009038131770792568,-0.008673588960235085,5.062466740286011e-05,-0.00499982088701985
-0.09438134736982469,0.009468207106096088,-0.0033031855289365115,-0.0009623647165759325,-0.006752473554562861,0.003875468375347711
-0.06586851038707728,0.0013609786035188236,-0.01708056645549485,-0.005614779401239077,0.0020931380947310746,0.004399633249639107
-0.07433736845972337,-0.008144415400222,-0.001301740342387489,-0.007763208171282365,3.679850731208517e-05,-0.0020036235426232375
-0.0795222852573339,-0.002702123604987065,-0.0005775546890834214,-0.006382714935705724,-0.0034312697695541017,-0.0018988719814905662
-0.09299579943355486,0.0041131422361445034,0.00172738766130865,-0.006022357216688731,-0.00467376232700049,0.0032297448263589046
-0.08230355579674101,0.003629905714442569,0.0005981448381041564,-0.005314668917413285,-0.005350182449496564,-0.004433106059390303
-0.08281356185054327,-0.0035693650651717913,0.00242901409710543,-0.0038467578215493803,-0.0028463301539209166,-0.0038430077511027783
-0.07080892224362671,-0.005116053122144471,-0.0009003584268897314,-0.008946015571098373,-0.0026742791166872444,-0.004999982632226984
-0.07898148651794176,-0.004449108633512147,-0.00072019555804481,-0.005061593830347706,-0.001227928736184571,-0.0021964724839280444
-0.07970699963021531,-0.00834073585053455,0.003231254129097439,-0.0015675926375113471,0.003574650922003584,-0.0007954921446305404
-0.08034641851331048,-0.005760859672663891,0.0015004108273838472,-0.006634402348385051,-0.0007625947660682632,-0.0025515826219759665
-0.07270125739385457,-0.006975530913440469,0.0029435535731313894,-0.006852618307566992,-0.005594717209609424,-0.005211086691081456
-0.07786658033164348,0.0047998992058631,0.004738149212064573,-0.0016134481531288975,0.0051390872729461645,-0.004033209377295272
-0.07793715554028843,-0.008063229537567131,0.0038254121223278707,-0.004496063855724188,-0.0015849708307614637,-0.005005977743637249
2.5523137192228678,-0.029885485316516032,-0.013849706563771987,-0.08076563579024115,-0.027942711744410362,-0.06455716705345062
-0.09074490036652898,0.002664979309032559,0.0052479632325874645,-0.003794194228899232,-0.002071637489654406,-0.005515415703231236
-0.07532956469546298,-0.006533787171137883,0.002161081569018833,-0.012427761072531414,0.0002790648785336404,-0.0027825255278264233
-0.08839997166532344,0.004681856993863044,0.004535743922979272,-0.006389912002180734,-0.005550801323808351,-0.0028075549996740717
-0.04355045845904887,-0.003749370658382517,0.0011739520805736166,0.0048554017539912935,-0.013110250013917905,-0.03418386788777588
-0.075540832908755,-0.0035475341665711403,-0.0004368440757304644,-0.008454204018836144,-0.001826771532611372,-0.004233005158092565
-0.08361202921309077,0.00016230738808646012,0.0017531583241731982,-0.006419739273406077,-0.0024442728297348793,-0.0037629308069596044
-0.06851740161122426,-0.010155288063927199,0.0033855885394908198,-0.007712871952716478,-0.00479676271038707,-0.004765406679856213
-0.06795173655296573,-0.0036854835985131278,-0.008509903787576233,-0.007153527611677179,-0.0016369108893941613,-0.004598526853407391
-0.07606891890190243,0.007456868903942669,0.00852455101838922,-0.0021364386217799475,0.01544203905770216,-0.0013793428324360847
-0.07537097053938753,-0.0075412645085958805,0.003016798962248243,-0.00684256890174621,-0.0012139766731988418,-0.004821558712224878
-0.07101701238438743,0.005028069430772842,-0.025288061858315263,0.011163953756796774,0.006903181878563363,0.0020277862574849025
-0.08520483349919115,-0.0002565953456568169,0.0007742561725226292,-0.009721799908815776,-0.0017062395474254928,0.0020399586352306824
-0.07415352230280152,0.01556429817134462,-0.029003452901529825,0.03897733805411753,0.07082741373035015,0.009302487978486354
0.24391037816677205,-0.1396365218230588,0.009806318003063563,-0.05950723247605647,-0.019032116349208105,-0.00455590926973216
-0.03485846093678057,-0.008096289998801243,-0.012827595862778391,-0.019659487092201708,-0.001412612939450913,-0.01745033498379474
-0.08247290152201674,-0.004838479683030317,0.0006722634735389267,-0.0037558074046011537,-0.0017882699636067344,-0.001662242780797099
-0.10006210846845974,0.010675414140797633,-0.003907307934518244,0.00017390699687100248,-6.195999535809702e-05,0.00751931369280477
-0.13133736557226025,-0.0031019350300974927,0.004984554853334237,0.04142596539220014,-0.002088608694291997,-0.004536905060275595
-0.04432695161693714,-0.0037430879624128256,0.002156015249733221,0.005263328610215726,-0.01366448628334651,-0.03457101791011712
-0.08800641594731994,-0.003759506049725142,0.004340785523313803,0.0024053894894763795,-0.004753705281571563,-2.962941257676144e-05
-0.05917917181733858,-0.005098396094499685,-0.0013166162812876336,-0.009191875344251683,-0.006240789265623279,-0.0070294469771731375
-0.07810589952451243,0.0025869529791732212,-0.005199772573182297,-0.00893022870692717,0.0040065946919586514,-0.0019878388962821835
-0.08225984861736534,0.0014716621342565895,6.272436640895704e-06,-0.007081070046749047,-0.004665973916739845,-0.0016436400840175165
0.2741792831070751,-0.043809876524632516,0.03705747235351045,-0.05120285828371998,-0.049865544365458536,-0.014050469749275776
-0.1025565639436639,-0.004870407788135741,-0.006136537046668508,0.03150294427897409,-0.0040667561172954,-0.005658821652245006
-0.06761408299711306,-0.0060736544934524425,-0.0002723774148158354,-0.00847345454367452,-0.0044745786397120185,-0.004993607478635979
-0.08241240775556292,-0.011444321365533425,0.002996696795907819,-0.005965826856553781,-0.0039704142719118145,0.006352567216503444
-0.08320740437089277,0.0015825360388273826,0.0044130593730709175,-0.007339783488412516,-0.004155388811307731,-0.005478847404735645
-0.0664324069252079,-0.005583442057085789,-0.0007295639964274821,-0.012323550606321544,-0.0010626994920862377,-0.005800803870791816
-0.08387501393009547,-0.002621506238043144,-0.005387398245108195,0.00942683352233318,-0.0007890741914803175,0.020097889337309417
-0.06317959350108572,-0.00562042041256329,0.0052164137429810175,0.0020525659023731143,-0.0015117841376813168,0.0023894756012169936
0.49551723731176905,0.1436231188435694,0.04614885293735338,0.009394948023424518,0.045579116643667754,0.021080457835649626
-0.08691599929927522,0.013204223343256218,-0.011271148410645417,-0.005351733595553733,-0.005080964816915983,0.0013823767328730112
0.06251064804176822,-0.05550348688415911,0.008912571816420198,-0.03649545600228188,-0.024963607305224896,-0.01063276290462493
-0.13863495982483015,0.0005526899787445879,0.003782061920314947,0.04272940060086474,-0.002762376379762299,0.000613874358035773
-0.07751151069776716,-0.0060670853186817275,-0.0003975017957475269,-0.005199237146842949,0.0017126753237833579,-0.004008359907510735
-0.071125103838979,-0.004642735400256593,-0.007990457742620475,-0.0058052069226129125,0.00329313912909991,-0.002435836015754726
-0.07610847495998509,-0.008801550645837302,0.004428683236618075,-0.007119626606301289,-0.0026765619001020576,-0.004074218130055645
-0.0711699279915902,0.0004024929297918245,-0.008728417223979521,-0.005198831116149516,-0.002949762145699401,-0.006874269700923613
-0.08311655125574519,-0.00011815174241258646,0.0012317895783263387,-0.0022440951038241092,-0.00360400094422937,-0.005183367315323504
-0.09115963942751737,0.0027544579409174165,0.005553397976007474,-0.002986787349654638,0.005951430106706397,-0.0033035008422354815
-0.06470043504175138,-0.007884461207166496,-0.006926619360772937,-0.007106567946885121,-0.0031130921093405284,-0.004195343800665246
-0.07512498104015403,-0.008156853595665092,-0.004164800107320728,-0.00531163873535912,-0.004776480599620403,0.003163679992299371
-0.0865651370766741,0.0034535703025062744,0.0017814563137229452,-0.005412983684186719,-0.0007385542277468902,-0.0031796615649569283
-0.07276916812229177,-0.00806019968509051,-0.0024056694808138944,-0.004520309001661343,-0.0002736217179733258,-0.006096887065386753
-0.07044406565476158,-0.0053569128631159296,-0.0006238598132406253,-0.00784651440693664,-0.0011864790631120053,-0.006525998585736292
-0.1023806462412459,0.01687182561824908,0.0050852628299630585,-0.004568690589452686,-0.0037118106159876843,-0.004619845031621235
-0.07582781180333034,-0.007684529671012779,0.00578303570943838,-0.0062816879139554254,0.000720513569969374,-0.000672467291549746
-0.12336451184345093,-0.003356671537100411,0.0018126856795964827,0.03688019941967854,-0.002237035566564354,-0.004375392043550629
0.03295601064745651,-0.05698056633102761,-0.012395084394715638,-0.029660417529647844,-0.021491902606004223,-0.0038053551883999656
-0.07554842336933487,-0.0030621550008876216,-0.003055989522998722,-0.00451084799671832,-0.0022567360580712,-0.003802249082924008
-0.08435182715524774,0.0017148370868636923,0.0016678647713355163,-0.007073197950370764,-0.0019356785214719985,-0.00436634034207603
-0.08360361851442552,-0.0009463208148873748,-0.00013711128661148876,-0.007946680758085755,-0.006335965604841039,0.006139507535750036
0.5278803553637041,-0.003651404375695331,-0.042919116297127406,-0.05182815297381211,0.014482456802672242,-0.04127042386527307
-0.08423094380807794,0.0023963244772655565,0.0043715475801420585,-0.0052215368870067,0.0026721178383705053,-0.0008401737103177642
0.32553482348561574,-0.0032397732108151215,-0.021832347384916042,-0.047663880480387985,-0.016404307088361814,-0.017653330483182683
-0.08230031575038871,0.0014903339512423767,-0.0024726085960846975,-0.006124793899159308,-0.0016216226536896574,-0.002931420369402765
-0.07638210144525602,-0.0030038839142464413,-0.003912978991762856,-0.009085612308927573,-0.0015750706342533677,2.732469422042621e-05
0.6900367245345876,-0.008418610841015804,-0.0012156079393127418,0.2768486214503606,-0.004060170382162276,-0.002736928998296889
-0.09135168893802761,0.0020098745596009555,0.003555088481348859,-0.005108007260274258,0.0002805397628787405,-0.0037480285972727356
-0.045169705400906354,-0.010772756764523257,0.0070254442160820165,0.005927953145089824,-0.016928451109105545,-0.013471138346134847
-0.07060185204591592,-0.009935997434972425,0.002881078581070676,-0.006415486938487428,-0.0038770188231710104,-0.005491884821951113
-0.08121320488923603,-0.004461707596188249,0.005353421376864132,-0.006106748819902273,-0.00264732045058489,-0.0024069756232262254
-0.06980828696623007,-0.0025267304981174566,-0.002719622831995126,-0.006169272255233257,-0.0011988164520863103,-0.009821365636981643
-0.07176920739145638,0.002976737332982032,-0.0014797663371524648,-0.0037759229627130366,0.0031228057289526523,-0.001200568682398247
-0.05983961298513679,-0.005946798155100139,-0.011656655152268902,0.0015032040390527048,-0.007185711082824612,-0.003810140529090609
-0.06840459211536802,-0.0018043463729980498,0.001119650310463964,-0.0035330953554656625,0.003952126405709624,-0.0020864329348707967
0.4684327458965599,0.037329007282873736,0.0639682465499065,-0.04273535987167687,0.006511353430569611,-0.00033874394025023826
-0.08799333453546614,0.003905712528874445,0.0011021659759280565,0.008915672885479316,-1.325400683233612e-05,0.004959670670550955
-0.08926269425114992,-0.00020887471930683041,-0.0014151090684051404,0.003321461833792886,-0.0012675528876002577,-0.0027915033111113414
-0.07777407505457787,-0.004284312599304769,0.004527481707583248,-0.008126747978147412,0.0030406993875791368,-0.0023024732808513367
-0.08336293758191515,-0.006295375114024637,0.0029278175663947385,-0.004955018174562604,-0.004021422475089668,0.0017057730985420745
-0.08559263901068902,0.01221570160071808,-0.01583896552091503,-0.0011826869494702661,-0.0012735456286829879,0.0065266678262154085
-0.07885257203791357,-0.00378926202479139,0.00645069390043791,0.0005345187669092141,0.004711333026895767,-0.0037856972419554723
-0.0191340787530694,0.004081067190160697,-0.011118407006005394,-0.012567832797807847,0.006217752773003396,-0.015659632225795403
-0.07147456590515738,0.0015875964564159722,-0.00716387967078519,-0.004900722870688122,0.00047591583243546234,-0.0021848979050578597
-0.09586168378055024,0.01233827967276767,0.0027066800137776365,-0.006115355971641818,-0.0010174361954054165,-0.005809222366526485
-0.07430477305588032,-0.006611942328742315,-0.0012204461865210725,-0.006233291394268595,-0.0016103221662451847,-0.003359381430133751
-0.08262002375630045,0.0009392136845708601,0.0036812975327996057,0.008923556303305854,0.005819810024732719,-0.00443819880712839
-0.13381725886415496,4.793024235119357e-05,0.001225132492846926,0.04163898635451034,-0.001566512122727026,-0.0009255328297946694
-0.08966861580401535,0.0036487609853871807,-0.000819369309004241,-0.008427088809982738,3.4316888211881847e-05,0.002007259158980551
-0.10227021786472863,0.01582520405233384,0.004707949440082333,-0.0064292718613601346,-0.0023317232716883163,-0.003240661593073098
-0.07100989322089611,-0.00587941504817878,0.003448169501073466,0.003984663919026028,-0.0074455500323796445,-0.0077289425970139694
-0.054444007626371284,0.016599856406841924,0.008141784733220817,-0.0013436205297732585,-0.011790526481026145,-0.03442711300579848
-0.06683542878313457,-0.007518855058430866,-0.0035243254446359873,-0.007683614768772969,-0.004356325996801587,-0.004020827176687188
-0.055948333679636586,-0.004350971142940308,0.003430534067842417,-0.002757251574799183,-0.011238311820414232,-0.006375944782848121
-0.07857145166189144,-0.008094363952292653,-0.005261824711248091,-0.002970674588198162,-0.0010351177715555934,0.0021105744091251097
-0.08323411469385988,-0.00639618308395263,0.0013681486604336893,0.0028604551660823844,-0.0027201212341175372,-0.0056919129708122036
-0.09091350136065099,-0.0114990879529817,0.005538659342752178,0.002366960779837588,0.00010563652247326619,0.0044527799067142744
0.2303046965171781,0.013863436089610468,0.02744145903335608,0.024583325596079387,0.011616703828974841,0.08630074077383244
-0.0710601431473246,-0.006721739097288273,-0.0030067734642543627,-0.007980757597960722,-0.0037626637017102614,-0.0010506235067237963
-0.08516384714402647,0.0037506332066514175,0.0004006121484204373,-0.005902271725262469,-0.004440366273517655,-0.0009125795947839471
-0.091433466039118,0.004236261874807918,0.0007100258144358966,0.0024959600529747923,-0.0023866485294951104,-0.007670541030187666
-0.0764479481022362,0.006520942295617732,-0.009700286373378024,0.01817137788687454,0.016866176146097735,-0.0009676182292214137
-0.07984613049328582,-0.009604858455148304,0.005086712863055313,-0.004660881819206805,0.0028033584301708904,0.0033913085805826653
-0.030900922118063508,-0.011359969609602508,-0.005193869175243367,-0.018650323856512416,-0.0014407164415554063,-0.023756894452297762
-0.10277030529468917,0.005068281551281376,-0.006352032065631398,0.03508513914958746,-5.6613830060870876e-05,-0.0024755412065517422
-0.12788334926267336,-0.00415082312527825,0.006052660545533102,0.041065591380998086,-0.004875562502697042,-0.004597297166687988
0.2327172703250485,-0.043392299821490316,-0.016516525612903395,-0.05446552928723309,-0.03877559334340233,-0.007613071313417667
-0.09327637901766547,0.016612755796056165,-0.00012294419877195118,-0.003804839788853075,-0.008216792752596095,0.008273453290798892
-0.08728351778202781,0.0011036604643289167,0.004859750439951506,-0.002196950321807611,-0.003978296824732527,-0.0038986478285486744
-0.07632698037736019,-0.006030751776831427,0.0014466525160709337,-0.01104552003181528,-0.0020176346481834005,-0.0005957605203407313
-0.13986482909365267,0.001763583644163964,0.002117571213738617,0.044340515785341386,-0.002601893720952366,0.0006571735473043792
-0.06916134880298669,-0.004623552013432156,0.0018518590917978577,-0.014698844451944915,0.0005138407572835048,-0.0028639476777920837
-0.07238565031400296,-0.0037481724046041537,-0.00044228695916082776,-0.007181221355734386,-0.005650961196241345,-0.004027649137117426
-0.06623824343696465,-0.007504542381037888,-0.0033384423083879906,-0.006893790673699136,-0.004866395114555175,-0.005447093332969256
-0.08923407663831145,0.0023273416801928137,0.004224871248078211,-0.0034007261358358154,-0.005178254817461844,-0.0026340993435968654
-0.08361184931391681,0.00510669518535804,0.0017142135770533739,-0.005776469073694691,-0.00229534266810622,-0.002618880178125868
-0.09990416053853715,0.027840719338481815,0.005942111639913083,0.005642314237884234,0.0022539352177646434,0.009051451384415758
1.173477156478574,-0.002343625270125499,0.035985111108468755,-0.013736044432190663,-0.0015357181923347214,0.012494864276800442
-0.07000052403451813,-0.005801837889016731,0.000447118916938196,0.0038821899538120726,-0.007513906945021567,-0.008567075343706088
0.0671378499202772,-0.038081775619651606,-0.016943502476418102,-0.05880882626791487,-0.01124978711771349,-0.028162872568189664
0.05532726526968252,-0.05108424562515546,0.014547371827596767,-0.05302425756911789,-0.01926328709901808,-0.021343617175246056
-0.069168300289052,-0.006509090548691772,0.00010969496326876689,-0.00892075495665996,0.00035717584457703856,-0.006484703504162597
-0.0777738906558116,-0.0040813520184577725,-0.001380420957621813,-0.007086580295836509,-0.0023002687691444277,-0.0006548441619831397
-0.0862856079025713,0.0009284916842287833,0.004227970292664811,-0.007556294118403843,-0.0013308256076358215,-0.004246178616878151
-0.08079588868271985,-0.008469796962210572,0.004543935132892418,-0.0007798517093290822,0.0034128662529419526,-0.0009018983457457934
-0.06833295741311765,-0.004036442148416669,-0.007174490956598513,-0.008025701051428288,-0.001000433732409262,-0.004836155354588949
-0.0788717010957024,-0.0005896985307447903,-0.001441083274818237,-0.002321086902192273,-0.003672156417433204,-0.005887274262408945
-0.07792273303174153,-0.005672170157959212,-0.0017153086063995476,-0.006733759304749638,-0.0027658069277712045,0.00041511596143105806
-0.07598412614814896,0.0027098593913645105,-0.009650201896667656,-0.0038917059306679356,-0.0025622712523789113,-0.00327342868464373
-0.09311115905063691,0.0048139334482569605,0.0077188916607848134,0.013386536734222352,-0.019337339753627093,0.007093421581047952
-0.07985760104500167,-0.0026076096639674664,-0.00030534989154916827,-0.006506616316123294,-0.0034486916739563146,-0.0017631533863182846
-0.08358217534503826,-0.0019783536075062644,0.00047623838536966313,0.0033644935505460004,-0.008109599179448883,-0.00311811434160547
-0.06735817970724473,-0.005066688160787386,-0.002636600331131197,-0.008418489202802484,0.0015543053710466428,-0.0018617852631608593
-0.08296622393840755,-0.0032008385885212553,0.004172699277762034,-0.00994354208739647,0.0026789220250444195,-0.0038499319447411772
-0.08863043882519765,0.004199210340731456,0.003356176117173956,-0.00534794200968588,-0.002205677802170466,-0.002944257496125309
-0.0941545606351484,0.005892668744491353,0.0027634870784107885,0.010871462187535678,-0.010156041114918635,0.005812101878484465
0.31002716994418206,-0.007499267308702909,-0.07400801351177921,-0.05574985047909448,-0.016466568954369393,-0.06953623499274202
-0.08302401267530521,-0.00198914860308277,-0.0022374705946572463,-0.0020063524842963585,-0.004125231490345744,0.0016078504064773323
-0.07353184239737003,-0.005393673103529355,-0.0017991709158877672,-0.0071876818577198,-0.0008862893074566435,-0.004509583093369173
-0.10030905195368989,0.012948284874376938,0.0018310481289187093,0.009655113448122388,-0.0015794589272878862,0.013015038581814636
-0.07556775686630864,0.005197378646612466,0.003529778177713245,-0.0006733227241005862,0.005674452941144848,-0.00416204816854308
-0.06651136580105363,-0.004387719045269452,0.0022801648652334364,-0.005306184421468999,-0.00578945077247909,-0.00904853444380567
0.08808768067960694,-0.04047999156315162,0.0018231231456953152,-0.0757363784959374,-0.00603869939297606,-0.05208411624530895
-0.08700554046422951,0.0031660531209151176,0.0047797189166386,-0.005134943825607829,-0.004090238111821464,-0.0040981323423213345
-0.06907796930723852,0.0031900662301529567,-0.029265967922830094,-0.002052379767401275,0.044037932291330906,0.013869328195124821
-0.07829943779884248,1.042500168783306e-05,-0.003926288698608177,-0.005827225916948041,0.004522988809882576,-0.003234650440122909
-0.07225610449752905,0.0019925184596407642,-0.011309690935993766,-0.009494669744045045,0.003849345194560141,-0.002361720087593808
-0.07690992430285548,-0.003118148998289736,-0.007284576267595703,0.005238998168410211,-0.0024619845225370605,-0.0032169407232969906
-0.0794008776985687,0.0016052586375199264,1.671602012225517e-05,-0.0063938954261114666,-0.003407264683438111,-0.006112550205159723
0.2741792831070751,-0.043809876524632516,0.03705747235351045,-0.05120285828371998,-0.049865544365458536,-0.014050469749275776
0.5822660249644488,0.2429938155747548,0.10383157038940799,0.011424481739119322,0.025688722926052895,0.02878443736079497
-0.0758967232519038,-0.0003219265968130604,-0.0015808724509197743,-0.0065180890474332166,-0.0033065861034054927,-0.004802648095204683
1.2890133155073034,0.07653612862775723,-0.0308075726202679,0.07065762447172991,0.0075007903269783596,0.01843779107191118
0.31339092824837794,-0.04585564360195491,0.04187968369959377,-0.06369729153929726,-0.029851776854370717,-0.010824937280611112
0.05484609906343852,0.0016404117092570685,-0.01150329098841271,0.006981870759772216,0.0019220357984971019,0.06287309713192267
-0.08087225055715896,-0.005883006939152467,0.0014981582713527216,-0.01024900820891865,0.0004668869184652771,0.00091452169029302
-0.07896187231774168,-0.0005778138796168214,-0.0012145083841762713,-0.0022703620874190995,-0.0036121265025589504,-0.00591744610318122
-0.07080892224362671,-0.005116053122144471,-0.0009003584268897314,-0.008946015571098373,-0.0026742791166872444,-0.004999982632226984
-0.07381047434222612,-0.007445386928168548,0.0017959554966513437,-0.009593504370689582,0.0006929639816532706,-0.0050590039945162075
-0.08957094733500863,-0.001612640978550773,0.0034239636155872356,0.0037771121728807653,-0.007148909529538695,-0.002677480974492354
-0.06403104760451146,-0.006765510099551646,0.0005572064158448525,-0.005487059069327519,-0.003298766665049895,-0.0026742319147135276
-0.0907896294680488,0.002704872169222299,0.004825229239542788,-0.0036631084065801445,-0.002978245322510437,-0.004550601439741547
-0.07561851486414789,0.009447656623622815,-0.0226282385675314,0.0073567041061211105,0.018742167750523085,0.002430127311322758
-0.09896585388591495,-0.0004392466923845591,0.004151353491821472,0.003065828812972038,-0.001582426085557463,-0.0005364461177162061
-0.06401058536150793,-0.003995538901710868,-0.007685027119295991,-0.007933669224660529,0.0014809538115619547,-0.002250067071155203
-0.0732881909284043,-0.007322091444044937,-0.0005236750446501893,-0.00601558818513399,-0.003673500829221284,-0.0028814834279897203
-0.10278028127013406,0.017358186158429312,0.007016924172086604,-0.0052137115267865495,-0.004930405158897406,-0.002789998254034157
-0.07288535312725362,-0.0046072850278398025,-0.001207206186272929,-0.005419487526488148,0.0012228695679441484,-0.007173470856728941
0.27430558767947505,0.04165787872943358,-0.08641965384817774,-0.054941017873860826,0.03654447466862417,0.01626483578638577
-0.07460501762693851,-0.008968870813474783,0.0018504501951205942,-0.011171963905858702,-0.0010949068138902311,-0.0005735570659900597
0.23100568814856154,-0.09192482242101684,0.003258349983663765,-0.06367246205585964,-0.025215939419084014,-0.016568172618266198
-0.07271733120369381,-0.005912424126330091,-0.004332608061564077,-0.006962321984955558,-0.004120184592732842,-0.0005934743590193208
-0.08682513508306407,-0.00011089672415010509,0.0006115283012037567,-0.004967271407253303,-0.008134991822811405,0.009389730750893296
-0.09575232645847043,0.00258224568664339,0.0026345448798326186,-0.002628098565951218,-0.0028857841566306748,0.002340570550050545
-0.08451449253386029,-0.006131599431471296,0.003419659217288686,-0.003476328990662587,-0.006151845215684486,0.002932200663938204
-0.08812964667815872,0.002058179867515439,0.004481448446726143,-0.005378160123934177,-0.0020668470377942757,-0.004150360798871532
-0.0715991717060829,0.003893271739032454,-0.025572445509640596,-0.0019274245682327613,0.043920137483738804,0.014542946554883507
-0.08093020922541877,0.0037442151947487553,3.333144098858351e-05,-0.0034831997054347425,-2.5517981559507834e-05,-0.007227992134094363
-0.022983610103879292,-0.007113163030080749,-0.010900168437638087,-0.01277939304407167,-0.0016075643110466996,-0.014790637316026737
-0.08116432192823254,-0.006224749872111329,-0.0029404707789468976,0.0058966111468688335,-0.0008409606871654161,-0.007964374553396013
-0.07989942164051066,-0.00851184975741532,-7.780001142932485e-05,-0.0038563412993544125,0.0012884235812583964,-0.0013309905228281258
0.09271063026710168,-0.052985233848806844,0.016050919104891096,-0.07485234734236527,-0.007804808750681628,-0.060433299035893624
-0.08792083288900578,0.000738779066550748,0.0001726516982883071,0.0020999311722184524,-0.0011775357729356735,-0.008341399441588031
-0.10133486814136915,-0.003461984497293405,-0.006227170402317565,0.028206338488047617,-0.005323471101353224,-0.005181911899704664
-0.05538827411757447,0.017714722828840433,0.010240705456592026,-0.0012946465341445062,-0.011933718250462836,-0.03516730043098549
0.7624065336238762,-0.009841845541558156,0.10550542992467163,0.48246540789252373,0.009804414548710881,0.015986047549305767
-0.07375756460971417,-0.004252590184078095,-0.00035209798078634087,-0.0029852882384524136,-0.0033625014264090404,-0.00373635241905812
-0.0722224443994713,0.002376525322749606,0.00889444398862588,-0.002369773393457414,0.007333457776405419,0.0007307637473735157
-0.1323138101949968,0.005677314356728517,0.004011520316868837,0.043369877576928416,0.0008230840711651137,-0.0024703133249278516
-0.0731279255441427,-0.003292495331234327,-0.0026829803778505535,-0.004388247038160246,-0.0053003590745760885,-0.0027336135564856433
0.2674908097919254,-0.023186318177321443,-0.015384783301408066,-0.026431995839672533,-0.021418373103751394,0.0041429974385279065
-0.06815423423021086,0.007356018432036665,0.010481776087967852,0.004823706356201088,0.005755949206217943,0.003781188763445187
0.267746057945128,-0.02529635030038532,-0.011314859588528469,-0.00229151260906043,0.00254689257821236,-0.009899741705127548
-0.08230031575038871,0.0014903339512423767,-0.0024726085960846975,-0.006124793899159308,-0.0016216226536896574,-0.002931420369402765
-0.08535912042388448,-0.004552285076193116,0.000969588536054364,0.0027393666736947923,-0.0022439364309826196,-0.006205588400368199
-0.09827252219296796,0.0224801839909509,0.011603027834910172,-0.0032580654255775264,0.012746719725376051,0.0067439517369396315
-0.0937324605216811,0.002173310482659946,0.0031645810253318686,-0.006968836339661801,-0.0016790615765167217,0.0031343558643859397
-0.0675802386583717,0.01369527598273308,0.025481962955926373,0.00048638765684661705,0.08056659914515077,0.022868170045172876
-0.06500598477334242,-0.009895525722456866,-0.00043027346537972115,-0.008090922282414011,-0.00708742233311634,-0.004048008841145289
0.04937853691421113,-0.04931056475454132,-0.017123817561138878,-0.025437464679347634,-0.023066325693664947,-0.004850037427337371
-0.07671087758357306,-0.006574316060460697,-0.0034259388738086976,-0.004385958622836386,-0.005860350085465077,0.002997789357235974
-0.08437468604990499,-0.003396259102742783,0.002615271845075205,0.004283711335379212,-0.0012885859148061955,-0.0008449945599415255
-0.09098909937172008,0.00035975201146997706,0.003144972640881262,0.0008314638892355688,-0.005764485554621589,-8.601431611375909e-05
-0.06983957325914264,-0.006076724448372665,-0.008387212550148947,-0.005792932964658351,-0.005473618163893404,0.0013530740500197107
-0.07401990898442809,0.016745678300811844,0.021730593505260687,0.025831015191445705,0.016619064477624415,0.011073948936390864
-0.07341124619820288,-0.006432951321879484,0.004213043630947843,-0.00633900188716591,-0.002034403943895451,-0.003596681238102905
0.43121904893492113,0.20348770106212402,0.06249254924234784,0.0015050021286911273,0.012756397687776175,0.0018066072591408253
-0.10810881067191412,0.017001624960106505,0.007454501427609364,-0.0012200127750004975,-0.0037620607192182503,-0.003598203307735128
0.05485658013746434,-0.05197895439053563,0.016805564117734186,-0.047401371654566614,-0.023176652187300584,-0.021275956594006287
-0.11005500428602097,0.023766182210112154,0.006679885629995846,-0.003639456005129055,-0.005772121736564147,0.006257292118558126
-0.07892560755737192,0.0020843554782150773,0.0013309384236063417,-0.005906873151799832,-0.00366892330903251,-0.009030542247492003
-0.08792083288900578,0.000738779066550748,0.0001726516982883071,0.0020999311722184524,-0.0011775357729356735,-0.008341399441588031
-0.07455587631586784,-0.005227230948220144,-0.0031998580694697154,-0.004850587852897079,-0.004725964792583018,-0.0015460861137001596
0.824713848443513,0.011785046483099908,0.1526716595612045,0.38335258012005186,0.0001631534170088885,-0.0002527026300049128
0.15587691380146843,0.013511980060050627,-0.024816109756103898,0.010047317697606152,0.0034857280777900643,0.06709197893904308
-0.12451262213861344,-0.00367777307063686,0.0023134576599085337,0.03616171374481353,-0.0023538291604247212,-0.002546239923984723
0.25265496683866556,-0.036964644881542344,0.02195907428866516,-0.06435363547821336,-0.048591779528529735,-0.062211451369570056
-0.07439664549438174,0.0009278438797268014,-0.009129711357405847,-0.0065489190595926896,-0.001674265313847507,-0.0028570185878030456
-0.06264952438219848,0.005071780942837481,-0.03074176306738612,-0.0026582447879021608,0.04885868310129149,0.013598179346669258
-0.08071823830683478,0.0033958997255637974,-6.76832858012649e-05,-0.005150016412497129,-0.005058180154379636,-0.006508419463897474
-0.07639136528097427,0.0021290457053487087,0.0017798165590658616,-0.006183710771647878,-0.0030319953826635822,-0.0050093942313513985
-0.06988161222532942,-0.0023381712578945304,0.012904644355393291,0.019307105412425352,0.00036305616950530416,0.03094762374898091
-0.06778745801142357,-0.006265414224747961,-0.008430653516609935,-0.005966813979101815,-0.0012463662401762336,-0.0047551154214306775
-0.07908632724681522,0.0013376038572579573,0.0004256530787926344,-0.007676615973926013,0.00045422735576918443,-0.00792635716687494
-0.06556687298131396,-0.00893403549767232,0.006541431452167162,-0.006727211876187624,-0.009244041337673896,-0.005514582496476191
-0.09613931296507479,0.0020215602929146053,0.0046388723723505615,-0.0012156983419787347,-0.001917539541943229,-0.0015554726421918791
3.0734590094268803,0.02255759986888665,-0.03280788462027215,0.07032663900426402,0.03105466009493317,0.05344000539473698
-0.08806318799473527,-0.002020431002039573,0.00012428550025184596,0.0007990599875096595,-0.0056541625720031,0.0009439784108802504
0.12852309490519842,-0.02550185842647746,0.023780179707375844,-0.02616627385743623,-0.011838396785569917,-0.009875784762590418
-0.08844406721940025,0.0020315829085354466,0.004732251077537185,-0.005362599617359426,-0.002108330088437948,-0.004282512139243033
-0.13224771473374075,-0.0016313197957930792,0.004222234485659944,0.040534710103267674,-0.0031282255508876906,-0.0023114977520993364
0.03192196623284413,-0.05613843738852716,-0.0128371673000006,-0.029030211154537845,-0.021414524112795253,-0.003814370004134844
0.2616397221162052,-0.03351155446765828,-0.021099156350249504,-0.050470231188789585,-0.009568826923679804,0.0008990732104357049
0.06524857707197991,0.011265641868906957,0.021504549444309552,0.008523759732210819,0.013692385200407093,0.07582574342679964
-0.07086613560489811,-0.007143083000345331,0.0020398545037027833,-0.0072141001704612105,0.0019600487195164376,-0.0018357859285920613
-0.08302401267530521,-0.00198914860308277,-0.0022374705946572463,-0.0020063524842963585,-0.004125231490345744,0.0016078504064773323
3.185081785515071,0.024753627743368204,0.0700203043187212,0.07644230006219817,0.033528287622185356,0.0556507872292483
-0.08666629508459765,0.0017321086347889432,-0.004896115239293849,0.001035777322040916,-0.0036298328847120926,-0.0017024189570377121
-0.07933702350522624,-0.00828579191215556,0.0028868103652954138,-0.006492459683449352,-0.0034606662648485986,0.0002499125429960835
-0.031038559740100283,-0.009327153203795235,0.005539771385104051,-0.0006211756793780699,-0.026588704744242152,-0.029586604446134764
-0.07691522500156288,-0.0048646360664806616,-0.0062061020561757305,0.012376227186498796,-0.0029731279987209483,0.0071690753977236244
-0.07449170176252376,-0.006505883185830265,-0.0040507184815951214,-0.0001746751108041731,-0.003813446549538373,-0.005593031206281134
-0.1200263004714132,-0.003631183649061655,0.0002420051519528826,0.03522100492627408,-0.002116517521393566,-0.004343302547749382
-0.08290584302666179,-0.0016188923718100472,-0.0013380365624696348,0.0043178577088792015,-0.0012122121552595238,-0.0011367134636797486
-0.09040501814012496,0.002793838367548907,0.004990148642266202,-0.0031152417522854084,0.005620773529520383,-0.0032883135504764007
-0.08186186877311463,-0.0058496345314539245,2.160886888193875e-05,-0.005040845765197155,-0.0034893145333351598,0.0031930530814900577
-0.069664823780366,-0.006767199578737583,0.004580999788906407,-0.006701401528924631,0.0024194499199810347,-0.0009803340838562527
-0.07785473064119557,-0.004098034807248814,0.003462927583365466,-0.006685541032613134,-0.003039188587352279,-0.004468006729763779
-0.06880046319339377,-0.0076712727576792455,-0.0013408592451115123,-0.006340496869815513,-0.004720458652468871,-0.005403230690565587
-0.06911660153103358,-0.005453347022411904,-0.006615242212928902,-0.007394605522737327,-0.0029283156148127063,-0.0029776684037957396
-0.08373139166979282,0.001850911660967556,0.003157897410443573,-0.004212439099134147,-0.005634520076587522,-0.005622657870040084
-0.0764048138501328,0.0006384931938448598,-0.009400952972883231,-0.004084669111421216,-0.00039129702248812733,0.0016372132652939582
-0.02847985570325167,0.001652895235543468,-0.013950193015748727,0.014702792702349643,-0.0037474663490902334,-0.017208188635440064
-0.08137919185138495,-0.0026709639306717096,0.008524363612493577,0.013968801623458121,0.004799665453650195,-0.010690352528257134
-0.08780014682475736,-0.0008590577116519068,0.0019542824896260943,-0.004473798565737773,0.00010633908450364966,-0.00011829028681179444
-0.0651899774094487,0.003013837466440188,-0.013512458181637443,-0.007775906114157208,0.008881563610966614,0.014291509894536486
-0.0010421778861856267,0.008478129609628397,0.017209880382569622,0.001731602181333044,0.0041500173476640015,0.011331272369105477
0.22241199843733025,-0.08851021106750462,-0.006842733611344456,-0.049734793061687786,-0.011691448775458819,-0.02082357645645496
-0.08021104295235428,0.011831738162710973,-0.011044828555331338,-0.005815798001843947,-0.004367283091300594,-0.0020491414451307014
-0.0330912124757414,-0.009694663804504542,-0.0003391942948017061,-0.024533711585126523,-0.0017291793077984466,-0.0204383437149888
-0.08568251046722596,0.013216866721937996,-0.01121503481573604,-0.006435741621329485,-0.0023142488678778057,-0.0014177448985690233
-0.08005624632647622,-0.003466450877413688,0.003948967667971085,-0.003500425565427305,-0.005993450058757429,-0.002743892362421648
-0.08290161007487071,0.0031781933039089355,-0.003309811491101693,-0.006391290337942881,-0.0018305287592417531,-0.002019911276056741
-0.07511313257240673,-0.0071690675039569,0.007352485714670917,-0.005440258219841146,0.0013395131936282463,0.0005077840523005874
-0.07861811389621066,-0.006723758479175493,0.0007438681845022025,-0.0030210541403344598,-0.00390696556758419,-0.0025512095994329885
-0.08898335532839897,0.0025042586733038884,0.0051366231666777,-0.0062774860737083915,-0.00244715652013655,-0.003773571722855764
-0.08121320488923603,-0.004461707596188249,0.005353421376864132,-0.006106748819902273,-0.00264732045058489,-0.0024069756232262254
-0.07885257203791357,-0.00378926202479139,0.00645069390043791,0.0005345187669092141,0.004711333026895767,-0.0037856972419554723
1.2890133155073034,0.07653612862775723,-0.0308075726202679,0.07065762447172991,0.0075007903269783596,0.01843779107191118
-0.06641263263056474,-0.006230997704243679,-0.006699023048480921,-0.007748152259127423,-0.002596185244048078,-0.0035897536432795397
-0.08287661411189785,-0.004710394392465741,0.0013242873260328684,-0.0034671627885436915,-0.001958575377393477,-0.0016458359876998037
-0.07908073221550704,-0.0031897782658472404,0.004826626554069328,-2.720427357769587e-05,0.004110316336034877,-0.003971545293169544
-0.08438760616442215,-0.004949417831248652,0.0030980230159063133,0.004071639573410012,-0.002035165503582627,-0.0019033205398598704
-0.06043429676677845,-0.007256757627776295,0.004835131114072579,-0.013392919750747079,-0.006691556346009453,-0.008528363841002645
-0.02784782569443538,-0.011603657667773475,0.0011470753655569395,-0.024068592198136757,-0.0012031314747127863,-0.02795641863987308
0.2748513420446198,-0.10130811504110299,0.011994402746037046,-0.04150523547960751,-0.0159305571728272,-0.0021385791694129882
-0.08146210831390985,-0.0006708921694102545,0.0037197424694729486,-0.00764307691748713,-0.0019160336111391952,-0.006200455346493003
-0.05572538682861618,-0.0049433874998392096,0.003945318159572795,-0.00262076281438542,-0.011061640721690401,-0.006892198536413068
-0.08231736870307653,-0.0051238223073378575,0.0007153248564660013,-0.004362823583699339,-0.0013678000385434616,-0.0018626846344293687
-0.07797763734529443,-0.0001212506939202334,-0.009063340895665037,0.00041348646157133326,-0.002164036731273355,-0.005203783973222508
-0.08571622723337076,0.00036661083375427565,-0.0037580191502722634,-0.007778533667052513,-0.0017873320921776132,0.004199192863684681
0.12941080572841565,0.02357256329566048,0.06492164516489143,0.011144863041290557,0.010651228024779654,0.09070118255327762
-0.07545509767522901,-0.007152996686311108,0.0017181790976019682,-0.0055633538141917765,0.00033664929069315033,-0.006096691577431843
0.2597620707122471,-0.03228183990052973,0.02868017574453859,-0.0669953096278461,-0.045637382430361154,-0.06363093625208507
-0.07817005673487108,-0.004236322207372303,0.003493465055251246,-0.007006383599452506,-0.004262870302477898,-0.003035242718237298
-0.07065307885841567,-0.002615292976728665,-0.008589721002386445,-0.004953734804284362,-0.0020223449490208707,-0.00331964304661268
-0.08581009672712922,0.0009931919613479882,0.0029289387126478143,-0.008548162342570135,-0.0011578048156956067,-0.0027794291648450395
-0.11934640885559665,-0.004056425799877288,0.0005555354917263926,0.036326173068882486,-0.003932813830733847,-0.004203745467764343
0.2949337886206751,-0.026325771830569115,0.00992920689796714,-0.034171038803769385,-0.025485755981639692,0.0012427014694603626
-0.084460372419885,0.0012962220585371474,0.002072396843624816,-0.00540596113066362,-0.0014378299189164515,-0.006525577936444725
-0.07717175566084401,0.0018296170803196207,-0.0034292518501517527,-0.0012726203065123627,-0.0007231072738256084,-0.00543320959534051
-0.0322856439418236,-0.005574172819285,-0.002625150307266111,-0.016496224134937842,-0.0030783703442541473,-0.02942159089476178
0.04841765748093552,-0.04807567207246041,-0.02268372443333002,-0.02459696361374759,-0.02141475900597377,-0.005005934088775139
-0.07304926806069971,-0.0018430360330323812,-0.008211192150562945,0.004122715927626533,-0.011281917342894845,-0.0025572299141400703
-0.07033286208345836,-0.005658518364440307,-0.002214263302715423,-0.007021126101521051,-0.004706824143639835,-0.004568371976450952
-0.08227115855085428,0.010054880098421051,0.017760938307171296,0.009302804436819228,0.020665872456036315,0.008523143713458038
0.33167782171291205,0.16075136540163334,-0.06070227148583914,-0.008207352910074265,0.004990686812637159,0.002886857115573212
-0.08396009522029939,0.004039497189007599,0.0008589481943108866,-0.007165752211517937,-0.005394115813311706,-0.0026756601970949713
-0.09495467576825159,0.010985020149637523,0.009376282679003032,0.005203316311515991,-0.0009162030844894591,0.002736978276549904
-0.085911171381369,0.0020973115942555225,0.004024211745318291,-0.005399154247812548,-0.0017557769312350612,-0.004251965390969635
-0.11678956611457936,-0.004432234726019647,0.0007819459542852842,0.034918662920326596,-0.004415641168512401,-0.004647962832966159
-0.07510978353896872,0.0094630366598084,0.012223728284789319,0.0021683945841485435,0.01630238618269079,0.0015017706356649475
0.38139784169524193,0.0021996028714210305,-0.10612615764072714,-0.04421534357264138,-0.021495122993262346,-0.01698293651206247
-0.10072588581409882,0.0024074883790656918,0.0040014517286774826,0.0025152948549139738,-0.0024451424490619512,0.0026882393341930407
-0.05977224755504093,-0.003352901261271571,-0.007793998964928386,-0.010229140638937734,-0.0059497351913027074,-0.0066281523269220936
-0.08125650789841901,0.0017687710794111432,-0.0038812979119982717,-0.0034920730726925656,-0.0038261546672322313,-0.0033998155930855113
0.43911150460317266,0.07700667389259773,0.12408736331051715,-0.0021556418143155636,0.005796976051321224,0.02978297687949427
-0.10133098154411813,-0.0035666106322691394,-0.006392622520622691,0.03152919146807652,-0.0048307186485483785,-0.00743419183948883
-0.07377838205199375,-0.0070725777493393935,-0.0015563754034177485,-0.00714464146270069,-0.002313786480843111,-0.0016294916374299548
-0.06351957981195165,-0.008094890141344934,-0.0062535765285521225,-0.008230378247774131,-0.003271946395548114,-0.004029168767998959
-0.08231736870307653,-0.0051238223073378575,0.0007153248564660013,-0.004362823583699339,-0.0013678000385434616,-0.0018626846344293687
0.003793341387086057,-0.000738651798795011,0.010979538815982086,0.01384731315840628,0.003949747676057638,-0.0030001592241122653
-0.06787052344607794,0.0034264403338916194,-0.006885532243676816,-0.004152238656870812,0.0021481236614063325,-0.0013680482773032303
-0.06960216341043468,-0.007635616067300002,-0.009284714185114604,-0.003717767588559236,-0.0013577561889800988,-0.0025483379917518763
-0.08470167988438186,-0.008485262148563483,0.0006343284954107228,-0.0019818705499786223,-0.000492266407631719,0.0015400412583082169
-0.09167293271532811,-0.00241890958582427,0.005224600296830597,-0.006195008232964289,-0.0009902012135174967,0.0016258112184053223
-0.08367026677157235,-0.0020006772321539165,-0.003951243107511068,0.0020948821391037547,-0.0008257951919056366,-0.005587645807101448
-0.06826876972383389,-0.0025878931011673145,-0.006424956536088253,-0.010067571724602115,0.006163196957410048,-0.005282275932920121
-0.07111223018730423,-0.004322468713979181,-0.0024036965839707,-0.006327428681928993,0.00410377307770767,-0.003104276248314775
-0.08365342629923601,0.002202777716590669,0.001460896561554218,-0.003663264850900459,-0.004350665644753962,-0.005311748382714789
0.07972816958022935,-0.032674049713876184,-0.010436407092118615,-0.07381289800886065,-0.010860717503273495,-0.038871477877561324
-0.08858918762621798,0.02550076036846843,0.03844568715383952,0.051053331307278564,0.029462951804446604,0.03617038892765864
-0.07405348694333069,-0.0024854910216348305,-0.0007137689225014847,-0.00309398181534718,-0.005776149231441448,-0.006524018096654345
-0.08536728206810378,0.0013192502000767728,0.0026020750755139472,-0.009070147012367353,-0.0007211229920769861,-0.00271407127029858
-0.07827441449837615,-0.007813436594862678,0.0023911993172841192,-0.005151408287854088,0.0008012466410563338,-0.005214346404447777
-0.08995643930498355,0.0027878371513224568,0.004488352574090857,-0.00493893286056936,-0.0018910547567607054,-0.003933046055574509
-0.07897526016202819,-0.006289243915743454,0.004080427833771963,-0.006587329754656622,-0.002250174971348338,-0.0004765005361927629
-0.06606297056397713,-0.005306767612082135,0.003626626721581222,-0.002676507186842517,0.0003114133605221776,-0.001551865241880726
-0.08474382400400805,0.005403323762310269,0.000866452343346049,-0.0037712598618768233,0.003299259720541117,-0.004643676137278776
-0.0786322902923777,-0.005137935504019216,0.0034389441060316724,-0.00627183248719568,-0.0016398671635815612,-0.005125810907172989
-0.0918077399774378,0.0006981123696552747,0.0027777698813637587,-0.00673305061828932,-0.0017869305575159385,0.0030965158939148304
-0.08631074106401132,0.0016108625536396734,-0.0006219781651678847,0.00036842651207603504,-0.002854925697891688,-0.005660000475845315
-0.08361202921309077,0.00016230738808646012,0.0017531583241731982,-0.006419739273406077,-0.0024442728297348793,-0.0037629308069596044
-0.06742250862422007,-0.003118699924976846,-0.017527109913821587,0.00860333430166012,-0.0035103330469480262,0.020629957993068444
-0.07395601327576426,-0.006990910576250927,0.000537433616970015,-0.0075795516259488955,0.006814745137875101,0.004640179729151015
-0.07523607157117754,-0.00295489993697709,-0.009569239691744641,0.0054058282766687865,0.000638759610987956,-0.006137871073088569
-0.09148434429422166,0.02428320898494869,-0.007004298131712281,0.007413265602860993,0.01707711327505651,0.012625260684575151
-0.0010421778861856267,0.008478129609628397,0.017209880382569622,0.001731602181333044,0.0041500173476640015,0.011331272369105477
-0.07755572507426546,-0.00406812484993878,0.00436327174590745,-0.007420762256603185,0.0032872509879554534,-0.002138033698804967
-0.08069640813277813,-0.0030526414957766715,0.003960727164202156,-0.0031488013473211876,-0.005612935544419074,-0.005498569734802432
-0.08663209313584348,0.0014346721923280189,0.0040671439654195365,-0.002710580050364037,-0.00025948759598933555,0.0020988030496686674
0.003287017691514331,0.012774198302299814,0.02499028049218443,-0.010565422801259624,0.01289710731928667,-0.024323400103885343
0.5181044169937351,0.021157290412123067,0.17714004486181428,0.07697103014681632,0.060251493573905496,0.001414931900086697
-0.07303748450280198,-0.005479514289094222,0.005109169490943894,-0.0056949230665816,-0.0015767905973209896,-0.003207191859073593
-0.09323151638999858,0.016172187262782266,0.010071417812582702,0.0006397457274587297,0.010714941810344485,0.008532478585963815
-0.07304337308942341,-0.003966266999073659,-0.001978165005899154,-0.0070016010978173285,-0.0029364539896581535,-0.004483649320870922
-0.08858928741409293,0.013158369984901334,-0.01106636735093049,-0.002267811560961488,-0.005622085923947027,0.0034800378394518727
-0.06856420694780811,-0.004249454187061323,-0.008531024818111311,-0.007009128535394125,-0.0023262573039905523,-0.0036198356939196813
-0.08033350647879456,-0.006441606664226903,0.0011891750977252198,-0.004922304271960923,-0.0031372032622982047,4.702791488488325e-05
-0.017907948889141576,0.007476673721169024,0.011313093195530605,0.02392490219443818,-0.005090012220377637,-0.004170749777766917
-0.08774875580171478,0.003996531251808295,0.0003491760109649098,-0.003993957984020561,-0.003111130211528764,-0.0025057756452472775
-0.09178916271952609,0.013072756335390326,-0.0052193517281978,-0.005750060737914553,-0.0036932473627947623,0.0003269826798961892
0.39466295850158345,0.027613624080121524,-0.1144813969984388,-0.009436166579258819,-0.018790700769525173,0.010629290338945925
-0.07357652112816544,-0.0032151769006738477,0.0003454701772226684,-0.008221539239669813,-0.0028088235835127652,-0.006641473997892287
0.2567999333542643,-0.00940769093908734,-0.07412354582685535,-0.039020756073366164,-0.026232290537935493,-0.026161795446904588
0.06133464188217465,-0.061650476346345046,0.01961831829408245,-0.03540925883778679,-0.025039495159650912,-0.010723412981913805
-0.13167522503256676,0.005838053962702042,0.004939296538238386,0.04284928321482453,0.0005597723266638562,-0.0018976752809903676
-0.08834912206586548,0.0017043433471147509,0.005739406975755085,-0.006163724736650576,-0.002550179282509853,-0.004314242796808219
-0.08077229944537696,-0.003106876515227505,-0.00036177865727408373,-0.003693004939223055,-0.003988218457052225,5.696374898204829e-05
-0.09091350136065099,-0.0114990879529817,0.005538659342752178,0.002366960779837588,0.00010563652247326619,0.0044527799067142744
-0.08550135583819123,0.0007781231632637968,0.003866022538394498,-0.004644631460920357,-0.005386860132622169,-0.0020498780928977283
-0.07328820213666354,-0.00737923885733544,-0.0005223928550175124,-0.005687193410431129,-0.0010150022861420908,-0.005543897248844273
-0.07632240792222707,-0.007999625589125963,0.0029976416921605243,-0.006862466925816435,-0.0056706774476181585,-0.0005640895083988123
-0.08784683203994169,0.00048660531748438224,2.9038985267950545e-05,0.0005548292757219922,-0.001837287475441355,-0.005757446992655382
-0.07396310135148275,0.00036856477759695486,-0.011852908086339388,-0.006026999316447272,3.659883547755729e-05,0.001847147321983753
-0.07402738271771357,0.0027886638267266097,-0.00948304335804681,-0.006802456757127522,-0.001869469691736121,-0.003159087161447865
0.0017370521842414097,0.00884582599412589,0.013940112243519764,-0.01817747315936374,-0.02587714580219326,0.02099516339756632
-0.08853354310183015,0.0038483591284168986,0.0036137703488521803,-0.005973580992815908,-0.0021269153513158315,-0.0024120133806867223
2.5833126278491707,-0.02730632688289662,0.03138313227963259,-0.08418966191903916,-0.028560413123202098,-0.06822034572443617
-0.0733100154283286,-0.006299171714253635,1.0932008290923474e-05,-0.010281145337294389,0.001072368104652625,-0.004957753041168336
-0.07910981547480007,-0.00657870745077691,-0.0002757968607983029,-0.0050648811683101334,-0.002477998849071614,8.281928306169128e-05
1.0150673754175075,-0.03133032835285806,-0.05757697989654467,-0.04456560737293029,-0.011104733614756139,-0.009223281540064522
-0.08454720030531425,-0.004967199478430243,-0.00031350208087163367,0.005762751097938808,-0.0036052982422853323,-0.004154989891311474
0.31002716994418206,-0.007499267308702909,-0.07400801351177921,-0.05574985047909448,-0.016466568954369393,-0.06953623499274202
-0.08248476674809277,-0.004966424890947499,0.0036136872421684584,2.8043395330950422e-05,-0.0008390232017487505,0.0006863406902144945
-0.08759363636466899,0.0008223448194216575,0.00029928793167258356,0.0018276374409098672,-0.0011484408826577764,-0.008386237597112023
2.5565220467422805,-0.029185178890146962,0.0015281450624808938,-0.07917083180074,-0.028204998650872743,-0.0621760919926333
-0.07721661336427875,-0.0009749888818759307,0.00014289590090801454,-0.004496643526389867,-0.003621657836971187,-0.007925336050575122
-0.07975325780256966,0.0016856353839304577,5.372549310663573e-05,-0.006321025450479934,-0.0033663812252648,-0.006100600833500672
-0.07817231210230526,-0.003241465064718358,0.001996250770941344,-0.005591034354803064,-0.000246082682608998,-0.007747133155232486
0.41145848931275664,0.040424003688862446,-0.04328080409428726,0.010030480660739985,0.05473417421002133,0.019312955774478537
-0.08470167988438186,-0.008485262148563483,0.0006343284954107228,-0.0019818705499786223,-0.000492266407631719,0.0015400412583082169
-0.07606569263146683,0.003284861886711953,-0.007908374145193195,-0.0034750185683327614,0.00623099108062318,0.0011928269811066156
-0.08046287413276647,0.00015801959790330856,-0.009593119654694077,0.0016981776701248648,0.00023265704941128614,-0.005376522926940259
-0.12351604319806472,-0.00424458015723816,0.002379496127677601,0.0372011632932444,-0.0015983581329504597,-0.0020495988099624987
-0.037400239045554166,-0.004347676702685776,-0.02495497070208546,0.014316189880588562,-0.0034756536970327926,-0.022981289626921888
-0.08633495435170242,0.0027974857861281987,0.0018639543590037331,-0.005729158872787762,-0.002539897601739723,-0.0034804971785532567
0.35015203152732066,0.032392367783526,0.028383308124460164,-0.03304734723652335,-0.01419785281322728,0.0016689284321870085
-0.07180567295254146,-0.005222670993674245,0.0008213904154706419,-0.007584485405577187,-0.005473672487047599,-0.005185359431254649
-0.06403104760451146,-0.006765510099551646,0.0005572064158448525,-0.005487059069327519,-0.003298766665049895,-0.0026742319147135276
-0.07433940834006277,-0.006636328262691356,-0.0013042451681790693,-0.006127210026110543,-0.001571063246747396,-0.003320876253964189
-0.07632698037736019,-0.006030751776831427,0.0014466525160709337,-0.01104552003181528,-0.0020176346481834005,-0.0005957605203407313
0.15961296347246254,-0.08022825656312615,0.02711360146317475,-0.06195061450176056,-0.029143900426433306,-0.020816836947832224
-0.08044114726288386,-0.005673927365673717,0.0035066016907221867,-0.0024151509997653504,-0.0026686455683968893,-0.002233977696513565
-0.06919017503832363,-0.007286870444867805,0.0040902675371947165,-0.007715527494534659,0.0020857384721658136,-0.001185937665981429
-0.07427882533142675,-0.005023522279442228,0.00033990183994233426,-0.004965827566282937,0.00127335281976804,-0.007220526365858277
-0.07367453475523737,0.009214607571395413,0.00883486825621348,0.0009371560568648555,0.015479387402826884,0.000833936168430012
-0.08057792692055271,-0.005931576629156796,-0.0004446184405069137,-0.004230357027617741,-0.0039955076837637216,0.0016920292219272195
-0.0650312436278668,-0.009858011954404057,-0.0002453625125103542,-0.008210143561928047,-0.007070118669816589,-0.004143257091328862
-0.07001752986195181,-0.0023374482556546656,-0.008460540477672921,-0.005642027036375774,-0.0001063847582793392,-0.007040178065519109
-0.06752170196219823,0.002701512626032616,0.006143003397656912,-0.002718881968012964,0.00102351561631505,0.001974413185591241
-0.08674642575287285,0.00040107180735758733,-0.00013291078638876593,-0.005386449775038037,-0.0015290609561581837,0.0013089249640772284
-0.06453376948467295,-0.004883337704160173,0.0007802237611244095,-0.004983296796683833,-0.006137085899442396,-0.00918121600750652
0.2527259131223565,-0.14405368749714062,0.017040178688060237,-0.06918526888756352,-0.02071994468044348,-0.004815562722831617
-0.0974335996192683,0.002399440448679416,0.0006505878509396383,0.003794120183318571,-0.004768584848318878,0.0028386080476817165
-0.08192097512021039,-0.003233624596686402,-0.001310169503718696,-0.004268647894089424,-0.001388267759707231,0.002148622570887753
-0.07627958053168267,-0.000463587076332638,0.0015359416042428323,-0.00792279032443487,-0.00023774892612381213,-0.010293670703266611
-0.07926198485714148,0.01031227431843627,0.01625575920679352,0.00873542905404047,0.020018128935363637,0.008919578424897908
-0.13786166231479294,0.002536066062209385,-0.0011358614809911746,0.04706665405209877,-0.0027207153664912777,-0.00017744762370184496
-0.0668840799440896,-0.0040031906489905004,-0.006948127065997488,-0.006218395209107768,-0.004913128677273928,-0.005392833657524933
0.3908038729055986,0.03603776128350503,0.020990036276145606,-0.038166577228620636,-0.0011442622151436894,-0.0040744421455402285
-0.0792531242412862,-0.0033432207614006093,0.00038643468996269056,-0.010366208791093819,-0.0018425593283142633,0.0004954677829109049
-0.07476523443556264,0.0037904033876622533,-0.00025204038992681385,-0.009032859277184531,-0.005451345983759257,-0.004596356795229668
-0.07822118006244175,0.016425295232808675,0.01452856777657134,0.028984054099090703,0.014923819375748913,0.015253882551797004
-0.08681643074173336,0.0004419643374305666,0.00028571694091918793,-0.005118161348039987,-0.0014452747718181535,0.00123894275913818
-0.078328427364308,-0.0012149681739316671,-0.0038093646778246636,-0.003932236467834994,-0.0014717531221630706,-0.004320505799004731
-0.08300211866627974,-0.0066296005217016596,0.005191978102175707,0.02052713518193704,0.00475598970401095,-0.026337037003095972
0.0038162116981819835,-0.0014424941321875405,0.011237941026086374,0.014167736116627153,0.003275344989533752,-0.003375642626802917
-0.0629144692384231,-0.008126204328890082,0.004118327798322214,-0.0018796155630423329,-0.007909237348705573,-0.007466425573467798
-0.08316813054388995,0.001983667360291128,0.004163655026655072,-0.008139896015288521,-0.003595864211481645,-0.005449578511052047
-0.08195834959811778,-0.0010778282777078266,-0.006660169663193563,-0.004335789052769738,0.0022850484159020585,-0.0001102805617409967
-0.08243747079441241,-0.0032875507823891446,-0.001448271196936104,-0.006939803816604053,0.0013823486756341862,-0.0016039467189849818
-0.08725974971325424,0.0063750297647316425,-0.004700339652307743,-0.007333333427695047,0.006951471676518074,0.005965803770280921
-0.07604265186774178,0.0013930744048418105,-0.003882390846137568,-0.006238009368024334,-0.004229436038452429,-0.005348138937994292
-0.08346600562629129,-0.0007589626187282634,0.0013000900044284067,-0.004666435127750808,-0.0035205396150113743,-0.0019983070417517045
-0.08420466177676479,-0.003766527603090066,0.0019477487608900975,0.005712298545691366,-0.0028307147945165114,-0.003241252054923275
-0.08474586181296308,-0.0028261138332230946,0.004242808401282019,-0.005711432381231383,0.0025847296837976323,-0.002286326080958786
-0.08338642991229427,-0.0016909618091788298,0.0025729283932362738,-0.0018291456776959307,-0.00047729546147578963,0.00903390907591749
-0.07196368715383224,-0.005830959416301287,-0.00039844236337346423,-0.005428688707415894,-0.002289990168005605,-0.00825201343886152
-0.1044234024561226,0.02598301240990457,0.005232589779283705,0.004496258350168416,-0.0008099282695683694,0.0080855080273851
-0.06853179410617198,-0.004476240673474885,5.771044737804699e-06,-0.007600133326532275,-0.004218375057020995,-0.007743083245763003
-0.07211728175327688,0.0004382983088933347,-0.035524580992651475,0.030554707422612164,0.025761435794273427,0.0059613900182476
-0.07183263099027035,-0.005746254543910615,-0.0027749475731785145,-0.006706685732356747,-0.0036603490388882926,-0.0031731412626385892
-0.07539625945005775,-0.00551761724912745,0.0021837375182197877,0.006021349165527584,-0.00621050169899252,-0.0032951641241006323
-0.06885918206527415,0.0019215202511710103,-0.012149807236245161,-0.006940726660854795,-0.003784405381344491,-0.00417796943456345
-0.08862176964267192,-0.0016966956125157666,0.004863093836062623,-0.0060113632699599386,-0.0006532172112074212,-0.0014825847299521256
-0.06932551847415315,-0.003752664752819581,-0.00237114108926048,-0.00323422242684397,-0.006463072002454746,-0.00647053797306134
-0.07781712734722697,-0.011398847149366245,-0.002760145877994091,-0.0044202525474219805,0.003338864162495687,0.003654733454047208
0.08628355428096302,-0.03465933031942906,-0.01157056319260054,-0.07683721934749373,-0.009693041270794806,-0.03942279898901114
-0.0780149909190435,0.00316822485776538,-0.007520442508065357,-0.004171772811985011,-0.0020415482277503488,-0.003194008162589512
-0.09987138370788018,0.0030497656535512733,0.002028680410671873,0.0033681090353662223,-0.002285183040575384,0.001851199129384239
0.30430397264019166,0.13842034709640394,-0.09733370524270743,-0.007400338135613699,0.004465546976541815,0.003174416283594397
-0.0339389136609294,-0.0071276782510643275,-0.009135267523523408,-0.020199684740502048,-0.0016952884670809504,-0.021952826382184133
0.20707242354811978,-0.07390717156095132,-0.007210498725325261,-0.05383082228570954,-0.010165788777483201,-0.02253412349041469
-0.0661765635172881,-0.001493053501267085,-0.006905585088798677,-0.006502341297569657,-0.0031211217970866572,-0.0047638431020423965
-0.07863246746848539,-0.00028692865964780815,-0.0018032505531249987,-0.00602826016905314,-0.0007144644964002387,-0.006998101784270634
0.20221656778536312,-0.01305319404829385,-0.007219505253860605,-0.049919712442239014,-0.016915546524028015,-0.07220656656660204
-0.08000005465946611,0.002488946623068449,-0.0005477770005335191,-0.005173166131699167,-0.004309555925794948,-0.005228277215828519
-0.09106128564388129,0.007466811205029857,-0.00395932723578324,-0.007098217131467025,-0.0003026478425899059,0.0010696883264313904
-0.08837913076061137,0.0009862170194958786,0.0014459835412469848,-0.0077189400925388625,-0.004599019425854771,0.004389429335863461
-0.08017302024744444,-0.0033470162495307983,0.0037392531953935543,-0.0034553515238657634,-0.0058673630165192465,-0.002605012167452292
0.2380252598136612,-0.07009445585982935,0.0006319142941438931,-0.049491617207463305,-0.007278832121783732,-0.0014534026751856894
-0.07818026631154563,-0.0032931544916622807,0.006981830031640785,0.00037518428391688624,0.005402606164413509,-0.0032770501467673007
0.31863591266417873,-0.17728638730537688,0.014896738541661122,-0.07549053929663725,-0.02118670788557107,-0.04283387801606488
0.05485658013746434,-0.05197895439053563,0.016805564117734186,-0.047401371654566614,-0.023176652187300584,-0.021275956594006287
-0.09659209235973211,0.00246638171027833,0.003421156104964353,-0.002399794956281141,-0.0027589535427369003,0.0025408528024841977
-0.015050596495793508,-0.007331104160464762,0.006942524708218498,0.01888010970816307,-0.004183843953942317,-0.014820623981342495
-0.08631124362074902,-0.0007938643489723587,0.004170363817914625,-0.005562921157652573,1.9580321084851197e-05,-0.005458349510106528
-0.07043727118546064,-0.008884479985979375,-0.0017408770033100938,-0.009874596994499113,0.0010129183140394741,-0.0032056512688628793
-0.08370916238865349,-0.00448934161906621,0.004434280755444274,0.0010565443112695015,0.0007964732924988185,0.0027640249662736352
-0.08143419427668773,-0.0049448416416137606,0.0001887551464941043,-0.0060128908527371065,-0.0043560984995052905,0.003194672288727459
0.4431541002578382,0.07707983770906678,0.11207230362158278,-0.026096745046985472,0.08256390451235159,0.04862788716647189
-0.08186835657734975,0.0002021089227357462,0.00389972207246935,-0.00464982291743467,-0.00794200621031117,-0.0032178354392977163
-0.07549380473421935,-0.004438418590444055,0.0018444711423986617,-0.009650444359783766,-0.0019791586340950455,-0.004912012466533851
-0.03447046460927998,-0.0012794010862404836,0.000148196479065472,-0.015828922817432117,-0.004019288151829621,-0.027613741385551376
-0.07675509404464449,-0.00020841760242276396,-0.00465697048038927,0.007282530248050436,0.004525961762087108,-0.0043626785922929795
-0.08594222352851762,0.0003982621644097624,0.0043758542548128715,-0.004926522242976202,-0.00033334286346176214,-0.0030164191746576137
-0.08977835638297074,-0.00010134408939419806,0.0030961177131386027,-0.0031795792717339154,0.0015671817862176023,0.0011469628399923733
0.034767471194946095,0.005113967590569018,-0.04939416211962442,-0.010592570137850015,-0.003322565205734718,0.028621949157125133
-0.07989101634254518,-0.007733702059051235,0.0012423373588258352,-0.005350891075404124,0.0005766779206862007,-0.0011346038969274484
-0.07052392177422893,-0.004896601002848532,-0.0027254092844160296,-0.006047672792007117,-0.005042347605616851,-0.005367555592351986
-0.019817699006484807,-0.0005689127860635676,-0.026553203934711864,0.015152837759127695,-0.00504354798856739,-0.00802286609475493
-0.07279308281904903,-0.008060792273666715,0.0014663111723444806,-0.006388641246532193,-0.003834673819404847,-0.004214387296766304
-0.07334319917437446,-0.005168766627403293,-0.0019729789465224488,-0.00416152325462997,-0.0020763335983919108,-0.006445992392037843
-0.08195834959811778,-0.0010778282777078266,-0.006660169663193563,-0.004335789052769738,0.0022850484159020585,-0.0001102805617409967
-0.041176296237122816,0.011155291931354097,-0.016628656563310185,-0.0030577985991721464,-0.005830168844244074,-0.026486085887803948
-0.07940255368571245,-0.0024046453199784586,-0.00934793075252877,0.0011842163613724453,-0.0027123031796022078,-0.0008826980323107448
-0.07698047002108692,-0.003158747929499207,-0.002654335020475251,-0.006489655860128993,-0.003429775297528387,-0.0017703204550178378
-0.06828602954359438,-0.009562980242646535,0.0012936667467070356,-0.008377779483149389,-0.00464133899718115,-0.004722082233971996
-0.0811520099890674,-0.004244238438290453,0.002169958886125199,-0.00247534379893753,-0.007136932605142014,-0.000926117612381714
-0.08307761030497186,-0.003684719035452742,-0.0010138698000735607,0.00010103538638844043,-0.00251634452038887,-0.0025184870776864716
-0.07567505189667698,-0.002772933885986168,-0.0023650657087276854,-0.005605472356664488,-0.0003009035127505188,-0.0069862599535542615
-0.07951414346404187,-0.0050517800594231865,-0.0018793531068074488,-0.006081932924375629,-0.004401452771714622,0.0034227864621408266
-0.08807468968384087,-0.00048063504011515234,0.0049474963538404144,-0.004292805588033392,-0.003098167730389176,-0.0020367150033870833
-0.07464135486723329,-0.0008204190317615846,-0.0018818523186946844,-0.0065712356502924665,0.008852731398618892,0.015067470360957676
-0.09318961432662845,0.03323354188767012,0.010893026760888717,0.006592920949761731,0.022006458218498132,0.00737969898693955
0.1647636606053487,-0.08125103936670093,0.034222698683045616,-0.053553300282620675,-0.032180645925373084,-0.02654213534267517
0.26208416711637567,-0.0017529535324479286,-0.02857702148426022,-0.017950893086757014,-0.0014379198843862831,0.001214409543100809
-0.06732930268546804,-0.006018243838057433,-0.0008273540017528718,-0.008785143782778776,0.0007033424792323419,-0.006456928604969352
0.28461554395635325,-0.026132337079481607,0.051658104594181305,-0.07329741482829658,-0.03665348080213242,-0.05991012680205194
-0.08399785954916666,-0.0061340655753970436,0.0018855563115458783,-0.004186670589980684,-0.009192734369448691,0.008049408340993889
-0.0009245603475106369,0.011283094384862915,0.019317904999688423,-0.010393698854531922,0.012295573132712933,-0.023859917959435283
0.3613747399734841,0.014826673258089873,-0.052261112249848064,-0.025462455671331485,-0.0048710112612249295,0.018049805394902387
-0.07918601447575938,-0.006520980010152424,0.001888038119744774,-0.0001933936906225407,-0.004243366537063734,-0.006055252201563918
-0.10375809206621675,-0.004849051760151381,-0.007088785948248404,0.03249725564690893,-0.004679537660662694,-0.005779920987033747
0.6906262903491458,0.03957648450471437,0.1448329404382955,0.4937558157826584,0.007612664340678563,0.05697920533054051
0.41661761023279453,0.006898285302522161,-0.06486828720599326,-0.03234443528221387,-0.01787478365108242,-0.014851279247714089
-0.08114604377311146,-0.004325280766141857,-0.002125546430988668,0.00018923507917668382,-0.00304374202606806,-0.0036038004994573573
0.2562211620633856,-0.05174618289588132,-0.011539880919101858,-0.038104967365957615,-0.011379467229556482,0.0028581938009445062
-0.08979380021345806,-0.003776477655913522,0.005312571309806977,-0.002311620594993554,-0.0003702839043420444,0.0009027717863262865
-0.08130487810848047,-0.002269950924223958,0.00038516219885334404,-0.003613217909462847,-0.0015430962461607295,-0.0048653368407588675
-0.07331169964445555,-0.007007082886591373,-0.00023021576340016877,-0.005695499422916814,-0.0009659154477147094,-0.005621237809027305
-0.06720137678061312,-0.0055102199581438865,-0.009610936658790776,-0.007123139633826444,-0.004150490644712206,-0.0009071226109255224
-0.08283845618964757,0.002534313659690069,-0.0070242342485383755,-0.008879954551505208,0.00030247660059068204,0.0024027234257457206
-0.07126498585078633,0.0012025045757443403,0.0012855543101217208,-0.00300597728453524,0.0029632179808821166,0.004498499285954905
-0.000437322966917677,0.003048140869953293,-0.0020626459949347493,0.007174956280290847,0.0024459959345994368,-0.01960824368170862
0.531475779899131,0.07266066291946195,0.09047262764619193,0.0070972741731728,0.09539733573123135,0.018055711988853026
-0.06489081383634647,-0.0071117891633836906,0.001154619628976426,-0.0061014313048972785,-0.0039225070659788955,-0.004129822016637863
-0.08977771030929427,0.0053297574828764915,0.007549822391682253,0.006356100504922127,0.00847904454803254,-0.0012714397463088737
-0.08408337286206091,-0.0017143523676123188,0.0023396576985783585,-0.003578170972200952,-0.0017044895522072211,-0.004279889486925669
-0.13315845073479868,-0.0033097205138083174,0.0028996810600061215,0.047479369718987335,-0.0036624691525396938,-0.004770803019524598
0.4196982106345347,0.0599667805771788,-0.08041331799371823,-0.009878381070960384,-0.019636054932438158,0.010605486907132738
-0.07330933102516057,-0.0007782200712657689,-0.0036256113193301243,-0.006439970721617821,-0.005553199722546129,-0.004582125334513965
-0.0818065209936396,0.0038395810451681907,-0.016419583607261,0.009774142576834354,0.009499705762758975,-0.0028471316144538417
0.06251064804176822,-0.05550348688415911,0.008912571816420198,-0.03649545600228188,-0.024963607305224896,-0.01063276290462493
-0.02784782569443538,-0.011603657667773475,0.0011470753655569395,-0.024068592198136757,-0.0012031314747127863,-0.02795641863987308
0.791169956793222,0.011315169988326362,0.018888444139452773,0.2711048968282633,0.002333223432387572,0.011968893992756323
-0.07434080400507412,-0.008345315070959168,0.0033962068355749982,-0.007977726109407111,-0.002854986832267822,-0.0040040289409396775
-0.028070194005064244,-0.014079343793180208,0.005692620560879072,-0.020553761197239954,-1.2726262890720342e-05,-0.03541760677352267
-0.07456203737651355,0.0009110346478710815,-0.008905849304405538,-0.006588251273239004,-0.0017067210715729219,-0.0029477878204908874
0.5641039938355736,0.09520104980778182,-0.1271434424083125,0.09422279987989404,0.036655355826398894,0.060085669794308974
-0.03453996360633336,-0.011093648377025691,0.005060577159184589,-0.019734312294903317,-0.002197923951868114,-0.03152500495843659
-0.0806029606189597,-0.005005642318829685,0.002175683292869434,-0.006535804121744718,0.001807076873428495,-0.004034508300560949
-0.09356038196259682,-0.00720021676727719,0.004765402905190051,0.008099217571897183,-0.001041602657969167,-0.004083812440813284
-0.08999884261476233,0.009529868590910316,0.026713666166616808,0.031026620810073277,0.018157971432867705,0.030167204353363
-0.08170933453858567,-0.001471045107275606,0.0042435074187167484,-0.003604967495242609,-0.007292039326175357,-0.003959118549238588
-0.06785531750690207,-0.0074540274559430865,-0.009467783722813343,-0.005271378998266337,0.0014146454627693892,-0.0038531850674422903
-0.08689319095380413,0.003514610012446519,0.0018045840841987878,-0.005816697120357785,-0.00490925619495008,-0.0013034982438245941
-0.12859528815468213,-0.003591821529022558,0.0032982999590929836,0.043088004612094236,-0.003804387108466081,-0.00504136285813284
-0.09005520814088273,-0.0024651975044253215,0.002320906520135519,-0.00010006875237404531,-0.003094407304370977,-0.00018651648118767772
-0.08899925555774897,0.003108771809313374,0.005304999095317839,-0.005139176778118835,-0.004014616320797549,-0.004454096762117053
-0.07418025589688026,-0.007458587713280645,0.001616361800793349,-0.007666186160631996,0.005635991420702438,0.004351350532404171
-0.07050506401425338,-0.009438209584363711,0.00320925208901696,-0.006666920403886669,-0.0047620697404226475,-0.005604650043969169
0.13683820164551952,-0.04232742650391475,0.05426138532725318,-0.011528051889144233,-0.010568044057129652,0.0029581818255315813
-0.07395378483047566,-0.0064320484896975725,-0.003234984400687795,-0.005323702367321794,-0.0064249771160789825,0.0009818385094633576
-0.06598710495507022,0.017107188829941413,-0.00429816090673663,0.018539123137756363,0.03212343522864119,0.010831195877855006
-0.04311865671860751,-0.003964093273030611,0.003227858137796722,0.005754361061968512,-0.013951756712677153,-0.03514147175204323
-0.08436819210308566,0.0029145076409480717,0.00035193026720602025,-0.00554487213627902,-0.007131333903544874,-0.0007448275582982297
-0.07555413822319729,-0.00029847309978525477,0.0015276789182169061,-0.009623978226224756,-0.002410628698321297,-0.007582559941514723
-0.08669257755382567,2.315572637962553e-05,-0.001160361690025481,0.007313943571869112,0.004317763087178435,-0.0034180581156897216
-0.10400366601449484,-0.005983357081490837,-0.007891647733830004,0.03200549589519059,-0.0030672661554232193,-0.003993563309393934
-0.0731279255441427,-0.003292495331234327,-0.0026829803778505535,-0.004388247038160246,-0.0053003590745760885,-0.0027336135564856433
-0.07444829069383879,0.0028657616307073653,-0.0026262009070203885,-0.007406803119694877,-0.007555062026307449,-0.005304978241928601
-0.06502176480264583,-0.007506745493461922,-0.005014769483136384,-0.008085428382071618,-0.004356419963998583,-0.003849219273303704
0.36449871243620074,0.04317968946674789,-0.10998577430800315,-0.02012675637371092,0.05226933946614267,0.018595309250209337
-0.08299711286727056,-0.0027116395072870067,0.0028394268180638453,-0.0014875973865543567,-0.0009296140545806691,-0.0031133012625316142
-0.07795889310620321,-0.005919750868636814,0.0004894076213080611,-0.0042727509132789296,-0.0052909836554595165,-0.001596101597461012
0.033729912899229914,0.006726102676334685,-0.06806747194351435,-0.012135479505079831,-0.002562546221464152,0.028801145726326662
0.20161906355782386,-0.15171988014322663,-0.006637369086006004,-0.07196246069847818,-0.028951339219080562,-0.017315719577991443
-0.07988871280902576,-0.005214002084737748,0.0006920502768975793,-0.004714181036824901,-0.0014584765031282964,-0.003967842868197534
-0.06997729950392535,-0.008230297091880046,-0.001696951176600913,-0.007032975559900784,-0.0043846182175263405,-0.002189073635679023
-0.07485530064795155,0.00012392845960482358,-0.008918025780986327,-0.005051506049489064,-0.0017312756743523433,-0.0034229841145280984
0.24751619991551335,-0.015330004625474384,-0.057945671033550014,-0.03919079086157591,-0.011025706562705084,0.0032939057375951275
-0.07943555811880029,-0.005927923270994794,-0.0022288853294678904,-0.0051673605626932646,-0.0034260085643111372,0.0030689213495273637
-0.08524628025262063,0.0035437176073016305,0.007682811175398633,0.03514870375227449,-0.0009205328764155217,-0.02506034599299762
0.3654050119729675,0.04664636824063061,-0.1086097193695235,-0.024773713112249962,0.05396393978972967,0.018548594102527655
-0.07383089777316414,-0.003631909768416678,-0.0023550993200316677,-0.006814002098666641,-0.0026637154278204675,-0.0020732905513015563
-0.08312632029176693,-0.0035180182335384203,0.0018348652419016885,-0.004370874625754771,-0.0019352185292530381,-0.002225188708242969
-0.06682754923338063,-0.006530513197731609,-0.00660643117642212,-0.008038631448000065,-0.002689178798688068,-0.0037380477531507176
-0.07288205933666383,-0.0037620209767412183,-0.00867361396349971,-0.007294541510431053,0.00022098591760469892,-0.00188469276863311
-0.06445923016846694,-0.00740520238456873,-0.00694775275578066,-0.007296289313212715,-0.0038751551010984017,-0.004265188827135394
1.049608198440242,-0.021505639065819745,-0.08633094082749079,-0.031227438183644263,-0.0002585217269095923,0.011928974386493867
-0.07554155923155918,-0.007390022475896736,-0.0007082363863997938,-0.006060607034455724,-0.006411354345286617,0.001795989073842921
-0.08975326609993768,0.002801467922692611,-5.5131470351641984e-05,-0.004933491869604929,-0.00046717646605262626,0.001644636758216157
-0.08505991681778452,-0.002116914962505748,0.00275575024100506,-0.0031440334709906133,-0.00017242456518641288,0.0014449822737214748
-0.0775049973189055,0.002399565057060683,-0.0026169580863268076,-0.0052173363672495,-0.004617517832129433,-0.005408194038074766
-0.07256046027863199,-0.00620393884873783,-0.006629169696271348,-0.007285805150326958,0.0008921196522054729,-0.002458495473463539
-0.08932822640162737,0.003905733431410083,-0.010322456648551082,0.009579962850900629,0.007790455514146215,-0.0038604755168760298
-0.08068192460293071,-0.0026041250444006838,0.0009733333915133118,-0.00856877579108126,0.0008494890679572729,-0.004151594033189686
-0.08803290290485692,0.004383958691821202,0.0048456488311434814,-0.005442100047674739,-0.001477320555226657,-0.002470114772742552
-0.08304182553281024,-0.005363380099103545,0.004994787211583424,-0.0056594029754325585,0.0019677794275197755,-0.004086434559954578
-0.07324497210212565,-0.0064308495607699676,-4.7650743427676366e-05,-0.005192669743980873,-0.002017728332951254,-0.001833445604658838
-0.08459767319817169,0.0028860597072155082,-0.013085466502884082,0.009350388828002817,0.00865473980142695,-0.004140478360113355
-0.07246480686404094,-0.0024327658108320304,-0.005433906282946762,-0.009570776842486825,-0.0006133648125401633,-0.00395340352624193
-0.0798474098334398,-0.00850343741460513,-0.0005125869253828874,-0.003970656688839338,0.001223067853486551,-0.0013241140761029479
-0.09144214795307835,0.010153721125898171,-0.0033411184253621306,-0.0030059115336341018,-0.004207240489561571,-0.002237591716501694
-0.08857020792116424,0.0017559276157524284,0.0009113542323820331,-0.007862578864164974,-0.0053273959718961586,0.004434930626775996
0.20805330968298907,0.07133550651900603,-0.032581317273620326,0.004560984714179402,0.008199730636111869,0.02522599958947749
-0.07269189613533655,-0.004189129344972403,0.0015009762027482921,-0.010051664952376164,0.0001884919743509284,-0.004543825915210945
0.422148384523181,0.09968972589805791,0.0859660194954678,-0.03711192943836264,0.07883644853053588,0.043231793228514316
-0.08292099229761042,0.005828614553141248,0.0005231452650004535,0.013135752479145078,0.014863525273981777,0.002726359339952844
-0.07639963472732275,0.0012364534034797526,-7.46849930599944e-05,-0.004076424891881731,-0.001540302836466269,-0.0027341010055286423
0.2920980404292056,-0.054107682267623435,0.019595286178449623,-0.009390249012574419,-0.017013167854937703,-0.000183895163338758
-0.07572449224407969,-0.003028384528497634,-0.002798087642963334,-0.0008380150618423632,-0.0047905422415736795,-0.0038222530096770195
-0.08154285802821912,-0.004731736125911381,0.00219600323726687,-0.001711882942978073,-0.006903202685495146,-0.0009555937740756634
-0.08275390877943653,-0.008934328245515167,0.0021883139055785886,-0.005988894905204694,-0.0015190014286694132,0.003982985246575028
-0.07196107930954375,-0.007320579159048631,-0.008710557462504506,-0.005568688412318191,0.0005803172779488041,-0.0010856346954854997
0.0557886773427026,0.0014227718703637236,-0.010673441913508159,0.007178220215675503,0.0021616568854277733,0.06119730642396438
-0.07695290510767369,-0.007445557150613745,0.0009631535316412485,-0.00385630750746154,-0.0027956952205616444,-0.0044124358715644215
-0.08646999481865389,-0.0005669882708721066,0.0007206437047160297,0.0005409001316513119,-0.0036652837703318774,-0.00506925214516063
0.08579860628517683,-0.051370147807873696,0.014287130768705062,-0.06987579717450039,-0.0113759132459708,-0.0569459038286131
-0.0775049973189055,0.002399565057060683,-0.0026169580863268076,-0.0052173363672495,-0.004617517832129433,-0.005408194038074766
-0.07549942604830462,0.0018492012354725889,-0.0045553495167073915,-0.007946056804421989,-0.0020976500545210287,-0.0061531939179351285
-0.07812766472237415,0.018933606460955675,0.019191935005358936,0.030547565550167893,0.017301663239129194,0.016332927224835245
-0.09980932188909443,0.016154322707888205,0.005244413535666824,-0.005316930048637826,-0.0046271469977319,-0.003005220400566756
0.09910142857790188,-0.05602854743685267,0.0093364677456952,-0.0296341900218702,-0.013073835068222808,-0.00421358955243369
-0.07128365202776157,0.0006572727790286511,-0.003223280878693554,-0.00797684474371448,-0.00643122519914792,-0.005836153511835488
-0.13259513905329412,-0.0012875186229295253,0.0036429217297388994,0.03974622649024395,-0.002364927312811505,-0.0008116987855331368
-0.06690520801043497,-0.00425857466689229,0.0036727004157231136,-0.006351237561545303,0.005145058858265624,-0.0023367913218449417
-0.07415220218413732,-0.004031687773553849,-5.48072452029984e-05,-0.008751036607648142,-0.003086488940317869,-0.004025483535904013
-0.07264306310598899,-0.004914021447339603,-0.008562111858377621,-0.0015097584001354978,-0.0023310980765173296,0.0025110452016628114
-0.08076467778952799,-0.006274408168368898,0.00356035616753642,-0.004466037352421351,-0.006849262540818686,0.0008565461657738901
-0.12741968278453572,8.944526455947124e-05,-0.0005316521257997343,0.03741424220888825,-0.0027808863501387997,-1.790908497083743e-05
-0.0751595525864533,-0.0027173852579526242,0.00567962297389994,-0.0009984208540186304,0.010641871323812306,0.0006188309939955007
0.2486514328061682,-0.17545261582829247,0.010671404946523359,-0.07661800578000731,-0.010382899907007297,-0.04428853060050461
-0.07380634030368433,0.0070047124998861374,0.006163442052441813,-0.003876242236474277,0.0006925550707803358,-0.0010451694577896554
-0.1025876828879126,0.010933702902855998,0.008676564588366431,-0.005470675095327258,-0.0049100197181990496,0.0019813215221686892
-0.081260349321985,0.0004992505135239094,-0.0005122866132247697,-0.009606485332577137,-0.0006737374574361704,-0.0024295735779110484
-0.13974151840995197,-0.00040401428865644105,0.002327613851128102,0.047371311373442866,-0.002400966981752764,-0.0017585055704926078
-0.08071823830683478,0.0033958997255637974,-6.76832858012649e-05,-0.005150016412497129,-0.005058180154379636,-0.006508419463897474
-0.06599906700591983,-0.006873562793266629,-0.004395435189050885,-0.004556913819896143,-0.008784594273181387,-0.0027242035989671087
-0.0786312661684434,0.0008441236072717597,-0.0030761048920625216,0.00039894358624365325,0.00029507654726137355,-0.006079760983476625
-0.08898335532839897,0.0025042586733038884,0.0051366231666777,-0.0062774860737083915,-0.00244715652013655,-0.003773571722855764
-0.07417406376798646,0.00013776392393175703,-0.00940081148384408,-0.005572600466773703,0.004007754205083688,-0.00195767475556691
-0.07335570776428416,-0.007861986718593937,0.0020393933881162436,-0.007796175981160726,-0.0037227962129221135,-0.0031659209949116756
0.10674134320493463,-0.04694880481197181,0.0181069681560968,-0.05343661576919046,-0.009669759860744104,-0.016109586862579604
-0.07614894366381056,-0.0004066901240892352,0.0011923411359306755,-0.007969978212083745,-0.00031931708099201497,-0.010306563917244141
-0.03278562823069538,-0.005570999869062962,0.003856545806537709,-0.017335480142678,-0.0034368096665984837,-0.033730766728258976
-0.08529721439859964,0.011481519529872844,-0.010932311777060437,-0.006820922334334142,-2.6857502043497348e-05,-0.0026136585616623573
-0.06854687866936553,-0.0008182358338532544,-0.012087441932905528,-0.000920777877358978,-0.0025002361854303094,-0.0027168448189740886
-0.07936817544556507,0.0013204023196574498,-3.4639666769461324e-05,-0.006375417764355638,-0.0043718796351203204,-0.0055509650398502435
-0.0678792851787034,-0.008446345236288705,-0.0012580813245253108,-0.007761727294123139,-0.004232988477078507,-0.004718078203529042
-0.07629491375097765,0.0008278396177926029,2.4808221814980206e-05,-0.008892426050474892,-0.0026928273552088186,-0.007335712699937596
-0.07137132541096758,-0.00377335210730196,-0.00038290377423131814,-0.00287466487408796,-0.006459275121091716,-0.006547956935037193
0.31863591266417873,-0.17728638730537688,0.014896738541661122,-0.07549053929663725,-0.02118670788557107,-0.04283387801606488
-0.06952082158375358,-0.0017652858229016937,-0.007126640493425207,-0.008521066561338128,-0.0034533585107577136,-0.003707728153480796
0.06218255070260361,-0.00044105298674755963,0.03083990458835123,-0.0008941517483952926,0.014942812246757895,0.057274169983708406
-0.08157446885763589,-0.0033832198580270203,0.006309804482200284,0.010068322406801075,0.004742693436809838,0.006269654059277865
-0.09737555522042896,0.011586996628418495,0.008753698488860234,0.007057620126387944,-0.00042770185263198314,0.011679319205411128
-0.0883671962192555,0.0006031538706533973,0.005381638392499655,-0.005570330699108272,-0.002702599335646811,-0.003269218192991437
-0.0829876839825704,-0.00258347212195915,0.0010620894668248078,-0.0069939864845045404,-0.000925633057927795,-0.001790968925983183
-0.07499455096151518,0.001036470797485527,-0.00717103810592781,0.006441476412976492,-0.009276093266337148,5.60099144978643e-05
-0.06912920333365194,-0.005542953828872572,-0.008508411929803235,-0.007914659112948653,-0.003967865510589622,0.0005962013978723527
-0.06742738328027843,-0.00810173364697589,-0.0035415218712755545,-0.008282124979367556,-0.004449214743925251,-0.0016996717999518593
-0.0806890264783848,0.0003080219312985995,-0.0001770705764793127,-0.0054479266228634375,-0.004273674078076801,-0.002098356552078521
0.5556707526969724,0.0006358859132560516,-0.16298550237904774,0.20636173214547218,-0.003650888482455547,-0.006873422502390526
-0.0778574026115159,0.0015220785033476035,-0.0010376624686260993,-0.008139742290051467,-0.0024537695992911464,-0.0065113865692326784
-0.07128365202776157,0.0006572727790286511,-0.003223280878693554,-0.00797684474371448,-0.00643122519914792,-0.005836153511835488
-0.07576816301698165,-0.006806823367830738,0.0022468938860959447,-0.006401597593347273,-0.0026228058803309338,-0.004482115963822194
-0.10375809206621675,-0.004849051760151381,-0.007088785948248404,0.03249725564690893,-0.004679537660662694,-0.005779920987033747
-0.10104383345361943,0.011089104254219367,-0.00323209811059496,0.000670266624325,0.00013810373530776212,0.007867277028692705
-0.08695789583332274,-0.00440207551308298,0.002659641388053663,0.0026207577125248105,-0.002356845701708438,-0.00621009524385202
0.529945846746113,0.11580696782834896,0.07633719095480733,-0.004761616898612467,0.07820335575838418,0.03566274207560218
-0.08582485250883799,0.004327808037871361,0.0021071933799435717,-0.003441002292908673,-0.003824706234548263,-0.007293288196694713
-0.06995511947220184,0.00011579280978055116,-0.01198557631288274,-0.0046665963208389,0.00038818064286137157,0.00013022733501167762
-0.07147257412849539,0.00019672016461210994,-0.010655013042610552,-0.007376070697783268,0.007881127307171696,0.01272030109375267
-0.036470994642743663,-0.005959477220191505,0.009067930507658485,-0.02501706476536789,0.00013326198699331352,-0.0340387116939428
-0.00881090101106308,0.008248640132846836,0.02562392439333684,0.030232471778637734,-0.0005648951742271653,-0.0005554713362252871
-0.09170090421761265,0.0015393396354078913,0.0013332734712247624,0.0010267553398776086,-0.0044392798996685644,-0.0020630913861771753
-0.08976717416172615,1.8491209732595155e-05,-0.002160803781718781,-0.0006762895613807345,-0.002093841264072398,0.0003882506947301404
-0.07599631167440087,0.0010756254421959914,-0.0012467975805529393,-0.007808425158291377,-0.004207518044348362,-0.005340016845154115
0.29222370062716335,-0.038298799183110015,0.04986346725588269,-0.05673809353861429,-0.04254270039035587,-0.019152544325134947
-0.0942905731770663,0.0012217622412222101,0.006348170774567429,-0.002138607617769352,-0.0011660904182625002,0.0032030571173692663
-0.12409710462466292,-0.0014234814115501612,-0.0006521883408664693,0.03554091226331593,-0.0020143462629013333,-0.0010855065122774106
-0.10561650558051548,0.019146025147405946,0.0027055311709996777,0.003576218073899277,0.00042306470099497703,0.006798608030081597
-0.06467544390951155,-0.004985199003944846,0.0032453214699036505,0.0005788615952534166,-0.004153207777768717,-0.002038331591275836
-0.07336425175818014,-0.0003587750776822756,-0.00365642101355066,-0.007376141553362858,-0.0032957128304426137,-0.004799009396187765
-0.06868497807260386,-0.001956821573639154,-0.0076939930964614435,-0.008531913488727573,-0.0034682714413304216,-0.0038721628034900533
-0.08138183647803093,0.01055690988481608,0.0179062993387202,0.009534811133199518,0.02044827747910144,0.009097855559088068
-0.07360780722616982,-0.008110017494683219,-0.003540452240956642,-0.006076305279093679,-0.0005226075430347852,-0.0025831339561070738
-0.039408507220952266,0.009607001074750807,-0.01467403942350225,-0.001897069297733426,-0.0076117276468651825,-0.028888863229896967
-0.08205366297930346,0.0015225789516915788,-0.004984933160873266,-0.002229372943408278,0.006971292205083609,0.006258864474187025
-0.07257001825395405,-0.004901811866601012,0.0034298516602172505,0.002439542821308401,0.007664260612976892,0.0023688600116583
-0.09023935933630488,-0.011558580723940053,0.005639692714190529,0.002187257260368778,9.063604936255306e-05,0.004392821045369959
-0.07272239322659423,-0.0032442895720057176,0.00023119242497484177,-0.006724146560498941,-0.0033184671852583537,-0.0053768006845447795
-0.0748706189763631,-0.005051633750659352,0.0017234334319029454,-0.008308746651630821,-0.0034081509947147056,-0.0038924511562459787
0.28168997952891045,-0.0037983020044136894,-0.07748518550912233,-0.04750433472577767,-0.013718037779595443,-0.012188985796322898
-0.08507136275889216,0.0012254642263134843,0.001996577496166588,0.006320997810405481,0.0013990292188272187,-0.010428831633232202
-0.08558625426557043,0.004439213644070096,0.0032248420733532947,-0.010949211404238348,9.867138210692622e-05,-0.002301218187809582
-0.13506815191077598,0.0009578184803641352,0.001466936859978312,0.04396195035201517,-0.0016435811014674625,-0.004048143770456404
0.010074861804210035,0.0007684605777671968,0.01730752539765708,0.013940621997149407,0.003147423696244054,0.003906211020903637
-0.09374405021359386,0.004461183463848585,0.00030305476591697034,0.00595868839636651,-0.0010822870668526692,0.002689570343819831
-0.067068112477293,-0.008957280530975869,-0.0008182865505173817,-0.006676072711643319,-0.005341432252663917,-0.005543172633791657
-0.07471521075037862,-0.001076919023972731,-0.0074235332178272245,-0.00741890516390676,0.007422683414661414,0.013152335925205188
-0.07812314792171893,-0.0038429490967584346,0.004655985602937261,-0.00914466645243027,-0.000783908499178695,-0.0041633486264450615
-0.07029103161558459,-0.0056522876787285575,-0.0021509880886397817,-0.00702845560242829,-0.0047814438285141226,-0.004610498627585812
-0.0824310106673849,0.001614764752446839,-0.0007147136039768856,-0.004624649084429396,-0.0030179091637817478,-0.0007691663759995991
-0.09611083092569515,0.015313602322782801,-0.003689154190611512,-0.002752971085631976,-0.006609727654150153,0.0035689354976434252
0.5350565030775548,2.0388640922803323e-05,-0.1654372270497018,0.2997381541348078,0.005047098834232239,0.010952481847862966
-0.07897526016202819,-0.006289243915743454,0.004080427833771963,-0.006587329754656622,-0.002250174971348338,-0.0004765005361927629
-0.028571101707749555,-0.011623157745569958,0.00024118069221062835,-0.022802975249897967,-0.0010793414414276043,-0.027733699681746573
-0.07473557668394283,-0.007356804034245992,0.0033345899034792573,-0.006921819104542133,-0.0047270746837460185,-0.0010361198629566136
-0.08963267376388752,0.0014187022095564828,0.0009615692652019435,0.0017687401558130322,-0.003109656304026945,-0.005914886783251691
-0.09171378994375082,0.024290534425021576,-0.0027476148610631954,0.005716524123597761,0.002319523318237443,0.011460365929905675
-0.07498629408542909,-0.004750876628545977,-0.00400376923836545,-0.005212385277442755,0.002130946820592857,-0.0031230179028345867
-0.07162505941985069,-0.006933351089448525,0.0013132448358003808,-0.006547128945251271,-0.0018762212935894067,-0.005841376107911945
-0.0896918695079565,0.003284195787142769,0.005422892740248076,-0.00570160640758132,-0.0031587026060880432,-0.004360305476047011
-0.08026845764234808,-0.00017570784123803623,-0.008419840810213254,0.0013019970091191697,-0.0006127953500841115,-0.005387977896114768
-0.0508441636933891,-0.005495779182525368,0.009778160402092504,-0.009256447820284732,0.004695091291973811,-0.0028553005089091946
-0.07478167656826114,-0.005112240133706034,-0.0016063447712870301,-0.007402084341025069,-0.0049523014600545865,-0.0005795191922309959
-0.08197800360029771,0.005863898422549048,-0.00023131621945905595,0.012731546353301083,0.015083182523917844,0.0027900632541206115
-0.13051959467141264,-0.003288869305254189,0.005035911734840775,0.04287690054144893,-0.0042230311561471685,-0.004538650271822111
-0.08059352929611348,0.003371960643086543,-0.0001988065150623208,-0.005217830531404707,-0.004958756126871424,-0.006449728744645956
-0.08074677058184136,-0.006237142171010594,0.0008556819304744397,-0.004795620653579177,-0.002892148267614739,0.00020077658653271465
-0.08785967085612116,0.008820227933615907,-0.006415869206343019,-0.002830567427353119,-0.003918061697449951,-0.0020951196994726546
-0.09396107246412183,0.004248690579159768,0.001139541415141351,0.006417607304726414,-0.0010196327162657844,0.0027362901659529777
-0.08205366297930346,0.0015225789516915788,-0.004984933160873266,-0.002229372943408278,0.006971292205083609,0.006258864474187025
-0.06970118322216447,-0.0049929530751723185,-0.008746529189081859,-0.007030550210319918,0.0005732617778201366,-0.0030302304650883165
0.12432982454948159,-0.04870155827472565,-0.028880901652558726,-0.06189196321505356,-0.025217506596051053,-0.02061350492318526
-0.09477948263060033,-0.0006645770404691889,0.002096863906212504,0.0018138406798198883,0.00037583973044892573,-0.0027945130112650945
0.5802955321384131,0.0306312354265999,0.018916744022015458,0.37828005592447883,0.004566427841377898,0.03794564864079314
-0.08415101750618263,0.0035542157379351118,-0.007890115908105037,0.006031562941726073,-0.0012699515967081524,0.0029531934206526067
-0.07818437035090679,-0.008385433918922392,-0.0039888327690570016,-0.0034533200299301,-0.003984334229510306,0.003914762133495967
-0.07858362845010716,0.006226041479879273,-0.01057397702731837,-0.007030645167564003,-0.003980217473311573,0.0010977071995534873
1.3366875224736448,0.06592132466706471,0.013599777637192324,0.05584949620378863,0.005596899905107781,0.017759672299580788
-0.08666629508459765,0.0017321086347889432,-0.004896115239293849,0.001035777322040916,-0.0036298328847120926,-0.0017024189570377121
-0.07741158702237266,-0.004571847178756055,0.005098804178612013,-0.005764281732398736,-0.0022816480132047115,-0.0006265902819876278
-0.08672940151492214,-0.0028092212874948597,0.0009878039529009886,0.00101175093471966,-0.003439547034696029,-0.002080680215486321
0.39281673253338995,0.0698527984080418,0.04675651311614787,-0.011120117982390387,0.01732313459588449,-0.01202109010875452
-0.08235271177559385,-0.004780132026521258,0.004245054483213341,-0.003703892903573644,-0.005195323567081603,-0.0015139937679241031
-0.07426529707321043,-0.004670273725437432,-0.0011404393175195476,-0.004467323099089793,-0.005067050232718954,-0.002031061116813449
-0.06755553608179428,-0.0050705134185874395,-0.0015102740401035145,-0.007398327289057654,-0.005216291036735128,-0.005994544922542822
-0.08181132516060412,-0.005892257254091626,0.00042263774937428123,-0.004955067321419935,-0.003488714925328469,0.003332026121942068
-0.10104383345361943,0.011089104254219367,-0.00323209811059496,0.000670266624325,0.00013810373530776212,0.007867277028692705
-0.08437937564639171,0.003513529825440441,0.004008623795865504,-0.006129305054768672,-0.006824477876872028,-0.004646884136801109
-0.08253652582389841,-0.0045131839594230285,0.003974654637612064,-0.0038198134505225355,-0.005123040173239477,-0.0014244021478740964
-0.07124845451415635,-0.00823496960809672,-0.001688837936013343,-0.009218837390805912,0.0008909783562292847,-0.0032448403239509556
-0.0753312052252442,0.0015153773418082593,-0.008797910838320691,-0.0007590152315161423,-0.0009056561056604533,-0.005633367266853584
-0.07095866746029113,-0.008188046806091724,0.00033909966065474905,-0.010607345766049452,0.00033590351510945685,-0.004919391599479173
-0.10157497091672235,0.012752384698721779,-0.002013992961755605,0.00017463060938884893,0.000845361343932854,0.006407420283627248
-0.06975213726075266,-0.006041713075434686,-0.00849422999938293,-0.00579038020843636,-0.005526008862714697,0.0011878387129424205
-0.06633529153509096,-0.007267783509451758,0.0006935847936674752,-0.008671773142177878,-0.0022577449578298023,-0.005601719629512446
-0.08471291606827028,0.004148234134753725,-0.002612260303260147,0.00914822677019989,0.0004191230936035225,0.005183689441185251
-0.04432695161693714,-0.0037430879624128256,0.002156015249733221,0.005263328610215726,-0.01366448628334651,-0.03457101791011712
-0.08565095098266841,-0.0035554653078471417,0.0008904003813564435,0.0019154207857269743,-0.00121645550787123,-0.006231868479282816
-0.08249119721527332,0.006038875006659386,0.008590226529977176,0.011166792437849075,-0.010649435827546782,0.0040367747209057005
-0.09463312240099551,0.0008620023044172165,0.003972285318342043,-0.006590631289931575,-0.0018812366278421777,0.004290949903987734
-0.06840459211536802,-0.0018043463729980498,0.001119650310463964,-0.0035330953554656625,0.003952126405709624,-0.0020864329348707967
0.03491446365719769,-0.03778804477920136,-0.009172468964507071,-0.035654118945046644,-0.023427367598137083,-0.01739334001782904
-0.07186286986357017,-0.0073686663440944745,-0.0012935190334734065,-0.007548395383309686,-0.007469199307109714,0.0009360111644759456
-0.06683542878313457,-0.007518855058430866,-0.0035243254446359873,-0.007683614768772969,-0.004356325996801587,-0.004020827176687188
-0.09033460835296173,0.0012693245796122398,0.002659030154409205,-0.006182154528942321,0.0021982873195706943,-0.0019485674818528977
-0.09630948385632043,-0.0066429507864711876,0.005745826900372429,0.0008880043567582753,0.0020798059905168765,-0.00012920986381489955
-0.06538335466464272,-0.005799282309207338,0.0032968342973837207,-0.0007967365710405706,-0.0023567354978962195,0.0003026737388001543
-0.08556690985098728,0.004458894903850901,0.0029168169132614444,-0.01079243137529266,6.665517780434191e-06,-0.0024009607216664086
0.08554398375729873,-0.05232208190206624,0.015212492814635206,-0.06991953505688536,-0.009964473363338264,-0.05808666569487186
-0.08028939103888884,-0.007154355780212646,0.003681785657838049,-0.003420728964229586,-0.003190579676547922,-0.003981105086044763
-0.06677492250476695,-0.004928221319370845,-0.0024651813447831316,-0.00733613893200732,-0.005897731717529537,-0.004084177464236131
-0.07826602443501655,-0.003171898495902203,0.010356765934453897,0.00026217951719726654,0.011341579469821162,0.0016532168494745435
0.0557886773427026,0.0014227718703637236,-0.010673441913508159,0.007178220215675503,0.0021616568854277733,0.06119730642396438
-0.07608964534299385,0.0010908575201628583,-0.0013015549347410139,-0.007764947741165934,-0.004139128961967595,-0.005313153053444098
-0.07152918825856797,-0.0016017590022827067,0.02039094694232942,0.019853489419615566,0.0019012396322860043,0.03589204656251976
-0.09047567769743761,0.0027611880362569297,0.004924948774868899,-0.004926632102422261,-0.0017853051152383413,-0.003989203402255917
-0.03521837310742456,-0.006721225365178194,0.0006165412262077048,-0.021497361629235046,-0.0022752225167517,-0.027991737637152184
-0.08877112950917382,0.00956548576521078,-0.005801774539018272,-0.003857546348849436,-0.006894586455977046,0.002747808748083389
-0.07159271891580231,-0.005754761573189115,0.002390988724668709,0.0032598202434246082,-0.007706311741473044,-0.007810031690661243
-0.07401990898442809,0.016745678300811844,0.021730593505260687,0.025831015191445705,0.016619064477624415,0.011073948936390864
-0.08249119721527332,0.006038875006659386,0.008590226529977176,0.011166792437849075,-0.010649435827546782,0.0040367747209057005
-0.07789061091688627,-0.008860646426922664,0.003367538393852366,-0.0026209921811091736,-0.0005677867294293744,-0.0051983601706085585
-0.08783583686702559,0.0025859739076827923,0.0044696158596260315,-0.004862992222591512,-0.0018547616841831018,-0.005768595140580737
0.060047058932894005,-0.04709557202075363,-0.04266048227562261,-0.02296076207209451,-0.01860749216422671,-0.0022945716685321403
0.6335515067852909,0.15862021354579922,0.18883970333425845,0.01549824712356911,0.10426527211532674,0.052241336451687104
-0.07436121377187299,0.0026104167990367243,-0.009147270054028482,-0.007118935784629106,-0.00291119530131446,-0.0032754097834267297
-0.07498630304010316,0.0019050884293332804,-0.008716949023181694,-0.004486852749157192,-0.0027810289262197533,-0.004580766491972472
0.236328407942416,0.007964733167340907,-0.1131216212556267,-0.05739264868500092,-0.02116518583864714,-0.032959569835064685
-0.08598025329671372,0.004195419643019901,0.004998270042761516,-0.0021837161752265664,0.008452717030703242,0.002488434581423046
-0.08242456709133542,-0.0036161728153960085,0.007166365614883638,0.011097891625280187,0.004971369906844439,0.006537048715106021
0.054098418063752325,-0.06847262340204094,0.015656901945610816,-0.029959579803856166,-0.027245780741196823,-0.012812807361592488
-0.06975518955533304,-0.006206225509616683,-0.008486115105001886,-0.004909573018394543,-0.003789355559785583,0.0005418305195548809
-0.07679989223259251,0.0021961193800364314,-0.0039002828819411713,-0.005670125414860642,0.0024466042011160823,-0.00026673816073881064
-0.07354420833993917,-0.00297023172348941,-0.003343142083087086,-0.0062860396338300425,0.00039880014748988314,-0.008134664995982869
0.04841765748093552,-0.04807567207246041,-0.02268372443333002,-0.02459696361374759,-0.02141475900597377,-0.005005934088775139
-0.07766313281981907,-0.007270688998632825,0.0006217431884904945,-0.00429720459125279,-0.0048239021240406325,-0.00037310968342733013
-0.08183411774590081,0.0010137291862540477,0.002534575947712034,0.008009578813350864,0.0058258004078818384,-0.00448951703284067
-0.07416627963462594,-0.007806728521045198,0.005201192699735729,-0.006532480082732211,-0.0014533014032716747,-0.002931996076232554
1.2644878589128556,0.08263807227812058,-0.05581173666329988,0.06506537857494071,0.007437284216753052,0.015464369494816978
0.3232849975121735,-0.021260857771111006,0.04550595280599134,-0.02721512517191496,-0.038660575688979196,0.0028923738515048607
-0.048893245987681244,-0.0041941470734371674,0.012078925793250473,-0.009693078930796177,0.005154676815444441,-0.0020286109393402624
0.8682867267920695,0.022749135093203116,0.10930109602981555,0.33961294413890875,0.0030297754452833126,0.013897913536979839
0.12136320083493284,-0.04749841269479825,-0.03226436043390032,-0.06090915481648921,-0.024764937140420797,-0.020667840169686334
-0.07606931752240008,-0.00803829937740947,0.00156202443743182,-0.0070781965002033,-0.0019359543263821172,-0.003085173801789688
-0.07679098615243819,-0.005605499779475305,-0.0016751617826240971,-0.00736206246192166,-0.003982446024098384,0.0009736106161545168
-0.08253088726117087,-0.002932764887688572,0.0030280632612169974,-0.001428421662640643,-0.0009291082375064064,-0.0034134264248427896
-0.08693145972949458,-0.0008750443425215869,0.004527247502197975,-0.005473276956231966,0.00016744948549413745,-0.005477217325631595
-0.13621520900009895,-0.0010851051329385313,0.0032172785961310313,0.04282875424565127,-0.001887422953270244,-0.001515636015469657
-0.0874053249033226,0.0026524537376925593,0.006665134975858386,-0.004826376946717613,-0.0037704048904861295,-0.002233493038216573
-0.07970752618512571,0.001281448104377467,-0.020576372093054074,0.00480177168002828,0.004011117708370647,0.006931791056170305
0.16515467685013957,0.015763914528128174,0.013659947939112209,-0.0137914231828174,-0.0027570082140684874,-0.002399909555161705
-0.07481059992527773,-0.004431500967591519,0.001253778438129823,-0.007082912531481565,-0.004104594303871978,-0.003242321417622114
-0.08845688029760135,-0.003998717588977111,0.004388469275210206,-0.003586955550295,-0.0007897759099110642,-0.0015051053343375343
-0.07339055010193633,-0.007227273497976259,-0.002437138765656835,-0.0022422389626789614,-0.01122480635757285,0.0047947112304374175
-0.07722959124816958,0.0011381392743673511,-0.0022647769427936127,-0.0049315486943748875,0.0002838073871514281,-0.00296628066652132
-0.08982908039629706,-1.1771327389782013e-05,-0.0019628074868971394,0.0030385734346136165,-0.001468451468910376,-0.0023821602210751316
0.06524857707197991,0.011265641868906957,0.021504549444309552,0.008523759732210819,0.013692385200407093,0.07582574342679964
-0.09007114612442162,0.01305163718719823,-0.004580732509350588,-0.0071649028181940315,-0.0026031252905930656,-0.0026228850532572087
-0.07997008865863224,0.0022658452897395876,-0.009530197545436452,-0.00345058587813102,-0.002211753392785625,-0.0012466067508533605
-0.09817400168443935,0.011281082939957169,-0.004637753392535497,0.0023949539873402695,-0.00501323604683079,0.006424106016963023
-0.08669104338891839,0.01888488337184619,-0.009976915867302094,-0.004811823250742045,-0.004845620177114971,0.007522783120787892
0.010332043611617298,-0.0021164525047930203,0.01862119851193482,0.022483943375441972,0.0004165320159274333,0.00019430474421498853
-0.07890564247884475,0.005658372555949559,0.001714886706367179,0.015268556810989943,0.017750182801764852,0.003359313753919073
-0.07966817791604146,-0.006960775460470601,-0.0005238402274099697,-0.0047973401062120485,-0.005607001066384909,0.0036187002374819116
-0.09114005122898765,0.0011579259446753394,0.003364971278000659,0.0009707214925431506,-0.005119019434560248,0.0001654532347734072
-0.09027136460728485,0.004667332872788952,-0.01790821885940334,0.011746180566871246,0.004225230391310365,0.0028506111295011453
-0.05413576620888241,0.03007896685431539,0.04036675990386909,0.02975867669735927,0.09661021402108723,0.008030201864593623
-0.07900575084344419,0.0016651204266996257,-0.0015690369743416733,-0.005675886194653451,-0.004117025973526663,-0.005112274400154227
-0.06870057320856571,-0.005893875253269718,-0.006870753907149799,-0.009806161336074091,0.0015934265939545425,-0.0031266780742531335
-0.06858291233672635,-0.00484747486320015,-0.009141996366781683,-0.006582674477301062,-0.0017571979937091814,0.0006435006959298002
-0.09355071941485478,0.002495512977500951,0.005339664054324244,-0.0025885951049684237,0.007727827737996079,0.000933090679280756
-0.09561086396208182,0.007628327098600305,0.000808576465089373,-0.00832004650369567,0.0025984190126967736,-0.001635049009325652
-0.07172457930126322,-0.001489222408454302,-0.009868060262593592,-0.0027505903988387513,0.0006784937240491612,-0.006003374013952543
-0.07395601327576426,-0.006990910576250927,0.000537433616970015,-0.0075795516259488955,0.006814745137875101,0.004640179729151015
-0.07031860545334312,-0.0032950563837115887,-0.007099800377261266,-0.009737258618499715,-0.0019944203759270423,-0.00175539333253427
-0.06623824343696465,-0.007504542381037888,-0.0033384423083879906,-0.006893790673699136,-0.004866395114555175,-0.005447093332969256
-0.076420574179219,-0.0036322594458225214,-0.0046047969013775425,-0.005206332592564593,-0.0011004218017078458,-0.001836643627354736
-0.06996738080188357,-0.008216451033800238,-0.0015690200133250823,-0.007083172729174594,-0.004441900447411361,-0.0021858965581761807
-0.08772757370219797,0.0032296957327617067,0.0016580351840128978,-0.004303517814350761,-0.005625800424830957,-0.001559335998039928
-0.07633410354744581,-0.007665263577451047,0.002901886463101571,-0.006893831798893285,-0.005714895577223026,-0.0005697865121356621
-0.03447046460927998,-0.0012794010862404836,0.000148196479065472,-0.015828922817432117,-0.004019288151829621,-0.027613741385551376
-0.08720159811856014,0.0018285206630131855,0.0030100503620289908,-0.00668747258132909,-0.007117297796802326,0.0027963306109841405
0.3239176352639768,-0.17724030285059056,0.01963986482582727,-0.07680073327388809,-0.022831559789083786,-0.04185012477880248
-0.08823017045897959,0.00055528273040892,-0.006049316898791162,0.005723595729087505,-0.00056488021573164,0.008118200154814167
-0.09895245421559541,0.009854925441774952,0.005537612395893842,-0.0059296441457382006,-0.004272657468993005,0.0011372265146088899
-0.10270759279363983,0.02212942910662603,-0.007869399041853457,0.0057273058454980035,0.011784845414030451,0.008463294171733674
-0.05852224570762414,-0.0057036888329735505,-0.009751050056635815,-0.004576277187474228,-0.010201513916878688,-0.002928548296222184
-0.07388753197083742,-0.006004883105313692,0.00042285439466399144,-0.008520665170531164,-0.0043477076645780524,-0.00225187445964833
-0.08952293906823772,0.0010746648102243374,0.006348161253156251,-0.0014295772350665966,-0.003377855872583434,-0.0037666453848557526
-0.09561625067885449,0.005545607201059017,0.0036161406712807093,0.010327314185023116,-0.010044771567446724,0.005332732535454863
-0.08901715686475468,-0.0035009521034369763,-0.0016228967734850542,-0.0011789313664985707,-0.0006711859326105674,0.004558640726777886
-0.05608598740797187,-0.003980514299215035,-0.017585839489672808,-0.003312068637173641,-0.004260503380225725,-0.0022536680882699485
-0.08380396658972657,-0.0043374268675908075,0.0031325274422653792,0.004048461129282537,-0.0015583132708170586,-0.001947497861545285
-0.08293762112291095,0.0022950379747343447,-0.006815946276590559,-0.000792195720568756,-0.0022770418396362764,0.0007962822224027397
-0.07868603701395058,-7.272530534776169e-05,-0.009873452553425319,-0.0032837281646340127,0.006206292004094414,0.005999975469525577
0.22048848148052277,-0.04621711162959677,-0.03397918352304662,-0.05061821607350312,-0.0364397793099369,-0.0054536482720542135
-0.08748593964668491,0.005843159479412486,0.007731754085167866,-0.01362559313843137,0.004896341624238037,0.004719788122807797
-0.03187489179656492,-0.00541400270416588,-0.016877278628117522,0.015005266069495503,-0.004798050127018151,-0.023706524585231526
0.1985013466834029,-0.14938817412994884,-0.011914844997576042,-0.07104232667401743,-0.028152227263507867,-0.015432881343106043
-0.0765338402454869,-0.009074642336494096,-0.0006511263834099449,-0.005865933979383624,0.0011245998011200314,-0.002959327879163715
0.14701066244643898,-0.07285642517788606,0.009067957910631756,-0.05586751574955717,-0.02925937952665855,-0.022034846957093176
-0.07752669830663428,-0.005409571582675261,-0.0016474457952302946,-0.004697644140068591,-0.001246737450297613,-0.004116353607354244
-0.07180567295254146,-0.005222670993674245,0.0008213904154706419,-0.007584485405577187,-0.005473672487047599,-0.005185359431254649
0.33932290269130577,0.016556167051920503,-0.077683115683774,-0.03020044959151921,-0.004410538027692687,0.015130282869358367
-0.07416137791970384,-0.004347083819977158,0.0025481208561073574,-0.007868770011510774,0.004369690177992167,-0.002574896898533479
-0.08035752007812252,-0.007009139487234771,0.004926308344833522,-7.318005326203515e-05,-0.00543342984784319,0.005164502348818877
-0.07159271891580231,-0.005754761573189115,0.002390988724668709,0.0032598202434246082,-0.007706311741473044,-0.007810031690661243
-0.07567505189667698,-0.002772933885986168,-0.0023650657087276854,-0.005605472356664488,-0.0003009035127505188,-0.0069862599535542615
-0.07160004676298136,-0.004049498282687119,-0.002400449742140363,-0.007036538113212989,-0.004169523159755458,-0.002801150309465576
-0.08089081541733836,0.01586881023863207,0.0026084312883014075,0.0010871361428425191,0.012941149621639727,0.008820153690690242
-0.06827873250141098,-0.004344250936996158,-0.008798109797077236,-0.0074167300708373966,-0.0018621825576275312,-0.0038787296177199716
-0.07376101054319469,0.0011511534414117995,0.0037307620141927645,-0.0025454177089586946,0.0032125414596076087,0.0049220921934816945
-0.0898876689722186,-0.002097650466631564,0.002652071790514963,0.0008947094826428745,-0.00219377257988053,-0.0025480474980877667
-0.08671246345850424,0.0026049404455684064,0.0017947803213245511,-0.005732806784599085,-0.0014257086842352136,-0.0036232146845345996
-0.10381942323358939,-0.005743869525826424,-0.007850072551426104,0.0317841360553782,-0.003108624190051145,-0.004141790780869864
-0.08582485250883799,0.004327808037871361,0.0021071933799435717,-0.003441002292908673,-0.003824706234548263,-0.007293288196694713
0.01950793420825577,0.007857306573506575,0.010352350760925612,-0.005927954739757491,-0.0025426368412603665,0.03329079349863711
0.08556320886596658,-0.048678139908690826,0.012158796653425785,-0.07056608941301637,-0.012707930601880805,-0.05595832711895895
-0.10156218346109128,-0.0036354262999372987,-0.006451787357776995,0.028395373446327584,-0.005377406331702042,-0.005173477469925193
0.12852309490519842,-0.02550185842647746,0.023780179707375844,-0.02616627385743623,-0.011838396785569917,-0.009875784762590418
-0.08106161943512974,-0.009610855792947707,0.002494317454864114,-0.004423544396975512,0.00034406194688936005,-0.0017251253373708878
-0.07987271358969311,-0.00486600119545019,0.0031643116997792952,-0.0032898409385862617,-0.007303386344290403,-0.0009773807146165327
-0.08404074481412499,0.0020123232569421072,0.000529242966461318,-0.00417944788286391,0.005202592181941749,-0.003671686749985526
-0.08475224705700217,0.0010615388384193293,-0.001425333388201429,-0.0054510884043944855,-0.0011848319523887559,0.0012468838910089546
-0.08274000960414082,-0.0057650394983133025,0.0032841228604567935,0.00024094394243232898,-0.0010001159693005155,0.0006869744758170418
-0.0830574507618142,0.004625977252202712,-0.0006985986999250404,-0.003109442341300911,-0.0077337545234958515,-0.003094376547473311
-0.06793109854121143,-0.004538637922744211,-0.0009940339861781897,-0.010423139817014721,0.003349981257320113,-0.009082395401448624
-0.07139047642075917,0.0033216706912036547,-0.013352598752974667,-0.004416500004787798,-0.002509493817102103,-0.0029566797619801593
-0.09031646573263372,0.01352667635273328,-0.003847774003840216,-0.007744594189112955,-0.0017855370676555318,-0.002940873441862668
-0.08200572077690302,-0.006632199209452884,0.0038517765613281865,-0.003252066674605974,-0.004849291909097305,-0.0008114388679323318
-0.09313803534586716,0.0014560028186151772,0.0038281987694067502,-0.005954961527057921,0.0024869509170981807,-0.001934117032548845
0.5661379685326591,0.030859103472340638,8.549392540267687e-05,0.356645969407574,0.004463184056259359,0.04024774170356
-0.07995863286639919,-0.00038984588143868766,0.0003211573625936824,-0.0035436820355734156,-0.004682285766328121,-0.003398221060293874
-0.10724680187303072,0.025124660882474226,-0.0019232277530279362,0.006571980678773632,0.013667922520044024,0.009369220928323513
-0.0774547027600025,-0.0024437859714914988,-0.002845466772949253,-0.006493810191226118,-0.0007194852497773106,-0.004245518926173329
0.2827061602671958,0.026953944149748554,-0.02866090498662144,-0.04865373150061803,-0.015068005391163168,-0.016121541958780492
0.8451839616679703,0.028447764822384595,0.08600226116348521,0.32236666818982823,0.009969242396967263,0.008600607350394975
-0.07731133356279367,-0.006596751884489015,-0.0033777453475501,-0.006887048431348454,-0.0030745769499210553,0.0027904423684323846
0.23989959895221902,-0.08312942992139413,-0.0008347766549523525,-0.06302792318868083,-0.01367354086170076,-0.0017861079371623454
-0.0689631350628248,-0.004792155435670109,0.0013499566162219008,-0.014733424695453218,0.000422668267848552,-0.0028862916805023177
-0.12801693168442885,-0.0037532398242252755,0.0031291295509088993,0.042196236868343596,-0.0037218534810406602,-0.0042869731195826445
-0.022955094269506066,-0.01024255012819556,-0.002940652159277256,-0.013954733801155106,-0.0033843161859694296,-0.016373826660433192
-0.07762409650659205,-0.0034217351031867616,-0.00043722230150394325,0.007018525997406067,-0.014946928991592801,-0.0022456661312098805
-0.08038080836845429,0.00055071154208337,-0.001228724024282366,-0.0039723970654218215,0.0009719192116846448,-0.00015967303252097665
-0.07734822675074547,-0.0019597052559031966,-0.0006899544945646034,-0.0005488852606301717,0.0029217032396856484,-0.004288698544726665
-0.1359607762170801,-1.137236272632292e-05,0.004671219894200692,0.04153161088604383,-0.002272943825307132,0.0008821146529823998
-0.0787576300271823,0.0016910375549379962,-0.009605333714740705,-0.007158628916848151,0.001203408567350261,-0.0008740055783580344
0.07616708696317147,-0.04041758465946749,-0.012659830042913293,-0.0657361841348803,-0.011512540500821114,-0.02891050174162522
-0.08507190575409876,0.0025640076776372424,0.0002319451727371936,-0.005451738822586054,-0.002452312914409696,-0.0033516070338958396
-0.08626460517686425,0.0025469251555019588,0.0014697722923504625,-0.0016493794107375632,-0.0008800516158233145,-0.007837113290603019
-0.07030228820997697,-0.003436777091037518,-0.007212835857087177,-0.009544995849357233,-0.001468574904602556,-0.0018125570285287753
-0.07346760315634077,-0.00014523067437454594,-0.00047956650906045195,-0.009625598799043724,-0.0025097006393803105,-0.007503087621885629
-0.10085232902007041,0.022041815838826917,0.005698723347155124,-0.001566756133959495,-0.00018582391156177937,0.00534403991686805
0.3937428133073298,0.05105753700685342,0.081260765513006,-0.015924935890528426,-0.018981939435322195,0.010576285835283729
-0.08997343340360724,0.0013659612564453918,-0.0029858820892411358,0.00493894569617275,-5.792385410790135e-05,0.008777363739805538
-0.07824041612321779,-0.0031604357248583665,0.0026730414053450584,-0.006350673693844553,0.00010678198393933126,-0.008201670260646768
-0.07562596469330318,0.013072799276849392,-0.023273519586826705,0.008915706194907362,0.04202583535911579,0.001126072143969971
-0.08918428291870377,0.0027492567836498684,0.0039850070542110805,-0.004190086133415915,-0.0032239536514764217,-0.0044694052263177545
-0.08780014682475736,-0.0008590577116519068,0.0019542824896260943,-0.004473798565737773,0.00010633908450364966,-0.00011829028681179444
0.41034383666140195,0.02244384257943682,-0.18148234602445887,0.2652236957695566,0.00025833373396140285,0.01770933696242757
-0.08146111265585236,-0.008931053499268506,-0.0010194292205924413,-0.0032289104814583473,-0.0007841433095659865,0.0017861973058138365
-0.07517987977785412,-0.007615790223608888,0.003814767461688727,-0.005967857757855687,-0.002973066211870359,-0.0041308398910645285
-0.07308889499506027,-0.009777741886323778,0.0012128468660557118,-0.002806944820545955,0.0030640026839545737,-0.00403523124669579
-0.07714720776027612,-0.006611353750142613,0.0006225946751292151,-0.005163815032547817,-0.006940285853057133,0.0009091088606251444
-0.07656079392695962,-0.0068864955478818695,0.003341881299504563,-0.0036840191188697155,-0.0027897869514797555,-0.007178585493789343
-0.12433800265448844,-0.0001351675937634157,-0.0019562643969198968,0.035830293189832906,-0.002753103218426034,-2.816132865092977e-05
-0.06729667344060863,-0.004709632886809565,-0.008526953839633058,-0.0065177953643128115,0.003971775808198459,-0.0034968607150360417
1.030764972935955,-0.02686998959365521,-0.04075714163503668,-0.04121236871131785,-0.0105527240772048,-0.009301578216296237
0.24670028286961018,0.09973976454204063,0.01734037712866049,0.010177476373686847,0.011727516039341962,0.03238784754024869
-0.06651136580105363,-0.004387719045269452,0.0022801648652334364,-0.005306184421468999,-0.00578945077247909,-0.00904853444380567
-0.06966070380359096,-0.001022361531194795,-0.01073671343149484,0.0007235886658371331,0.01604888854971994,-0.0014805671913896666
0.663817329038311,-0.014761878257161555,-0.010764628513468601,0.38871164171164474,0.009173379162535357,0.01646631600389111
-0.06329010596654888,-0.0026184131903601174,-0.0192171735605182,0.03023449922289012,-0.00020753741166072974,-0.005869011100919536
-0.09355603880249311,0.000523696647078551,0.006124151327159738,-0.0027043177412477836,0.001616059432048474,0.0012607630916466298
-0.0754453141952947,-0.0001318807812822589,-0.009553092937704108,-0.008923512613849327,-0.001658787693844333,0.001703268688100147
-0.07102346438281185,-0.003525971466555558,-0.0020682679549428574,-0.00755878424035782,-0.004968609624921155,-0.005320578327752295
0.40187884880348723,0.014388745668479662,0.061041868986921495,-0.02570838521207789,-0.00011848674775372509,-0.011615623627880333
0.2690338426909943,-0.06387612473187741,-0.08856895659142293,-0.06704022626710701,-0.021467412065030722,-0.039300965352721894
-0.0904865574806544,0.003432221501022089,-0.0005476193434397821,-0.008255150392699924,-0.0005153568553154634,0.0021642488817372736
-0.08956962049199686,0.001470047273459489,-0.0030379863975243983,0.004890570291809228,-0.004979029017857844,0.0005209828810753399
-0.06708617110084855,-0.003804279883229805,-0.007421078817558181,-0.0074734466124566235,-0.002427419748212882,-0.004246051280042602
-0.022407014231164677,-0.011214067249412776,0.009248440476222138,-0.011482940603230312,-0.0012762385458815655,-0.023753385429302085
-0.07818026631154563,-0.0032931544916622807,0.006981830031640785,0.00037518428391688624,0.005402606164413509,-0.0032770501467673007
0.6678534529435121,0.06371485583052237,-0.07253542164751121,0.005547763446708556,0.0718497225077741,0.04362797439129847
-0.03203649273393176,-0.010105542747868821,0.0011677113249697034,-0.02594157772727905,-0.0018228849406705817,-0.020483034964066896
-0.09984940576330745,0.0062519255768428384,0.004597880355055899,-0.004571202525091259,0.001791389037006603,0.0036472207298312498
-0.07509083839430998,-0.006517765980007517,0.002342607937081511,-0.007311788286057391,-0.00035685074935408017,-0.0017822649835836876
-0.07919106846050186,-0.004067246759172939,-0.000778318903332571,-0.007299780502103487,-0.0034297316670631158,0.0007495440652248803
-0.07690892592509924,0.004373627576667904,0.006110140276532026,0.0015062082419375646,-0.002283357570802327,0.012961191468747451
-0.08824243083793684,0.013818264609115147,-0.003254193312311982,-0.005708509145385309,-0.005829374480304993,-0.0030341455798572055
-0.07628683252895209,-0.007637151941100736,-0.0007443932935261737,-0.00624195862922296,-0.00419996305976609,0.003216734388113391
-0.09255031029393444,-0.0038519764078177895,0.000813382481335805,-6.629401408842433e-05,0.00013260831797030863,0.004959626568325872
-0.09488361049116882,0.003912764329518055,0.00573653535050379,-0.0020435827629268987,-0.003061348956487627,-0.0019590090249722715
-0.06043429676677845,-0.007256757627776295,0.004835131114072579,-0.013392919750747079,-0.006691556346009453,-0.008528363841002645
-0.07333127982452445,-0.0019485309025695538,-0.004043587275848922,-0.0034466904269373957,-0.001143455642718985,-0.010134780348316084
0.272216571128018,0.008146556472851264,-0.040906522818701246,-0.03574516517374939,-0.033060352536491304,-0.046441396530724585
-0.07353184239737003,-0.005393673103529355,-0.0017991709158877672,-0.0071876818577198,-0.0008862893074566435,-0.004509583093369173
-0.0969469603212995,0.00681600764562013,0.007552822946438571,-0.002028191999977516,-0.0033023638110029254,-0.003906081767742797
-0.08933960684837759,0.004227971201206101,0.0048535508780448156,-0.005526997894927911,-0.0019448478745350333,-0.0026809972722905214
-0.07345182300003045,4.1329924820384895e-05,-0.00906296529358418,-0.005077879199097146,-0.003438835694538511,-0.002450591489988809
-0.06941173669317208,-0.005142949338130704,0.0001005288458818294,-0.00731356286741482,-0.005068576353776585,-0.006215045068080772
0.5045117786607864,0.1490129315199425,0.05547355651033321,0.008850409064762258,0.04659686967328724,0.02309469642655121
-0.07293674436354512,0.0007720224570691657,-0.0016087378981391636,-0.007578774842154386,-0.0063256095399056795,-0.006062243718563393
-0.06914861547312681,-0.0044490469909238784,0.0031140345252818617,-0.009610296206175293,0.008565674098363963,-0.0043620655924446515
-0.07775027895519789,0.003666553598594384,0.002238467759824728,-0.008495426565470955,-0.00012128704375317233,-0.0072522682828383735
-0.08361184931391681,0.00510669518535804,0.0017142135770533739,-0.005776469073694691,-0.00229534266810622,-0.002618880178125868
-0.07374452187512118,-0.005339506341049774,0.0006072962650237083,-0.007323174902859156,-0.0032596048120522147,-0.00475070628895785
-0.07789435974619752,0.003014693966252452,-0.00035242911375659705,-0.0069791757820844395,-0.007131906381478521,-0.005110482371699109
-0.07863246746848539,-0.00028692865964780815,-0.0018032505531249987,-0.00602826016905314,-0.0007144644964002387,-0.006998101784270634
-0.0758967232519038,-0.0003219265968130604,-0.0015808724509197743,-0.0065180890474332166,-0.0033065861034054927,-0.004802648095204683
-0.08112803284671675,-0.0067513534465312155,-0.0004241385051021502,-0.007298592697461156,-0.002368340054208453,0.0033522935789160164
-0.0678479822332657,-0.008445624181431908,-0.001277314723213366,-0.007733720302006906,-0.004082807104362458,-0.00466347378897676
0.1768474603892047,0.0031392119203840457,0.04872533771153551,0.05283263297632835,0.02713500770193506,0.12201491784260338
0.5779472570218934,0.22898799955122237,0.09684776315519016,0.008945655490497155,0.02069181042471469,0.023370885484057514
-0.07429751569760815,-0.008499927085247178,0.0018093562172333676,-0.010704261935734486,-0.0012115997223524802,-0.0005453052714859684
-0.10376832479982474,0.018246070608581858,0.00674466263824374,-0.004871885039464988,-0.0038426541222263857,-0.005082996887761207
-0.08640613607846702,0.006093590352388382,-0.004589828319495487,-0.007381788529404561,0.0070383265981982775,0.005632605310513886
-0.10420700883316353,0.01817770326760029,0.008240570903199691,-0.00515896961843604,-0.0052329192239904555,-0.0029466825565201984
-0.0658272509266785,-0.006932526851999394,0.0018437781136332748,-0.006328006589002952,-0.0032206957541562435,-0.0021032888079104885
0.4938681193893433,0.16319745630376212,0.048734682465576586,-0.014443194479340542,-0.028551757029387764,0.004879840861655592
-0.08627871086283222,0.0026557901965160403,0.0021383530255744258,-0.005743855617420465,-0.0024555217470441965,-0.003487543050252921
0.3656754381136434,0.016770358088064066,-0.04784771857304433,-0.023746958884045273,-0.004352613657701623,0.017936695447094787
-0.08222854954363833,-0.006288563803075974,0.0018925337520578906,-0.00393712658943882,-0.0062188673088179065,0.0027091710049738167
-0.07488883240530152,-0.006095921343811603,0.0018855309584545974,-0.01296610402489894,0.0004729354349261663,-0.0027295489719805673
-0.015118234034635254,0.004828401286719205,0.013907927929226838,-0.002745339751950731,0.010734071531764445,-0.01039401112461077
0.10211369465954974,0.01991637182953932,0.0423067763516079,0.008723742457051273,0.008424709896364757,0.07778353788621595
-0.07798029657206072,0.0034073499044125987,-0.0006236983082594306,-0.005560819014570817,-0.005648001907271091,-0.005420509668462719
-0.07196368715383224,-0.005830959416301287,-0.00039844236337346423,-0.005428688707415894,-0.002289990168005605,-0.00825201343886152
-0.08190362121067107,-0.0006340522165272169,-0.0020111614016683514,-0.007769039151446327,-0.006531626716567089,0.005960672473321493
-0.07319893402085795,0.00870726983211444,-0.00980239266081472,0.011123160806887758,0.01803430132012002,0.0042217985735702014
0.16151737039044956,0.0394163359931829,0.0034368892961717597,-0.0025438321762613486,0.005130499921928548,0.020579699090724053
-0.05812057305904038,-0.0013471481937245532,-0.010858612454844976,-0.00733189812031657,-0.010096758011930312,-0.006437828215391129
-0.07357841468918323,-0.007246309069018456,0.0025920343133489813,-0.008038231799336075,-0.0031331593880465805,-0.003395359641063135
0.39466295850158345,0.027613624080121524,-0.1144813969984388,-0.009436166579258819,-0.018790700769525173,0.010629290338945925
-0.07553360603379222,-0.00634904884439313,-0.00092079340207947,-0.004383615171265526,-0.004494614942587471,-0.0015806721104611298
-0.08469172902303335,-0.0027666209449432283,-0.0009922140795459726,0.004476201288857359,-0.0026501643375010406,-0.006811413400746373
3.169737568156375,0.024715698924526495,0.044932431364382415,0.07582399720851331,0.03341921306971645,0.057777324987222406
0.06724328276374734,0.0015621443596157863,0.0471527061195035,0.004093937558116086,0.019854250122185398,0.06119558245792286
-0.0815889719387786,-0.006848026705220031,0.0014402698162074023,-0.004725252914431794,-0.005425641740743276,0.003498453465055205
-0.07537470635111132,-0.002686925219126014,-0.004349026849012983,-0.0010507545960413047,-0.0040620180456628205,-0.004040059657419041
-0.08039040747085369,-0.004424441689113398,-0.006808840802127867,0.007086883461600446,1.6712626593593548e-05,-0.002463767835354843
-0.1056829164672652,0.015240981882012845,0.006891150211859252,0.0025783795508447817,-0.008369880952346247,-0.0051935156407971386
-0.08212378164908109,-0.0035302691537590254,-0.0021601686903554487,-0.0044611682205738116,-0.0016148872850481038,0.0016919163316014448
-0.07926608562382365,0.005043831121606575,-0.0014455293824830317,-0.005484820793768394,-0.001858088488645822,-0.002726057793174462
-0.0952029231853516,0.005536607316860288,0.003722905218892034,0.010150713279130632,-0.010021376072296109,0.005356945180510342
-0.05909878271645456,0.03830411760880314,0.024247754989738066,-0.0027691119563191535,0.02577765494599265,0.04225581651647394
-0.09817400168443935,0.011281082939957169,-0.004637753392535497,0.0023949539873402695,-0.00501323604683079,0.006424106016963023
0.32553482348561574,-0.0032397732108151215,-0.021832347384916042,-0.047663880480387985,-0.016404307088361814,-0.017653330483182683
0.9763469611846163,-0.04461776767711691,-0.09966160516075762,-0.047795902511419734,-0.011141772167679797,-0.005717587521161243
0.10177713434728088,-0.04564654370282189,-0.008763897110154423,0.01006974796728239,0.0005955509566509919,-0.009101998449746986
-0.08110388949337577,0.0017773386167627477,0.000521838574357917,-0.004877278097536001,-0.004286378497692729,-0.005453137712299665
-0.06578252004296647,-0.0029660408015993456,0.006209774593581008,-0.00036333218697832183,-0.00040805003762895927,0.0004252501522909221
-0.07865579955689687,-0.007425777675727182,-0.0031521153568237668,-0.002599629141767613,-0.003565877844819059,0.0023741472260225536
-0.06761369563397442,-0.006022347670355535,-0.00847740975307697,-0.0060679808551053205,-0.0012059022915913793,-0.004883510533732452
-0.08133140532667778,0.0017837146899455823,0.0002077208117172995,-0.005085056039257805,-0.004184011170347168,-0.005356577101285349
-0.07570817154806306,-0.00542873821881875,-0.00022205470904858478,-0.007098586719105531,0.003624794295045071,-0.006391931035564486
-0.06994846202693455,0.0026709995284662285,-0.019529357705681757,0.0112940312722215,0.003948075705080854,-0.001720952825144129
0.4431541002578382,0.07707983770906678,0.11207230362158278,-0.026096745046985472,0.08256390451235159,0.04862788716647189
-0.009630202819186187,0.0008567375093418098,-0.0012903910681039436,0.02237726764314108,-0.0015605454969077172,-0.005013541962132974
-0.08920799781367317,-0.011397845792363033,0.0038530427418942558,0.002704434365718154,6.198547458927434e-05,0.004350038380811791
-0.07463113719503345,-0.0026010630674690046,-0.00869963151455564,0.008838804409646793,0.002838835371594704,0.002791524191373328
-0.08077066888751015,-0.009039830263610826,0.0027866533666437666,-0.004524858538605682,0.000628928038648989,-0.0012839009418978318
-0.07629109229883686,0.0028866062862905055,-0.0009730090287942532,-0.007137986231057988,-0.007417528855012774,-0.005403115124770604
-0.0838994065508043,0.002526110745970787,7.456401361953554e-06,0.0011000412513684863,0.003207391090789079,-0.0014990118637951842
-0.09597671102913312,-0.0018493388543570622,0.003979572079291632,0.0019056198741026352,0.0007676317816346914,-0.0030470592081447917
-0.08493023740222497,-0.001225121481646468,0.002246077547419735,0.004989632289781077,-0.0008202925412750887,-0.011014101440464984
-0.08624101531290577,0.006827210847890073,0.007414226074509673,-0.012799026370741552,0.005446185189259367,0.005314347988592217
-0.07536364361390852,0.0006762101704771981,-0.0030397083380407056,-0.008066659230970778,-0.0025263037073438212,-0.005760114642939922
-0.07434578848128595,0.009473518699443052,0.0028963904568734804,0.0032339697656381663,0.010577349216471613,0.006458412879843303
-0.008077367503034956,-0.00756678626239583,-0.018073648181025526,0.004346473568416628,-0.004524463612267778,-0.006380809997614262
-0.09035989437202711,0.0008786373050186422,0.0015752885210448555,-0.007616865836069631,-0.0027633987143398557,0.005455247959468308
1.049608198440242,-0.021505639065819745,-0.08633094082749079,-0.031227438183644263,-0.0002585217269095923,0.011928974386493867
-0.08887008310652514,0.025149659794053134,0.03892188268490754,0.050082139592319636,0.028891664735072285,0.03576671186361569
-0.10511331904107019,-0.001471580833729963,-0.006998510255441028,0.03323606415436706,-0.0026272755253177243,-0.003141777244882007
-0.06500598477334242,-0.009895525722456866,-0.00043027346537972115,-0.008090922282414011,-0.00708742233311634,-0.004048008841145289
-0.08265142187852989,-0.005688614086610474,-0.0003808822011961866,0.0021189617595587344,-0.002594528792253183,-0.004540969743440665
-0.05994080556173857,0.003333125580426577,-0.016273432060765397,-0.003381668663593216,-0.002668368574875281,0.009754487343848747
-0.07931272872852087,-0.008532911551399194,0.004842304696961048,-0.006944554449867187,-0.004167957355450934,0.0009090151503341473
-0.08666160846057847,0.01680015462210852,0.02380448078506982,0.03234131272190702,0.034285874230570154,-0.00145788774580849
-0.08545779130858189,0.0124229367219302,0.004544203302451723,0.009690415582268947,0.023749736773949908,0.004909489939525974
-0.0824575630131795,0.0006593503260642268,0.0014483813074588983,-0.00678396876319179,-0.0020868121627063505,-0.004915820139814765
-0.08311963479389316,-0.0033946179708421536,0.003151875965052926,-0.009384487814768012,-0.0023985317538094625,0.0007446000970329652
-0.07105683734787756,-0.006139230849890287,-0.0028823178730079486,-0.006428769479309459,-0.002032325926832204,-0.006047012299418095
-0.0795507540341031,0.0014447624847348964,-0.0035272168031866297,-0.0062962904930933235,-0.002045989771241932,-0.004237170825895608
-0.07944991115782042,-0.0010403704097122577,-0.0028082297211483695,-0.0022852627150422794,-0.001272110335422764,0.009216809408226074
-0.06614026736545732,0.008545163504974628,-0.028219793373856727,0.009201474765255478,0.02087780146858207,0.005134214986294412
0.26503504872296324,-0.01195244505773982,-0.1224456827274803,0.007879835562543796,0.03052711608426719,0.02833392062189552
-0.07569059910572738,-0.00017633333520158582,0.0014081738724063175,-0.00948108539777103,-0.002514592041389973,-0.00756084616643826
3.0332727217212305,0.019849058905052265,-0.06997784935920437,0.0628742008284729,0.02982134379483475,0.04877009205822206
-0.0818065209936396,0.0038395810451681907,-0.016419583607261,0.009774142576834354,0.009499705762758975,-0.0028471316144538417
-0.13863495982483015,0.0005526899787445879,0.003782061920314947,0.04272940060086474,-0.002762376379762299,0.000613874358035773
-0.08492522027485924,0.0025726614502738694,0.003348812196333515,-0.0020862960872172153,-0.004000649344221905,-0.004625792651387174
-0.07589780221202154,-0.0019375928616674936,0.0001871987485855618,-0.0010313373771469506,-0.0025578640875820683,0.003407781773555547
0.0749663474726066,-0.03273517730041559,-0.025464639440993756,-0.04248563581666463,-0.010042463173505317,-0.015615754251983624
-0.080796116940405,0.001707231477494721,-0.0025042547259910945,-0.004828774288650095,-0.0031278326237172624,-0.000800873856411762
-0.05878728051425839,-0.0036256030073963347,-0.008717165780410428,-0.010042320957283272,-0.005912710445662957,-0.006629036924510493
0.43121904893492113,0.20348770106212402,0.06249254924234784,0.0015050021286911273,0.012756397687776175,0.0018066072591408253
-0.08635093678045343,0.0008721448294870153,-0.0027381227294236633,-0.007504655197224035,-0.0025358937670572944,0.00476808857295035
-0.10732128756066855,0.015907300430123682,0.008210928168177823,0.0027192382365890545,-0.008704792904390612,-0.005307745435428997
-0.10743687717347934,0.01729522628123469,0.004213173791473625,-0.0036806635393354156,-0.004755248071353887,0.0009832575197115114
0.39327203873073063,0.0004778611441572923,-0.12087561204040266,-0.045973235463201145,0.014946414489275526,-0.005299743877230666
-0.08802515826707194,0.0024407118378239477,0.003429601390290969,-0.0039048622367440695,-0.005111215299247616,-0.002591213640032716
-0.07549137063241275,-0.0028452912594318295,-0.0016729001021369351,-0.011146570792054757,0.004930497297109446,-0.005743430909936175
-0.027672744217866883,-0.012622313349650279,0.003519366641434292,-0.020249765746003984,-0.000387492494190557,-0.03437412403197464
-0.09503120660659575,0.0022029337982070367,0.0009308981314097189,0.00469006862833174,-0.001901694186650344,0.0025149438419178826
-0.12336451184345093,-0.003356671537100411,0.0018126856795964827,0.03688019941967854,-0.002237035566564354,-0.004375392043550629
-0.06970046567777959,-0.005258647422360907,-0.00221901755926822,-0.01047309966510278,-0.0003227094399118624,-0.004261065918304782
-0.08157446885763589,-0.0033832198580270203,0.006309804482200284,0.010068322406801075,0.004742693436809838,0.006269654059277865
-0.09318961432662845,0.03323354188767012,0.010893026760888717,0.006592920949761731,0.022006458218498132,0.00737969898693955
-0.1061071674902157,0.017086852618125765,0.005497282770705581,-0.0067691268823986545,-0.006947333621010194,0.0040426702909799606
-0.08445278029477674,-0.005851618861180064,0.003777734968789558,-0.005664372662854955,-0.005108683661509132,0.0036238521690588645
-0.053096323211339794,-0.0015251234581547199,0.005801763884866235,-0.012324783917791817,-0.00442804986164671,-0.028799171248894063
-0.0946820041104408,0.002784150002447123,-0.0015758852129770667,0.00431777925800926,-0.005085591623790493,-7.855932500321708e-05
-0.07925973404967372,0.004846888281733019,-0.012021722885494187,0.004584966900524688,0.00040134078835838576,0.008402377636756237
-0.07946038086181192,0.00048370312803005936,-0.0032805921820140797,-0.004730322774367554,-0.004481043688025709,-0.003003087508581299
0.664465084681711,0.017479172163423318,-0.13344850122612273,0.19507916523866292,0.012628023499780932,0.0064685502142074434
-0.08876799958320743,0.0008984649766236274,-0.001253144527876136,0.0009014954114795774,-0.003977990993131251,-0.002060506602258217
-0.08786419997230857,0.0037749604780576915,0.0024580382023099965,0.0014372067058233723,0.002591355345007821,-0.0016090890594045722
-0.08786419997230857,0.0037749604780576915,0.0024580382023099965,0.0014372067058233723,0.002591355345007821,-0.0016090890594045722
0.7261224213448876,0.1966817122841316,0.2262406752825276,0.028019769947366595,0.10145415847917488,0.0807517035256314
-0.07769278066324468,0.004538787056466772,-0.0006038118844791473,-0.010144228396753602,0.0029426838982382396,-0.004059683297775845
-0.08988445035414673,-0.005815363960652198,-0.0004405309094435644,0.006422709858507276,-0.005093893028606774,0.004675108896295754
-0.06223625146710435,-0.004126210925642414,0.005757934696977236,0.0037344552204231327,-0.0023741499280392135,0.0004064084829856935
-0.07285821013383716,0.000172204049284309,-0.016714057073085497,-0.001745813051114781,0.002978189485588824,0.0033652994443367206
-0.0658248164307546,-0.005415726524513598,-0.009372078275365745,-0.006565725852389536,0.005985699014143908,0.0028515381982055234
-0.09659209235973211,0.00246638171027833,0.003421156104964353,-0.002399794956281141,-0.0027589535427369003,0.0025408528024841977
-0.08161954928603488,-0.0005490750470279112,0.00043955180930136913,-0.006711217106782615,-0.0005568480882255463,-0.005417231731359767
-0.0613938830867404,-0.0030501230615932865,0.00019260012163602365,-0.01073723671820667,-0.0101066916052428,-0.008953682624701144
-0.07415352230280152,0.01556429817134462,-0.029003452901529825,0.03897733805411753,0.07082741373035015,0.009302487978486354
0.6169836898543327,0.06741471509925624,-0.13557281823694595,0.004965823223807871,0.05463687643255997,0.03976602241994243
0.3748460489437219,0.08199622052443423,0.030994122126404,-0.03683095151099446,0.06974857823317968,0.036014067674423306
-0.06939329454256626,-0.007414171080176792,-0.0007409942826331685,-0.004409126693702502,-0.005021773552994211,-0.002837581442920261
-0.07824437521069796,0.00327529959185996,-0.002143486398974416,-0.005688776020791756,-0.004910732541542434,-0.006456923053524715
-0.07098945434525847,-0.004705829738467506,-0.008915435906387166,-0.005730429707503734,0.0026432076848731797,-0.0026684340411157604
-0.10369338210325084,-0.004217905598272307,-0.0064993764453883255,0.03211105674261622,-0.003878992862367951,-0.004589768322111803
-0.08878033104896844,4.524650295420293e-05,-0.0028579959052097395,0.0025173573164981237,-0.0012513399058013308,-0.0023951892701409606
-0.07792273303174153,-0.005672170157959212,-0.0017153086063995476,-0.006733759304749638,-0.0027658069277712045,0.00041511596143105806
-0.07722959124816958,0.0011381392743673511,-0.0022647769427936127,-0.0049315486943748875,0.0002838073871514281,-0.00296628066652132
-0.06367003710985013,-0.008229456048133663,0.0038388620888461455,-0.0019785966116553258,-0.008204470863568446,-0.007682660530322599
-0.0983208355440078,0.03057050757105901,0.009533196400002383,0.005681524011940365,0.019408913024840525,0.006278132349152338
-0.0993079302035042,0.006229373087323662,0.0008541306309267493,0.036697112281418046,0.002705064610806325,0.002599165642478662
0.28760725481241883,-0.03943469754798052,-0.05417862869702276,-0.05169004027959687,-0.055076811401584776,-0.040531705830177865
-0.04816641092064446,-0.003638444217328185,0.013833497213214311,-0.003812859469843508,0.0017474248453504498,0.002826232143416882
-0.08720071640892933,0.0041861297307007415,0.002144828102348836,0.001194611028515388,0.002898696744413199,-0.0015338655062064274
0.08554398375729873,-0.05232208190206624,0.015212492814635206,-0.06991953505688536,-0.009964473363338264,-0.05808666569487186
-0.06690520801043497,-0.00425857466689229,0.0036727004157231136,-0.006351237561545303,0.005145058858265624,-0.0023367913218449417
-0.08649568005237147,0.0031574003097062627,-0.019494295719863816,0.012244828951027256,0.004199841105325381,0.0030275605889799337
0.12067100550693652,-0.047265479142329515,-0.01816871146563601,-0.04596072980351534,-0.03284034010619185,-0.03685435603940735
-0.0786322902923777,-0.005137935504019216,0.0034389441060316724,-0.00627183248719568,-0.0016398671635815612,-0.005125810907172989
-0.05572538682861618,-0.0049433874998392096,0.003945318159572795,-0.00262076281438542,-0.011061640721690401,-0.006892198536413068
0.2724148622564734,-0.038442472432611605,-0.010095973659714088,-0.061965168523649125,-0.014067994089078752,-0.003902069386060056
-0.07691687097503211,0.0006719059119779482,-0.009432245847294192,-0.005947420658234044,0.00010378922599395713,0.0021859211852321416
-0.07556775686630864,0.005197378646612466,0.003529778177713245,-0.0006733227241005862,0.005674452941144848,-0.00416204816854308
-0.06762525017084653,-0.008107301779682656,-0.00366412679512925,-0.0073557698390075855,-0.0043645500948123785,-0.002237291066902041
-0.1023806462412459,0.01687182561824908,0.0050852628299630585,-0.004568690589452686,-0.0037118106159876843,-0.004619845031621235
-0.06679092221184,-0.006148455373874731,0.0001894623190184307,-0.008067982948797733,-7.455876361315775e-05,-0.006717578525525958
-0.06729853841965708,-0.00448868670446511,-0.00012191174685129453,-0.007589965290872088,-0.005810997437022134,-0.007974677518405743
-0.07629531714537387,0.0008416232657903426,-0.0001118299425884845,-0.008835605519902727,-0.002688142374184527,-0.0072933350694741
-0.11005500428602097,0.023766182210112154,0.006679885629995846,-0.003639456005129055,-0.005772121736564147,0.006257292118558126
-0.08382365362174589,0.004061961009601553,0.004776993061053191,-0.0066667512937325915,0.006597447802545292,-0.0015211987799999985
-0.08063709699954484,0.002561291756785015,-0.0004183150399841184,-0.005489876320476535,-0.005177643363440205,-0.004856622946877705
-0.08108834208885955,-0.00622263863445148,0.002828778160569377,-0.0019167750444441163,-0.006137614393783332,-0.0014113194564645448
-0.07423887703175538,0.0011289866205563236,-0.008989862800153302,-0.0059977523201549246,-0.003974234926782688,-0.0011259648041961239
-0.0731076919927471,-0.005930374748548164,0.003116184964325504,-0.007609985978695681,-0.0054089503356714065,-0.0047938695483582955
0.2435051331737852,-0.13008505528399072,0.018183572990347247,-0.05302359138509433,-0.029748151645313768,-0.014083505866718742
-0.10486478159451268,-0.001207758379352273,-0.006995224956256647,0.032999054797244354,-0.0026484465604489464,-0.003294740167673796
0.043392361285009666,0.004351061276834897,-0.03875502679264142,0.00536217756485912,0.006538708794748523,0.05835504504671197
-0.10699978540005647,0.018602502372854646,0.004862037694010281,-0.0044291472947848316,-0.0063975683690322745,0.0013750509445576453
-0.06953972826584,-0.004627600554420199,-0.0009871473370307393,-0.007652406350317567,-0.002933807466726043,-0.0065559930641521415
-0.0760134717205857,-0.004418185565376858,0.005334743205177239,0.002364336803575351,0.0072549932815666315,0.002875500948733277
-0.08583281554809752,-0.0006869873763469725,-0.0040121595933897665,0.002780054978783328,-0.0011921494705266554,-0.002768175470461095
-0.07569059910572738,-0.00017633333520158582,0.0014081738724063175,-0.00948108539777103,-0.002514592041389973,-0.00756084616643826
0.434991804485259,0.002273248496176291,0.11575983675007176,-0.01363671129859997,0.0532865548662376,-0.01349116384548953
-0.07356987616462436,0.002291574091525257,0.005656439544827649,-0.01359262098287858,-0.0036459289692432804,-0.007576033611767424
-0.06367003710985013,-0.008229456048133663,0.0038388620888461455,-0.0019785966116553258,-0.008204470863568446,-0.007682660530322599
-0.08762567655654072,0.002546025790116575,0.003561010811465279,-0.0036735552133620683,0.005074156056459383,-0.003325086221493646
-0.07539625945005775,-0.00551761724912745,0.0021837375182197877,0.006021349165527584,-0.00621050169899252,-0.0032951641241006323
-0.08043472088175607,-0.002154233851353643,0.0010221655574577141,-0.008789947218442458,0.0005569895523576336,-0.003984966377278467
-0.09816304172553908,0.011368982310905357,-0.004910553721494856,0.0010559173603914478,0.001160792245115828,0.006321217336643099
-0.0727992551235178,-0.004220306874115019,0.0022423450940740695,-0.007861545429859932,-0.007032508128467817,0.005749645974123402
-0.09313803534586716,0.0014560028186151772,0.0038281987694067502,-0.005954961527057921,0.0024869509170981807,-0.001934117032548845
-0.07309943191406902,-0.004385816383904614,-0.008947350324146891,-0.00485784904181216,-0.0011426018230744164,-0.001443070973196564
-0.12451262213861344,-0.00367777307063686,0.0023134576599085337,0.03616171374481353,-0.0023538291604247212,-0.002546239923984723
-0.08138019267866334,0.004882070065051647,0.0010737552465882763,-0.0021718876330447602,0.00819217925517365,0.002469723570735337
-0.08221238054688212,0.00855876468390727,-0.01178029083230067,-0.0042069611451849,-0.0004155985550117404,-0.004014483626836491
-0.07815971626064444,0.001117974867021765,-0.0006640960996958285,-0.0065013148586159876,-0.004474517157984453,-0.0055059142907628485
0.275429500665041,-0.03043564816325192,-0.002437708387552126,-0.05454003635885817,-0.010305894756797614,-0.0008006439836115106
-0.0968626878239518,0.010690245389436519,0.00698006956785454,0.0067060882647199185,-0.00038316892789660024,0.011200199927120555
-0.000437322966917677,0.003048140869953293,-0.0020626459949347493,0.007174956280290847,0.0024459959345994368,-0.01960824368170862
-0.13126110889702322,-0.003394886465920985,0.005448407468247721,0.04293163858290334,-0.003845358727825418,-0.004536377353743926
-0.0875292226089483,0.010928559036237758,-0.011635815751939449,-0.004914590581213535,-0.0017932231786658857,0.0010369952653519058
-0.06962491271759445,0.006321393029311169,0.015660388294615395,0.012061902978894676,0.03629541596638371,0.008085896480398513
-0.08915283339274384,0.014320728932487634,-0.005443594912270239,-0.004414224073930656,-0.007987183132734098,0.007093851240926397
0.08418801391431394,-0.0024030982870071856,-0.06560454775810358,0.03755954493320826,0.011254145619582472,0.07175054567496814
0.2706653828431587,-0.03504064451841601,0.0071429642079311306,-0.005420969865459245,-0.0005821852711343164,0.0042444347363057916
-0.07762014466405405,-0.005520499744114022,0.0006015716527550217,-0.004667236478223098,-0.00511131185555965,-0.0017317870530595488
-0.075585980305495,-0.008059370906086789,0.0017607955803456918,-0.004644052403791272,-0.0015129548835424306,-0.005982443865537916
-0.0742679867847606,-0.005895219753930526,-0.002122625582041603,-0.010598062473445337,-0.0011170944104176234,-0.0006265236208425249
-0.08991707472789665,0.004167208945018596,0.0052368098391539575,-0.005438556495695265,-0.0018251252077245738,-0.0027001931821960625
-0.10511331904107019,-0.001471580833729963,-0.006998510255441028,0.03323606415436706,-0.0026272755253177243,-0.003141777244882007
-0.08979380021345806,-0.003776477655913522,0.005312571309806977,-0.002311620594993554,-0.0003702839043420444,0.0009027717863262865
-0.08006726421210433,-0.007821039071059624,0.0018301558842655453,-0.005103847970200902,-0.004463416709680759,0.00251924341789573
-0.07071061049285178,0.002529736737587796,-0.009937543194165245,-0.006565755981360816,-0.005051010185055259,-0.004683912291754815
0.38716412310606285,0.013894341565365356,0.04489814244762115,-0.030035809509734463,-0.0062056120053152995,-0.015106337797280184
-0.08073344296800179,0.0022749237915973605,-0.0004042341787149061,-0.0037181166809156264,-0.003993041037588857,-0.005366702462829096
-0.07770749562430956,-0.0017073750014333598,0.0008660614519765804,-0.0039528389696064335,-0.007148196181359663,-0.004442139238292199
-0.09158860088939154,0.0013917765757528583,0.0006339405750227423,-0.007979857406200216,-0.0018689709620742523,0.004922108511153869
0.3049178711492932,-0.10612366419482344,-0.01833646340015083,-0.07483855895702551,-0.01552779867777402,-0.032192214912500454
-0.07863268560161253,0.0010753602668342834,-0.004285457276767096,-0.009493162457051518,-0.0005136838929416384,-0.0021100203759396976
-0.0794008776985687,0.0016052586375199264,1.671602012225517e-05,-0.0063938954261114666,-0.003407264683438111,-0.006112550205159723
-0.08348961643964486,-0.004698921051632745,0.005689926373072058,-0.006008508621757278,-0.0021862335394115867,-0.0032027630826814203
-0.0735686235651206,-0.007045237623614703,-0.003243698540639449,-0.004097214889796034,-0.002633345364862418,-0.0038991895802963417
-0.07477845068642372,0.01576047695145925,-0.030219583079855405,0.037928146103161385,0.0701979189606891,0.00930515654432184
-0.040043130983396256,-0.004392277124342553,0.000992273290676808,0.005247603418991126,-0.011947560306205326,-0.034924694054080704
-0.08812964667815872,0.002058179867515439,0.004481448446726143,-0.005378160123934177,-0.0020668470377942757,-0.004150360798871532
-0.0722989513427254,0.0008389963486307319,-0.008880274363391259,-0.006927198368167477,-0.0021337522871178985,-0.00453823921852203
-0.07505806679292917,-0.0060179074808327775,0.0014831179683115721,-0.008383258682269442,-0.0008329221719748393,-0.004631647304301763
-0.08160094235290058,2.5202103929156897e-05,0.003480501139212436,-0.004206235041334076,-0.004167974179841504,-0.007591262266316325
-0.10485012086006071,0.0241516717194641,0.00457421977724335,-0.004512978250239618,-0.006120991514919528,0.00741346132106761
-0.07321389811693596,-0.0016497014903601986,-0.007530383324722795,-0.0009301240144343593,-0.003235175739520029,-0.003641239131028363
-0.075540832908755,-0.0035475341665711403,-0.0004368440757304644,-0.008454204018836144,-0.001826771532611372,-0.004233005158092565
-0.07308361060186741,-0.0004416455479616411,-0.008447740346961878,-0.00648928301390611,-3.801713654198308e-05,-0.004959958424283175
-0.081705540889962,-0.005567942762581759,0.0016030843834771498,-0.004722147535418462,0.00070489976892198,-0.0040200205939805375
-0.042775880027173384,0.00036008212495060153,-0.01518464865176377,0.03303641625353263,0.0036072458683269405,-0.003192198093620353
-0.077341989792231,-0.008728650887489916,0.002907400834410703,-0.0009106621045795157,0.004867606350225209,-0.0008714562913123245
-0.09005520814088273,-0.0024651975044253215,0.002320906520135519,-0.00010006875237404531,-0.003094407304370977,-0.00018651648118767772
-0.07761974435447783,-0.007366863359325896,0.0013669210315851365,-0.005962469787126325,-0.006567269534146663,0.001988148738106235
-0.07645841545993878,-0.00022530692947033416,-0.003868921869971559,-0.0037894014141913886,-0.004246412423108147,-0.0034523232732318
-0.07875628196929736,-0.009202265516990034,0.004370350858319456,-0.0020928205550450277,-0.000958505815936384,-0.005316980490970639
0.11293286135963759,0.020959752612130858,0.056086879435060834,0.011686243960558108,0.009813075186097394,0.08218884557037805
0.5742545498565511,-0.0039480968916267315,0.026933629493169072,-0.05631598531549327,0.006668820840354361,-0.05551807619181714
-0.05342587883668336,-0.0033890418419932067,-0.01009416684664134,-0.0065289799195423935,0.00046206174358948664,-0.004090958476844463
-0.07878232190806075,-0.0008026227855165986,-0.005727765742891955,-0.000256063447897321,0.0002676544200897453,0.0012369414611566555
-0.08145364801182327,-0.008109989644441372,0.002767501616168399,-0.004722661506967223,-0.005485821292287781,0.002723765980039314
-0.03480668834770609,-0.010817218816048052,0.004379427102706315,-0.019906230908013675,-0.002269418489930101,-0.030531020299445995
-0.06341498502266615,-0.0055864151518340436,0.010772794783846974,0.0008521353558886941,0.01010614036971164,0.0006393549199843635
-0.08726494202656185,0.0011203621315935665,-0.0007926569869628938,0.0016022866903273646,-0.003196591433847618,-0.005950749433139044
-0.0801693931583034,-0.004400969559808432,0.004098625298733211,-0.009035075241153146,-0.0032703115985109965,-0.0003689114420778095
-0.06962863563719644,-0.007624435434964361,0.0014109843479461273,-0.010940899404918667,0.002824374445537468,-0.007066417160577735
-0.07724900006162887,0.005239306179254161,-0.008492022186541295,0.0005986890291689407,0.004752830235464178,-0.001412644173022099
-0.09162168252340262,0.00582300440746079,-0.0030706026391926666,-0.0014558297190859282,0.0017222994497573323,-0.005246303256706941
-0.07147257412849539,0.00019672016461210994,-0.010655013042610552,-0.007376070697783268,0.007881127307171696,0.01272030109375267
-0.07163664617332728,-0.005780011478615269,-0.00013022953162378535,-0.006325205979158406,-0.005338921970006428,-0.005406261997651828
-0.024889844143908747,0.000862362324132991,-0.007498431748872077,-0.01523802436244632,0.00014453656476028814,-0.025090500961223287
0.6460594365952376,0.10599313505237781,-0.08760911152555373,0.024569951757409527,0.04745636283909736,0.05023690188251028
0.8041082266964364,0.15816992793859047,0.1326884638999508,0.16784682761037253,0.0651505925880748,0.08009015258637199
-0.06763174883083656,0.0247967438652626,0.024946313633425414,0.026732327510684377,0.04853680604458595,0.01808034582887203
-0.05518655541670482,-0.0036531479319147513,-0.006966583570808815,-0.006306197307727149,0.0004961561516698892,-0.004247344927533948
-0.07550694597860917,-0.0009066825249859023,-0.0016203197027125312,-0.0064140432989206915,-0.0053552031315358415,-0.004453029148351616
-0.09052911099842148,0.004341269281460855,-0.0005776539565813104,0.0029260030605924017,-0.00226396757074147,-0.007622554937222194
-0.06512543300302709,-0.01017868456889242,-0.00010920472702123594,-0.00803245414553728,-0.006727638444207665,-0.003953890085310356
-0.06465531201221561,-0.007416143931780533,-0.006783918041405239,-0.007313253569956543,-0.0038761248213608043,-0.0042934750903191625
-0.07203920577114728,-0.004752002391268233,-0.0020729080476724246,-0.0071196774337806655,-0.002020504755595257,-0.004314796149124314
-0.0191340787530694,0.004081067190160697,-0.011118407006005394,-0.012567832797807847,0.006217752773003396,-0.015659632225795403
-0.07212310415411878,-0.005767904046716612,-0.0001724248721161026,-0.0053963302545553355,-0.002359415395678775,-0.008402726999456822
-0.08076626778860872,-0.0077733106632247966,0.0034722439303398315,-0.005020076372491087,-0.0015997448459064971,-0.002782873872906311
-0.07933695033921719,0.0018835863770608795,0.001375970729921351,-0.005715931586005865,0.0037050109865636744,-0.0005214178388090311
-0.13361677706068764,-0.003385788100805129,0.006103108206032438,0.04090035726220852,-0.002173661798773468,-0.0024821106952890885
-0.09178916271952609,0.013072756335390326,-0.0052193517281978,-0.005750060737914553,-0.0036932473627947623,0.0003269826798961892
-0.0673540022492689,-0.007364034634118657,2.762031242080561e-05,-0.002786705500107405,-0.004176934907333539,-0.0019803144017885663
-0.09167998458710125,0.0016523667620169072,0.0006136945041124311,0.00613685924108812,0.0026368963162722307,-0.003247233490713145
-0.03354233525892131,-0.009540124091289131,0.002021391639819795,-0.0010398038384217087,-0.024714159945257552,-0.02509584945634329
-0.0631664079740137,-0.008362521992388561,-0.0005498810380180023,-0.0010910566176977104,-0.0076837847106823965,-0.0076429512617091945
-0.07312631338267846,-0.006701978546673114,0.0003132233334733066,-0.008024558610887491,-0.0031173797558554203,-0.0038126884593643116
-0.07857130702186925,-0.007798155890797455,0.0008835792561138895,-0.006983215899954824,-0.0034232903088578788,0.0018716733542436155
0.31339092824837794,-0.04585564360195491,0.04187968369959377,-0.06369729153929726,-0.029851776854370717,-0.010824937280611112
-0.08026898940180718,0.002704078475525863,-0.0001257910916198984,-0.008937836459867371,0.005103230048475848,-0.0017882349439606391
0.4196982106345347,0.0599667805771788,-0.08041331799371823,-0.009878381070960384,-0.019636054932438158,0.010605486907132738
-0.09945400273212121,0.00914740528683946,-0.0018688323676371286,0.03669360076788557,0.002129663097288713,-0.000674350261565473
-0.06232858324278391,0.020596435978411456,0.019109898663143013,-0.0025402393313329543,0.003299600026885478,0.014497374647716348
-0.0829876839825704,-0.00258347212195915,0.0010620894668248078,-0.0069939864845045404,-0.000925633057927795,-0.001790968925983183
-0.05666288116105409,-0.0007654665303244494,0.007601772592433908,0.004287101264340297,-0.010361651161726371,-0.02997456078201021
-0.07732314959692436,-0.004020397543396819,0.0033474812432873276,-0.009180763520127458,-0.0011089170284932965,-0.004253039778794036
-0.10120607816703787,0.01860530840339462,0.0025031097065843274,-0.0015579716016359954,-0.0010064886066403179,0.005252117951189695
0.32842929188590214,-0.17671764848805527,0.022882453761747773,-0.07946326625652457,-0.020029282419043955,-0.03729945933417087
-0.007709685053460854,0.006512604081594207,0.0014590700216331658,-0.0029826769735061113,0.0008009099894518213,0.006047898262101923
-0.07182009233069925,0.008462539549847886,0.0061699473343298054,-0.00254258229605866,0.007757571723492707,-0.004705028339236674
-0.07478585079977099,0.0021077950851562015,-0.00891519306580459,-0.005143711201124978,-0.002197074467195218,-0.00518573650855203
-0.0010458945171658122,0.0045797364424769,0.00676448948879005,0.008974037868579022,0.003911014621573533,-0.01912977256347336
-0.07781945895603619,-0.0016723418669204449,-0.00027242714812612427,-0.007287951382253881,-0.004152265224603335,-0.0025553113059579038
-0.07609625751440044,-0.007619933507868594,-0.0006721731729537155,-0.0046273793571204695,-0.005112690115229954,0.0009974565662459857
-0.0658272509266785,-0.006932526851999394,0.0018437781136332748,-0.006328006589002952,-0.0032206957541562435,-0.0021032888079104885
2.5139483887088234,-0.024662842537165337,-0.027477857461603316,-0.07056012145392163,-0.026231781551592517,-0.05563154200432217
-0.08149166969906403,0.0017871895224109285,-0.0029859302680634242,-0.004270909744315899,-0.0025993124246778423,-0.0048471870592516186
-0.0974335996192683,0.002399440448679416,0.0006505878509396383,0.003794120183318571,-0.004768584848318878,0.0028386080476817165
-0.07581347418676891,-0.006287278458022953,0.0011760321975635669,-0.0077479512773952885,-0.0054057558863015226,-0.00045112410449458937
-0.05910838160547528,-0.005461673407485452,-0.013911200649920226,-0.0016802296424293973,-0.0049206441662105116,-0.005308956573584489
-0.07617039672113718,0.0015752106592439796,-0.0012333467528468992,-0.004624090257899255,-0.004780549363223721,-0.006930215630580276
-0.0768340737621319,-0.003304887484852474,-0.003965317156105539,-0.002408919932578285,-0.0008724201631093048,-0.00271674762857523
-0.08414329704231811,0.0015086493302060074,0.0035347528868184285,-0.0034761798939850117,-0.006302393191323788,-0.005650196638036886
-0.0799937401533504,-0.0069001549546445565,0.0028266588942923725,-0.006048314007536407,-0.0012392776433895324,-0.0032711565268682095
0.03192196623284413,-0.05613843738852716,-0.0128371673000006,-0.029030211154537845,-0.021414524112795253,-0.003814370004134844
0.2636748312288875,-0.04134837058506015,-0.11028201342442853,-0.04130238582372861,-0.004444273290073898,-0.03249339932883081
-0.07331024955639694,0.00014568254338328556,-0.009315346946566778,-0.004891678561838474,-0.003183512194882761,-0.002776027818498179
-0.06648884431601915,-0.0020592641193420474,-0.010774706375466113,-0.009318239736779498,0.0019225519742211495,-0.0036569480441470195
-0.06624886599875797,0.009178519614372589,0.011232533394684373,0.005224679774896813,0.0064462692475626025,0.004815885617686648
-0.10347547115381481,0.021375717623117803,0.006711183401315361,-0.0003340501973102784,0.00010604113469747065,0.00601486118726543
-0.06983182317137027,-0.007467291894614029,-0.0035623658291374866,-0.01068017089421308,0.0014070402910068569,-0.002948902022008686
-0.0794984275542742,0.0013519777270209776,-0.000771989844997031,-0.00379735992168412,0.0008871805124134013,0.0025001517240139373
-0.07357652112816544,-0.0032151769006738477,0.0003454701772226684,-0.008221539239669813,-0.0028088235835127652,-0.006641473997892287
-0.08970144405592921,0.025041959720228955,0.03750307577327319,0.04897184252185589,0.028507658766923665,0.03540941131552767
-0.08156699786305231,0.0004497618160385807,-0.0023528153356923,-0.002938268291785571,-0.00042297631383443634,0.002235527799439667
-0.09050772678429862,0.0024974616015594284,0.005839609274586491,-0.006082283320397643,-0.0022525015726889207,-0.0035528625674255522
-0.07678393916542332,-0.003036377472120386,-0.002721710217624112,-0.0038611086115866544,-0.0024804219618311564,-0.004508533894053736
-0.06631001326334905,-0.005086205008590191,0.002669470116117713,-0.0044750450518706375,-0.003406977359100506,-0.00531967370209863
-0.048028833518813575,-0.005906207444434931,0.010506535008716466,-0.007432168453819554,-0.006604432737829662,0.0031377976765181027
-0.09575232645847043,0.00258224568664339,0.0026345448798326186,-0.002628098565951218,-0.0028857841566306748,0.002340570550050545
-0.07597390452045807,-0.0041366444742772035,-0.0002359214984211451,-0.008486328325722905,-0.0013733618415333372,-0.004229530478012375
-0.06330256665521852,0.011015447366940923,0.015265646104808824,-0.006425866414233623,0.014644223339371397,0.02757798151997191
-0.0699850021395697,-0.004048961088515381,-0.0027774191255171155,-0.007309195274136016,-0.005462567717138953,-0.004027991621522643
-0.133149790536853,-0.0033313140365080155,0.006736679276371397,0.040255033789670575,-0.0027812129979634128,-0.0022784184637605715
-0.08243258533745847,-0.0001690709300530427,0.0018659707805254455,-0.005876969972606507,-0.0007877472994367983,-0.004603222429908628
-0.07396310135148275,0.00036856477759695486,-0.011852908086339388,-0.006026999316447272,3.659883547755729e-05,0.001847147321983753
-0.05852224570762414,-0.0057036888329735505,-0.009751050056635815,-0.004576277187474228,-0.010201513916878688,-0.002928548296222184
-0.08563430550109537,0.0012607090395350155,0.003519624583626189,-0.0046619368637371315,-0.0039328704648927525,-0.0018163760081585847
-0.06835216143242194,-0.010635781406236047,0.0031031379562409256,-0.008142401202485631,-0.004270219382104743,-0.00572675134401388
-0.08764674250316712,-0.0005076572841136676,0.00047941478128369605,0.0013900763636059347,-0.005205909585766541,-0.00011309814668843422
-0.06701252175414343,-0.005531894463444589,-0.0006506800994568413,-0.008399843622111486,-0.0008083406839386667,-0.005122314501783006
-0.07540076718896313,-0.006280655921528826,-0.0035196324744121077,-0.0033051824735745978,-0.0038645994965673604,-0.002044242150648875
-0.07572376934979651,-0.008644273352189652,0.004038633583534354,-0.0071778745851612214,-0.0028355672936255377,-0.004018804415384719
-0.07077616116770542,-0.006524025524720808,0.0005944168726566935,-0.01041141033319193,-0.0007106664446464209,-0.004438492083142761
-0.07718737726100953,0.00300160587408249,-0.00012541712868402788,-0.003450100012330288,-0.0017526299139093932,-0.009370864123712339
-0.03802625022997035,-0.0063203375199631946,-0.004960355744937017,-0.017600921325196972,-0.0024680938432068756,-0.0246459969901496
-0.10257956920026497,0.0019156207936112514,-0.008466594089384454,0.028431508987277546,-0.004216929667058443,-0.006761401028317286
-0.06763178341628227,-0.005303146551546168,-0.0009570044914980366,-0.0079455398574643,-0.005362084835510584,-0.005768997189464281
-0.07924461277672575,-0.00822677609521603,0.004783242474525418,-0.004057816291556703,-0.0019258612419343984,-0.005325760280674949
-0.07306219651938063,-0.0001972275235956349,-0.00922509703080122,-0.003104570127557269,-0.0032179685085580276,-0.004633993983084458
-0.06791289203645555,-0.005261239588325508,-0.011600611275154696,-0.00736117090967448,0.001206113235941248,-0.0027483834549839937
-0.02637073501331683,-0.01159608198534904,-0.0032274249940078487,-0.009713528417639639,-0.008850221682864843,-0.021150964182166946
-0.08509334705168939,0.005472442512903672,0.0008929715533645371,-0.0036672731367114048,0.0033290888191921273,-0.004611358200373377
-0.07536592428797481,-0.008090993665151862,-0.002851221514291804,-0.0047519143704451115,0.0013376012419697755,-0.0015942504864920912
1.1937332400900396,-0.014399881395449593,0.046560994737078275,-0.022585440509089297,0.0008782442509437507,0.014400467297499945
-0.08114604377311146,-0.004325280766141857,-0.002125546430988668,0.00018923507917668382,-0.00304374202606806,-0.0036038004994573573
-0.06252402481221939,0.020435369100241064,-0.014476872498320232,-0.00470244731693027,0.016016657127519866,0.025524995326997237
-0.09841496846017687,-0.0005646217243715413,0.00284775956850403,0.003671867498603232,-0.0012291764153561664,-0.0004471664700130608
0.21422675535645708,-0.08679142685947452,0.003510163546744729,-0.06869874755269488,-0.02752513867177699,-0.01919670032469656
-0.07111223018730423,-0.004322468713979181,-0.0024036965839707,-0.006327428681928993,0.00410377307770767,-0.003104276248314775
-0.07168753572581531,-0.00435485663897496,-0.0016543272688106824,-0.003650509966587954,-0.0029292522489488583,-0.0035661512278805595
-0.09144214795307835,0.010153721125898171,-0.0033411184253621306,-0.0030059115336341018,-0.004207240489561571,-0.002237591716501694
-0.076420574179219,-0.0036322594458225214,-0.0046047969013775425,-0.005206332592564593,-0.0011004218017078458,-0.001836643627354736
0.21441424253399116,-0.1510933112356388,0.009706800743520767,-0.08592197728418195,-0.02366392726652913,-0.04434023016268242
-0.032924096128326745,-0.010244162567112275,-0.0025399878172757905,-0.02173046450392554,-0.0018376968835831506,-0.025225997877826225
-0.07614578790715257,0.0015825439837847445,-0.00011497932523175978,-0.010713275159781566,-0.0020762715438621283,-0.006177346108689476
-0.08627871086283222,0.0026557901965160403,0.0021383530255744258,-0.005743855617420465,-0.0024555217470441965,-0.003487543050252921
-0.07894610753955066,-0.006879960221439302,0.0012059872264505896,-0.007201705272048935,-0.0031137876484068692,0.0004951411453590379
-0.08117034646657023,0.002928906256948928,-0.003768205152524321,-0.004588190386025895,-0.0022523808330914986,-0.003215678375418158
-0.07750404694063208,-0.004688613383539985,-0.0018083554920091422,-0.006462020665108841,0.0015233818425147393,-0.0036100164170023196
-0.08988445035414673,-0.005815363960652198,-0.0004405309094435644,0.006422709858507276,-0.005093893028606774,0.004675108896295754
-0.06797232936094445,-0.0045676174647696485,-0.0012157083808309681,-0.010367502683261764,0.003064048505598282,-0.009075224035679166
-0.07973574016027794,-0.002027197366811944,0.0023539771432406786,-0.00037841382391494237,-0.0027682539895837236,0.0030987227740500467
-0.08016629004466516,0.0015556340484661694,-0.0024470857234978704,-0.005887259756659908,-0.0009115401277926805,-0.003865998408872296
0.2562211620633856,-0.05174618289588132,-0.011539880919101858,-0.038104967365957615,-0.011379467229556482,0.0028581938009445062
-0.08096477662407094,-0.005267429003892225,0.003970408600439429,-0.0060326989930265095,0.0014363447503108469,-0.004356471244847403
-0.09167293271532811,-0.00241890958582427,0.005224600296830597,-0.006195008232964289,-0.0009902012135174967,0.0016258112184053223
-0.07708506220749765,-0.0017132427587083362,-0.00032669261082962707,-0.005988756260083561,-0.0031230766880747402,-0.004606558169917248
-0.07029103161558459,-0.0056522876787285575,-0.0021509880886397817,-0.00702845560242829,-0.0047814438285141226,-0.004610498627585812
0.037311693385649096,0.003769606559217034,-0.009659836838851492,0.0002825849150194137,0.03451291845910865,0.0012503000874115838
-0.13361677706068764,-0.003385788100805129,0.006103108206032438,0.04090035726220852,-0.002173661798773468,-0.0024821106952890885
-0.08664633197890344,0.017804922408946405,0.0003116617115478252,-0.004117482265277563,0.010559931247768222,0.006163022548623485
-0.09051819179825402,0.016630748385585297,-0.0035371625531309815,0.0027306705640897473,0.017402393064345864,0.008844633166523673
-0.08373412474719313,-0.006089220100456329,0.0025838852327730666,-0.004801583418054284,-0.003754098849340577,0.0019361249797256734
-0.07220087143787274,-0.007817167439498387,0.0012495022487427558,-0.00672767577292416,-0.003879484438100847,-0.004080912813067187
-0.07550301632264105,-0.0068123011438139544,-0.0011752287003536541,-0.007452254061170148,-0.0040945028890267635,0.0008242640470494904
-0.0785071101417764,-0.004075633844358993,-0.00609664160831585,8.667616869507461e-05,-0.002853479762370906,-0.003082046360677496
-0.08757743414586995,0.0023724260382828803,0.0007820157839177127,-0.003559493272785997,-0.002022406509107116,-0.0029700316660033494
-0.0850176882227527,-0.0012595555306963442,0.0028791443218477855,-0.001975087331778567,-0.0018317695340321107,0.007870225244232427
-0.08311864533276735,0.00494214893183198,-1.9001315306230855e-05,-0.003227330446398811,-0.006965859147810854,-0.0037014380517673725
-0.09531112608894064,0.0007317373202719935,0.004561419920629532,-0.006574820472813776,-0.001755764671212543,0.004551078610025845
-0.08099985430363571,-0.0029647371961455007,-0.00042308019282663665,-0.003474283396167681,-0.0039511031465542315,-4.365712011368233e-05
-0.09415440890087406,0.0013827829093450861,0.004483713297617663,-0.005842802497310179,0.0027835404635834058,-0.0018956842931155608
0.20889690098063068,-0.07175108618608943,-0.004805836015949911,-0.05208756339002065,-0.010092796651076362,-0.022535853239314448
0.4346770020629084,0.07339905817740283,0.10234348729721489,-0.026371508409783362,0.07772936170079102,0.047236672439743284
-0.08134983006418998,-0.0002487897034308409,0.00011089423151468001,-0.0036389294753768862,-0.004227969354802186,-0.002166307503013647
-0.09923951900013864,-0.0032572061368701215,-0.007498962354127747,0.028281395835839763,-0.0052699908156624365,-0.005393039703950611
-0.07042833189462648,-0.00596977188055081,0.0027567760050293587,-0.007077354786652556,0.0023745731344487057,-0.0014124440688695159
-0.0898876689722186,-0.002097650466631564,0.002652071790514963,0.0008947094826428745,-0.00219377257988053,-0.0025480474980877667
-0.13745034163141115,0.007086209135429113,0.0017768071613547508,0.049279979012516954,0.0004075675165803402,-0.0022911812142645503
0.18958961492865117,-0.010998271480380978,-0.024148537445306893,-0.04647677340104759,-0.015252876778108907,-0.0743322550835797
-0.0741689006272989,4.0047898068866084e-05,-0.004169170469544565,-0.005029797814551878,-0.006696436021773705,-0.0038198713082911004
-0.11103833636402477,0.018173985867005506,0.0065245270280788106,-0.0032819421081925625,-0.005030234600382679,0.0011473330266773363
-0.10019791645399956,-0.005149260150793995,-0.006933365887121119,0.03167958818498916,-0.0039232352436908416,-0.0048116111212036725
0.1624685596821851,-0.0841970456240721,0.03249143095675276,-0.051373015776876994,-0.03233849288495304,-0.025510357940916467
-0.05127423717548297,0.01477437618589143,0.0056992131791548705,-0.0015412742270771325,-0.011522974476430041,-0.03401073976241984
-0.07375273422733367,-0.0030939313746250383,0.00022018376254271093,-0.00812008368380477,-0.002904363027836529,-0.006594292278031518
-0.08358283057722776,0.022848922249839584,-0.014954109566532918,0.00842820145796559,0.017060621034275605,0.012989253033577921
0.37428210219983804,0.0967046146979916,-0.14462877225663154,-0.025155077172181736,-0.0009174780169766204,0.01476856269397046
-0.06987359899536154,-0.0063030921478610495,-0.008604869823096632,-0.004890686624984841,-0.0038945141692848535,0.0003236780363181417
-0.0859762570615456,-0.0017020061560719618,0.004330876151069554,-0.0061019033686568755,-0.0003431263397310393,-0.0014969339366715706
-0.09531112608894064,0.0007317373202719935,0.004561419920629532,-0.006574820472813776,-0.001755764671212543,0.004551078610025845
-0.08636288352840821,0.0027357294372504608,0.004321690651280822,-0.005622068914862459,-0.004590059376395112,-0.004641850893179519
0.6366233501217937,0.11273765453012173,-0.03993745301324964,0.09389160472062123,0.03157164149750852,0.058555061322732645
-0.09411190470322363,0.001083458953407084,0.005116593076070139,-0.006436724939324015,-0.002841945649379476,0.005068547344708608
-0.0839838933295757,0.005021843317925709,0.002845446124529371,-0.005551632259780013,-0.0014530173533385746,-0.0024402615556001674
-0.08413381713161204,0.0024047345029043613,0.0002461288518285481,-0.0042593278457530226,-0.0064172926518674695,-0.0022365807611960694
0.1971183165154044,-0.05175030985207461,-0.02677429398030809,-0.0721254167086416,-0.013180834254171367,-0.014876646402741344
-0.13621520900009895,-0.0010851051329385313,0.0032172785961310313,0.04282875424565127,-0.001887422953270244,-0.001515636015469657
0.824397210019043,0.10777035034644529,0.10076435324430258,0.02688657512952882,0.10738440071037006,0.06470690257215367
0.25479958819754084,-0.04716504919158866,0.010771902066753629,-0.058213044326214734,-0.03916034271182943,-0.011811879940302753
0.19439908586380966,-0.06973341536368503,-0.023305049096750116,-0.055199766089832014,-0.009926184453513889,-0.024111072131461818
-0.06970743197460268,-0.0065465967054054355,-0.001284458334257929,-0.009780071467861457,0.001459736240197239,-0.0023037567544774095
0.31460424035791945,-0.010503883446319019,-0.03697802127222304,-0.044875739460832016,-0.012511908406629569,-0.00887973913254906
-0.07340349090470959,-0.006564366560421529,-0.0027612722014582433,-0.010890477056105973,-0.0001613859350810491,-0.0006642211700457357
-0.078328427364308,-0.0012149681739316671,-0.0038093646778246636,-0.003932236467834994,-0.0014717531221630706,-0.004320505799004731
-0.08176329342503648,-0.004338975137301796,-0.005450465259892491,0.007053555608703215,-4.3288863465280155e-05,-0.0025238273811997594
-0.003885747045193619,-0.0045027466863066384,-0.024711521789756098,0.010667904603274079,-0.003782922362917043,0.000529396033927508
-0.07860038143792457,0.003176483370333394,-0.001437413663021032,-0.006745642038521388,-0.0067581427084343415,-0.004222355154988486
-0.06774996803194791,-0.006951899466151646,-0.0017820711380116025,-0.0045622666217122595,-0.009021193897171435,-0.002791460381273843
-0.09162168252340262,0.00582300440746079,-0.0030706026391926666,-0.0014558297190859282,0.0017222994497573323,-0.005246303256706941
0.41321251567795203,0.06125048121228494,0.10159798907210023,-0.012423052275829537,-0.012859985413329328,0.014261107202384443
-0.08063787958974884,-0.006128620611140532,0.0010218747017886423,-0.0063206169877713944,-0.0049187056941519605,0.0035950849087033167
-0.038480571192804285,-0.00418493206113499,0.005965496175279709,-0.025126153992371038,0.0011423206374868093,-0.03156299007283906
1.1722253954253217,-0.0030930408388468687,0.03461097831784727,-0.013815979966881244,-0.0015440595677679708,0.012487955425027196
-0.07936893956793406,-0.008300137083083168,0.0014377729004823594,-0.0067460944259546815,-0.0033418848740726513,0.0023002366538535913
0.6900367245345876,-0.008418610841015804,-0.0012156079393127418,0.2768486214503606,-0.004060170382162276,-0.002736928998296889
-0.11080912202579299,0.021531216795079314,0.0077048687142343844,0.004970584967973604,0.0011273001840734086,0.0073628821489898095
-0.07950136776867868,-0.011082954168273212,-0.0006352250363452035,-0.0043076130157398106,0.0030095311770800943,0.003583892981569605
-0.0541332989694387,-0.004730028355911503,0.00026512062298137816,-0.00214561876016934,-0.009458865503354135,-0.007109749333301921
-0.0808827750919043,0.0020353377936033644,-0.00270743745065001,-0.005745185431650326,-0.0042434707371556205,-0.0026522991565689617
0.3066764139057025,-0.13571649796818408,-0.006259920006350802,-0.08169822207123313,-0.020659978731345587,-0.03522176246140134
-0.0729102768666495,-0.0012610178573131414,-0.0036727587223421058,-0.009215605995873193,-0.0009040830398657208,-0.006347522982178209
0.27066349951669866,-0.1034605394306067,0.00817299504847475,-0.03446245538096748,-0.020573627230505112,-0.003863740055154138
-0.07395992738204525,0.0010874147468440953,-0.0040746853361345045,-0.006989249921976816,-0.005093712987779178,-0.0054339988767755365
-0.08126454254933207,-0.004541088200028645,0.004518503287688832,-0.008924935408718809,-0.0033683161897933634,-0.0009381992192241265
-0.07921503582848989,-0.0036685528609594962,-0.01005339372510468,0.008662103339067813,-0.0028257247506343823,0.01860495499904852
-0.09020061961858768,-0.0004157354747670196,0.0038906295304093987,0.0006778709811136354,-0.0037166088915092667,-0.004797473650850029
-0.0988318470669282,0.012097518091452831,0.0018256418252653793,0.009997511375750986,-0.0015853358310433101,0.012759838800013822
-0.0780149909190435,0.00316822485776538,-0.007520442508065357,-0.004171772811985011,-0.0020415482277503488,-0.003194008162589512
-0.07898806323268787,0.0021027486584058812,0.0015095157416128843,-0.0059819657253114954,-0.003688538998802855,-0.009089309124369416
-0.04842589464501457,-0.0017067356331769523,-0.00017454331744661176,-0.012758251676017643,-0.00253664573583273,-0.0279075530134901
-0.09262990518592538,0.003944748860171623,0.001792289968182514,-0.0061987250926205115,-0.004723568911962822,0.003225808706880701
-0.08584902384889699,-0.0038675996498930966,0.001154883642856053,-0.0068873148205659184,-0.0015512455733830127,0.0024992125420304654
-0.1324002742294847,-0.0019462886791508972,0.0012259747557142994,0.04690131746595257,-0.003812440861452254,-0.004583781617470274
-0.08248476674809277,-0.004966424890947499,0.0036136872421684584,2.8043395330950422e-05,-0.0008390232017487505,0.0006863406902144945
-0.028698947095147347,-0.01190959776215671,-0.002620383083566347,-0.019015879707112156,-0.0008550642038027538,-0.028423819652540195
-0.08073682133530335,0.003345307268236227,-0.003525861928898873,0.0011273023600287565,0.004019475809224379,-0.0012371282824800772
-0.06729853841965708,-0.00448868670446511,-0.00012191174685129453,-0.007589965290872088,-0.005810997437022134,-0.007974677518405743
-0.06573503711760387,-0.008342578633869934,-0.0031944375610633347,-0.008157913436253059,-0.0040920760064588994,-0.004707738724980613
-0.08039407261170028,-0.005420689029410475,0.0013406199232684803,-0.010281989790052569,-0.00020910812087566167,0.0009991581945294598
-0.07493953836477063,-0.0060047488551259595,-0.00022185130922302228,-0.006989979703257879,-0.001707765161131584,-0.0042773561663642
-0.06739936282031575,-0.003894168052149374,0.0024071706133947162,-0.009175667941850428,0.00917774968032531,-0.004049048626393104
-0.07998385363941828,0.009285976972004725,-0.010647523067433466,0.00348724583933442,-0.011306627217470512,-0.00446735651866653
-0.08907759922451046,0.0037878746387128765,0.003944514161516524,-0.0059156969713865595,-0.002123285578767927,-0.002497800635435954
-0.07463670988034338,-0.006347354360908875,-0.0006995660402477103,-0.00762821139741263,-0.0019459629153175725,-0.003395003232883705
0.1581561229681182,0.012563527721105968,0.006336518309622595,-0.012466400358563737,-0.007522689926009476,-0.0041423967012183165
-0.08151025919753312,-0.006874695677796712,0.0017493426858092498,-0.004603202027418514,-0.0055348336015661635,0.0034307065935673437
-0.08244782252679263,-0.0069817943861854494,0.003234685405171685,-0.006308443439970707,0.0019251693836439604,-0.004009277554585797
-0.07950729984600571,-0.004883371418816467,-0.00163691153295972,-0.0061805356149402645,0.0016711892994204405,-0.0038753525055257583
-0.08290498958124355,0.0023271756010746466,0.002610622212884615,-0.0060535337367130845,0.002673285943175348,-0.0008592890857774916
2.523998593489001,-0.026621700531830546,-0.023317844574870412,-0.07953373334975651,-0.026664204768258315,-0.061136021103909616
-0.07824645668881085,0.0026317341890088543,0.004267818591445801,-0.004658532894729041,0.004798478290359272,-0.007634205032097854
-0.0738569404399439,-0.00707055018850866,0.0017317599342210658,-0.008039386442939035,-0.0023731027560475815,-0.003936162226963567
-0.08504397347053542,0.010860689383810806,-0.011585428664489032,-0.004786890725358718,-0.0018743962513604515,-0.0017624843307110017
-0.09783638653074177,0.0023520871088452875,0.00044636703808351863,0.0037993441239677996,-0.004959178554707987,0.002770738877126883
-0.07609540405938969,0.007614703787258308,0.009125647161999052,-0.0018547253100237345,0.015632324179454347,-0.0013377227336637252
-0.10461539547265042,0.02212396279010201,0.008799738606951013,0.006972940262405751,0.002552072676700393,0.009947744197394979
0.26503504872296324,-0.01195244505773982,-0.1224456827274803,0.007879835562543796,0.03052711608426719,0.02833392062189552
-0.07659592110746212,-0.003152144253003757,-0.007232307828385651,0.0055975355775566265,-0.0022978226001940808,-0.0031611204210060294
-0.08022180638713036,-0.005646678618732568,0.0007064377511734538,-0.005335193728574174,0.0008047623961747101,-0.0039079719310799845
-0.06296202592476505,-9.381894611733637e-05,-0.0003365236023130785,0.0049509249018759955,-0.007648417710989849,-0.026796086864214596
-0.06702875443848046,-0.008975348250103186,-0.0009995152835186505,-0.006630235041536914,-0.0052982776418177445,-0.0055016560068766405
-0.0678274293076534,-0.004716639160645665,-0.0013965889602042258,-0.007463107478937511,-0.005089978349112002,-0.0059493927744977936
-0.06895228140886371,-0.006300647409148716,0.004173143790417211,-0.0071075119113525745,0.002258288534588498,-0.0009963967182022775
0.7410095524517383,-0.0009687454254893009,0.054674611985049866,0.3070274439307549,-0.00355612153357788,-0.0009752243679031271
-0.07550266092911376,-0.006164745125789775,0.0017452548364470678,-0.004112322817472309,-0.0023042852893850143,-0.0068771168504020335
-0.08012563593804209,0.0015591334440133676,-0.009796186111308752,-0.008199412533209292,-0.0018385457551896474,0.0038577414213828384
-0.05910838160547528,-0.005461673407485452,-0.013911200649920226,-0.0016802296424293973,-0.0049206441662105116,-0.005308956573584489
-0.08630999674200586,-0.00328743772773665,0.002657434881545054,-0.007140600116524803,0.0014957045962800156,-0.0016379156324552967
-0.08636288352840821,0.0027357294372504608,0.004321690651280822,-0.005622068914862459,-0.004590059376395112,-0.004641850893179519
0.0261208249574331,0.0032426668675532063,-0.008675172210725644,0.0003502435279240861,0.031865531341380704,0.0009364557503868265
-0.07396211121391827,-0.006350849477050221,0.005427235328824942,-0.005914538114311543,-0.004212156771890019,0.000497682661035544
0.42124544472240183,0.0024546574595788943,-0.08577185243881452,-0.03595137077752503,0.00736124668399826,-0.012029115122777477
-0.08601402724762758,0.00212052411788079,-0.006685986686573692,0.005146832800697007,-0.004615789075980701,0.0010197127574612485
-0.08048135760314332,-0.0003815633469489807,0.0030836107163368293,-0.008079959154110741,-0.0015929686645439782,-0.005821607568716537
-0.013043851469140617,0.00305835552115216,-0.022294960512342008,-0.010531719739673533,0.008266994162129367,-0.017222980851106455
-0.09551890768681191,0.006392263133118006,0.006401989216001882,-0.002611114486436354,-0.0024895942528053217,-0.003490461217961098
0.09271063026710168,-0.052985233848806844,0.016050919104891096,-0.07485234734236527,-0.007804808750681628,-0.060433299035893624
-0.06351564172907516,-0.002705927022893467,0.00584718090594068,-0.011209193679080897,-0.01070650425119188,-0.00892288260260719
0.29620315406411374,-0.04742125595935984,0.027058537896157534,-0.06137082968758394,-0.03746116644645943,-0.006985698303388944
-0.06915949925674494,0.0036552349674268407,-0.01094474893243456,-0.006945732901096251,0.0035824707069507444,-0.005279464823744364
-0.09074490036652898,0.002664979309032559,0.0052479632325874645,-0.003794194228899232,-0.002071637489654406,-0.005515415703231236
-0.07433400077944857,0.0017600750876773138,-0.009538471661230851,-0.007458655241573576,0.0020232954842935497,0.0011539325849256072
-0.07023417162537944,0.0007858452938439205,-0.008323024665057018,-0.008325912954729972,-0.0019231207549349329,-0.005418497637748345
-0.12801693168442885,-0.0037532398242252755,0.0031291295509088993,0.042196236868343596,-0.0037218534810406602,-0.0042869731195826445
-0.07309771110688931,0.0011347261756284208,-0.008737066381683672,-0.0074293234834817475,-0.0020553269044409532,-0.004223721723559121
-0.08953598858796903,0.0030633927936346106,0.005730257761048709,-0.005071673993157441,-0.003944406468583297,-0.0045224101158977265
-0.0463580572026056,-0.002273741648394366,-0.003160789533307259,-0.012867081309084021,-0.003428386539892568,-0.02627928647292205
-0.09517768448121199,0.008862532151433632,-0.0005609034313119329,-0.0076151299453227515,-0.0006607777831733098,0.0011677294074145567
-0.08214923836242632,0.0016563699325503054,-0.0003175377145581833,0.006818600862637061,-0.007527296099913248,-0.00015372954309064488
0.5417385295166595,0.07776215035347468,0.09560121622700468,-0.0013956018182269957,0.08427733437204023,0.019140600040908635
-0.08117034646657023,0.002928906256948928,-0.003768205152524321,-0.004588190386025895,-0.0022523808330914986,-0.003215678375418158
-0.07166984042485543,-0.005645157735364399,-0.008764936347914474,-0.0002518377089803847,-0.003292817785100254,-0.005025245754592055
-0.08649577297932223,-0.000621674279856707,-0.0036366359008477493,-0.003903436481428177,0.002779668515330811,-4.441288831539674e-05
-0.07304877218375799,0.0007494722817189298,-0.0017359351370005423,-0.007520346665163506,-0.006332196327775126,-0.006027242271165922
-0.06985596613118207,0.006009622804850654,0.01589999688484978,0.012578168277614054,0.03608036517642374,0.007977115681686344
-0.07497174798768752,0.011527340209781228,-0.013870289367361552,-0.005207842332290533,0.012121548307699319,0.018956765342267
-0.06935175756853226,0.003536901277691663,-0.016899636660579368,0.012419114901717997,0.005566082997725528,0.00043388351453231376
-0.0721613203435669,-0.0030840613982796323,-0.008060849214806688,-0.004181035515532183,-0.002603517896939608,-0.004281607095534018
-0.08732301905703717,0.0004811295132136841,0.005682186096638678,-0.005224160179090942,-0.0010332836332506575,-0.0041671956134990105
0.8451839616679703,0.028447764822384595,0.08600226116348521,0.32236666818982823,0.009969242396967263,0.008600607350394975
-0.13201066064729397,-0.0030201836079754934,0.006082075916723598,0.041171709411591026,-0.0025746734732026346,-0.004261388105319282
-0.08726163851985741,0.004546189469463033,-0.0007909113848316872,-0.008202596047575221,0.0010120106361853273,-0.00044697937282982584
-0.07486857480509458,-0.007476324354696199,0.002442991700600541,-0.007643638850188067,-0.0025322971032585074,-0.004095891195010176
-0.09201039327755733,-0.007473745627881094,0.0036788832978168467,0.008819328715664244,-0.0010037797364703671,-0.003922538898738667
-0.07881994780153924,-0.004118988792503752,-0.0019467255994488459,-0.0018839674349583023,-0.006224913424382655,-0.001135772831630163
-0.07910981547480007,-0.00657870745077691,-0.0002757968607983029,-0.0050648811683101334,-0.002477998849071614,8.281928306169128e-05
-0.07560544065950642,0.013190697340556367,-0.023437923004400944,0.008850210981559269,0.042145712330778295,0.0012012572888537034
-0.08234262204033592,0.002617086935082269,-0.0011941353511719555,-0.004244760120379894,-0.006036545306036834,-0.0018769726047357478
-0.07390593116786444,-0.005397532224711119,-0.0025997503437277542,-0.00741698036325398,0.0034682815077619277,-0.006328058622077951
-0.07889806014420431,0.00439207511919964,-0.00210472991761423,-0.006972518820104119,-0.00480421585496033,-0.0038793999716315608
-0.08235271177559385,-0.004780132026521258,0.004245054483213341,-0.003703892903573644,-0.005195323567081603,-0.0015139937679241031
0.10391485354402703,-0.04681785422053308,0.015433262493851673,-0.05247347355587804,-0.010332243443828892,-0.016283036985704477
-0.07154192589489834,0.003943030153073304,-0.025727391217972975,-0.0019256000643239123,0.044196068286369385,0.014574669340352939
-0.07571023568622225,-0.008698115375131805,0.002600583637316813,-0.00783279195217057,-0.0037213386271021305,-0.0009836141299013942
-0.07041148805302608,-0.006265064188970211,-0.006489735966870609,-0.007550912659439848,-0.003971531437918064,0.0007759378910237164
-0.07829943779884248,1.042500168783306e-05,-0.003926288698608177,-0.005827225916948041,0.004522988809882576,-0.003234650440122909
-0.06984813745986232,0.0007479095661050198,-0.009230018543152701,-0.007110738969063611,-0.0039097318012492385,-0.00460139362021818
-0.07956014247546908,-0.007846372286690153,0.0007631038451959262,-0.005391864331599804,0.000556247542904092,-0.0012614998702498096
-0.07150239011905639,0.004536278623312472,-0.012269061775645823,-0.0048530607580772964,-0.0009159476413925418,-0.0025137944704260386
-0.09316242472504317,0.01376739328546098,0.006918119531779672,0.0004636389062046288,0.009422531048371503,0.008314617949103303
-0.0751357543385348,0.002654287622770538,-0.004498952063699162,-0.00645841612558317,-0.006033541702187213,-0.004966635201242364
-0.06801454942609489,-0.006492540158344316,-0.006672094276797049,-0.007356625188164645,-0.001657369171045095,-0.0014914197284692995
0.008959038008277725,-0.0016693897966374037,-0.04867428610737739,-0.012556227252634881,0.006936431151586036,0.01838890715559453
0.5022964693339469,0.019345389956021187,0.1646225655667866,0.0686220863121885,0.05680539724191786,-0.0012363765618748433
-0.08802706520710393,0.011631331681099335,-0.002458565433435237,-0.004641061972185848,-0.006253772761356725,-0.0018353745430044561
-0.0748916193810427,-0.00015956399708956325,-0.009070715074655358,-0.004534241766683673,-0.0018609827787770352,-0.0034945240364602313
-0.08327928120406186,-0.0031860351054069035,0.002810472198635052,-0.008946916049587824,-0.0023941021992017076,0.0005889783213115344
-0.1368955427472288,-0.0015295980806367833,0.00327883508715347,0.04734357780726393,-0.0025714838955493676,-0.004066961087709951
-0.05723956415727864,0.03948563034764252,0.023707795989651538,-0.002668302717170211,0.026327747695698477,0.041627581691646424
-0.08505991681778452,-0.002116914962505748,0.00275575024100506,-0.0031440334709906133,-0.00017242456518641288,0.0014449822737214748
-0.09915137895583767,0.009008572225946618,0.0002521251625994009,-0.001565618433262194,-7.344003098551925e-06,-0.002059970939802455
-0.078612536501186,-0.002979209420290292,-0.0018114063541789713,-0.003208572541385348,-0.003931645567376754,-0.0004431784393226277
-0.08390289697664638,-0.0054327068273332425,0.005491337646362577,-0.005511282374385175,0.0021225630702338817,-0.004199727501601932
0.23164241854186254,0.013804450953314158,0.028906624294013517,0.024161085123714874,0.01168417701726042,0.08594137467401064
-0.07478652734393346,-0.0062722554487937105,0.0009991897166353088,-0.0075867528010021765,-0.0010076907486977268,-0.004738216749420965
-0.03389457329238952,-0.009485967882617128,0.0028126505433328486,-0.02014022192746408,-0.002032051227283841,-0.031151191270725048
0.3245617448779485,0.1542363284140749,-0.0684991718429694,-0.00830226123445044,0.004525130344970482,0.0028735984787628364
-0.0843576655065041,-0.0063794933088346245,0.0037364477854712123,-0.0033878877590540106,-0.006365181947863487,0.0028755919074785296
0.061391113478847216,-0.050017716262110275,-0.005368471909552655,-0.03830604565344945,-0.02168742141270396,-0.011155071983853983
-0.09841496846017687,-0.0005646217243715413,0.00284775956850403,0.003671867498603232,-0.0012291764153561664,-0.0004471664700130608
-0.09025478027482173,0.0002670207688540723,0.0006284274346420438,-0.00785739086922476,-0.0018347980465700678,0.004668944823945735
-0.06489081383634647,-0.0071117891633836906,0.001154619628976426,-0.0061014313048972785,-0.0039225070659788955,-0.004129822016637863
-0.08463959592720416,-0.0013442205684232437,0.002624240524961693,0.004949923172436229,-0.0009762467171292968,-0.01104469600618418
-0.07708493245512793,-0.0028365642643888435,0.009660688752651081,-0.0002913554861172384,0.011039957807569533,0.0016826624452023098
-0.06987677189803805,-0.005817195215347951,-0.010239846306214804,-0.005421853280600086,-0.0016941888706245157,0.0008998367850744754
-0.06060660585052443,-0.0022845641331016623,-0.0047425545662478094,-0.008635533182573204,-0.009650384301883065,-0.007968595984217817
-0.07843680040821158,-0.0032070062554302573,0.001788466783329767,-0.011073528542407512,0.0038408840995375676,-0.005500181291763458
-0.0815797227169117,-0.006019902447091764,0.0021568913816824875,-0.006412462560627962,-0.0050131702343134375,0.003185331687303173
-0.08107319074605887,0.003731477056658036,0.00013590155703877403,-0.0035497493470675336,-0.00013283027398817415,-0.0073084037036105064
-0.06985596613118207,0.006009622804850654,0.01589999688484978,0.012578168277614054,0.03608036517642374,0.007977115681686344
-0.08899925555774897,0.003108771809313374,0.005304999095317839,-0.005139176778118835,-0.004014616320797549,-0.004454096762117053
-0.06792393378366168,-0.004033191011828671,-0.007285962824350259,-0.008662260292613936,-0.003910744219663015,-0.00254019374556161
-0.06585531353454908,-0.006396561151704269,0.008051292973044058,-0.0017653193750947127,0.008520418874863489,-0.0009490679573942244
-0.08307753837454536,-0.0019701384669123766,-0.0026932521142768047,-0.0022502337901110533,-0.0038692233866167037,0.0018166159381114491
-0.06774996803194791,-0.006951899466151646,-0.0017820711380116025,-0.0045622666217122595,-0.009021193897171435,-0.002791460381273843
-0.08049438877672624,-0.0027577036479847525,0.0025254801314008144,0.007350892667029146,-0.014928667723754218,-0.0022491819832657104
-0.06949457492747296,-0.00781355163940102,0.0011851845237271657,-0.010854613823383753,0.0027744715209869395,-0.00699994008722037
-0.07188425163999031,-0.006742791651176878,-0.00019366256004107343,-0.00678895697244548,-0.003651046688708104,-0.004335399665578797
-0.08450805082478541,-0.003003967862130926,-0.003320145995840292,0.003865210358309304,-0.002119212906150525,-0.004912952464797732
-0.0808827750919043,0.0020353377936033644,-0.00270743745065001,-0.005745185431650326,-0.0042434707371556205,-0.0026522991565689617
-0.09197439047136764,0.0019618830593096897,0.004006954395497026,-0.005076865608525713,0.0003986016259337463,-0.003788804203980437
0.23135489648040725,0.08503248085488341,0.01330763430807033,-0.00477959361883769,-0.01925133119701371,0.018996556274150332
-0.09896585388591495,-0.0004392466923845591,0.004151353491821472,0.003065828812972038,-0.001582426085557463,-0.0005364461177162061
-0.08483732514645127,-0.005046879784095359,-0.0003831405039722084,0.005977004114718541,-0.0035812248648323065,-0.0040705813700296686
-0.0915301299250286,0.0017662462808641726,8.100766634225075e-05,-0.002965798477215607,-0.0029410532797089135,0.0029067526821164153
-0.07495640053249923,-0.0054765245890704296,0.002186237019073238,0.005786383668090956,-0.006263258678061765,-0.0032808391673271094
-0.07149531755933011,-0.003739840229045752,0.00043552510414661703,-0.0022356104202570495,-0.006361140257998698,-0.006629020023045794
-0.0750228736818969,0.0008627531586354192,-0.00898556814828468,-0.004403629219219919,-0.003819840026434467,-0.0012535574022788185
-0.09940047787376374,0.02365572264005788,0.008620286405768486,0.0002458895803167021,0.0026100447229040614,0.008456123709039027
0.275429500665041,-0.03043564816325192,-0.002437708387552126,-0.05454003635885817,-0.010305894756797614,-0.0008006439836115106
-0.08076070976077694,-0.006458487868945348,0.004510482645495837,-0.006591598583215666,-0.004360036364341168,0.00016267548808546534
0.8922024085580174,0.038046233659865,0.13677080317914447,0.3812954719023917,0.012179300582255706,0.009707484549574954
-0.06629145181678314,-0.005539321786687701,-0.010259277593163509,-0.007062200641682583,-0.004199387563232392,-0.0012079957482791493
-0.06680146975719051,-0.007462309197734661,-0.0033995932033973296,-0.007683324302061062,-0.004380112428276421,-0.004084800331862103
-0.02355660736503313,-0.008183086235650783,-0.0013509270267934724,-0.012229156010894617,-0.0017995912460175595,-0.02117983194003804
-0.08862176964267192,-0.0016966956125157666,0.004863093836062623,-0.0060113632699599386,-0.0006532172112074212,-0.0014825847299521256
-0.06735580948633241,-0.006046079939584985,-0.006927040928605528,-0.0068397662415994945,-0.0027713865733712934,-0.004158816196288601
-0.07696564309997923,-0.008212878063960014,0.003835990372260022,-0.0074345321196353795,-0.002228255183561644,-0.0017953227445449442
-0.06570565096442604,-0.003662875472986528,-0.008760258279490592,-0.010277062115752763,0.0020191968367642295,-0.0025006468633132503
-0.0664324069252079,-0.005583442057085789,-0.0007295639964274821,-0.012323550606321544,-0.0010626994920862377,-0.005800803870791816
-0.08106161943512974,-0.009610855792947707,0.002494317454864114,-0.004423544396975512,0.00034406194688936005,-0.0017251253373708878
-0.07868603701395058,-7.272530534776169e-05,-0.009873452553425319,-0.0032837281646340127,0.006206292004094414,0.005999975469525577
-0.13126110889702322,-0.003394886465920985,0.005448407468247721,0.04293163858290334,-0.003845358727825418,-0.004536377353743926
-0.06794422608457018,-0.000605316390887836,-8.831288857954263e-05,-0.005999816527863334,-0.01006870295113601,-0.007420995813638352
-0.06853085168447376,-0.0030331465449815924,-0.006788417027872002,-0.0072492376640940605,-0.003180097313052787,-0.004441512229753322
-0.08571153633179383,0.0022023497849519725,0.000828269461992953,-0.006608773017421148,-0.0071896260564387245,0.002684383759103849
-0.013424508975023708,0.008766703978837465,-0.009154102416354115,0.011003013054382848,0.006032459056807318,-0.0032167265048221906
-0.08566649414034504,0.005211349444924495,0.00034477120288786787,-0.006516237912056622,-0.005358165441029572,-0.0022266541939572585
-0.07474265941516224,-0.007991083362355522,-0.00047361123693668655,-0.004567789718109328,-0.0002352633036429294,-0.006110793982929554
-0.07001521645743092,-0.006187494194758573,-0.008351746642939804,-0.004473571178407385,-0.0021025477294114667,-0.00339909864438489
-0.0704889484766631,-0.004635932516387617,-0.0055861197551510325,-0.006344124491084333,-0.003273105837691946,-0.0031896515286694515
-0.04327656584258285,0.010884646256686874,-0.00947666135376655,-0.00334424075365349,-0.004986631500356646,-0.028471357441567206
-0.06807114868788333,0.009943381264484932,0.021465750752690718,0.001127168581803765,0.017739702708658926,0.017971264061908614
-0.0872443639584429,-0.004746782963322122,0.0018594407110104434,-0.0073786830016930776,-0.0004629102844417999,0.0033506661681375186
-0.08663295344470276,0.004081222352620454,0.0003217382699139394,-0.00414609024847539,-0.002766317500827399,-0.002408816616661912
-0.07192309391662445,-0.007409744194610579,-0.001349497902596464,-0.007417796154741699,-0.007485428154773402,0.0009789215562651333
-0.08127262090202868,0.001786567451544093,-0.004158949644811817,-0.003546493180330766,-0.003823049160815427,-0.00338510084745735
-0.08671246345850424,0.0026049404455684064,0.0017947803213245511,-0.005732806784599085,-0.0014257086842352136,-0.0036232146845345996
-0.06396867260006872,-0.009310929411142583,0.0025008444658981585,-0.005829926273528214,-0.008082695167234371,-0.0055992781080486335
-0.07624715454802941,-0.003407923717235543,0.008729652359929166,-0.0037320713101506864,-4.416450440450071e-05,0.0019563378827095468
-0.07086187176887548,0.002658359098721673,-0.010170411978764058,-0.006665309067543858,-0.004780651898907272,-0.004635149868252771
-0.0653555818271497,-0.002736567912558414,0.009094040648430187,-0.0020447541468934702,0.012052490655387296,-0.0005876279167937339
-0.12509808112215928,0.001332041328685006,0.00301745236163719,0.03134058508384949,-0.0006812742699700509,-0.0038846037235813
0.02541747634241487,0.004275293533990971,-0.06503988373386284,-0.011565657468846993,-0.002681437455543448,0.028376176520542442
-0.08258695320240683,-0.005626719539111034,0.0029336832847130876,-0.0004618978617978935,-0.002378843927829509,0.0034776039413670704
-0.07550585238336092,-0.0076883617030037345,0.0028472577948630453,-0.010049286754011327,-0.0027976700992175833,-0.000719520351108032
-0.08000005465946611,0.002488946623068449,-0.0005477770005335191,-0.005173166131699167,-0.004309555925794948,-0.005228277215828519
-0.07730633310693631,-0.005935369550770351,-0.005797575293279941,0.0019223412990203436,-0.0031410153427476216,-0.0037195819682537797
0.6335515067852909,0.15862021354579922,0.18883970333425845,0.01549824712356911,0.10426527211532674,0.052241336451687104
-0.07812792399212387,-0.004969396874465608,0.0049776731162980105,-0.00607669058004544,-0.002527571070939154,-0.0008265785266188158
0.5678796645432991,-0.006599298811308903,0.022742317851341867,-0.05952222804767553,0.012712119908014451,-0.055165872931848124
-0.07781945895603619,-0.0016723418669204449,-0.00027242714812612427,-0.007287951382253881,-0.004152265224603335,-0.0025553113059579038
-0.09895245421559541,0.009854925441774952,0.005537612395893842,-0.0059296441457382006,-0.004272657468993005,0.0011372265146088899
-0.07015264612033473,-0.0034858219087285456,-0.002047359360623231,-0.0067661128813174395,-0.0030614923912247235,-0.005480836071903619
-0.03820857292741402,-0.005026324572488179,0.00731654161545778,-0.024799095044708785,0.0006668306439992583,-0.03220466901867459
0.22241199843733025,-0.08851021106750462,-0.006842733611344456,-0.049734793061687786,-0.011691448775458819,-0.02082357645645496
-0.037077473665638565,-0.0054341270641339555,0.005410889978525417,-0.01817364385506189,-0.003129495517009016,-0.03254517388913235
-0.029266281364692573,-0.010243214531092648,0.0029347771313189713,-0.0008249404558396947,-0.024680434873103466,-0.027386333761593655
-0.08343361357411457,0.02911472915781227,0.0015101763239135243,0.006387701952019623,0.021341857703045454,0.008268643634666286
-0.08486913769152717,-0.005914351187211057,0.0042034336920099905,-0.005537217491976348,-0.005141320675397715,0.0037472343232839555
0.41661761023279453,0.006898285302522161,-0.06486828720599326,-0.03234443528221387,-0.01787478365108242,-0.014851279247714089
-0.08013264417070212,-0.007379049046268193,0.0038507946108414363,-0.003363068225216983,-0.0033396768841239444,-0.004104138079046483
-0.09140645458269578,-0.0008523537547423758,-0.010569501745604448,0.0044182040969752015,0.0027019303379436374,0.004025315720035821
-0.07728317907587637,-0.007372067580085427,0.002431206415682433,-0.007177979723399439,-0.0022698577473822625,-0.0017948417397826966
-0.07451640339899893,-0.008223844036333514,0.0017033437959998367,-0.00792120035602482,-0.004313864499731768,-0.0009922532707829805
-0.12409710462466292,-0.0014234814115501612,-0.0006521883408664693,0.03554091226331593,-0.0020143462629013333,-0.0010855065122774106
0.24221292004479586,-0.03407613644257342,-0.01030793714324982,-0.05796463297937171,-0.03159177120647504,-0.010119711271910532
-0.07843443654505898,0.0023744531326948836,-0.0023869098071699693,-0.006145669804513748,-0.0051079463674075015,-0.004744217525834602
-0.06698596640974973,-0.003649477066766165,-0.00866649284759878,-0.007484911410873955,-0.0028842614098310063,-0.004052297227391426
-0.07353981166240342,-0.004344726514399584,-0.0006882951910420045,-0.003103872125561383,-0.0034058219938356933,-0.003615909868530186
-0.09728941659503833,0.004273149396779789,0.0006832836244252607,0.006501021963156639,-0.004843004982057108,0.0033368362611573403
-0.13209346897940968,-0.0014158689734061834,0.003346330509371681,0.040776680383316964,-0.002697289053707158,-0.0025433913574092553
-0.05919247238562714,-0.005234079509947274,-0.0015986849297962603,-0.009127391353545278,-0.006250993956630545,-0.007047813881875135
-0.06872003184967324,-0.008729941454082414,-0.0018454403582393929,-0.0066487134737955615,-0.003056499556436667,-0.0047148303594781995
-0.13223333882078026,-0.0024503880880834736,0.003760154652194044,0.04450819432635072,-0.0036794508592220086,-0.004560044859652107
-0.0837972544266085,0.0003996745635732814,-0.000686496187930264,0.006216911630120544,0.0014391841518810971,-0.01104304445105677
-0.09316242472504317,0.01376739328546098,0.006918119531779672,0.0004636389062046288,0.009422531048371503,0.008314617949103303
-0.07456104586276813,-0.0006424468295220882,-0.010023176671161876,-0.003143564647308551,-0.0024936918445318443,0.008624801166902873
-0.0706318399172435,-0.010606995576112832,-0.002166140842148539,-0.003482180071625463,0.002392383674493732,-0.003924230481549996
-0.07541268106294814,-0.0045321244640177845,0.005880269596367221,0.002556160079212275,0.007357849846464747,0.002539789006966043
0.04364123134395215,0.00679210286695612,0.030858396032045026,0.02816351917198148,0.011701490263729833,0.045058076037469225
-0.07431799626085664,0.0015424735952584284,-0.0021688212786513525,-0.003784701334105637,-0.00469349801780152,-0.007102123457695263
-0.1039706015577567,-0.004491435437020023,-0.00646232925594248,0.032429956737687476,-0.0038061770786780515,-0.004403029977464872
-0.06754357138117158,-0.004316058445957585,0.0002118620170412255,-0.007609466556475565,-0.005856899520037943,-0.008070275560731664
-0.06878411373722065,-0.007621167659162592,-0.0012347221044524423,-0.006382537547838072,-0.004758005698976304,-0.0054880687169000806
-0.10620427804145023,0.015602455628929968,0.004973710482853276,-0.005761634224927074,-0.005500056776374159,0.0034480480994325564
-0.0730416574442743,-0.007291982623079759,-0.010267328054329197,-0.0039619142525050095,-0.004547746404599017,0.004874759247592589
-0.07533088349885646,-0.0014775962336668511,-2.579433610668039e-05,-0.011299467594868351,-0.00124634375124114,-0.0048378376097595105
-0.07179262307302148,-0.009690178912294668,0.004002344934993643,-0.00607723356975536,-0.004579286367717401,-0.005345109243346185
-0.09428980524557015,0.016544808288456878,-0.0012826793943537039,-0.003920644832090527,-0.00833136393308509,0.007274468655452115
-0.06074282372279984,0.019272730680265596,0.01803965944098964,-0.002231472891525983,0.003281712404459714,0.014686374232061324
-0.03774538242412451,-0.005372786688626222,0.006496787457956914,-0.017503148897724575,-0.0033678514584898006,-0.03367864959507473
-0.08572419711398675,0.0020617078231496733,0.0032153328514072594,-0.0020723844952858493,-0.004846262935301355,-0.004717288096785697
-0.10416685766598122,0.0042097883029107485,-0.004751801304929136,0.03541952802482492,-0.00020604860484924734,0.001033514685280705
-0.07247492365106102,-0.005053542925818367,-0.008107759040460585,-0.007543264035219105,-0.0030144211731339414,0.0029108205429065237
-0.06930791579617594,-0.008216118040476061,-0.001940036350361629,-0.0076812762733741435,-0.004657272822459824,-0.0019719673168599305
-0.08180731974966314,-0.004792843944839996,-0.002957240790044435,-0.007681217190504091,-0.0006232904348259607,0.003230075826886722
1.3344992627231451,0.061026601005433216,0.00432080506190777,0.05202237225205055,0.003257317801747384,0.017183989807121512
-0.07766313281981907,-0.007270688998632825,0.0006217431884904945,-0.00429720459125279,-0.0048239021240406325,-0.00037310968342733013
-0.07342186664778484,-0.002325749008830462,-0.008365975450439322,-0.0070406610482544795,-0.0012619749492724913,-0.0014988976723212507
-0.09547280036450757,0.012143498945146106,-0.00041053442132496065,0.012454438140051033,0.00047599700366452894,0.012619261180212489
-0.08981434916488944,-0.0002994739190556563,0.003360328192993447,0.0004490944503628012,-0.0032696740955886956,-0.004975342577596447
0.0010846157147640129,0.008434007488113569,0.017391736615906442,0.002104231071410548,0.004624584594276163,0.013874128799212048
-0.06760624444768497,0.003006710554992007,0.006770451997623418,-0.002639885498602249,0.0011023655453699236,0.0021079903465203525
-0.08286055054079505,-0.0024517441866276795,0.003805645629493546,-0.0061995495883195,-0.0006867939102422871,-0.004518083525768414
-0.08186186877311463,-0.0058496345314539245,2.160886888193875e-05,-0.005040845765197155,-0.0034893145333351598,0.0031930530814900577
-0.07827382011145839,0.004279529699509685,-0.012193579400038474,0.005116140564315717,0.000579274881848143,0.00872403310620344
-0.09003996169475786,-0.0024934244366256156,0.0024523731517586624,0.001311493700334249,-0.0026174414864490354,-0.002925975025272006
-0.09923286648129973,0.014744107204822356,0.006358529448920637,-0.007107163924446091,-0.000866224364770997,-0.007016794578141372
-0.08431062505397956,0.004248245792563672,-0.0034661497689413064,-0.00567073940822583,-0.005274345500267723,0.00049421807018873
-0.1319730584123459,-0.001896904689311918,0.0010717164749189543,0.04674952658487382,-0.003963908677639484,-0.00453160551866475
-0.07324509546081288,-0.0002566245000838217,-0.00849071405650526,-0.0065172386948143595,-0.0001009277417090618,-0.004853254190388249
-0.0938540942629495,-0.0014673890596629178,0.0028333619375465894,0.0009442009805920133,0.00019268480506898615,-0.002787241816624532
-0.08436977130432206,0.0025307615122076204,0.003464254482965551,-0.00532658594535882,0.0022305073111068543,-0.0009073736555724406
-0.07276916812229177,-0.00806019968509051,-0.0024056694808138944,-0.004520309001661343,-0.0002736217179733258,-0.006096887065386753
0.05035761308082086,-0.04548561864345379,-0.0028291631153898504,-0.0498749416170788,-0.019694116040250318,-0.02143236267660146
0.25479958819754084,-0.04716504919158866,0.010771902066753629,-0.058213044326214734,-0.03916034271182943,-0.011811879940302753
-0.06644894279059643,-0.007608368442156601,-0.0013580189993412795,-0.00768806464892433,-0.006331307967617742,-0.004235475677251942
-0.08479808827261386,-0.0045172250190858385,0.0033550437038286237,0.005809519788347133,-0.002849381716449094,-0.002172785193316315
-0.07763698349181433,0.005892054115190645,-0.011156534977331933,-0.007038737341704254,-0.0039113361993328094,0.000984716559756147
-0.06630216776810573,-0.0032295073473687067,-0.009051927943375825,-0.00870068893533907,-0.0006508745524436965,-0.004985331117728673
-0.0842159648687623,0.0023715818185775293,0.0004021752316013569,-0.004230060565799566,-0.006468916342652467,-0.002270430290162606
-0.12848611692430453,-0.003944685644563588,0.005453598255026546,0.04148081255147234,-0.004022404366855176,-0.005132048797458919
-0.0812942833897043,-0.00047114826135568813,-0.008423692230896321,0.00046097467593160773,-0.0057030997016399776,0.0017156485687857474
-0.08229323415692473,0.0016080555556913481,-0.0006301392140147003,-0.0047411772674626025,-0.003037632068759392,-0.000805803141053301
0.30814682673487453,-0.01297215974836987,-0.07198161042203952,-0.055772462348997014,-0.021018749517025835,-0.059164456355941385
-0.06536647850014611,-0.005885350085189186,0.003363643363289904,-0.0005430840125175497,-0.002404769361633947,0.0005467291787898658
-0.07016826644843976,-0.005558603907753064,-0.010002241608010139,-0.0052367298183715535,-0.0012846699310598327,0.0012988661304579653
-0.07268270786119231,-0.005952800749842314,-0.009827216612788762,-0.005375039757073533,-0.0030380194447262943,0.002676435531992133
-0.07301708040210839,0.0020664297687781525,-0.008720274432366849,-0.007015997783644698,-0.0030023918177855312,-0.004554990917412299
-0.07212400767046279,-0.00719070939772155,0.002095802860369221,-0.009438407535815424,-0.001288686680758861,-0.004934867074786961
-0.05745515674116032,-0.005365344936648214,-0.01203328339482317,-0.004653029129003278,-0.010010710285823619,-0.0027707304606631893
-0.07929953558010207,-0.0025045450956094418,-0.0028449355025926826,-0.006914643283280654,-0.0009471464176758371,-0.0016948288864982845
1.377227434335047,0.07541926643016039,0.050134762741282,0.057504714218072406,0.004317841782571816,0.019203894811209283
-0.007709685053460854,0.006512604081594207,0.0014590700216331658,-0.0029826769735061113,0.0008009099894518213,0.006047898262101923
-0.06881372680787233,0.012202150058918079,-0.028694387776179775,0.008261329474458028,0.04127598819359486,0.000609414381285053
-0.07525302288985929,0.009265789163692712,0.010773514558077475,0.0013734047604995064,0.015460445009030321,0.00116932808935507
-0.07168568940422783,0.003387520904402697,0.004585372526849369,-0.0033170747687691206,0.005448848206038497,-0.0002381364493685425
-0.0855703928121218,0.002390508807423432,-0.003706837485724159,-0.007027705154345797,-0.0022723341526642003,0.0015871693907180426
-0.0671082800975832,-0.005500015515857436,-0.00033422541435721483,-0.008385576935503122,-0.004448997821532527,-0.005374519030417643
0.08499157753426735,-0.04271259488945216,0.01208778309075132,-0.07553258711953804,-0.00866778404481789,-0.05654993864452204
-0.07505806679292917,-0.0060179074808327775,0.0014831179683115721,-0.008383258682269442,-0.0008329221719748393,-0.004631647304301763
-0.07357343513956661,-0.0046633052003184974,0.0007941479934128655,-0.0005458035245485144,-0.006860220670578141,-0.002308628995778538
0.3125257084216059,-0.002852595076677035,-0.08306171953872053,0.0003492984031627796,0.03393737383400142,0.049972261382472134
-0.10301142641332944,0.016869022209150156,0.00631006477920919,-0.00762281504641046,-0.0021711372411742937,-0.003911333513953352
-0.0763395766266434,0.009094005611045895,0.004643628701324025,0.002894015893915248,-0.00033465143994829437,0.00039447377118009526
-0.07817231210230526,-0.003241465064718358,0.001996250770941344,-0.005591034354803064,-0.000246082682608998,-0.007747133155232486
-0.06786518088872656,-0.002397965627054362,0.0015172300951745309,-0.00465990933629502,-0.0002842571441047167,-0.005474832646325342
-0.08964406918204909,0.0038095354484125707,-0.0007997161020445921,-0.002575213051622046,-0.004078096029233295,-0.0008565361506755969
-0.07914393083767446,-0.007536541199880473,0.0010391885572405626,-0.006001872201454554,-0.004957733252667825,0.003422651319583839
1.3284560310174467,0.07341800217898423,-0.005764031606381257,0.06105829039014599,0.0036957891873851097,0.0171380232398302
0.11075572889122065,-0.03104796085943684,0.012923879477055198,-0.02117782269236063,-0.018434928052809215,-0.013306185501635471
-0.07476409422419525,0.0013023452771088967,-0.004559221896209113,-0.0064276383671583864,-0.004324434222839296,-0.005409338136348286
-0.08421561987218365,0.0006545065688332981,0.0020447476496090475,-5.540284836306166e-05,-0.0005495318280750995,-0.006598073981664923
-0.08292972302959811,0.002915012317036557,0.0021498766405777655,-0.0031292021576805953,-0.0005902752335787521,0.0009094151448752428
-0.08951669685657203,0.004723626861638704,0.006694756478542249,0.0061207582228339575,0.0074533875867219155,-0.0013532650958935958
-0.08166862240414736,-0.00792972283891274,0.002572046073872732,-0.004797098706235939,-0.005185002389160803,0.002842165961482514
-0.06537080806668005,-0.0042400077842332145,-0.0014854811649683375,-0.008118804547032397,-0.00564154611769993,-0.007848759239532455
-0.07645841545993878,-0.00022530692947033416,-0.003868921869971559,-0.0037894014141913886,-0.004246412423108147,-0.0034523232732318
-0.08370603093335902,0.00023380663507934057,0.0024159607971766138,-0.00341949239089767,-0.003998631455335358,-0.0018029287604300751
-0.07969678773453193,-0.008533499444277587,0.0016266975338659658,-0.0067912698402599146,-0.003287791377747041,0.0025560694132451475
-0.07363199954369656,-0.006600889956400371,0.0005076689097167149,-0.004855219922147912,-0.0017853539930636755,-0.001649794713174242
-0.08941002090404283,0.002243316456463612,0.004578986942747238,-0.0032613350835939796,-0.005304148239847534,-0.0026247430846931246
-0.13259513905329412,-0.0012875186229295253,0.0036429217297388994,0.03974622649024395,-0.002364927312811505,-0.0008116987855331368
-0.0873603901534289,-8.826919536787776e-05,0.004624483764818078,-0.0055131787730718345,-0.0007367614438778902,-0.005023256470207014
-0.06327000340967244,0.011235421440460596,0.0156294187588442,-0.006497262090385151,0.014602314487340114,0.02764629036426037
-0.027718207812879654,0.0003182636421391023,0.006684520644660152,0.04715585730819513,0.005792568725363082,-0.0027060143149058515
-0.07032939703260438,0.0015485562637076048,-0.009410069131955124,-0.006688469524886103,-0.004518811738391767,-0.004767146802345785
-0.08290584302666179,-0.0016188923718100472,-0.0013380365624696348,0.0043178577088792015,-0.0012122121552595238,-0.0011367134636797486
-0.0878628128834626,0.025338592625187017,0.012046735302953322,0.017387427726293456,0.02664726601356309,0.02250030506022754
-0.08055418547757576,0.0005454064350452866,0.0008501880342155301,-0.005591065560863785,-3.211817178730594e-05,-0.0031849891836805257
-0.07973265217695953,-0.005182639633465362,-0.0015200463160874584,-0.0039406051626824186,-0.0017848970928367224,-0.0016129248970484678
-0.048865132947216436,-0.004329879640783293,0.008145299604292987,-0.006235545116976786,-0.006036449161291047,0.004226079273503684
-0.0666430342037736,-0.004275877915834528,-0.0015536052999946548,-0.0075357318121113855,-0.004341830311942129,-0.007561342251242649
-0.07562596469330318,0.013072799276849392,-0.023273519586826705,0.008915706194907362,0.04202583535911579,0.001126072143969971
-0.07336425175818014,-0.0003587750776822756,-0.00365642101355066,-0.007376141553362858,-0.0032957128304426137,-0.004799009396187765
-0.10810881067191412,0.017001624960106505,0.007454501427609364,-0.0012200127750004975,-0.0037620607192182503,-0.003598203307735128
-0.03361157645406633,-0.0037140884000684215,-0.0010067869121146086,-0.02341491616159559,0.00014838931183904134,-0.030130334473545014
-0.060086703801428706,-0.005818112751971849,-0.01167812924765569,-0.0016157837993204956,-0.0052188757378541515,-0.005377741557271209
-0.08795072573518055,0.011874631738949412,0.008739756767157332,0.005577510901934959,0.00017573991166294528,0.004079446185822138
-0.08615580606217468,0.004428691555817812,0.0021440964600651967,-0.003238323923264238,-0.0038287393405167344,-0.0073629992399531765
-0.0703311672903811,-0.005396057552073677,-0.0019452413738634973,-0.005740165432886827,-0.0021905269403733156,-0.008276992200126936
-0.09316060460639543,0.0029741850704644766,-0.0026760030607641616,0.004044667108673028,-0.005186004972188864,-0.0003054723071812253
-0.07819171999108276,-0.007709454620743586,-0.0011372593998506492,-0.005325825510927187,0.00043092749639503483,-0.0012019961972730825
-0.05119288101285529,-0.0038892138945610965,0.005746751254800979,-0.00859031302149701,0.004039019061713573,-0.0014608866468215226
-0.08367080618162102,-0.0025320537558671963,-0.002214134631073305,0.004804604906904344,-0.0026347502921161845,-0.006755541392317628
0.3748460489437219,0.08199622052443423,0.030994122126404,-0.03683095151099446,0.06974857823317968,0.036014067674423306
-0.0904371319979654,0.002028908995826384,0.003620311978096126,-0.0067361713055581526,0.0009120928962841749,0.0014989979619482586
-0.07803314387038572,0.00416507388867384,-0.0016376399253766139,-0.006259844968431359,-0.005492603753072665,-0.005408075288329874
-0.08558332245033902,0.0007446588116260815,0.00306911653911235,-0.008472099758847553,-0.0013276119276073627,-0.002690402811161693
0.2231970494691557,-0.054908072129396995,-0.02510534767096476,-0.06710152225450013,-0.007125637658781136,-0.0007839675848785828
0.5371965643878913,-0.0008096219520880566,-0.16300844309016208,0.3026392907748527,0.004965963263899092,0.011104849011457776
-0.08726163851985741,0.004546189469463033,-0.0007909113848316872,-0.008202596047575221,0.0010120106361853273,-0.00044697937282982584
0.43289074984905823,0.008014453066266703,0.06426998320554175,0.03351466760666237,0.06659660379842747,0.06968039645123798
-0.07181545338277341,0.0006213992756193103,-0.009699116718805311,-0.00774892123661653,-0.00020314227856489808,-0.005447260246533155
-0.07360780722616982,-0.008110017494683219,-0.003540452240956642,-0.006076305279093679,-0.0005226075430347852,-0.0025831339561070738
-0.08058374301699628,-0.0005048567093214309,0.0032226035217982002,-0.00996061605888753,-0.0018456801055476346,-0.004601320704297969
-0.07030269307842171,0.0030466645645808644,0.006361332934468507,0.008549240160294675,0.030232092502930956,0.004735838800538852
-0.10385286451800874,0.004387795180485037,-0.004881322595502338,0.03514901615599927,-0.0002768766083161003,0.0008016360385649504
-0.0735686235651206,-0.007045237623614703,-0.003243698540639449,-0.004097214889796034,-0.002633345364862418,-0.0038991895802963417
-0.02965492413708219,-0.009936345918547081,-0.01118349987999939,-0.01852987488841385,-0.0008252126009214855,-0.021011499541068478
-0.068649769857259,-0.008205391302545191,-0.0018173661437706722,-0.006846627102748513,-0.003963069475978474,-0.004785911813001606
-0.08961835235157208,0.005156623721296906,-0.01865369834904719,0.011037432318435238,0.004496201366272253,0.002566456173297655
-0.07607612602701723,0.008924855550526663,0.004162714316018497,0.0024787986079070866,-0.0005647178632000495,0.00012220408821494533
-0.07826704974847828,0.002804021134093904,0.0050559729897916884,-0.0041739322555434865,0.0051738060566446364,-0.0076433798138504675
0.37252849914794434,0.09154767816865546,-0.14723780243559506,-0.02206047193526018,-0.001250357855835487,0.014268698051865744
-0.07042833189462648,-0.00596977188055081,0.0027567760050293587,-0.007077354786652556,0.0023745731344487057,-0.0014124440688695159
1.2644878589128556,0.08263807227812058,-0.05581173666329988,0.06506537857494071,0.007437284216753052,0.015464369494816978
-0.07554155923155918,-0.007390022475896736,-0.0007082363863997938,-0.006060607034455724,-0.006411354345286617,0.001795989073842921
-0.076243770289877,0.0015773064207171628,-0.0012342236717562763,-0.004469516325927918,-0.004806034340523991,-0.006979496358214929
-0.07810058779948864,-0.0070094938267057936,-0.0029022091194957503,-0.0075626076626079215,-0.002291320214032966,0.003240615125309851
-0.08372432958688386,-0.0046254506781894696,0.0014241731464236663,-0.004087960950888993,-0.0023624146350698957,-0.0010919496297787418
-0.09919919335574162,-0.0004858333284961054,0.0040663088069944515,0.003325127144704236,-0.0015080697843639526,-0.0006819213267576636
-0.08834912206586548,0.0017043433471147509,0.005739406975755085,-0.006163724736650576,-0.002550179282509853,-0.004314242796808219
-0.12082081157575578,-0.0015751762690014678,-0.001968250846337091,0.03382029861733433,-0.001823089580598532,-0.0009851035714646824
-0.0731076919927471,-0.005930374748548164,0.003116184964325504,-0.007609985978695681,-0.0054089503356714065,-0.0047938695483582955
-0.06602725335039565,0.0018444503401997643,-0.036395804534603816,0.03646419653235292,0.028365388161330978,0.004962188618541131
-0.08230611098354058,-0.001059654717603601,0.0037686463709085223,-0.005986689074283388,-0.0038951103499378042,-0.0021832585543039326
-0.12741968278453572,8.944526455947124e-05,-0.0005316521257997343,0.03741424220888825,-0.0027808863501387997,-1.790908497083743e-05
0.2708654282724077,-0.033362086900652434,0.007997596868822437,-0.005294688777179517,-9.711779064468148e-05,0.004379317859502373
-0.05317696497473614,0.030232247850513056,0.04184083271860015,0.07291828937878807,0.1230276148796689,0.01668849321137417
-0.13505981600295686,-0.0021233114641147316,0.004926940683576399,0.04124662783599622,-0.0020868706056089573,-0.0015609107068869186
0.26024699704591975,-0.05208913677020791,-0.1039868739109873,-0.053286662572882455,-0.015508543108304717,-0.033805249613268515
0.3550286393357079,0.021902093377554405,-0.07094041867287365,-0.03738430225699464,0.0158074720567932,0.01597075309809713
-0.0714741218542078,-0.007654484912688806,0.002118682766269905,-0.009629939667240696,-0.0012924897526180423,-0.00492385360384063
-0.0966288896685812,0.010999892424231187,-0.003915041549947513,0.0018848776528920775,-0.004919253617300873,0.007356343674599051
-0.08087225055715896,-0.005883006939152467,0.0014981582713527216,-0.01024900820891865,0.0004668869184652771,0.00091452169029302
-0.08039407261170028,-0.005420689029410475,0.0013406199232684803,-0.010281989790052569,-0.00020910812087566167,0.0009991581945294598
0.02541747634241487,0.004275293533990971,-0.06503988373386284,-0.011565657468846993,-0.002681437455543448,0.028376176520542442
0.048294965509338775,-0.054396947688456515,-0.01559805364604177,-0.045166120584453004,-0.016567616489099754,-0.007501319820039611
-0.07848563628400711,0.0005612629133529182,0.00024278003495963344,-0.0043564819489333865,-0.006723676542318769,-0.0056938728237672384
-0.0883671962192555,0.0006031538706533973,0.005381638392499655,-0.005570330699108272,-0.002702599335646811,-0.003269218192991437
-0.06721301883944797,0.0002066005711585535,-0.010364526752292255,0.022003692556386338,-0.0026594901802245805,-0.026158732091477226
-0.07102346438281185,-0.003525971466555558,-0.0020682679549428574,-0.00755878424035782,-0.004968609624921155,-0.005320578327752295
-0.08110392790407354,0.0016443399622160253,-0.003325062312496922,-0.004265328681983479,-0.004845342615541765,-0.0021054376980973724
-0.08292099229761042,0.005828614553141248,0.0005231452650004535,0.013135752479145078,0.014863525273981777,0.002726359339952844
-0.07521846829763518,-0.00848156906428966,0.004142570656292344,-0.007204024611684719,-0.002346289898757727,-0.0037908377421489842
-0.07337801604190254,0.02204631479069278,0.02279556857923855,0.03284985314484916,0.020972492099527385,0.016305149002666854
-0.06643043495240852,-0.004833516291052923,0.0028150043345742644,-0.004632821497250881,-0.0034118470337190015,-0.005535392871751177
-0.09185034698294893,0.0051059004211302895,0.0012592331838489153,0.005901522994520354,0.005983442588784336,-0.005205106225283089
0.26005734264781444,-0.20538986271201426,0.017025816889881244,-0.08871336148470897,-0.011320331807107474,-0.012989084119008197
-0.07389559048395103,-0.007355946652977773,-0.0035339182407511356,-0.007590918462069373,0.00026824024775034644,-0.0021678589364050854
-0.08373953282072275,0.0017169375936409359,-0.0009351313130793327,0.002115052519737261,8.638094816333143e-05,-0.010553949661749034
0.3274850582883155,-0.019567225720913746,0.04440373847271693,-0.03498868336869952,-0.03549725154231922,-0.003841282847634133
-0.09705078512725343,0.011018277253996744,0.000529950641705627,-0.0017832983930793351,-0.0067279477727372645,0.004801078412447591
0.2919934691746412,-0.06577643388948849,-0.0617206525295126,-0.07890874035555584,-0.031454124201348944,-0.044217521825408126
-0.032924096128326745,-0.010244162567112275,-0.0025399878172757905,-0.02173046450392554,-0.0018376968835831506,-0.025225997877826225
-0.09632130590095025,0.0023129603837056516,0.0042228125038024774,-0.006795442954881265,-0.0019147801633229928,0.00431674937553962
-0.06828412965972601,-0.004230889845438911,-0.007252242412735999,-0.009374238387397557,0.0014776803175670088,-0.004960540233577585
-0.07261188998593132,-0.00299342822240626,-0.002521709698752883,-0.008394907215905915,-0.003214754546453355,-0.004305429683658299
-0.0747241648853806,-0.008735095238075693,0.0015695109691839777,-0.010803221196722557,-0.0010526994249994788,-0.0007752611158394135
-0.07512498104015403,-0.008156853595665092,-0.004164800107320728,-0.00531163873535912,-0.004776480599620403,0.003163679992299371
-0.07590596921481647,-0.006451405068915554,0.00015255339522290945,-0.011244121695397489,0.001051632776623583,2.17892736205039e-06
-0.06923368968242864,-0.0044185704582035,0.003219011215894579,-0.009719775723720374,0.008495088753273034,-0.004523568672538063
-0.13290515539531877,0.001322739722902584,0.006797123060383391,0.03606175492580239,-0.0010485891564792228,-0.0038688751204835124
-0.08560294751569517,-0.003150648064639536,-0.002021083976788778,0.0036709932035522723,-0.002214547348767359,-0.004934712396857859
-0.07129004472032179,-0.006346127386561121,-0.0037114005919420684,-0.006814036539758877,0.006326299610557788,0.003911186812414368
-0.07789061091688627,-0.008860646426922664,0.003367538393852366,-0.0026209921811091736,-0.0005677867294293744,-0.0051983601706085585
-0.07820118373813995,-0.005389498724837354,-0.002021225796249198,-0.0009292887094205413,-0.002425619022430035,0.0030486521619170846
-0.0664678132935858,-0.003677503218348297,-0.010156619630099405,-0.006528761322968885,-0.003312857982042287,-0.0031407326943990563
-0.09877652108368992,-0.0032603408860249583,-0.007893983198799638,0.031296661785552994,-0.004855339748996856,-0.008376402866736691
-0.07356093139607428,-0.00578382050870747,0.00036702377364694535,-0.0076355523987745,-0.0010469359245652305,-0.005649984146479803
-0.07675865585496468,-0.0022220807784934355,-0.004198981631927361,-0.0011014641925010137,-0.0005170632765368343,-0.004417015644227831
-0.0744925976297327,-0.006034035922711212,0.002969105033165482,-0.006490103615193291,-0.0035546974954484114,-0.0045336263752631155
-0.08677403798652507,-0.0003381930658786617,-0.003081824295982922,-0.0039011528476161406,0.0028165651570395103,0.00013694155782748157
-0.08327928120406186,-0.0031860351054069035,0.002810472198635052,-0.008946916049587824,-0.0023941021992017076,0.0005889783213115344
-0.0835760259000922,-0.004320073059721247,0.0021366314186469777,-0.0034441076191498456,-0.0006192193870732328,0.001493261392241093
0.25125234444657,0.006683882643961981,-0.08507939324964596,-0.04497566072762877,-0.03282781576853611,-0.06713862813758568
-0.0872514815240644,0.0033131788937731813,0.0018226366962457634,-0.005035277223304455,-0.0012670430919711458,-0.003241094582493695
0.5415855676679554,0.0046169419690224615,-0.009633710863194865,-0.03237931556501698,0.020996722905188597,-0.023079526543533527
-0.06675062406850917,-0.005042304057790289,-0.0026000059818298126,-0.0072900625001304665,-0.005832939152693767,-0.003937608320139847
-0.07654512453023361,-0.005832133217855046,0.0018960299622358446,-0.011262554086951622,-0.0022892310294157702,-0.0006189813455852911
-0.07257001825395405,-0.004901811866601012,0.0034298516602172505,0.002439542821308401,0.007664260612976892,0.0023688600116583
-0.08957977430493486,0.0035658079208485357,0.007766722634604755,-0.004463459699138812,0.0014670618438203202,0.0008030715424184158
-0.07382594993398746,-0.0026037093224887016,-0.001064702201772351,-0.003156488019744651,-0.005838500336988461,-0.006403771835374014
-0.08200678469217126,-0.009295233168389901,0.003925534558137517,-0.003772566479960006,0.00032719938651930806,-0.001644187106955796
-0.07818634580449108,0.0007756467976293653,-0.0035668688929989126,0.0062217086733718395,-0.008836957318162484,-0.00026156151788860364
-0.06843329089383224,-0.005130791312346583,0.0026883735203530393,-0.004630667401865189,-0.0005411963250775922,-0.0034507185547339677
-0.07950941329896244,-0.002994788822275606,-0.0011260130287123783,-0.0026537323735406314,-0.006434307926291075,-0.0011162513383503592
-0.08101700292026358,-0.0031350914932827953,0.004248249946922851,-0.0028893557228947524,-0.005751377943886009,-0.005585317316209798
-0.07708493245512793,-0.0028365642643888435,0.009660688752651081,-0.0002913554861172384,0.011039957807569533,0.0016826624452023098
-0.08346600562629129,-0.0007589626187282634,0.0013000900044284067,-0.004666435127750808,-0.0035205396150113743,-0.0019983070417517045
-0.09003743500750552,0.004621881079460675,0.00016731653647920195,-0.006586339579026335,-0.004169064285893786,0.001694129548392137
0.6227814729086659,0.061042343913979474,-0.1295186884671176,-0.001833350926600486,0.057125433078833554,0.04034818100164601
-0.0842159648687623,0.0023715818185775293,0.0004021752316013569,-0.004230060565799566,-0.006468916342652467,-0.002270430290162606
2.514188406806119,-0.024500700704156077,-0.027753626887657996,-0.07061711769602741,-0.026134385373128975,-0.055798332444936635
0.2327172703250485,-0.043392299821490316,-0.016516525612903395,-0.05446552928723309,-0.03877559334340233,-0.007613071313417667
-0.06763174883083656,0.0247967438652626,0.024946313633425414,0.026732327510684377,0.04853680604458595,0.01808034582887203
0.2759478088592429,0.018831726084048105,-0.09174729525319625,-0.04897201136076848,-0.007143098178593941,-0.003614811399826205
-0.07717175566084401,0.0018296170803196207,-0.0034292518501517527,-0.0012726203065123627,-0.0007231072738256084,-0.00543320959534051
-0.06415356056734026,0.0027949936096862012,-0.024982911223699236,0.044458880933160444,0.030673707842561234,0.006351549633704492
-0.08115492408740439,0.0018633175214794937,-0.0017189623963425394,-0.006416134642364914,0.0032927948361178125,0.0025766891435738226
-0.07405216105366128,0.0012689796523997383,-0.00861535202573147,-0.005382426755424593,-0.0011914304989723555,-0.005543310703141214
-0.0736895345389219,0.0013855162019210804,-0.007024015565503838,-0.006519289141754618,-0.003691753503372074,-0.004551872202799357
0.4521345838209418,0.22561280863976205,0.08792928253933398,0.004490895590397208,0.014981770347152062,0.002626315740697404
-0.08601726942090204,-0.003198474934069089,-0.0019451298366641096,0.003924270237603066,-0.002173762919938826,-0.004867822351097524
-0.09089306494989091,0.0020942684997134883,0.0034883932897868614,-0.0032417714822388865,0.007262318977464333,0.0008739932236582144
-0.08150990530026958,-0.0024132193142032267,0.0013028282847988661,-0.006462171636538108,-0.0005273687149629313,-0.004420954403436008
-0.07997078229291464,0.000732230158441932,-7.190235682964796e-05,-0.001740702638500291,-0.0022144995351841366,-0.005842266772071554
-0.013256139315392835,0.009359635929994477,0.019896706659514665,0.02718891544559451,-0.003524984629104961,-0.0027554456139716045
-0.0706318399172435,-0.010606995576112832,-0.002166140842148539,-0.003482180071625463,0.002392383674493732,-0.003924230481549996
-0.07358890205794964,-0.0030618592600545717,-0.00798925442317875,-0.006084004087631514,-0.00022441160081966707,-0.00331789123718271
-0.09144945679374489,0.0025862147701096704,0.005286298599986311,-0.0034809886412160373,-0.0027848989089465487,-0.0046517042427527385
-0.023566787242660106,0.0018277368215631582,-0.016736995499172302,-0.009046662659359082,0.005184944261996412,-0.01445789382027497
-0.09153450683639701,0.012305232266129817,0.0040737387888236,0.0007304570641577985,0.008767693267211135,0.007635064046638382
-0.06708300006412385,-0.004049320405965583,-0.0002732791979699962,-0.014959959421433931,0.0002561834583473992,-0.002873266950247004
-0.08039040747085369,-0.004424441689113398,-0.006808840802127867,0.007086883461600446,1.6712626593593548e-05,-0.002463767835354843
-0.07744076608025907,0.01234713654819161,0.010816444382619209,0.00423367245929682,0.012029357791101201,0.006350103534124667
0.4132557759329874,0.055806025696815365,-0.08753959343226866,-0.009259501432151125,-0.020698780117904384,0.009110575452907698
-0.07356506327919976,-0.0028041498392645304,-0.0025919479949267103,-0.0083443378404913,-0.0030063607938181866,-0.0038155577465606586
-0.07927462415315734,0.0005807876142783543,-0.003453557852100558,-0.00953677321298255,-0.00019374946363925387,-0.0021659236221875694
-0.13268705994876184,0.0006396516135568179,-0.0020399745686422205,0.044584303997033156,-0.0019368335843397454,-0.001578250278556535
-0.09030966941917613,0.005678042821951309,0.008161560550806093,-0.0013725626023040158,0.005062077360246444,0.003916615858787693
